cluster_id,marker_rank,gene,scores,log2fc,fdr,pct_in,pct_bg,delta_pct
14,1,Pigr,21.8826,3.0251641,6.240865462492191e-102,0.9845360824742267,0.3155466707673381,0.6689894117068886
14,2,Sult1c1,21.748974,3.8609943,5.793129101838194e-101,0.268041237113402,0.0181454713209288,0.2498957657924732
14,3,Atp6v1b1,20.960276,2.6728568,8.266649430171874e-94,0.6597938144329897,0.1224050438259265,0.5373887706070631
14,4,Msln,20.86231,3.4569316,4.8317971504638645e-93,0.9948453608247424,0.5114562509610949,0.4833891098636473
14,5,Clca1,20.415619,3.1531816,3.9849423870593776e-89,0.3711340206185567,0.041519298785176,0.3296147218333806
14,6,Muc5b,20.383224,2.9775507,6.440482088908388e-89,0.8711340206185567,0.2548054743964324,0.6163285462221243
14,7,Sftpa1,20.347012,3.1300957,1.1561880176379736e-88,0.7989690721649485,0.2039058895894202,0.5950631825755283
14,8,Gfpt2,19.807514,3.326693,4.673105078070716e-84,0.3402061855670103,0.0373673689066584,0.3028388166603518
14,9,Plk3,19.67938,2.5540059,5.312823066224608e-83,0.654639175257732,0.1302475780409042,0.5243915972168278
14,10,C2cd4b,19.55544,2.854572,5.067665547982216e-82,0.9896907216494846,0.4813163155466707,0.5083744061028138
14,11,Fcgbp,19.375465,2.8146427,1.5685723681674535e-80,0.5154639175257731,0.0887282792557281,0.426735638270045
14,12,Dusp5,18.717499,2.5837471,3.897951916787028e-75,0.8865979381443299,0.2744886975242196,0.6121092406201103
14,13,AU021092,18.460472,2.5355844,4.1443317180092753e-73,0.8195876288659794,0.2492695678917422,0.5703180609742371
14,14,Cyp4a12b,18.294008,2.3983119,8.416124402773379e-72,0.8917525773195877,0.29109641703829,0.6006561602812976
14,15,Klhl21,17.694744,2.2106042,3.9735301762849894e-67,0.7989690721649485,0.2165154544056589,0.5824536177592896
14,16,Krt23,17.24122,2.258762,1.0172967433566444e-63,0.9845360824742267,0.5051514685529755,0.4793846139212513
14,17,Fam46c,17.15893,2.214448,4.0180926565887705e-63,0.7164948453608248,0.1952944794710134,0.5212003658898113
14,18,Cenpu,17.140297,2.6563838,5.296093899268555e-63,0.2989690721649484,0.0365984930032292,0.2623705791617192
14,19,Hist1h4i,17.0829,2.386476,1.3054123863429316e-62,0.3505154639175257,0.0492080578194679,0.3013074060980578
14,20,Adam30,16.90139,2.9163265,2.669231764371952e-61,0.2319587628865979,0.0229125019221897,0.2090462609644082
14,21,Ovol1,16.87615,2.15435,3.9479203079999016e-61,0.6082474226804123,0.1391665385206827,0.4690808841597296
14,22,Agr2,16.685663,2.348064,9.424694361683883e-60,0.9896907216494846,0.5606643087805628,0.4290264128689217
14,23,Ppp1r1b,16.680624,2.1478257,9.912422220626063e-60,0.6907216494845361,0.1882208211594648,0.5025008283250711
14,24,Klf2,16.663095,2.7014918,1.2861910748076446e-59,0.9278350515463918,0.4456404736275565,0.4821945779188353
14,25,Pon1,16.574976,2.2970982,5.2534686315551495e-59,0.9278350515463918,0.3724434876210979,0.5553915639252938
14,26,Cyp2a5,16.506891,3.0455506,1.5338189234143609e-58,1.0,0.6135629709364908,0.3864370290635092
14,27,Osgin1,16.201658,2.3230183,2.1757787863281617e-56,0.963917525773196,0.5020759649392588,0.4618415608339371
14,28,Dmbt1,16.176945,2.9017932,3.165625558906188e-56,0.3144329896907216,0.0469014301091803,0.2675315595815413
14,29,Bex1,16.147669,2.5784662,4.959651952303558e-56,0.2835051546391752,0.0372135937259726,0.2462915609132026
14,30,Nrarp,16.086842,2.0731416,1.2937421453531984e-55,0.5979381443298969,0.1443948946640012,0.4535432496658956
14,31,Mx1,16.011415,2.3167982,4.1534446748469655e-55,0.3814432989690721,0.0647393510687375,0.3167039479003346
14,32,1810055G02Rik,15.913941,2.3845034,1.9344541409205728e-54,0.3144329896907216,0.0456712286636936,0.268761761027028
14,33,Serpinb11,15.902568,2.1442392,2.2670434476285063e-54,0.4381443298969072,0.0844225741965246,0.3537217557003825
14,34,Irf8,15.672652,2.536928,7.949834908085625e-53,0.2938144329896907,0.0419806243272335,0.2518338086624571
14,35,Map3k14,15.659445,2.185428,9.394098465013724e-53,0.3556701030927835,0.058588343841304,0.2970817592514795
14,36,Slc45a3,15.571194,2.0911298,3.6036468901926e-52,0.5773195876288659,0.144548669844687,0.4327709177841788
14,37,Zfand2a,15.468105,2.3320625,1.6681883600904448e-51,0.3092783505154639,0.0465938797478087,0.2626844707676552
14,38,Cldn22,15.39048,2.0157952,5.361986121012202e-51,0.654639175257732,0.1854528679071198,0.4691863073506122
14,39,Bpifb1,15.279434,2.9767778,2.865973868329002e-50,0.7525773195876289,0.2883284637859449,0.4642488558016839
14,40,Hist1h1c,15.223934,2.07283,6.489658794358613e-50,0.8814432989690721,0.3416884514839305,0.5397548474851417
14,41,Rhov,15.173377,2.1482484,1.3817021231390966e-49,0.4329896907216495,0.0896509303398431,0.3433387603818063
14,42,Plat,14.924557,2.6535442,5.502701468882889e-48,0.3144329896907216,0.0527448869752422,0.2616881027154794
14,43,Vipr1,14.655182,2.4163814,2.804407430883937e-46,0.2989690721649484,0.0487467322774104,0.250222339887538
14,44,Tnfaip2,14.511625,2.8495593,2.1783208104955913e-45,0.2783505154639175,0.0444410272182069,0.2339094882457105
14,45,Slc13a2,14.419737,2.3154426,8.07219516929293e-45,0.3041237113402061,0.0515146855297555,0.2526090258104506
14,46,Gpd1,13.7267275,2.266301,1.1754340884368812e-40,0.3041237113402061,0.0559741657696447,0.2481495455705613
14,47,Slc39a8,13.682972,2.0875292,2.0239256005274e-40,0.3608247422680412,0.0761187144394894,0.2847060278285517
14,48,Gadd45g,13.511919,2.0057507,1.9652990386093538e-39,0.9948453608247424,0.6606181762263571,0.3342271845983852
14,49,Fbxo2,13.372252,2.0943644,1.2419457367598774e-38,0.3659793814432989,0.0807319698600645,0.2852474115832343
14,50,Capn13,12.996765,2.4173052,1.6101854917355128e-36,0.2474226804123711,0.0421343995079194,0.2052882809044517
14,51,Cpm,12.603203,2.0208647,2.277506586383307e-34,0.3195876288659793,0.0685837305858834,0.2510038982800959
14,52,Slc1a1,12.316889,2.0856392,7.724706610650216e-33,0.268041237113402,0.051976011071813,0.216065226041589
14,53,Nupr1,12.297682,2.087744,9.737272706361958e-33,1.0,0.61248654467169,0.38751345532831
15,1,Bpifb1,25.869438,5.8162117,2.4121060632744362e-143,0.9887005649717514,0.2831288343558282,0.7055717306159233
15,2,Hp,22.963158,3.803085,8.928164322493695e-113,0.8813559322033898,0.2179447852760736,0.6634111469273162
15,3,Sftpa1,22.338419,3.9273808,8.554962534037849e-107,0.8531073446327684,0.2039877300613496,0.6491196145714186
15,4,Muc5b,22.104738,3.0487728,1.1668733265121728e-104,0.9830508474576272,0.2533742331288343,0.7296766143287928
15,5,AU021092,21.612133,2.8628967,4.530632878236402e-100,0.9491525423728814,0.2472392638036809,0.7019132785692004
15,6,C3,21.21914,2.6910222,1.7379227230983413e-96,0.7740112994350282,0.1532208588957055,0.6207904405393228
15,7,Slc12a2,20.949009,2.6096644,4.488632876384271e-94,0.5988700564971752,0.0912576687116564,0.5076123877855188
15,8,Sult1c2,20.891775,4.2489944,1.3040898491709125e-93,0.2146892655367231,0.0111963190184049,0.2034929465183182
15,9,Cldn22,20.080826,2.5394652,1.187165907686229e-86,0.8135593220338984,0.182361963190184,0.6311973588437143
15,10,Cp,20.04934,2.6278875,2.096706452025631e-86,0.8192090395480226,0.1918711656441717,0.6273378739038509
15,11,Pon1,18.975925,2.736915,1.7954789395670247e-77,0.9830508474576272,0.3723926380368098,0.6106582094208173
15,12,Mgp,18.878233,2.4028544,1.0865946899995304e-76,0.5480225988700564,0.0901840490797546,0.4578385497903018
15,13,Pigr,18.82041,2.5752208,3.0098798080273017e-76,0.9887005649717514,0.3171779141104294,0.6715226508613219
15,14,Tex33,18.711952,3.519264,2.2374254549514487e-75,0.231638418079096,0.0171779141104294,0.2144605039686666
15,15,Gmnn,18.678688,2.2761412,3.9050859360870925e-75,0.6892655367231638,0.1414110429447852,0.5478544937783786
15,16,Tff2,17.773191,3.065018,4.560975980123085e-68,0.7231638418079096,0.2029141104294478,0.5202497313784618
15,17,St8sia6,17.315508,3.0207007,1.1787063829135337e-64,0.3220338983050847,0.0398773006134969,0.2821565976915878
15,18,Cd36,16.71909,2.079509,2.645312586193446e-60,0.847457627118644,0.2493865030674846,0.5980711240511594
15,19,Ldhb,16.444836,2.0466394,2.235733685035385e-58,0.8192090395480226,0.2363496932515337,0.5828593462964888
15,20,AW112010,16.252407,2.3540535,4.8920944220266754e-57,0.5141242937853108,0.1047546012269938,0.4093696925583169
15,21,Tstd1,15.974187,2.0209527,3.775316981994471e-55,0.768361581920904,0.2176380368098159,0.550723545111088
15,22,Cfh,14.986186,2.538144,1.2781045492846899e-48,0.2598870056497175,0.0334355828220858,0.2264514228276316
15,23,Pi16,13.627288,2.1941047,3.054500691877803e-40,0.2655367231638418,0.0403374233128834,0.2251992998509583
15,24,Serpinf1,12.030238,2.0190003,1.8207236978260279e-31,0.2542372881355932,0.0458588957055214,0.2083783924300717
15,25,Kcnk2,11.975686,2.077739,3.5043773069443324e-31,0.2655367231638418,0.0501533742331288,0.2153833489307129
15,26,Cyp2a5,10.813732,2.2054787,1.664602403567193e-25,1.0,0.6145705521472392,0.3854294478527608
16,1,Cdca3,47.346416,7.5543904,0.0,0.5952380952380952,0.0085222949322781,0.586715800305817
16,2,Birc5,45.475964,7.6995606,0.0,0.6349206349206349,0.0124790747222644,0.6224415601983704
16,3,Nusap1,45.33548,8.22741,0.0,0.4285714285714285,0.0030436767615279,0.4255277518099006
16,4,Ckap2,44.556747,7.4069567,0.0,0.4603174603174603,0.0045655151422918,0.4557519451751684
16,5,Pbk,44.126663,7.720067,0.0,0.4206349206349206,0.0033480444376807,0.4172868761972399
16,6,Ccnb1,43.91965,8.031398,0.0,0.4682539682539682,0.0053264343326738,0.4629275339212944
16,7,Ccna2,43.545822,7.762877,0.0,0.4365079365079365,0.004261147466139,0.4322467890417974
16,8,Ube2c,43.48302,8.039193,0.0,0.5793650793650794,0.0112616040176533,0.5681034753474261
16,9,Racgap1,42.82372,7.1547694,0.0,0.5396825396825397,0.0095875817988129,0.5300949578837267
16,10,Fam64a,42.523567,8.373364,0.0,0.365079365079365,0.0022827575711459,0.3627966075082191
16,11,2810417H13Rik,42.179024,7.6629467,0.0,0.4206349206349206,0.0044133313042154,0.4162215893307051
16,12,Tk1,41.710796,6.669917,0.0,0.5714285714285714,0.0124790747222644,0.5589494967063069
16,13,Tpx2,41.342476,7.6966443,0.0,0.3809523809523809,0.0033480444376807,0.3776043365147002
16,14,Cdc20,41.10446,7.311719,0.0,0.6587301587301587,0.0197838989499315,0.6389462597802272
16,15,Cdca8,40.681324,6.8804398,0.0,0.5476190476190477,0.0121747070461117,0.535444340572936
16,16,Cdk1,40.599125,6.9259267,0.0,0.6031746031746031,0.016131486836098,0.5870431163385051
16,17,Cdkn3,40.48139,7.6265717,0.0,0.365079365079365,0.0031958605996043,0.3618835044797607
16,18,Cenpa,40.245598,7.1366377,0.0,0.5396825396825397,0.0121747070461117,0.527507832636428
16,19,Ccnb2,40.17954,6.894889,0.0,0.5555555555555556,0.0132399939126464,0.5423155616429091
16,20,Cenpf,39.609478,7.684439,0.0,0.3492063492063492,0.0030436767615279,0.3461626724448212
16,21,Asf1b,39.38081,6.3783517,0.0,0.4841269841269841,0.0094353979607365,0.4746915861662475
16,22,Spc24,39.016132,6.5241814,0.0,0.5555555555555556,0.014609648455334,0.5409459071002215
16,23,Plk1,38.961487,7.3391666,0.0,0.3492063492063492,0.0033480444376807,0.3458583047686684
16,24,Top2a,38.358795,6.7962008,0.0,0.4047619047619047,0.0060873535230558,0.3986745512388489
16,25,Mki67,38.229485,7.701364,0.0,0.3095238095238095,0.0022827575711459,0.3072410519526636
16,26,Aurkb,38.08134,7.48873,0.0,0.3333333333333333,0.0031958605996043,0.330137472733729
16,27,Shcbp1,37.710033,7.954214,0.0,0.2936507936507936,0.0019783898949931,0.2916724037558005
16,28,Anln,37.315033,6.9737167,5.48376955423709e-302,0.3571428571428571,0.0045655151422918,0.3525773420005653
16,29,Ska1,36.390182,7.910104,3.4426802767479204e-287,0.2777777777777778,0.0019783898949931,0.2757993878827846
16,30,Kif20a,35.22945,6.623436,3.8719717897130625e-269,0.3333333333333333,0.0047176989803682,0.328615634352965
16,31,1190002F15Rik,34.962395,5.8639746,4.4403787310113136e-265,0.5714285714285714,0.021914472683001,0.5495140987455703
16,32,Kif22,34.937683,7.2318196,1.020957641435333e-264,0.3015873015873015,0.0035002282757571,0.2980870733115444
16,33,Cenpm,34.68825,6.194819,5.888043878652423e-261,0.4444444444444444,0.0117181555318825,0.4327262889125619
16,34,Spc25,34.631996,6.0759926,4.0225235126000485e-260,0.4841269841269841,0.0147618322934104,0.4693651518335737
16,35,Kifc1,34.212093,7.235295,7.489768889763156e-254,0.2777777777777778,0.0028914929234515,0.2748862848543262
16,36,Knstrn,33.612415,5.861702,5.033281081452972e-245,0.5,0.0175011413787855,0.4824988586212144
16,37,Esco2,32.848053,7.3623323,5.382452605435583e-234,0.246031746031746,0.0022827575711459,0.2437489884606
16,38,Cep55,32.846817,7.0648966,5.458415218093533e-234,0.2619047619047619,0.0028914929234515,0.2590132689813104
16,39,Hmmr,32.6841,7.6214595,1.1050581615317269e-231,0.2222222222222222,0.0015218383807639,0.2207003838414582
16,40,Sapcd2,32.494816,7.478112,5.174916826407442e-229,0.246031746031746,0.0024349414092223,0.2435968046225236
16,41,Tacc3,32.400513,5.639658,1.079822098547999e-227,0.4365079365079365,0.0136965454268756,0.4228113910810608
16,42,Stmn1,32.311375,5.6554494,1.890942690619772e-226,0.7301587301587301,0.0499162988890579,0.6802424312696721
16,43,Nrm,31.842426,5.3295135,6.391552606223053e-220,0.6587301587301587,0.039567797899863,0.6191623608302956
16,44,Cdca2,31.756718,6.859869,9.560134329590462e-219,0.246031746031746,0.0027393090853751,0.2432924369463708
16,45,Aurka,31.345224,6.412087,4.119210021137337e-213,0.3174603174603174,0.006543905037285,0.3109164124230324
16,46,Ect2,31.160013,6.2267413,1.3233358134361293e-210,0.2857142857142857,0.0048698828184446,0.280844402895841
16,47,Nuf2,31.068394,7.4509573,2.2471232386942012e-209,0.2142857142857142,0.0018262060569167,0.2124595082287975
16,48,Kif23,30.699734,5.5372887,1.9607766394021533e-204,0.4365079365079365,0.016131486836098,0.4203764496718385
16,49,Ndc80,30.32162,6.8661723,1.9909242785090821e-199,0.2301587301587301,0.0027393090853751,0.227419421073355
16,50,Bub1b,30.267128,7.1652956,1.018643177007913e-198,0.2142857142857142,0.0021305737330695,0.2121551405526447
16,51,Mis18bp1,29.880507,7.016406,1.1340153556009788e-193,0.2142857142857142,0.0022827575711459,0.2120029567145683
16,52,Mxd3,29.78094,6.586232,2.1754700887985997e-192,0.2539682539682539,0.0041089636280627,0.2498592903401912
16,53,Prc1,29.20493,5.5192018,5.1955652433035913e-185,0.4285714285714285,0.0178055090549383,0.4107659195164901
16,54,Rad51,29.169493,6.147412,1.4362063100624357e-184,0.2777777777777778,0.005782985846903,0.2719947919308747
16,55,Ckap2l,29.11171,5.361221,7.610082899762487e-184,0.373015873015873,0.0126312585603408,0.3603846144555321
16,56,Cenpe,28.317078,6.7201214,6.1282237585092355e-174,0.2222222222222222,0.0033480444376807,0.2188741777845415
16,57,Arhgef39,28.116655,5.363103,1.7334450644533167e-171,0.3492063492063492,0.0118703393699589,0.3373360098363903
16,58,H1fx,26.681671,4.6871424,2.032138541123768e-154,0.5317460317460317,0.0360675696241059,0.4956784621219258
16,59,Fbxo5,25.721352,5.816902,1.7020089518788692e-143,0.2301587301587301,0.0053264343326738,0.2248322958260562
16,60,Smc2,25.483147,4.8277607,7.532249308905343e-141,0.3492063492063492,0.015370567645716,0.3338357815606331
16,61,Cks1b,25.417974,4.9255853,3.907270077941963e-140,0.7301587301587301,0.0893319129508446,0.6408268172078855
16,62,Tubb6,24.17599,4.5627513,9.46157543012215e-127,0.5476190476190477,0.0488510120225232,0.4987680355965245
16,63,Rrm2,23.211327,4.793438,7.861616154462431e-117,0.4047619047619047,0.0273930908537513,0.3773688139081534
16,64,Cenpn,22.909523,5.2495546,8.276043733781684e-114,0.2063492063492063,0.005782985846903,0.2005662205023032
16,65,Ube2t,22.564913,4.925566,2.0687015339411683e-110,0.2857142857142857,0.0133921777507228,0.2723221079635628
16,66,Mad2l1,22.020594,4.69591,3.796124577129813e-105,0.3412698412698413,0.0213057373306954,0.3199641039391458
16,67,Smc4,21.992226,4.291489,7.007324813421207e-105,0.5714285714285714,0.0671130725916907,0.5043154988368806
16,68,Fam83d,20.947296,4.8724704,3.924266048150259e-95,0.2222222222222222,0.0089788464465073,0.2132433757757148
16,69,Pmf1,19.620342,3.660861,1.847846518178047e-83,0.5793650793650794,0.0841576624562471,0.4952074169088323
16,70,Igfbp2,19.424015,4.708915,8.52792075090807e-82,0.2936507936507936,0.0203926343022371,0.2732581593485566
16,71,Nek2,19.375824,4.3461814,2.154253452328972e-81,0.246031746031746,0.0136965454268756,0.2323352006048703
16,72,Gpsm2,19.217548,4.032869,4.556846111681447e-80,0.373015873015873,0.0345457312433419,0.3384701417725311
16,73,Gins2,18.687756,3.7803855,1.0639827705686012e-75,0.3809523809523809,0.0374372241667934,0.3435151567855874
16,74,Tcf19,18.154163,4.4565673,1.9920283464075284e-71,0.2698412698412698,0.0197838989499315,0.2500573708913383
16,75,Chaf1b,18.001049,4.6097164,3.1042525776458976e-70,0.2142857142857142,0.0121747070461117,0.2021110072396025
16,76,Krt14,17.90702,4.914926,1.6715047161681432e-69,0.4285714285714285,0.0544818140313498,0.3740896145400786
16,77,Ezh2,17.737015,3.8259308,3.360173828057678e-68,0.3253968253968254,0.0302845837772028,0.2951122416196226
16,78,Cenpq,17.689056,3.8482625,7.661997513850766e-68,0.3095238095238095,0.0273930908537513,0.2821307186700582
16,79,Rfc5,17.665623,3.4665158,1.1504197663674182e-67,0.4365079365079365,0.0550905493836554,0.3814173871242811
16,80,Dnph1,17.540546,3.694184,1.0379839462967051e-66,0.3888888888888889,0.0447420483944605,0.3441468404944284
16,81,Ptn,17.522955,3.3087618,1.4017217823280778e-66,0.9523809523809524,0.4011565971693806,0.5512243552115716
16,82,Fbln1,17.479235,3.5364826,2.993561340879256e-66,0.3888888888888889,0.0442854968802313,0.3446033920086576
16,83,Tpm2,16.905752,3.5737932,5.397592842497359e-62,0.4126984126984127,0.0540252625171206,0.358673150181292
16,84,Pkmyt1,16.69399,3.8079355,1.9018832989567362e-60,0.2936507936507936,0.0278496423679805,0.2658011512828131
16,85,Trim59,16.608208,3.9354897,7.911878963118046e-60,0.2301587301587301,0.0167402221884035,0.2134185079703265
16,86,Lgals7,16.466745,4.96077,8.149468467559445e-59,0.246031746031746,0.0202404504641607,0.2257912955675853
16,87,Lmnb1,16.357506,3.364755,4.851708562146068e-58,0.4841269841269841,0.0800486988281844,0.4040782852987997
16,88,Fen1,16.25582,3.8816524,2.5049760678980817e-57,0.3015873015873015,0.0311976868056612,0.2703896147816403
16,89,Tmpo,16.106453,3.0934613,2.7922015624177938e-56,0.753968253968254,0.2297975954953584,0.5241706584728956
16,90,Tubb5,16.06975,3.3026254,5.013928003992842e-56,0.9603174603174603,0.6373459138639477,0.3229715464535126
16,91,Rrm1,16.062317,3.5750976,5.611112063324675e-56,0.373015873015873,0.0490031958605996,0.3240126771552734
16,92,Apitd1,15.626792,3.722,5.563326391385567e-53,0.2777777777777778,0.0283061938822097,0.2494715838955681
16,93,Melk,15.498944,3.842162,4.072963595862207e-52,0.2222222222222222,0.0181098767310911,0.204112345491131
16,94,H2afx,15.290655,3.2023375,1.0122565061747037e-50,0.5952380952380952,0.1445746461725764,0.4506634490655187
16,95,Tyms,15.101563,3.2809374,1.788701479341254e-49,0.4444444444444444,0.0789834119616496,0.3654610324827947
16,96,Lsm2,15.07822,2.796956,2.5132460522389795e-49,0.7222222222222222,0.2176228884492466,0.5045993337729755
16,97,Ran,15.044768,2.3794854,4.1406054537462936e-49,0.9444444444444444,0.6753918733830467,0.2690525710613977
16,98,H2afv,14.866177,2.639554,6.015159394111545e-48,0.9285714285714286,0.6329325825597322,0.2956388460116964
16,99,Cenpw,14.710353,3.8040574,6.008444630458838e-47,0.2222222222222222,0.0202404504641607,0.2019817717580615
16,100,Sprr1a,14.666567,3.310972,1.1314782027952823e-46,0.3174603174603174,0.0409374524425506,0.2765228650177668
16,101,Hmgb2,14.581879,3.1995625,3.9010534418917725e-46,0.9126984126984128,0.5811900776137574,0.3315083350846552
16,102,Mis18a,14.385871,3.1008775,6.630813215740505e-45,0.3412698412698413,0.0486988281844468,0.2925710130853944
16,103,Ska2,14.295742,3.573753,2.3844364465200684e-44,0.2222222222222222,0.0213057373306954,0.2009164848915267
16,104,Ccdc34,14.009777,2.8387246,1.366724512978778e-42,0.6349206349206349,0.1897732460812661,0.4451473888393687
16,105,Cdkn2d,13.976725,3.0087829,2.1622391793839457e-42,0.5873015873015873,0.1664891188555775,0.4208124684460098
16,106,Prim1,13.940471,3.2872608,3.574026622768525e-42,0.3095238095238095,0.0433723938517729,0.2661514156720366
16,107,Igfbp7,13.820931,2.6274405,1.8830273327076846e-41,0.992063492063492,0.5387307867904428,0.4533327052730492
16,108,H2afz,13.707279,2.6678975,8.860205373260145e-41,0.8333333333333334,0.4414853142596256,0.3918480190737077
16,109,Serpinb8,13.706404,2.900443,8.915257047455117e-41,0.4523809523809524,0.0931365089027545,0.3592444434781978
16,110,Rangap1,13.650524,3.085566,1.911210203429667e-40,0.4206349206349206,0.0827880079135595,0.337846912721361
16,111,Hn1,13.533074,2.3605006,9.403439492297964e-40,0.9047619047619048,0.5594277887688327,0.345334115993072
16,112,Emp3,13.504238,3.148894,1.3836149187763819e-39,0.3492063492063492,0.0579820423071069,0.2912243068992422
16,113,Nde1,13.477712,3.004962,1.971532332704073e-39,0.4365079365079365,0.0907015674935321,0.3458063690144043
16,114,Ywhah,13.434045,2.40731,3.539346832203767e-39,0.8412698412698413,0.4145487749201035,0.4267210663497378
16,115,Krt6a,13.179775,3.6148498,1.0339118969659024e-37,0.2619047619047619,0.0348500989194947,0.2270546629852671
16,116,2700094K13Rik,13.035423,2.5249078,6.784246044455296e-37,0.753968253968254,0.3395221427484401,0.4144461112198138
16,117,Ddx39,13.014388,2.5047436,8.889075165581059e-37,0.6587301587301587,0.2136661086592604,0.4450640500708983
16,118,Reep4,12.910485,2.4470463,3.408778484473275e-36,0.6031746031746031,0.1707502663217166,0.4324243368528865
16,119,Rfc4,12.897802,2.9608166,3.956020408033466e-36,0.3095238095238095,0.0488510120225232,0.2606727975012863
16,120,Psat1,12.5377865,2.5585935,3.8222612542572203e-34,0.4285714285714285,0.0928321412266017,0.3357392873448268
16,121,Krt5,12.394431,2.6348162,2.2302625003404362e-33,0.984126984126984,0.5346218231623802,0.4495051609646039
16,122,Dek,12.389419,2.5438166,2.3626838583923122e-33,0.6587301587301587,0.242733221731852,0.4159969369983066
16,123,Serpinb5,11.9748335,2.1673663,3.724303208796558e-31,0.7698412698412699,0.2902145792116877,0.4796266906295822
16,124,Lmna,11.960577,2.0429282,4.401591324692439e-31,0.9206349206349206,0.6449551057677675,0.2756798148671531
16,125,Sae1,11.945381,2.1990845,5.260188887785896e-31,0.6507936507936508,0.2291888601430528,0.4216047906505979
16,126,Anp32b,11.853199,2.098741,1.5233725746329589e-30,0.8333333333333334,0.450464160706133,0.3828691726272004
16,127,Apoe,11.775273,2.6010034,3.815772147104237e-30,0.8333333333333334,0.3933952214274844,0.4399381119058489
16,128,Krt17,11.638238,2.90513,1.89475694764475e-29,0.9365079365079364,0.5049459747374829,0.4315619617704536
16,129,Cbfb,11.607623,2.4007993,2.6879716997416125e-29,0.4841269841269841,0.1301171815553188,0.3540098025716653
16,130,Mcm7,11.503673,2.8397133,8.937086285053145e-29,0.3095238095238095,0.0596560645259473,0.2498677449978621
16,131,Tipin,11.421552,2.6018267,2.2874132548682518e-28,0.373015873015873,0.0838532947800943,0.2891625782357787
16,132,Cmc2,11.118895,2.4910684,6.852093997590629e-27,0.3968253968253968,0.0996804139400395,0.2971449828853572
16,133,Dnajc9,10.974885,2.5406263,3.311033051878378e-26,0.4206349206349206,0.1150509815857556,0.305583939049165
16,134,Chac2,10.830066,2.6186533,1.6075354184489706e-25,0.3095238095238095,0.0648303150205448,0.2446934945032647
16,135,Pinlyp,10.532554,2.3390937,3.770539203221088e-24,0.3095238095238095,0.0646781311824684,0.2448456783413411
16,136,Wnt10a,10.483458,2.480334,6.2745008009973815e-24,0.3174603174603174,0.0695480140009131,0.2479123034594043
16,137,Hmgb3,10.396479,2.137118,1.5455749840163594e-23,0.4761904761904761,0.1489879774767919,0.3272024987136842
16,138,Prss23,10.378063,2.0955176,1.861019653452543e-23,0.5,0.1550753309998478,0.3449246690001522
16,139,Bok,10.358549,2.1056015,2.2660880178312666e-23,0.5158730158730159,0.1698371632932582,0.3460358525797576
16,140,Cdca4,10.343593,2.3533993,2.6302755676876167e-23,0.3412698412698413,0.0811139856947192,0.260155855575122
16,141,Orc6,10.334704,2.2495885,2.865352849351829e-23,0.4444444444444444,0.1322477552883883,0.312196689156056
16,142,Vrk1,10.332636,2.4998586,2.917459964008684e-23,0.3174603174603174,0.0724395069243646,0.2450208105359528
16,143,Snrpa1,10.253128,2.0192254,6.570398724918844e-23,0.5714285714285714,0.2148835793638715,0.3565449920646998
16,144,Tnfrsf12a,10.189721,2.188277,1.242163055882245e-22,0.5555555555555556,0.2113833510881144,0.3441722044674411
16,145,Anp32e,10.147056,2.1434622,1.898694674967762e-22,0.5714285714285714,0.2279713894384416,0.3434571819901297
16,146,Trim47,10.124185,2.3493557,2.3831661840849226e-22,0.4126984126984127,0.1205295997565058,0.2921688129419068
16,147,Carhsp1,10.088275,2.0268304,3.4262603745196216e-22,0.5714285714285714,0.2145792116877187,0.3568493597408526
16,148,Upk3bl,10.067557,2.1187723,4.202118768077298e-22,0.7380952380952381,0.3291736417592452,0.4089215963359929
16,149,Nucks1,10.049058,2.140676,5.053792118704243e-22,0.5317460317460317,0.2011870339369958,0.3305589978090358
16,150,Ehd2,9.872429,2.3134546,2.8817809378012573e-21,0.2936507936507936,0.0651346826966976,0.228516110954096
16,151,Lsm3,9.728787,2.0018747,1.1505341857482576e-20,0.5158730158730159,0.1887079592147314,0.3271650566582845
16,152,Cox6b2,9.686049,2.472654,1.7335867888161764e-20,0.2698412698412698,0.0595038806878709,0.2103373891533989
16,153,Terf1,9.647832,2.1531222,2.5028093780012748e-20,0.4603174603174603,0.1590321107898341,0.3012853495276262
16,154,Prkcdbp,9.629165,2.0396998,2.992793127246601e-20,0.5,0.1750114137878557,0.3249885862121442
16,155,Mcm6,9.594444,2.6907828,4.180553503072523e-20,0.2698412698412698,0.0619388220970932,0.2079024477441765
16,156,Mzt1,9.545266,2.040699,6.666391746447701e-20,0.4206349206349206,0.1301171815553188,0.2905177390796018
16,157,Cdkn2c,9.47112,2.425474,1.3434199905019314e-19,0.3412698412698413,0.0966367371785116,0.2446331040913296
16,158,Dctpp1,9.439547,2.133915,1.811349768017307e-19,0.4682539682539682,0.1699893471313346,0.2982646211226336
16,159,Larp7,9.430067,2.2611272,1.9769400681072288e-19,0.3492063492063492,0.0972454725308172,0.2519608766755319
16,160,Arl6ip1,9.352701,2.2053423,4.04988722935033e-19,0.6904761904761905,0.4637041546187795,0.2267720358574109
16,161,Col17a1,9.180615,2.1243873,1.9802839419701807e-18,0.3174603174603174,0.0820270887231776,0.2354332287371398
16,162,Lbr,9.036753,2.1857185,7.252154458267547e-18,0.3253968253968254,0.0905493836554557,0.2348474417413696
16,163,Msn,8.984708,2.1959999,1.1376455784486539e-17,0.2777777777777778,0.0672652564297671,0.2105125213480106
16,164,Aqp3,8.126818,2.032204,1.588585194344537e-14,1.0,0.7712676913711763,0.2287323086288236
16,165,Krt13,8.034851,2.0951984,3.27644088933716e-14,0.3174603174603174,0.1005935169684979,0.2168668004918195
17,1,Ly6g6f,71.23361,10.861874,0.0,0.9387755102040816,0.0033338384603727,0.9354416717437088
17,2,Trpm5,71.1447,11.342396,0.0,0.9489795918367347,0.003636914684043,0.9453426771526916
17,3,Rgs13,70.807014,10.889042,0.0,0.8877551020408163,0.002424609789362,0.8853304922514543
17,4,Gnat3,70.221405,11.443327,0.0,0.8673469387755102,0.0022730716775268,0.8650738670979833
17,5,Sh2d6,65.30149,10.185132,0.0,0.8571428571428571,0.0043946052432186,0.8527482518996384
17,6,Hck,64.600136,10.317336,0.0,0.8367346938775511,0.0042430671313835,0.8324916267461675
17,7,Avil,61.385,9.68869,0.0,0.8979591836734694,0.0080315199272617,0.8899276637462077
17,8,Pik3r5,61.1745,10.29491,0.0,0.6938775510204082,0.002424609789362,0.6914529412310462
17,9,Matk,61.105507,9.727868,0.0,0.8061224489795918,0.0053038339142294,0.8008186150653624
17,10,Ovol3,60.729286,10.48573,0.0,0.7244897959183674,0.0033338384603727,0.7211559574579945
17,11,1810046K07Rik,60.664394,9.930441,0.0,0.7040816326530612,0.0028792241248674,0.7012024085281938
17,12,Sh2d7,60.619236,9.9791355,0.0,0.6836734693877551,0.002424609789362,0.6812488595983931
17,13,Fyb,60.118134,10.097152,0.0,0.6938775510204082,0.0028792241248674,0.6909983268955407
17,14,Ltc4s,59.470367,11.168867,0.0,1.0,0.0136384300651613,0.9863615699348386
17,15,Nrgn,58.816402,10.410524,0.0,0.6224489795918368,0.0018184573420215,0.6206305222498152
17,16,Vav1,57.857227,10.316753,0.0,0.6122448979591837,0.0019699954538566,0.610274902505327
17,17,Hmx2,57.795975,10.607257,0.0,0.5816326530612245,0.0013638430065161,0.5802688100547083
17,18,Hepacam2,55.78577,8.432437,0.0,0.8775510204081632,0.0115168964994696,0.8660341239086936
17,19,Gng13,55.770145,11.140325,0.0,0.9693877551020408,0.0160630398545234,0.9533247152475174
17,20,Nkd1,55.50943,9.891638,0.0,0.5918367346938775,0.002424609789362,0.5894121249045156
17,21,Atp1a2,52.61181,9.683678,0.0,0.5612244897959183,0.0028792241248674,0.5583452656710509
17,22,Lrmp,52.116055,11.718481,0.0,1.0,0.0225791786634338,0.9774208213365662
17,23,Fxyd6,51.06103,8.815891,0.0,0.8163265306122449,0.0133353538414911,0.8029911767707538
17,24,Alox5,50.434765,8.398097,0.0,0.6224489795918368,0.0057584482497348,0.6166905313421019
17,25,Dclk1,50.411083,9.044438,0.0,0.7448979591836735,0.0106076678284588,0.7342902913552146
17,26,Tmem45b,50.053562,7.796758,0.0,0.7142857142857143,0.0093953629337778,0.7048903513519365
17,27,Pik3cg,49.661156,8.781054,0.0,0.5714285714285714,0.0045461433550537,0.5668824280735176
17,28,Gnb3,48.874054,10.194957,0.0,0.7653061224489796,0.0130322776178208,0.7522738448311587
17,29,Spib,47.765095,8.722873,0.0,0.5102040816326531,0.003636914684043,0.50656716694861
17,30,Cd300lf,44.191338,8.76301,0.0,0.4183673469387755,0.0025761479011971,0.4157911990375784
17,31,Espn,43.608788,7.949123,0.0,0.9693877551020408,0.0360660706167601,0.9333216844852806
17,32,Selm,41.95228,8.123723,0.0,0.9897959183673468,0.0425822094256705,0.9472137089416764
17,33,Alox5ap,40.868313,9.018897,0.0,0.8367346938775511,0.0298530080315199,0.8068816858460311
17,34,Vsig2,40.214428,9.217032,0.0,0.3163265306122449,0.0013638430065161,0.3149626876057287
17,35,Inpp5d,39.900406,8.573001,0.0,0.336734693877551,0.0019699954538566,0.3347646984236944
17,36,Mctp1,39.636776,7.88844,0.0,0.4387755102040816,0.0054553720260645,0.433320138178017
17,37,Hmx3,39.418827,28.67123,0.0,0.2346938775510204,0.0,0.2346938775510204
17,38,Prss53,39.017593,7.6552577,0.0,0.3673469387755102,0.0031823003485376,0.3641646384269725
17,39,B4galt6,38.56868,8.878208,0.0,0.2959183673469387,0.0013638430065161,0.2945545243404226
17,40,Otos,38.31226,9.718844,0.0,0.2653061224489796,0.0007576905591756,0.264548431889804
17,41,Il25,38.06486,8.797538,0.0,0.2959183673469387,0.0015153811183512,0.2944029862285875
17,42,Sox9,37.367935,6.968295,5.0637957758768e-303,0.5816326530612245,0.0150022730716775,0.5666303799895469
17,43,Adgrf3,37.22296,9.685109,1.1069210400191146e-300,0.2448979591836734,0.0006061524473405,0.2442918067363329
17,44,Etv1,37.0077,6.948955,3.209210611713402e-297,0.7346938775510204,0.0281860888013335,0.7065077887496869
17,45,Kcnq3,36.56209,10.276677,4.175597972785869e-290,0.2448979591836734,0.0007576905591756,0.2441402686244978
17,46,Pde2a,36.362083,7.482214,6.036285850603859e-287,0.4183673469387755,0.0066676769207455,0.41169967001803
17,47,Sucnr1,35.661674,8.747421,5.420764149643316e-276,0.2551020408163265,0.001212304894681,0.2538897359216455
17,48,Atp4a,35.001446,10.398192,7.307567911424926e-266,0.2040816326530612,0.0003030762236702,0.2037785564293909
17,49,Rac2,34.910076,7.6749187,1.7500258592973979e-264,0.4183673469387755,0.0077284437035914,0.4106389032351841
17,50,Cryba2,34.87299,6.550676,6.262269076716419e-264,0.4081632653061224,0.0071222912562509,0.4010409740498715
17,51,Pou2f3,34.19484,6.6016088,9.27741411587236e-254,0.4387755102040816,0.0093953629337778,0.4293801472703037
17,52,Nxph4,33.466507,9.057129,4.670390256537226e-243,0.2040816326530612,0.0006061524473405,0.2034754802057207
17,53,Atp2a3,33.339092,6.61576,3.2441390913581567e-241,0.7653061224489796,0.0413699045309895,0.72393621791799
17,54,Zfp428,33.204037,7.1380916,2.8592240780421306e-239,0.9183673469387756,0.0662221548719503,0.8521451920668253
17,55,Ms4a15,32.762756,8.592163,5.959126425966103e-233,0.2346938775510204,0.0015153811183512,0.2331784964326691
17,56,Pcdh20,32.50263,8.836383,2.867073261353197e-229,0.2142857142857142,0.0010607667828458,0.2132249475028683
17,57,Ano7,31.335138,7.6787286,4.4622261338283946e-213,0.2142857142857142,0.0013638430065161,0.2129218712791981
17,58,Ero1lb,31.24419,6.325615,7.570890025641466e-212,0.5306122448979592,0.0200030307622367,0.5106092141357225
17,59,Ccdc109b,29.401363,5.9992213,1.4665001606242637e-187,0.6428571428571429,0.037126837399606,0.6057303054575369
17,60,Camk2b,29.332811,6.7690816,1.0822060627045842e-186,0.2755102040816326,0.0043946052432186,0.2711155988384139
17,61,Pnpla3,29.31428,7.3645406,1.8340461920742545e-186,0.2040816326530612,0.0016669192301863,0.2024147134228748
17,62,Chdh,29.054546,6.573845,3.566346983845568e-183,0.2755102040816326,0.0045461433550537,0.2709640607265788
17,63,1500009L16Rik,28.919514,6.0316563,1.7393003461349278e-181,0.3775510204081632,0.0106076678284588,0.3669433525797044
17,64,Upp1,27.606297,5.7058873,2.3591704619049144e-165,0.5408163265306123,0.0283376269131686,0.5124786996174436
17,65,Ptpn6,27.531313,5.709266,1.841112223544436e-164,0.8061224489795918,0.0750113653583876,0.7311110836212042
17,66,Jakmip1,26.725595,6.43503,5.641341319804411e-155,0.2448979591836734,0.0043946052432186,0.2405033539404548
17,67,Foxe1,26.41083,5.3985977,2.410927499682095e-151,0.4591836734693877,0.0215184118805879,0.4376652615887998
17,68,Coprs,25.993017,5.4686255,1.3163541032568614e-146,0.8367346938775511,0.0941051674496135,0.7426295264279374
17,69,Ccdc28b,25.990541,5.7992363,1.385307672550296e-146,0.8673469387755102,0.1047128352780724,0.7626341034974378
17,70,Wnk2,25.691029,6.9359984,3.136256558515034e-143,0.2040816326530612,0.0030307622367025,0.2010508704163587
17,71,Bmx,25.142487,5.287243,3.545127014922983e-137,0.6122448979591837,0.0474314290043946,0.5648134689547891
17,72,Hap1,24.962507,5.569672,3.162947485280896e-135,0.5306122448979592,0.0350053038339142,0.495606941064045
17,73,Degs2,24.7674,5.456032,3.9790823572359405e-133,0.5306122448979592,0.0356114562812547,0.4950007886167045
17,74,Plac8,24.577957,7.43502,4.194711926890725e-131,1.0,0.1806334293074708,0.8193665706925292
17,75,Itgb7,24.12724,5.5491724,2.4128479272570846e-126,0.4591836734693877,0.0271253220184876,0.4320583514509001
17,76,Gm12446,23.733818,6.141019,2.9421536769223165e-122,0.2244897959183673,0.0051522958023943,0.219337500115973
17,77,Txndc16,23.547064,6.3228526,2.3726753324920957e-120,0.2142857142857142,0.0046976814668889,0.2095880328188253
17,78,2210011C24Rik,23.533579,6.295283,3.226250741411978e-120,0.2244897959183673,0.0053038339142294,0.2191859620041379
17,79,Chn2,23.484818,6.073959,1.0065920952783988e-119,0.3265306122448979,0.0133353538414911,0.3131952584034068
17,80,Rassf6,22.8012,4.8604946,7.542800107773527e-113,0.6428571428571429,0.0662221548719503,0.5766349879851926
17,81,Pcolce2,22.797094,6.477918,8.199960718805248e-113,0.2551020408163265,0.0080315199272617,0.2470705208890648
17,82,Cited4,22.506268,5.3271065,5.851889699929878e-110,0.5306122448979592,0.0442491286558569,0.4863631162421022
17,83,Cnn3,22.154488,4.9417844,1.4891766402124827e-106,0.7653061224489796,0.1068343688437642,0.6584717536052154
17,84,Rab3b,21.98375,5.127904,6.435322804147115e-105,0.2857142857142857,0.0113653583876344,0.2743489273266512
17,85,Ethe1,21.200142,5.1624427,1.4067744971280878e-97,0.9387755102040816,0.2163964237005607,0.722379086503521
17,86,Ptpn18,21.000742,5.953962,9.208711216498208e-96,0.979591836734694,0.2645855432641309,0.715006293470563
17,87,Ank,20.895863,4.7966294,8.256046053985555e-95,0.4795918367346938,0.0409152901954841,0.4386765465392097
17,88,Rab11fip4,20.552654,4.891149,1.0214757895749222e-91,0.3775510204081632,0.025155326564631,0.3523956938435322
17,89,Tspan6,20.487526,4.683278,3.866449657080024e-91,0.5612244897959183,0.0612213971813911,0.5000030926145272
17,90,Ly6g6d,20.315035,4.90546,1.3049656538819946e-89,0.5510204081632653,0.0606152447340506,0.4904051634292146
17,91,Slitrk6,20.295044,4.9133496,1.9438931847997826e-89,0.3571428571428571,0.0228822548871041,0.334260602255753
17,92,Igsf8,20.266344,4.7607784,3.398904354229645e-89,0.7346938775510204,0.1188058796787392,0.6158879978722812
17,93,Cadps2,20.013481,4.9754353,5.42725125578694e-87,0.5204081632653061,0.055159872707986,0.4652482905573201
17,94,Gamt,19.88816,4.7219586,6.602741749140517e-86,0.4387755102040816,0.0375814517351113,0.4011940584689702
17,95,Samd14,19.800928,5.512969,3.687133042789864e-85,0.2346938775510204,0.0095469010456129,0.2251469765054074
17,96,Clmn,19.566366,4.717605,3.6905679241680416e-83,0.5306122448979592,0.0601606303985452,0.470451614499414
17,97,Bcl2l14,19.101267,4.9447203,3.016295441191645e-79,0.4489795918367347,0.0439460524321866,0.405033539404548
17,98,Ivns1abp,18.82116,4.164313,6.065138511997716e-77,0.7653061224489796,0.1522958023943021,0.6130103200546774
17,99,Scg5,18.734869,4.2929606,3.057691981896619e-76,0.2448979591836734,0.0116684346113047,0.2332295245723687
17,100,Rgs2,18.685387,4.58939,7.68191350568059e-76,0.9387755102040816,0.2818608880133353,0.6569146221907463
17,101,Ptgs1,18.6205,4.334122,2.567420831855181e-75,0.4795918367346938,0.0518260342476132,0.4277658024870805
17,102,Anxa4,18.593044,4.8618727,4.2550944673975233e-75,0.979591836734694,0.3873314138505834,0.5922604228841104
17,103,Pnpla6,18.14991,4.601101,1.464814695676483e-71,0.4183673469387755,0.0415214426428246,0.3768459042959509
17,104,Fam49a,18.1207,4.6113486,2.474764734904232e-71,0.2755102040816326,0.0166691923018639,0.2588410117797687
17,105,Lmo2,17.776527,4.993475,1.174636266863533e-68,0.3877551020408163,0.037126837399606,0.3506282646412103
17,106,Lyrm9,17.54238,4.5160475,7.339289427447526e-67,0.3877551020408163,0.0375814517351113,0.3501736503057049
17,107,Cystm1,17.412354,4.096745,7.081449877063467e-66,1.0,0.5121988180027277,0.4878011819972723
17,108,Pygl,17.133192,4.968493,8.76669734926622e-64,0.2653061224489796,0.0175784209728746,0.2477277014761049
17,109,Ttc25,16.965454,4.583616,1.5261448730176582e-62,0.3163265306122449,0.0260645552356417,0.2902619753766031
17,110,Calm2,16.633385,3.644441,3.8989756498471486e-60,1.0,0.780875890286407,0.2191241097135929
17,111,Ociad2,16.5764,4.0389338,1.0018232226436132e-59,0.7551020408163265,0.1971510834974996,0.5579509573188268
17,112,Reep5,16.367844,3.7281296,2.9900390512860087e-58,0.979591836734694,0.6652523109562055,0.3143395257784883
17,113,Ascl2,16.249372,4.2550416,2.044778927749296e-57,0.3061224489795918,0.026367631459312,0.2797548175202798
17,114,Bpgm,15.946208,3.6564703,2.6410085093532622e-55,0.9081632653061223,0.3841491135020458,0.5240141518040766
17,115,Pip5k1b,15.94171,4.373746,2.823118744605801e-55,0.3265306122448979,0.0316714653735414,0.2948591468713565
17,116,Chil1,15.897797,4.814592,5.665519752135461e-55,0.2653061224489796,0.0206091832095772,0.2446969392394024
17,117,Tmem245,15.852476,4.0392814,1.1605150659425751e-54,0.4795918367346938,0.0728898317926958,0.406702004941998
17,118,Kctd13,15.836942,4.042321,1.47043896440809e-54,0.4489795918367347,0.0627367782997423,0.3862428135369923
17,119,Wdr25,15.599693,4.8625765,5.998264720001677e-53,0.2142857142857142,0.0136384300651613,0.2006472842205529
17,120,H2afj,15.575513,2.6066897,8.670815788521843e-53,0.9897959183673468,0.785573571753296,0.2042223466140509
17,121,Nfatc1,15.445889,4.753571,6.402041404997441e-52,0.2142857142857142,0.0139415062888316,0.2003442079968826
17,122,Dpy30,15.303195,3.3893828,5.605119820769052e-51,0.9285714285714286,0.498257311713896,0.4303141168575325
17,123,Hacd1,15.291891,4.0134745,6.63696100782681e-51,0.3469387755102041,0.0387937566297923,0.3081450188804117
17,124,Creb3l4,14.871677,4.1370497,3.718779899621594e-48,0.4081632653061224,0.0580390968328534,0.350124168473269
17,125,Stard5,14.868656,3.7459383,3.872958012089652e-48,0.4795918367346938,0.0809213517199575,0.3986704850147363
17,126,Plk2,14.571382,3.5803814,3.006835870736521e-46,0.7448979591836735,0.235944840127292,0.5089531190563815
17,127,Itpr2,14.443872,4.3485203,1.912317732406317e-45,0.3061224489795918,0.0339445370510683,0.2721779119285235
17,128,Tmem191c,14.432846,4.449021,2.234541064340317e-45,0.2244897959183673,0.0177299590847098,0.2067598368336575
17,129,Pitpnc1,14.343509,3.5905008,7.994640229474109e-45,0.3979591836734694,0.0574329443855129,0.3405262392879564
17,130,Tuba1a,14.327335,3.2630937,1.0008604508266284e-44,0.9591836734693876,0.4452189725716017,0.5139647008977859
17,131,Scand1,14.234092,2.9551418,3.768195200654544e-44,0.9081632653061223,0.5344749204424913,0.3736883448636311
17,132,Nav2,13.897428,3.8471289,4.173952561163541e-42,0.3673469387755102,0.0525837248067889,0.3147632139687213
17,133,Cox17,13.812495,2.7315042,1.351682569895016e-41,0.8979591836734694,0.5567510228822549,0.3412081607912145
17,134,Lima1,13.740861,3.2270055,3.6172562878439006e-41,0.6938775510204082,0.2171541142597363,0.4767234367606718
17,135,Cirbp,13.689087,2.534725,7.32970514819905e-41,0.9489795918367347,0.6540384906804061,0.2949411011563286
17,136,Hsp90b1,13.505873,2.5430083,8.738675847034971e-40,0.9387755102040816,0.6079709046825277,0.330804605521554
17,137,Bik,13.453793,3.2358346,1.7635706584311748e-39,0.6938775510204082,0.2329140778905895,0.4609634731298186
17,138,Gnai2,13.431343,2.610109,2.3800192531056177e-39,0.9183673469387756,0.5575087134414305,0.360858633497345
17,139,Cdh13,13.30478,3.4614997,1.2673189539918047e-38,0.4591836734693877,0.0889528716472192,0.3702308018221685
17,140,Bvht,13.2207365,3.8737948,3.846660059984825e-38,0.3877551020408163,0.0654644643127746,0.3222906377280417
17,141,Sh3bgrl,13.199716,2.9030213,5.050267354698665e-38,0.7448979591836735,0.2829216547961812,0.4619763043874922
17,142,P3h3,13.173651,4.1619925,7.110870697769575e-38,0.2551020408163265,0.0277314744658281,0.2273705663504983
17,143,Kctd12,13.059027,3.328559,3.1812909932050338e-37,0.5204081632653061,0.1213820275799363,0.3990261356853698
17,144,2310001H17Rik,12.921511,3.4884577,1.898904634790396e-36,0.5102040816326531,0.1218366419154417,0.3883674397172113
17,145,1110007C09Rik,12.89391,2.9505332,2.689883066497056e-36,0.7244897959183674,0.2780724352174571,0.4464173607009102
17,146,Pla2g16,12.893118,2.9953573,2.708549109121692e-36,0.7653061224489796,0.3282315502348841,0.4370745722140954
17,147,Cap1,12.679146,3.6273649,4.0827093596471675e-35,0.3775510204081632,0.0657675405364449,0.3117834798717183
17,148,Kdm4a,12.5600195,3.7526002,1.8178560488662255e-34,0.3265306122448979,0.0500075769055917,0.2765230353393061
17,149,Strbp,12.54255,3.4653566,2.259465967509883e-34,0.4081632653061224,0.0784967419305955,0.3296665233755269
17,150,Stox2,12.537523,3.8424554,2.3998761414315813e-34,0.2857142857142857,0.0380360660706167,0.2476782196436689
17,151,Ndufa4,12.244764,2.0805273,8.747058094758376e-33,0.9489795918367347,0.7443552053341416,0.2046243865025931
17,152,Myo1b,12.037128,3.7774353,1.0840442379883216e-31,0.3469387755102041,0.0613729352932262,0.2855658402169778
17,153,Tmem256,11.869179,2.1996682,8.06567663313022e-31,0.8673469387755102,0.571298681618427,0.2960482571570831
17,154,St6galnac2,11.8428,3.0585668,1.0956985134945656e-30,0.4591836734693877,0.1071374450674344,0.3520462284019533
17,155,Snx7,11.774349,3.0860088,2.4313860879853814e-30,0.4591836734693877,0.1091074405212911,0.3500762329480966
17,156,Mrpl54,11.743979,2.235521,3.4644301188240144e-30,0.8571428571428571,0.5309895438702834,0.3261533132725737
17,157,Psmg4,11.489806,3.0764534,6.544754773944214e-29,0.5612244897959183,0.1839672677678436,0.3772572220280747
17,158,Arhgef2,11.478309,3.6034927,7.455865779216282e-29,0.3163265306122449,0.0547052583724806,0.2616212722397642
17,159,Camk2d,11.340774,3.4586015,3.585282664234824e-28,0.3163265306122449,0.0557660251553265,0.2605605054569183
17,160,Sec11c,11.272339,2.575181,7.777762778827305e-28,0.8163265306122449,0.5128049704500682,0.3035215601621767
17,161,Ndufa1,11.149833,2.2764907,3.0403924402687427e-27,0.8163265306122449,0.567661766934384,0.2486647636778609
17,162,Xrcc6bp1,11.136244,3.5909219,3.5325588085776766e-27,0.3061224489795918,0.0544021821488104,0.2517202668307814
17,163,Smim22,11.069698,2.2683806,7.326009230165019e-27,0.7959183673469388,0.4879527201091074,0.3079656472378313
17,164,Vps13d,11.041182,3.2144608,1.0015886720761164e-26,0.3979591836734694,0.0936505531141081,0.3043086305593612
17,165,Crip1,11.016616,2.107437,1.302984887736021e-26,0.979591836734694,0.7740566752538264,0.2055351614808674
17,166,Tmem54,10.947041,3.3838317,2.80099002603173e-26,0.3877551020408163,0.0901651765419002,0.297589925498916
17,167,Hsbp1l1,10.77034,3.60706,1.8691707171967425e-25,0.2551020408163265,0.0400060615244734,0.2150959792918531
17,168,Tspan13,10.754689,2.3157141,2.1994363178541745e-25,0.7653061224489796,0.435975147749659,0.3293309746993205
17,169,2810001G20Rik,10.52484,3.048899,2.4967831296894896e-24,0.3571428571428571,0.0789513562661009,0.2781915008767562
17,170,Htatip2,10.468226,2.7370815,4.5266139712033156e-24,0.5816326530612245,0.2273071677526898,0.3543254853085347
17,171,Ogt,10.420607,3.0895398,7.44293035182623e-24,0.4183673469387755,0.1130474314290043,0.3053199155097711
17,172,2700029M09Rik,10.310953,2.8127089,2.2966704056170145e-23,0.4693877551020408,0.1429004394605243,0.3264873156415165
17,173,Bmyc,10.065726,2.5205336,2.75014629547606e-22,0.5510204081632653,0.2089710562206395,0.3420493519426257
17,174,Bloc1s2,10.057698,2.5578132,2.971116037560036e-22,0.5612244897959183,0.2210941051674496,0.3401303846284687
17,175,Ephb6,9.99011,3.3226004,5.826622563894727e-22,0.2653061224489796,0.0481891195635702,0.2171170028854093
17,176,Commd1,9.976107,2.630522,6.681911219612498e-22,0.7142857142857143,0.4649189271101682,0.2493667871755461
17,177,Rilpl2,9.872438,2.4524612,1.850785798754607e-21,0.5612244897959183,0.2200333383846037,0.3411911514113146
17,178,Ahnak2,9.872388,2.7136714,1.850785798754607e-21,0.4081632653061224,0.1106228216396423,0.2975404436664801
17,179,Ckap4,9.803372,2.6072688,3.64466117363786e-21,0.5204081632653061,0.192908016366116,0.32750014689919
17,180,Acly,9.771184,2.823793,4.9900371679281406e-21,0.4591836734693877,0.1518411880587968,0.3073424854105909
17,181,Spa17,9.687935,2.7370472,1.1197511365864711e-20,0.4081632653061224,0.1130474314290043,0.295115833877118
17,182,Sort1,9.5408745,3.1782064,4.53696388957245e-20,0.3571428571428571,0.0954690104561297,0.2616738466867274
17,183,Dtnb,9.470487,3.2893288,8.887886392490851e-20,0.3571428571428571,0.0956205485679648,0.2615223085748923
17,184,Fdps,9.3908615,2.6414711,1.8277990276159197e-19,0.4795918367346938,0.1753295953932414,0.3042622413414524
17,185,Gusb,9.33406,2.5724883,3.117773854773376e-19,0.5,0.1932110925897863,0.3067889074102137
17,186,Ssbp1,9.317721,2.494157,3.63039099761829e-19,0.5612244897959183,0.2500378845279588,0.3111866052679595
17,187,2610016A17Rik,9.271537,3.1058202,5.557556258063784e-19,0.3571428571428571,0.0989543870283376,0.2581884701145195
17,188,Ppp3ca,9.271435,2.2641656,5.557556258063784e-19,0.6122448979591837,0.2903470222761024,0.3218978756830812
17,189,Aldoc,9.243014,3.239241,7.198664891877235e-19,0.3775510204081632,0.111380512198818,0.2661705082093452
17,190,Dynll2,9.22512,2.2118194,8.446336901017747e-19,0.6836734693877551,0.4159721169874223,0.2677013524003327
17,191,2610524H06Rik,9.218384,2.9376028,8.977719265267301e-19,0.2857142857142857,0.0630398545234126,0.222674431190873
17,192,Mpzl1,9.032703,2.7037477,4.785501805434936e-18,0.3571428571428571,0.0998636156993483,0.2572792414435088
17,193,Bub3,8.994684,2.1332986,6.687784718601634e-18,0.6428571428571429,0.3597514774965903,0.2831056653605525
17,194,Oxr1,8.976538,3.0089555,7.860706708307636e-18,0.2959183673469387,0.0712229125625094,0.2246954547844293
17,195,Abhd16a,8.947656,2.1987817,1.0180168259364213e-17,0.6326530612244898,0.3544476435823609,0.2782054176421288
17,196,Hint3,8.899842,2.8489926,1.5599387487212694e-17,0.3673469387755102,0.1100166691923018,0.2573302695832083
17,197,1500012F01Rik,8.815799,2.0731194,3.28668127803647e-17,0.6530612244897959,0.3588422488255796,0.2942189756642162
17,198,Smim4,8.797722,2.7546508,3.848613893733579e-17,0.3571428571428571,0.1056220639490831,0.2515207931937739
17,199,Rab3a,8.775994,2.6973443,4.6383029736824315e-17,0.3571428571428571,0.104258220942567,0.2528846362002901
17,200,Skap2,8.772519,2.2336104,4.775793411071793e-17,0.5816326530612245,0.2901954841642673,0.2914371688969571
17,201,Agap1,8.597731,2.9241135,2.1543311824620832e-16,0.3265306122448979,0.0921351719957569,0.234395440249141
17,202,Vamp2,8.4855995,2.3562577,5.55172967003537e-16,0.4693877551020408,0.188058796787392,0.2813289583146487
17,203,Alkbh7,8.441691,2.370213,8.040568193067493e-16,0.4693877551020408,0.1918472495832701,0.2775405055187706
17,204,Cmip,8.357085,2.1629274,1.6246093278741726e-15,0.5306122448979592,0.2394302166994999,0.2911820281984593
17,205,Itpr3,8.311756,2.7164333,2.372015032248136e-15,0.3163265306122449,0.0895590240945597,0.2267675065176851
17,206,Erp29,8.289601,2.0627248,2.8365559666797653e-15,0.6020408163265306,0.3488407334444612,0.2532000828820693
17,207,Slc35g1,8.188707,2.7767081,6.482993439837129e-15,0.2857142857142857,0.0759205940293984,0.2097936916848873
17,208,Pla2g12a,8.129925,2.525878,1.045272886469708e-14,0.3673469387755102,0.1230489468101227,0.2442979919653874
17,209,Adgrg2,8.103247,2.7202377,1.2944567083710456e-14,0.3061224489795918,0.0884982573117139,0.2176241916678779
17,210,Hivep3,8.082782,2.6276393,1.5069382344593745e-14,0.3673469387755102,0.1251704803758145,0.2421764583996957
17,211,Borcs5,8.0679655,2.7630267,1.6916771396958915e-14,0.3163265306122449,0.0948628580087892,0.2214636726034557
17,212,Abca3,7.9665923,2.8514214,3.78381790720084e-14,0.3163265306122449,0.0974390059099863,0.2188875247022585
17,213,Morn2,7.917379,2.259997,5.5810887085563365e-14,0.4795918367346938,0.2166994999242309,0.2628923368104629
17,214,Srp19,7.7903175,2.0665128,1.5079217705970802e-13,0.5408163265306123,0.2748901348689195,0.2659261916616927
17,215,Slc4a2,7.6798644,2.584589,3.520185496062065e-13,0.3265306122448979,0.1072889831792695,0.2192416290656283
17,216,Gpr137b,7.676323,2.6907084,3.6139570750710163e-13,0.3163265306122449,0.1021366873768752,0.2141898432353696
17,217,Prom1,7.553073,2.6885943,9.222448079398097e-13,0.336734693877551,0.1171389604485528,0.2195957334289981
17,218,3830406C13Rik,7.502446,2.3509994,1.339401641914508e-12,0.3265306122448979,0.1068343688437642,0.2196962434011337
17,219,Dctn6,7.4471173,2.1367416,2.013749736593254e-12,0.4693877551020408,0.2236702530686467,0.245717502033394
17,220,Zbtb20,7.4219413,2.0694609,2.4237354091310405e-12,0.4897959183673469,0.239581754811335,0.2502141635560119
17,221,Coq2,7.392708,2.0151062,3.0058410575677424e-12,0.5306122448979592,0.2941354750719806,0.2364767698259786
17,222,Snrnp25,7.3025446,2.3743956,5.7890525691964864e-12,0.3163265306122449,0.1039551447188968,0.2123713858933481
17,223,Lpcat4,7.2494273,2.477856,8.527235643799838e-12,0.3061224489795918,0.100621306258524,0.2055011427210678
17,224,Fam98c,7.2208533,2.1398692,1.0460687303846192e-11,0.4183673469387755,0.1815426579784816,0.2368246889602939
17,225,Tcf4,7.1885185,2.3104331,1.3229482952327495e-11,0.3571428571428571,0.1360812244279436,0.2210616327149135
17,226,Cflar,7.1831584,2.4508536,1.3741947628285993e-11,0.2959183673469387,0.0957720866797999,0.2001462806671388
17,227,Pea15a,7.034012,2.2839093,3.9135838820077155e-11,0.3265306122448979,0.1163812698893771,0.2101493423555207
17,228,Rbm38,6.986644,2.232346,5.432387957941716e-11,0.3877551020408163,0.165328080012123,0.2224270220286932
17,229,Gm5617,6.8694305,2.261517,1.2137634671722982e-10,0.4081632653061224,0.1924534020306107,0.2157098632755117
17,230,Pop7,6.861191,2.0905576,1.2814723517824859e-10,0.4285714285714285,0.2098802848916502,0.2186911436797783
17,231,Clic6,6.7907352,2.1691642,2.0558993690255928e-10,0.4591836734693877,0.2441278981663888,0.2150557753029989
17,232,Aga,6.702007,2.0177987,3.73384659570462e-10,0.4285714285714285,0.2056372177602667,0.2229342108111618
17,233,Ctnnbip1,6.678687,2.0661478,4.3692375611762544e-10,0.3775510204081632,0.1610850128807395,0.2164660075274237
17,234,Zfhx3,6.6766124,2.2700472,4.4266149981080437e-10,0.3571428571428571,0.1495681163812698,0.2075747407615872
17,235,Asl,6.662579,2.0299513,4.860026559767254e-10,0.3979591836734694,0.184421882103349,0.2135373015701203
17,236,Ninj1,6.6077003,2.1675541,6.951033018368588e-10,0.3775510204081632,0.166540384906804,0.2110106355013591
17,237,Rogdi,6.3579855,2.008447,3.442137512294538e-09,0.3979591836734694,0.1901803303530838,0.2077788533203856
18,1,Lman1l,44.724472,9.288329,0.0,0.4769230769230769,0.002714113389626,0.4742089635334509
18,2,Cgref1,39.37249,8.099563,0.0,0.4923076923076923,0.0052774427020506,0.4870302496056417
18,3,Fgl2,38.656395,7.55121,0.0,0.4461538461538462,0.0042219541616405,0.4419318919922056
18,4,Lmcd1,33.1051,6.6864657,8.232737801680298e-237,0.4769230769230769,0.0085946924004825,0.4683283845225944
18,5,Fkbp11,29.929905,5.8602657,2.196542594360535e-193,0.5692307692307692,0.017189384800965,0.5520413844298042
18,6,Dmbt1,29.788017,7.572443,1.3085387043400839e-191,0.8615384615384616,0.0467430639324487,0.8147953976060128
18,7,Wfdc18,28.910194,7.755184,1.8223647402694737e-180,0.4923076923076923,0.0135705669481302,0.478737125359562
18,8,Tff1,27.174982,7.806202,1.9135886479970962e-159,0.2923076923076923,0.0045235223160434,0.2877841699916489
18,9,Gp2,26.77956,8.273734,7.641891905732703e-155,0.7692307692307693,0.0470446320868516,0.7221861371439177
18,10,Cldn2,26.220053,6.5538907,1.9805720571383952e-148,0.2615384615384615,0.0037696019300361,0.2577688596084254
18,11,Azgp1,24.850143,5.1576967,3.0185031935665777e-133,0.4307692307692308,0.0143244873341375,0.4164447434350933
18,12,Kcnn4,24.35526,5.18181,5.575434133233119e-128,0.6615384615384615,0.0398069963811821,0.6217314651572794
18,13,Pycr1,23.313646,5.3793697,3.109993051360341e-117,0.3076923076923077,0.0078407720144752,0.2998515356778324
18,14,Sox9,21.6904,4.3239975,1.9742537171407966e-101,0.4307692307692308,0.0193003618817852,0.4114688688874455
18,15,Creb3l4,19.392267,3.9405484,5.448387758609357e-81,0.6461538461538462,0.0574487334137515,0.5887051127400946
18,16,Serpinb11,18.16266,4.4622283,5.972406969364969e-71,0.7230769230769231,0.0885102533172497,0.6345666697596734
18,17,Cited4,18.091003,4.3318377,2.1219463292107423e-70,0.5384615384615384,0.0465922798552472,0.4918692586062911
18,18,Tpd52l1,17.796362,3.8254716,3.7479169692481375e-68,0.5692307692307692,0.0523220747889022,0.5169086944418669
18,19,Selm,16.612806,3.052702,2.3674753428590293e-59,0.5384615384615384,0.0517189384800965,0.4867425999814419
18,20,Ccl28,16.279753,4.299735,5.497319454133366e-57,0.2615384615384615,0.012816646562123,0.2487218149763385
18,21,Gjb1,15.722513,4.2087936,3.952377797135169e-53,0.3076923076923077,0.0194511459589867,0.288241161733321
18,22,Mfsd4,15.343812,3.5376172,1.3596370526301213e-50,0.5076923076923077,0.0548854041013269,0.4528069035909807
18,23,Creb3l1,15.336842,4.0571356,1.48221506723585e-50,0.5846153846153846,0.0784077201447527,0.5062076644706319
18,24,Gpd1,15.306466,3.4184866,2.317034251193961e-50,0.5230769230769231,0.058655006031363,0.46442191704556
18,25,BC048546,14.735835,5.3414845,1.1525541293724967e-46,0.7846153846153846,0.1718938480096501,0.6127215366057344
18,26,Jam2,14.587463,4.4213324,9.884947216376873e-46,0.2307692307692307,0.0125150784077201,0.2182541523615106
18,27,Pf4,14.164771,4.116358,4.069577665667182e-43,0.2307692307692307,0.0132689987937273,0.2175002319755034
18,28,Nucb2,14.119163,3.1280217,7.655797706108195e-43,0.7230769230769231,0.1295235223160434,0.5935534007608796
18,29,Sel1l3,13.9943,3.5945868,4.3966098704845936e-42,0.2923076923076923,0.0217129071170084,0.2705947851906838
18,30,Galnt6,13.869042,4.0386195,2.4619485059590963e-41,0.2769230769230769,0.0200542822677925,0.2568687946552844
18,31,Tnf,13.481564,3.798152,4.91553010639297e-39,0.2153846153846154,0.0126658624849215,0.2027187528996938
18,32,Cryab,13.387092,4.604659,1.7100646843418194e-38,0.3076923076923077,0.0269903498190591,0.2807019578732486
18,33,Ncald,13.195125,3.4663262,2.1621580378887868e-37,0.2615384615384615,0.0194511459589867,0.2420873155794748
18,34,Spdef,13.166007,3.2652538,3.093473207926107e-37,0.4307692307692308,0.0518697225572979,0.3788995082119328
18,35,Prss32,12.908917,4.296537,8.885292675232649e-36,0.2153846153846154,0.0140229191797346,0.2013616962048807
18,36,Aldoc,11.945415,2.8731582,1.4065445709454627e-30,0.5846153846153846,0.1106755126658624,0.4739398719495221
18,37,Homer2,11.375887,2.7140808,1.0639345505400035e-27,0.3076923076923077,0.03437876960193,0.2733135380903777
18,38,Slc12a2,11.351588,3.1531618,1.3888924212691929e-27,0.5230769230769231,0.1005729794933655,0.4225039435835576
18,39,Rab4a,11.262998,2.7946522,3.6827442296380006e-27,0.4461538461538462,0.0713208685162846,0.3748329776375615
18,40,Arg1,11.216711,2.9206073,6.1520543147638775e-27,0.2923076923076923,0.0322677925211097,0.2600398997865825
18,41,Nupr1,11.123996,3.334472,1.655276849961589e-26,1.0,0.6200241254523522,0.3799758745476478
18,42,Tcn2,11.075129,2.95454,2.829891615133694e-26,0.8615384615384616,0.3848009650180941,0.4767374965203675
18,43,Cldn10,10.87858,2.4916027,2.4403458546361187e-25,0.8769230769230769,0.28437876960193,0.5925443073211469
18,44,Ltf,10.610212,4.9740973,4.337999130807086e-24,0.9846153846153848,0.6462605548854041,0.3383548297299805
18,45,Tmc5,10.599001,2.6153302,4.8427846601791814e-24,0.4153846153846154,0.06875753920386,0.3466270761807553
18,46,Galnt12,10.585976,2.6424315,5.511943913292937e-24,0.5384615384615384,0.1123341375150784,0.42612740094646
18,47,Ppp1r1b,10.395108,2.4054315,3.963441949416572e-23,0.7076923076923077,0.1978287092882991,0.5098635984040085
18,48,Gne,10.358975,2.877909,5.681052607523902e-23,0.4461538461538462,0.0836851628468033,0.3624686833070428
18,49,Pmm2,10.239838,2.3026433,1.925016492422354e-22,0.5230769230769231,0.1069059107358263,0.4161710123410968
18,50,P2rx4,10.160799,2.3756726,4.2305273162865643e-22,0.8307692307692308,0.2982509047044632,0.5325183260647677
18,51,Edem1,10.103331,2.7940776,7.485198109699898e-22,0.3846153846153846,0.0649879372738238,0.3196274473415607
18,52,Galnt7,9.973676,2.423858,2.6937532001314014e-21,0.4307692307692308,0.0800663449939686,0.3507028857752621
18,53,Cacnb3,9.942814,2.6890852,3.614383958674875e-21,0.2615384615384615,0.0321170084439083,0.2294214530945532
18,54,Lmo2,9.942813,2.5679429,3.614383958674875e-21,0.2923076923076923,0.0398069963811821,0.2525006959265102
18,55,Tff2,9.921848,5.9347577,4.388966216144327e-21,0.676923076923077,0.2121531966224366,0.4647698803006402
18,56,Furin,9.913183,2.2417417,4.711516949764718e-21,0.5230769230769231,0.1121833534378769,0.4108935696390461
18,57,Kcne3,9.86922,2.431394,7.086639034365738e-21,0.7230769230769231,0.2320566948130277,0.4910202282638953
18,58,Snhg18,9.860126,2.5363224,7.699996511959549e-21,0.3384615384615385,0.0524728588661037,0.2859886795954347
18,59,Slc25a29,9.745883,2.4951775,2.3689107999857264e-20,0.4615384615384615,0.0949939686369119,0.3665444929015496
18,60,Aldh18a1,9.709458,2.7494552,3.289705812540752e-20,0.2461538461538461,0.030006031363088,0.2161478147907581
18,61,Xbp1,9.677056,2.135703,4.453370062396395e-20,0.9384615384615383,0.5241254523522316,0.4143360861093068
18,62,Sec11c,9.625959,2.2302132,7.277873052706267e-20,0.9230769230769232,0.5132689987937273,0.4098079242831958
18,63,Ceacam1,9.5136795,2.2949934,2.110741982697361e-19,0.5076923076923077,0.1144451145958986,0.393247193096409
18,64,Dnajc10,9.494677,2.5338788,2.481446419690636e-19,0.4769230769230769,0.1084137515078407,0.3685093254152362
18,65,Gjb2,9.4527025,2.4149318,3.6103254644931967e-19,0.4461538461538462,0.0940892641737032,0.3520645819801429
18,66,Kdelr3,9.249497,2.5606914,2.3713149959908346e-18,0.4461538461538462,0.0999698431845597,0.3461840029692865
18,67,Atp2a3,9.222293,2.4067297,3.037984016751823e-18,0.3076923076923077,0.0494571773220747,0.2582351303702329
18,68,Cd81,9.206547,2.229776,3.4959489180716435e-18,0.9384615384615383,0.4470747889022919,0.4913867495592465
18,69,Etv1,9.191323,2.2775679,3.977620048481798e-18,0.2615384615384615,0.0363389626055488,0.2251994989329127
18,70,Dcpp3,9.128546,4.366315,7.028692466092669e-18,0.5846153846153846,0.1685765983112183,0.4160387863041663
18,71,Pdia5,9.104911,2.3456342,8.687236800099808e-18,0.3692307692307692,0.0692098914354644,0.3000208777953048
18,72,Gmds,8.956441,2.1880345,3.237589453323475e-17,0.5846153846153846,0.1617913148371532,0.4228240697782314
18,73,Dcpp2,8.956357,4.6067824,3.237589453323475e-17,0.2923076923076923,0.0500603136308805,0.2422473786768117
18,74,Cnn3,8.9057255,2.1919506,4.999297142876912e-17,0.4769230769230769,0.1129372738238842,0.3639858030991927
18,75,Tfcp2l1,8.902541,2.8194137,5.057659581764765e-17,0.2615384615384615,0.0393546441495778,0.2221838173888837
18,76,Sdf2l1,8.834817,2.0568376,9.03521482886691e-17,0.7538461538461538,0.2680940892641737,0.4857520645819801
18,77,Pigr,8.674582,2.1417174,3.6019130835166035e-16,0.8153846153846154,0.33021712907117,0.4851674863134453
18,78,Kctd14,8.393523,2.054508,3.701183100577811e-15,0.5230769230769231,0.1455066344993968,0.3775702885775263
18,79,Dusp5,8.392997,2.1418717,3.701183100577811e-15,0.7538461538461538,0.2876960193003618,0.4661501345457919
18,80,Sbpl,8.324992,4.346065,6.403528521024531e-15,0.5230769230769231,0.1574185765983112,0.3656583464786119
18,81,Asns,8.320645,2.1239262,6.612235978986018e-15,0.4,0.0895657418576598,0.3104342581423401
18,82,Arl4d,8.302312,2.2284036,7.611913036753783e-15,0.3692307692307692,0.0793124246079614,0.2899183446228078
18,83,Fam114a1,8.227758,2.3843627,1.3842840885722459e-14,0.2769230769230769,0.0485524728588661,0.2283706040642108
18,84,Vipr1,8.2186575,2.3928082,1.4803666590281322e-14,0.2923076923076923,0.0536791314837153,0.238628560823977
18,85,Slc9a3r2,8.197645,2.1079803,1.748079695083756e-14,0.4307692307692308,0.1038902291917973,0.3268790015774334
18,86,Agr2,8.036769,2.650618,6.277174547625246e-14,0.8615384615384616,0.5702653799758746,0.291273081562587
18,87,Hilpda,8.020832,2.0458589,7.118253664469177e-14,0.3230769230769231,0.0643848009650181,0.258692122111905
18,88,Msln,7.907138,2.6485174,1.7347754224240778e-13,0.8,0.5227683956574186,0.2772316043425814
18,89,Mia,7.8720613,2.2571394,2.2614275394019458e-13,0.2923076923076923,0.0566948130277442,0.235612879279948
18,90,Tmed3,7.5740857,2.1423023,2.1648469738100137e-12,0.8615384615384616,0.6072074788902292,0.2543309826482324
18,91,Slc39a11,7.252966,2.1271672,2.259254378115524e-11,0.3076923076923077,0.0698130277442702,0.2378792799480375
18,92,Ccdc162,7.000023,2.258679,1.2680832732761302e-10,0.2615384615384615,0.0560916767189384,0.205446784819523
18,93,Fhl2,6.975858,2.0038636,1.501822718419121e-10,0.3230769230769231,0.0803679131483715,0.2427090099285515
18,94,Slc37a1,6.8317766,2.127157,3.930123142927733e-10,0.2923076923076923,0.0707177322074788,0.2215899601002134
18,95,Clu,6.69256,2.0315526,1.001874179825905e-09,0.6615384615384615,0.2895054282267792,0.3720330333116822
18,96,Zfp750,6.172836,2.1616013,2.6637092414125272e-08,0.2923076923076923,0.0806694813027744,0.2116382110049179
18,97,Muc5b,6.1606255,2.8528287,2.8566975016878712e-08,0.5538461538461539,0.269903498190591,0.2839426556555628
19,1,Scg2,63.317867,11.483277,0.0,0.723404255319149,0.0010526315789473,0.7223516237402016
19,2,Chga,57.10831,11.327501,0.0,0.9787234042553192,0.0070676691729323,0.9716557350823868
19,3,Tcerg1l,57.002003,10.126648,0.0,0.6595744680851063,0.0016541353383458,0.6579203327467604
19,4,Ddc,55.820084,10.102855,0.0,0.6382978723404256,0.0016541353383458,0.6366437370020797
19,5,Chgb,55.8156,10.14388,0.0,0.6382978723404256,0.0016541353383458,0.6366437370020797
19,6,Ngf,55.39422,9.959657,0.0,0.8936170212765957,0.0060150375939849,0.8876019836826108
19,7,Scg5,54.802715,10.262329,0.0,0.9787234042553192,0.0082706766917293,0.9704527275635898
19,8,Ly6h,54.466404,10.220707,0.0,0.6595744680851063,0.0022556390977443,0.6573188289873619
19,9,Tmem163,54.42433,9.595219,0.0,0.6595744680851063,0.0022556390977443,0.6573188289873619
19,10,Snap25,54.084476,9.918982,0.0,0.5957446808510638,0.0015037593984962,0.5942409214525676
19,11,Pgf,52.32792,10.369733,0.0,0.5531914893617021,0.0013533834586466,0.5518381059030555
19,12,Pkib,50.510445,9.906479,0.0,0.9574468085106383,0.010375939849624,0.9470708686610144
19,13,Spock3,50.415398,11.078352,0.0,0.4680851063829787,0.0007518796992481,0.4673332266837306
19,14,Stmn3,50.21515,9.830747,0.0,0.5531914893617021,0.0018045112781954,0.5513869780835067
19,15,Uchl1,49.139126,9.200033,0.0,0.723404255319149,0.0051127819548872,0.7182914733642618
19,16,Scn9a,49.019676,10.0860195,0.0,0.4468085106382978,0.0007518796992481,0.4460566309390497
19,17,Elavl4,48.611885,9.698905,0.0,0.4680851063829787,0.0010526315789473,0.4670324748040314
19,18,Pcsk1,47.796757,9.851652,0.0,0.4680851063829787,0.0012030075187969,0.4668820988641817
19,19,Cxcl13,47.341537,11.077526,0.0,0.8297872340425532,0.0087218045112781,0.8210654295312749
19,20,Snca,46.86277,9.442184,0.0,0.574468085106383,0.0030075187969924,0.5714605663093906
19,21,Calca,46.0967,11.093532,0.0,0.9148936170212766,0.0123308270676691,0.9025627899536074
19,22,Scg3,45.663277,10.166022,0.0,0.3829787234042553,0.0006015037593984,0.3823772196448568
19,23,Runx1t1,45.23895,10.798927,0.0,0.3617021276595745,0.0004511278195488,0.3612509998400256
19,24,Insm1,45.21089,9.978019,0.0,0.4042553191489361,0.0009022556390977,0.4033530635098384
19,25,Ascl1,44.525097,8.78593,0.0,0.6170212765957447,0.0046616541353383,0.6123596224604063
19,26,Nov,41.307,9.072147,0.0,0.9148936170212766,0.0169924812030075,0.897901135818269
19,27,St8sia5,41.267242,9.918065,0.0,0.3617021276595745,0.0010526315789473,0.3606494960806271
19,28,Prox1os,40.39365,10.91285,0.0,0.2978723404255319,0.0004511278195488,0.297421212605983
19,29,Olfm1,39.07827,7.857547,0.0,0.7021276595744681,0.0102255639097744,0.6919020956646936
19,30,Dusp26,39.04723,8.946856,0.0,0.3829787234042553,0.0018045112781954,0.3811742121260598
19,31,Cib3,38.99616,8.091493,0.0,0.8297872340425532,0.0156390977443609,0.8141481362981923
19,32,Snhg11,38.881363,9.3570385,0.0,0.3617021276595745,0.0015037593984962,0.3601983682610782
19,33,Resp18,38.41289,9.656143,0.0,0.3829787234042553,0.0019548872180451,0.3810238361862102
19,34,Slc38a5,36.86623,8.942523,7.752990324471664e-295,0.3617021276595745,0.0019548872180451,0.3597472404415294
19,35,Rundc3a,36.513397,7.4900002,3.185286362028241e-289,0.574468085106383,0.0075187969924812,0.5669492881139018
19,36,Ceacam10,36.30208,9.449495,6.834498821892772e-286,0.2978723404255319,0.0010526315789473,0.2968197088465845
19,37,Kcnc1,36.292698,9.129323,9.350040158603935e-286,0.2978723404255319,0.0010526315789473,0.2968197088465845
19,38,Rab3c,36.28645,10.6972065,1.1423905006068622e-285,0.2340425531914893,0.0003007518796992,0.2337418013117901
19,39,Mt3,35.44755,9.205726,1.3304439992614599e-272,0.2978723404255319,0.0012030075187969,0.2966693329067349
19,40,Slc35d3,35.205948,7.673008,6.648416700671827e-269,0.4468085106382978,0.004360902255639,0.4424476083826587
19,41,Agt,34.949966,9.874937,5.18580938834357e-265,0.2340425531914893,0.0004511278195488,0.2335914253719405
19,42,Pcsk2,34.327686,10.630312,1.184202307601609e-255,0.2127659574468085,0.0003007518796992,0.2124652055671092
19,43,Tmem45b,33.858513,6.7318745,1.037324322074872e-248,0.7021276595744681,0.0148872180451127,0.6872404415293554
19,44,Syp,33.11098,7.768225,7.527451033118278e-238,0.3617021276595745,0.0030075187969924,0.358694608862582
19,45,Col8a1,33.09683,7.753994,1.176965306982794e-237,0.3617021276595745,0.0030075187969924,0.358694608862582
19,46,Kcnj1,33.0521,8.964511,5.064001082298565e-237,0.3191489361702128,0.0021052631578947,0.317043673012318
19,47,Rab3b,32.655434,7.0723763,2.2924580794415932e-231,0.5957446808510638,0.0112781954887218,0.584466485362342
19,48,Nnat,32.479355,8.878354,6.984038871849391e-229,0.3191489361702128,0.0022556390977443,0.3168932970724684
19,49,Dner,31.4601,8.011565,9.63288811713287e-215,0.2765957446808511,0.0016541353383458,0.2749416093425052
19,50,Zcchc18,31.394388,7.6681266,7.468981251461467e-214,0.3191489361702128,0.0025563909774436,0.3165925451927692
19,51,Actl6b,31.056818,8.347078,2.803303211760806e-209,0.2553191489361702,0.0013533834586466,0.2539657654775236
19,52,Bex4,30.51829,7.33689,4.445017444795132e-202,0.5531914893617021,0.0114285714285714,0.5417629179331307
19,53,Aplp1,30.339,7.6387677,1.0277926229689981e-199,0.3617021276595745,0.0040601503759398,0.3576419772836346
19,54,Tubb3,30.261702,7.7126575,1.0532264637771118e-198,0.2978723404255319,0.0024060150375939,0.2954663253879379
19,55,Gzma,29.88643,7.1740127,8.210063583962783e-194,0.4468085106382978,0.0072180451127819,0.4395904655255159
19,56,Gdap1l1,29.665009,8.819818,5.937235553583888e-191,0.2127659574468085,0.0009022556390977,0.2118637018077107
19,57,Hepacam2,29.34798,5.9546933,6.497795923003786e-187,0.6808510638297872,0.0195488721804511,0.6613021916493361
19,58,Upp1,29.235218,6.9150205,1.74648988222288e-185,0.8085106382978723,0.030375939849624,0.7781346984482482
19,59,Cnpy1,29.163033,8.369283,1.4191030835958704e-184,0.2340425531914893,0.0013533834586466,0.2326891697328427
19,60,Cryba2,29.066229,6.7566347,2.314759568729057e-183,0.4893617021276595,0.0096240601503759,0.4797376419772836
19,61,Cplx2,28.442778,6.886671,1.402511380034049e-175,0.5531914893617021,0.0136842105263157,0.5395072788353864
19,62,Syt7,28.35517,7.0488,1.6696051607887443e-174,0.5319148936170213,0.0126315789473684,0.5192833146696528
19,63,Lrp11,28.158499,6.6904454,4.2957456258051956e-172,0.4893617021276595,0.0105263157894736,0.4788353863381859
19,64,Lsamp,27.922806,7.938705,3.169123866199581e-169,0.2127659574468085,0.0012030075187969,0.2115629499280115
19,65,Pnmal2,27.77946,8.194208,1.702608103012434e-167,0.2340425531914893,0.0016541353383458,0.2323884178531435
19,66,Skap1,27.630648,7.7485447,1.0426786612112709e-165,0.2765957446808511,0.0027067669172932,0.2738889777635578
19,67,Serpinb12,26.683765,6.1996922,1.5080921357612492e-154,0.723404255319149,0.0288721804511278,0.6945320748680212
19,68,B3gat2,26.561283,7.5873227,3.8520746748374237e-153,0.2340425531914893,0.0019548872180451,0.2320876659734442
19,69,Nptx1,26.451403,7.4678726,7.03179007518451e-152,0.2127659574468085,0.0015037593984962,0.2112621980483122
19,70,Smpd3,25.864355,7.1808496,3.199571549507277e-145,0.2553191489361702,0.0027067669172932,0.252612382018877
19,71,Nrp1,25.813269,7.2599,1.1728054035744635e-144,0.2978723404255319,0.0040601503759398,0.293812190049592
19,72,Homer2,25.640991,6.264555,9.819978780816772e-143,0.723404255319149,0.0321804511278195,0.6912238041913294
19,73,Hist3h2ba,25.519453,6.713151,2.1853377301757698e-141,0.3829787234042553,0.0076691729323308,0.3753095504719245
19,74,Ncam1,25.495659,7.4678483,3.969364206475792e-141,0.2340425531914893,0.0022556390977443,0.231786914093745
19,75,Dll3,25.417658,6.776598,2.8684415002204937e-140,0.2553191489361702,0.0028571428571428,0.2524620060790273
19,76,Pirt,25.186762,7.166842,9.865910260909852e-138,0.2127659574468085,0.0018045112781954,0.210961446168613
19,77,Podxl2,25.009895,7.5661745,8.067704877079475e-136,0.2340425531914893,0.0024060150375939,0.2316365381538953
19,78,Espn,24.355633,5.597715,8.371157144751537e-129,0.8085106382978723,0.0443609022556391,0.7641497360422331
19,79,Tmem171,24.334955,7.2105885,1.3721914388189754e-128,0.2978723404255319,0.0048120300751879,0.2930603103503439
19,80,Sez6l2,24.071115,6.7329264,7.913725084114023e-126,0.2340425531914893,0.0027067669172932,0.2313357862741961
19,81,Mfng,23.687937,7.0594463,7.290993597360951e-122,0.2340425531914893,0.0028571428571428,0.2311854103343465
19,82,Tekt5,23.652105,5.949275,1.6742444906094123e-121,0.425531914893617,0.0117293233082706,0.4138025915853463
19,83,Celf3,23.620749,7.328747,3.4860795427689643e-121,0.2127659574468085,0.0022556390977443,0.2105103183490641
19,84,Kif1a,23.60713,7.106966,4.7682178070463316e-121,0.2127659574468085,0.0022556390977443,0.2105103183490641
19,85,Vwf,23.053455,6.478847,1.97112068854383e-115,0.3829787234042553,0.0099248120300751,0.3730539113741801
19,86,Dmpk,22.77259,6.711945,1.233315061410031e-112,0.3191489361702128,0.006766917293233,0.3123820188769797
19,87,Vil1,21.874632,6.9480186,6.406993942557407e-104,0.2127659574468085,0.0028571428571428,0.2099088145896656
19,88,Mthfd2,21.692112,5.7729177,3.414076074877913e-102,0.5957446808510638,0.030375939849624,0.5653687410014397
19,89,Ckb,20.708525,5.5415354,3.807841938168805e-93,0.8085106382978723,0.0640601503759398,0.7444504879219325
19,90,Cacna2d1,20.525791,5.536479,1.5621898641978893e-91,0.6808510638297872,0.045563909774436,0.6352871540553511
19,91,Meis2,20.469088,5.7056847,4.8980550371968664e-91,0.5957446808510638,0.0345864661654135,0.5611582146856503
19,92,Selm,20.445013,5.5167537,7.965927146787383e-91,0.723404255319149,0.0517293233082706,0.6716749320108784
19,93,Stxbp5l,20.339876,6.84658,6.7832445361339635e-90,0.2553191489361702,0.0054135338345864,0.2499056151015837
19,94,Tesc,20.17251,6.4892845,2.0147391189046403e-88,0.2978723404255319,0.0078195488721804,0.2900527915533514
19,95,Dpp6,19.852013,6.6105824,1.2403280630854216e-85,0.2127659574468085,0.0037593984962406,0.2090065589505679
19,96,Prox1,19.556982,6.4185047,4.126103928349603e-83,0.2127659574468085,0.0039097744360902,0.2088561830107183
19,97,Gm11837,19.26491,6.2486963,1.1972857691282696e-80,0.2127659574468085,0.0040601503759398,0.2087058070708686
19,98,Hoxb5,18.93596,5.6798773,6.476640944182951e-78,0.4468085106382978,0.0219548872180451,0.4248536234202527
19,99,Cited4,18.808838,5.1853585,7.132054519819028e-77,0.6382978723404256,0.0472180451127819,0.5910798272276436
19,100,Ttr,18.56185,5.594313,7.200212872292872e-75,0.5531914893617021,0.0350375939849624,0.5181538953767397
19,101,Bex1,18.317516,5.5875382,6.515641647300627e-73,0.574468085106383,0.0406015037593985,0.5338665813469845
19,102,Serpine2,17.832705,4.9424105,4.2224934028833816e-69,0.6170212765957447,0.0485714285714285,0.5684498480243161
19,103,Bex2,17.301449,5.21261,4.672816929664361e-65,0.8723404255319149,0.1195488721804511,0.7527915533514637
19,104,Car11,17.046537,5.3439374,3.708886039735782e-63,0.3404255319148936,0.0153383458646616,0.3250871860502319
19,105,Dnajc12,16.727497,5.5499187,7.789299594387658e-61,0.9148936170212766,0.1518796992481203,0.7630139177731563
19,106,Cpe,15.789366,4.876995,3.3742206130526425e-54,0.3829787234042553,0.0230075187969924,0.3599712046072628
19,107,Enho,15.66137,4.621155,2.4901290475567514e-53,0.5319148936170213,0.0458646616541353,0.4860502319628859
19,108,Gch1,15.639602,4.8106475,3.486679133272802e-53,0.8085106382978723,0.1227067669172932,0.6858038713805791
19,109,Snrpn,15.56397,4.5566006,1.134003070452481e-52,0.6170212765957447,0.0652631578947368,0.5517581187010079
19,110,Agpat4,15.507112,4.903751,2.738250726942405e-52,0.3829787234042553,0.0239097744360902,0.3590689489681651
19,111,B630019K06Rik,15.283391,4.62725,8.607913763987044e-51,0.5531914893617021,0.0530827067669172,0.5001087825947849
19,112,Tmem117,15.210054,5.4662576,2.6043400153760297e-50,0.2340425531914893,0.0088721804511278,0.2251703727403615
19,113,Lysmd2,15.06303,4.699066,2.409090565197141e-49,0.5106382978723404,0.0469172932330827,0.4637210046392577
19,114,Tmem158,14.988477,5.6581464,7.383267822643161e-49,1.0,0.2613533834586466,0.7386466165413534
19,115,Degs2,14.835705,4.7708626,7.095667926174703e-48,0.4680851063829787,0.0398496240601503,0.4282354823228284
19,116,Cdc14b,14.466366,5.3719726,1.5968198455786605e-45,0.2340425531914893,0.0099248120300751,0.2241177411614141
19,117,1500009L16Rik,14.362227,4.87412,7.145188518427438e-45,0.2765957446808511,0.0141353383458646,0.2624604063349864
19,118,Arg1,14.0640955,4.4616838,4.9066959317834045e-43,0.4042553191489361,0.0321804511278195,0.3720748680211166
19,119,Fhl2,13.595803,4.2887144,3.1050731530101263e-40,0.5957446808510638,0.0790977443609022,0.5166469364901616
19,120,Map1b,13.22117,4.6058893,4.6817354836347986e-38,0.3829787234042553,0.0330827067669172,0.349896016637338
19,121,Atp6v0e2,13.082699,4.174423,2.8981728982533545e-37,0.6382978723404256,0.1001503759398496,0.5381474964005759
19,122,Sult2b1,12.961459,4.483088,1.4063165281685749e-36,0.5319148936170213,0.0687218045112782,0.4631930891057431
19,123,Stxbp1,12.895891,4.7460465,3.2715277383184864e-36,0.2765957446808511,0.0177443609022556,0.2588513837785954
19,124,Fxyd6,12.890252,3.841015,3.505054970743773e-36,0.3191489361702128,0.0230075187969924,0.2961414173732203
19,125,Foxa2,12.650434,4.7840943,7.509266358661112e-35,0.425531914893617,0.0454135338345864,0.3801183810590305
19,126,Fgf13,12.643617,4.7027354,8.156236506538741e-35,0.2553191489361702,0.0156390977443609,0.2396800511918093
19,127,Fdps,12.512335,4.23263,4.278815832936605e-34,0.7659574468085106,0.1756390977443609,0.5903183490641497
19,128,Tmem191c,12.478377,4.6290355,6.401172302454446e-34,0.2765957446808511,0.0189473684210526,0.2576483762597984
19,129,Car8,12.397644,4.1535344,1.7309163587736298e-33,1.0,0.4878195488721804,0.5121804511278196
19,130,Pip5k1b,12.304663,4.4764056,5.4772072434424705e-33,0.3617021276595745,0.0336842105263157,0.3280179171332587
19,131,Rbp4,12.1657295,3.996729,3.0081194313287594e-32,0.6382978723404256,0.1145864661654135,0.523711406175012
19,132,Ccdc85b,12.159855,3.9389055,3.21996506111039e-32,0.5957446808510638,0.0971428571428571,0.4986018237082066
19,133,Igfbp5,12.065232,4.098956,1.009141689614173e-31,1.0,0.4572932330827067,0.5427067669172932
19,134,H1fx,11.977451,3.7936146,2.9088087233673813e-31,0.4042553191489361,0.0428571428571428,0.3613981762917932
19,135,Gstm5,11.847015,3.8895497,1.374916312895334e-30,0.723404255319149,0.1654135338345864,0.5579907214845625
19,136,Nrxn1,11.631069,4.0569344,1.684107803117411e-29,0.3404255319148936,0.0323308270676691,0.3080947048472244
19,137,Guk1,11.536361,3.4974718,5.04920477538473e-29,0.9787234042553192,0.4699248120300752,0.5087985922252439
19,138,Tuba1a,11.4259615,4.304746,1.7789028420715124e-28,1.0,0.4488721804511278,0.5511278195488722
19,139,Atp6v0b,11.359427,3.1225433,3.804768291516166e-28,1.0,0.7021052631578948,0.2978947368421052
19,140,Mcf2l,11.318507,4.4926343,6.0516385246359255e-28,0.2340425531914893,0.016390977443609,0.2176515757478803
19,141,Fdft1,11.3111105,3.8788266,6.561352626329125e-28,0.6595744680851063,0.1439097744360902,0.5156646936490161
19,142,Rtn2,11.282674,4.6003766,9.007237614972358e-28,0.2765957446808511,0.0233082706766917,0.2532874740041593
19,143,Cystm1,11.163176,3.4503686,3.444531063528564e-27,1.0,0.5159398496240601,0.4840601503759398
19,144,Vamp2,11.10362,3.804795,6.607799542954719e-27,0.723404255319149,0.1884210526315789,0.53498320268757
19,145,Calm2,10.827041,2.8958101,1.4012247790661769e-25,1.0,0.7825563909774436,0.2174436090225564
19,146,Cd24a,10.730636,3.3536284,3.969443345655864e-25,1.0,0.6708270676691729,0.3291729323308271
19,147,Fam174a,10.558825,3.6568344,2.4386113125591242e-24,0.8297872340425532,0.3126315789473684,0.5171556550951848
19,148,Ptp4a3,10.512277,3.4473615,3.899215792731599e-24,0.6595744680851063,0.1610526315789473,0.498521836506159
19,149,Psip1,10.464825,3.6167684,6.4224370366393316e-24,0.574468085106383,0.1215037593984962,0.4529643257078868
19,150,Rab3a,10.32407,3.7304993,2.750935751405202e-23,0.5319148936170213,0.1049624060150375,0.4269524876019837
19,151,Tm7sf2,10.2709675,4.3300457,4.762525618177991e-23,0.2553191489361702,0.0236090225563909,0.2317101263797792
19,152,Pclo,10.246755,4.1422,6.100988251754928e-23,0.3191489361702128,0.0371428571428571,0.2820060790273556
19,153,Ttc3,10.155235,3.6010766,1.560842500246156e-22,0.5319148936170213,0.1073684210526315,0.4245464725643897
19,154,Stmn2,10.150906,4.134476,1.6218397525178589e-22,0.2340425531914893,0.02,0.2140425531914893
19,155,Fam222a,10.075309,4.119446,3.47786813981861e-22,0.2340425531914893,0.0204511278195488,0.2135914253719404
19,156,Celf4,9.796472,3.5746052,5.574767537018595e-21,0.4042553191489361,0.0636090225563909,0.3406462965925452
19,157,Grasp,9.717052,3.1549914,1.2160441075228283e-20,0.7446808510638298,0.252781954887218,0.4918988961766117
19,158,Mien1,9.694455,2.7892807,1.5133221279630385e-20,0.9148936170212766,0.6243609022556391,0.2905327147656374
19,159,Atp6v0e,9.640638,2.6667628,2.5234951012141367e-20,0.9574468085106383,0.6359398496240601,0.3215069588865782
19,160,Igsf8,9.594488,3.3203456,3.9183399700423005e-20,0.5531914893617021,0.1248120300751879,0.4283794592865141
19,161,Prnp,9.568059,3.0141761,4.990485773360544e-20,0.8297872340425532,0.3631578947368421,0.466629339305711
19,162,Cirbp,9.474809,2.5172555,1.2175487202910773e-19,0.9148936170212766,0.6565413533834586,0.2583522636378179
19,163,Gm11992,9.387715,3.9635134,2.7703497258384245e-19,0.2340425531914893,0.0231578947368421,0.2108846584546472
19,164,Serinc1,9.386352,2.965839,2.7987328675596533e-19,0.723404255319149,0.2428571428571428,0.4805471124620061
19,165,Shisa4,9.376965,3.8543599,3.0510123415991803e-19,0.2553191489361702,0.0275187969924812,0.227800351943689
19,166,Hmgn2,9.308268,3.611432,5.806672222862199e-19,0.3191489361702128,0.0433082706766917,0.275840665493521
19,167,Cd200,9.299567,3.6946902,6.267862313759322e-19,0.2765957446808511,0.0326315789473684,0.2439641657334826
19,168,Camk2n1,9.195477,2.6821945,1.6371915045891601e-18,0.8723404255319149,0.503609022556391,0.368731402975524
19,169,Dynll2,9.14732,2.8420835,2.5390502348844654e-18,0.851063829787234,0.4168421052631579,0.4342217245240761
19,170,Tspan13,9.066509,2.6535602,5.304050840967808e-18,0.851063829787234,0.4378947368421053,0.4131690929451287
19,171,Cd164l2,9.00913,3.5974126,8.894123185740382e-18,0.2978723404255319,0.0401503759398496,0.2577219644856823
19,172,Aldoc,8.970213,3.4820476,1.2574477812457848e-17,0.4893617021276595,0.1126315789473684,0.3767301231802911
19,173,Tmem184a,8.931587,3.129152,1.761487919873767e-17,0.5957446808510638,0.169172932330827,0.4265717485202367
19,174,Eif1b,8.768702,3.0008807,7.466751752887861e-17,0.8085106382978723,0.4246616541353383,0.3838489841625339
19,175,Eid1,8.679971,3.0744984,1.627238057767569e-16,0.5531914893617021,0.1490225563909774,0.4041689329707247
19,176,0610011F06Rik,8.657416,2.4634926,1.9786808086964423e-16,0.8936170212765957,0.5321804511278195,0.3614365701487761
19,177,Panx1,8.591548,3.813596,3.483403149575937e-16,0.2340425531914893,0.0273684210526315,0.2066741321388578
19,178,Tspan3,8.567311,2.5107074,4.2897293348149237e-16,0.8723404255319149,0.4324812030075188,0.4398592225243961
19,179,Slc25a33,8.502483,3.1752095,7.478291022592216e-16,0.574468085106383,0.1712781954887218,0.4031898896176612
19,180,Ap3s1,8.3534355,3.254415,2.577123609473943e-15,0.4042553191489361,0.0833082706766917,0.3209470484722444
19,181,Habp4,8.31742,3.6546423,3.4369034475010268e-15,0.3191489361702128,0.0538345864661654,0.2653143497040474
19,182,Saraf,8.203587,2.1513643,8.697004371554004e-15,0.8936170212765957,0.6618045112781955,0.2318125099984002
19,183,Tpd52,8.172223,2.633723,1.123425544254376e-14,0.7872340425531915,0.4759398496240601,0.3112941929291313
19,184,Cnn3,8.169723,3.0792944,1.1443701141911818e-14,0.4680851063829787,0.113984962406015,0.3541001439769637
19,185,Tubb2b,8.097009,3.3264697,2.066708171068277e-14,0.3617021276595745,0.0711278195488721,0.2905743081107023
19,186,Nebl,8.091625,3.465905,2.1553324895077954e-14,0.2765957446808511,0.0419548872180451,0.2346408574628059
19,187,Klc1,8.084721,3.1772847,2.2759379188024988e-14,0.425531914893617,0.0974436090225563,0.3280883058710606
19,188,Aip,8.07358,2.8880098,2.4880970813243727e-14,0.6170212765957447,0.2204511278195488,0.3965701487761958
19,189,Mtch1,8.061009,2.2786124,2.7517028060105812e-14,0.8297872340425532,0.4341353383458646,0.3956518956966885
19,190,Tmsb10,8.024861,2.0497482,3.6799361317344795e-14,0.9574468085106383,0.693984962406015,0.2634618461046233
19,191,Ubqln2,8.016891,2.994952,3.918036663360259e-14,0.4468085106382978,0.1082706766917293,0.3385378339465685
19,192,Tmprss4,8.003248,3.030532,4.368048577566168e-14,0.425531914893617,0.0981954887218045,0.3273364261718125
19,193,Emc9,7.967821,2.897578,5.783201870754201e-14,0.4893617021276595,0.1326315789473684,0.3567301231802911
19,194,Kcnk1,7.9070864,2.3455043,9.353657525636497e-14,0.8085106382978723,0.446015037593985,0.3624956007038873
19,195,Tmem54,7.904928,3.3009043,9.496573012019724e-14,0.4042553191489361,0.0923308270676691,0.311924492081267
19,196,Gmds,7.899394,2.9827037,9.906447153674037e-14,0.5319148936170213,0.1633082706766917,0.3686066229403295
19,197,Gdi1,7.8313127,2.7342932,1.6919747546199714e-13,0.574468085106383,0.1863157894736842,0.3881522956326988
19,198,Cxx1a,7.8220053,3.389558,1.8180425817818234e-13,0.2553191489361702,0.0378947368421052,0.2174244120940649
19,199,Ddx28,7.7325745,3.3022726,3.6162155435987197e-13,0.2553191489361702,0.0383458646616541,0.216973284274516
19,200,Actn1,7.662656,2.697939,6.210121894564108e-13,0.5957446808510638,0.210375939849624,0.3853687410014397
19,201,Ccdc92,7.5811124,3.5682793,1.1585686955536989e-12,0.2553191489361702,0.0404511278195488,0.2148680211166213
19,202,Kif5b,7.567134,2.1624699,1.2876108981232265e-12,0.851063829787234,0.5687218045112782,0.2823420252759558
19,203,Dnajb9,7.515787,2.1276565,1.9012267087732574e-12,0.851063829787234,0.4303759398496241,0.4206878899376099
19,204,Ank,7.5100503,3.0241494,1.9823627781190748e-12,0.2765957446808511,0.0457142857142857,0.2308814589665653
19,205,Msrb1,7.470952,2.2837005,2.6540543855120884e-12,0.7872340425531915,0.4413533834586466,0.3458806590945449
19,206,Rap1gap,7.4704647,3.2334502,2.6584993427743767e-12,0.3829787234042553,0.0917293233082706,0.2912494000959846
19,207,Ak1,7.430504,3.098477,3.584527163959852e-12,0.2978723404255319,0.0541353383458646,0.2437370020796672
19,208,Ift57,7.400567,2.662612,4.4659538014765454e-12,0.5319148936170213,0.171578947368421,0.3603359462486002
19,209,Nptn,7.343917,2.52526,6.790613575313081e-12,0.6595744680851063,0.2816541353383459,0.3779203327467604
19,210,Cdo1,7.291463,2.6558762,9.938078624861837e-12,0.4680851063829787,0.1285714285714285,0.3395136778115502
19,211,Msmo1,7.185925,2.5333283,2.1258761758829827e-11,0.5106382978723404,0.1639097744360902,0.3467285234362501
19,212,Bnip3l,7.128913,2.4406242,3.196921027762222e-11,0.6170212765957447,0.2517293233082707,0.365291953287474
19,213,Arl3,7.128464,2.0804975,3.2011924444943676e-11,0.7659574468085106,0.4141353383458646,0.351822108462646
19,214,Bzw2,7.0898,2.4659357,4.1957168893289394e-11,0.5319148936170213,0.177593984962406,0.3543209086546152
19,215,Stx7,7.0543427,2.2060912,5.3868098977804196e-11,0.6382978723404256,0.2508270676691729,0.3874708046712526
19,216,Prkaca,7.0258565,2.4661934,6.57143161877428e-11,0.4893617021276595,0.1541353383458646,0.3352263637817949
19,217,Ica1,7.006607,2.7891889,7.513289525546357e-11,0.425531914893617,0.1218045112781954,0.3037274036154215
19,218,Acyp2,6.991823,3.0715237,8.302598993911281e-11,0.4680851063829787,0.1530827067669173,0.3150023996160614
19,219,Pea15a,6.9898458,2.635584,8.404770325080727e-11,0.425531914893617,0.1172932330827067,0.3082386818109102
19,220,Ldlr,6.9848576,3.0789318,8.660501692237579e-11,0.3404255319148936,0.08,0.2604255319148936
19,221,Palmd,6.944186,2.984795,1.137160412964056e-10,0.2553191489361702,0.0452631578947368,0.2100559910414333
19,222,Blcap,6.9341974,3.1701121,1.2160361316061323e-10,0.2765957446808511,0.0536842105263157,0.2229115341545353
19,223,Sc5d,6.9184055,2.8893886,1.3571108348636563e-10,0.3617021276595745,0.0890225563909774,0.272679571268597
19,224,Cxxc5,6.903241,2.7991285,1.5075028232200576e-10,0.4042553191489361,0.1108270676691729,0.2934282514797632
19,225,Arpc5l,6.8865952,2.1133378,1.6917176087207644e-10,0.7659574468085106,0.4372932330827068,0.3286642137258038
19,226,Nrtn,6.8747616,2.855944,1.8349516733152168e-10,0.3617021276595745,0.0896240601503759,0.2720780675091985
19,227,Trappc2l,6.855487,2.06988,2.0889259158588786e-10,0.7446808510638298,0.4294736842105263,0.3152071668533034
19,228,Ints12,6.8371,2.7824197,2.366788862411625e-10,0.3404255319148936,0.0803007518796992,0.2601247800351943
19,229,Higd1a,6.8330297,2.1600015,2.4306144560984285e-10,0.723404255319149,0.3818045112781955,0.3415997440409535
19,230,Rabggtb,6.812377,2.313713,2.796595131005886e-10,0.6382978723404256,0.2894736842105263,0.3488241881298992
19,231,Arl4a,6.7331963,2.2971528,4.514384961520199e-10,0.6808510638297872,0.3348872180451128,0.3459638457846744
19,232,Cxx1b,6.6934137,2.902322,5.900667056402293e-10,0.2978723404255319,0.0651127819548872,0.2327595584706446
19,233,1110008P14Rik,6.6827497,2.2895548,6.336136656330147e-10,0.6595744680851063,0.3219548872180451,0.3376195808670612
19,234,Ogfrl1,6.6136518,3.0287285,9.855152030228743e-10,0.3191489361702128,0.0760902255639097,0.243058710606303
19,235,Tmed4,6.579753,2.1791892,1.2326399235903175e-09,0.6382978723404256,0.3078195488721804,0.3304783234682451
19,236,Pik3r3,6.576366,3.2713885,1.2590255911374215e-09,0.2553191489361702,0.0509774436090225,0.2043417053271476
19,237,Hagh,6.491108,2.4134243,2.1973054979816834e-09,0.6170212765957447,0.3124812030075188,0.3045400735882259
19,238,Snhg20,6.389892,2.7602475,4.2342345034935365e-09,0.3191489361702128,0.0798496240601503,0.2392993121100624
19,239,Rab6a,6.355839,2.0563126,5.2385194458824575e-09,0.6808510638297872,0.3685714285714285,0.3122796352583586
19,240,Asns,6.3459377,2.7755759,5.552591663513006e-09,0.3404255319148936,0.0908270676691729,0.2495984642457206
19,241,Grcc10,6.3443313,2.1497095,5.602268694241185e-09,0.6170212765957447,0.3120300751879699,0.3049912014077747
19,242,Pla2g12a,6.3404593,2.6946888,5.7273736598097894e-09,0.4042553191489361,0.1246616541353383,0.2795936650135978
19,243,Ctsz,6.2439294,2.0120544,1.0508295143165605e-08,0.6808510638297872,0.3735338345864661,0.307317229243321
19,244,Tle1,6.218173,2.76543,1.2312433265420661e-08,0.3191489361702128,0.0821052631578947,0.237043673012318
19,245,Slc38a1,6.16503,3.111924,1.7173495815610444e-08,0.2978723404255319,0.0754887218045112,0.2223836186210206
19,246,Agfg2,6.1539946,2.407821,1.8385478875852134e-08,0.4680851063829787,0.1723308270676691,0.2957542793153095
19,247,Slmo2,6.118836,2.3340814,2.2768513447613708e-08,0.5319148936170213,0.2350375939849624,0.2968772996320589
19,248,Fam220a,6.104744,2.2596152,2.4797903837079185e-08,0.4468085106382978,0.1521804511278195,0.2946280595104783
19,249,Krtap17-1,6.0952215,2.853936,2.616639216086536e-08,0.2978723404255319,0.0729323308270676,0.2249400095984642
19,250,Bnip3,6.0816708,2.4720001,2.8311723776884852e-08,0.3829787234042553,0.1166917293233082,0.266286994080947
19,251,Wdr6,6.001179,2.7353323,4.589695143504515e-08,0.3617021276595745,0.1120300751879699,0.2496720524716045
19,252,Otud6b,5.9885454,2.7360232,4.9395731564801885e-08,0.2765957446808511,0.0651127819548872,0.2114829627259638
19,253,Spcs3,5.9712796,2.4102025,5.4762956533693766e-08,0.4042553191489361,0.1360902255639097,0.2681650935850264
19,254,Faim,5.9219155,2.3478868,7.340380523403652e-08,0.4680851063829787,0.1855639097744361,0.2825211966085426
19,255,Spint1,5.9020104,2.017946,8.23717637249793e-08,0.6170212765957447,0.3159398496240601,0.3010814269716845
19,256,Tstd1,5.8769774,2.4721882,9.557540842611127e-08,0.5106382978723404,0.2302255639097744,0.2804127339625659
19,257,Tusc3,5.8624277,2.1066556,1.0361890568942375e-07,0.6170212765957447,0.3267669172932331,0.2902543593025116
19,258,Hist3h2a,5.828698,2.3202713,1.2636996878564598e-07,0.5319148936170213,0.2497744360902255,0.2821404575267957
19,259,Agpat5,5.8282614,2.4904983,1.265268517644978e-07,0.3404255319148936,0.0995488721804511,0.2408766597344425
19,260,Cbarp,5.8065343,2.6301813,1.389167177744147e-07,0.2978723404255319,0.0789473684210526,0.2189249720044792
19,261,Tmem251,5.8047714,2.600474,1.4019985320526453e-07,0.3617021276595745,0.1154887218045112,0.2462134058550632
19,262,Dctn6,5.798828,2.2231655,1.450672927200298e-07,0.5106382978723404,0.2252631578947368,0.2853751399776035
19,263,Sqle,5.798489,3.1018484,1.4516848453925598e-07,0.2765957446808511,0.0706766917293233,0.2059190529515277
19,264,Svip,5.7869883,3.028678,1.5464337508902136e-07,0.2765957446808511,0.0712781954887218,0.2053175491921292
19,265,AI413582,5.7129436,2.0857654,2.349861371482766e-07,0.5106382978723404,0.2252631578947368,0.2853751399776035
19,266,Hoxb2,5.6316733,2.0778468,3.7145611066685627e-07,0.5957446808510638,0.3010526315789473,0.2946920492721164
19,267,Ogt,5.600833,2.4123654,4.400916828255782e-07,0.3617021276595745,0.1157894736842105,0.2459126539753639
19,268,Ctxn1,5.556619,2.045971,5.631828238583846e-07,0.2765957446808511,0.0673684210526315,0.2092273236282195
19,269,2210013O21Rik,5.522743,2.0987246,6.792130461851537e-07,0.5319148936170213,0.24796992481203,0.2839449688049912
19,270,Rnf6,5.4613867,2.2447677,9.346591230103844e-07,0.3829787234042553,0.1354887218045112,0.247490001599744
19,271,Acot7,5.45703,2.0627515,9.55569687242756e-07,0.4680851063829787,0.190375939849624,0.2777091665333546
19,272,Hspa4l,5.437133,2.3149455,1.065599246718251e-06,0.4042553191489361,0.1497744360902255,0.2544808830587106
19,273,Usmg5,5.436996,2.455213,1.065599246718251e-06,0.3191489361702128,0.0995488721804511,0.2196000639897616
19,274,Psmd5,5.435105,2.4169924,1.0756744668531024e-06,0.3617021276595745,0.1263157894736842,0.2353863381858902
19,275,Zwint,5.4135203,2.2335074,1.2094769619634648e-06,0.4042553191489361,0.1535338345864661,0.25072148456247
19,276,Scd2,5.383578,2.4204178,1.4223207295364171e-06,0.3829787234042553,0.1419548872180451,0.2410238361862102
19,277,C1galt1c1,5.336528,2.3847783,1.828101967442298e-06,0.3617021276595745,0.1300751879699248,0.2316269396896496
19,278,Tspan7,5.261975,2.6413157,2.705335730774258e-06,0.2978723404255319,0.0921804511278195,0.2056918892977123
19,279,Pmvk,5.189016,2.2706225,3.940119983634967e-06,0.425531914893617,0.1830075187969924,0.2425243960966245
19,280,Trp53i13,5.166849,2.4763288,4.353003078125334e-06,0.3191489361702128,0.1064661654135338,0.2126827707566789
19,281,Ptprz1,5.132017,2.282533,5.183461574783394e-06,0.3191489361702128,0.1046616541353383,0.2144872820348744
19,282,Zfand3,5.1203804,2.2081974,5.495593383814762e-06,0.3404255319148936,0.1181954887218045,0.2222300431930891
19,283,Cadm1,5.072864,2.357502,6.963277555181021e-06,0.3404255319148936,0.1193984962406015,0.2210270356742921
19,284,Gtpbp2,4.9987717,2.3119588,1.0045460933105326e-05,0.3404255319148936,0.1230075187969924,0.2174180131179011
19,285,Borcs6,4.970855,2.201942,1.1483832024014129e-05,0.3191489361702128,0.1073684210526315,0.2117805151175812
19,286,Tomm20,4.949529,2.0591972,1.2776166167152775e-05,0.3829787234042553,0.150375939849624,0.2326027835546312
19,287,Znrf1,4.9426622,2.005412,1.3179443635388988e-05,0.4468085106382978,0.2016541353383458,0.245154375299952
19,288,Srebf2,4.9207697,2.3385549,1.4696882343372402e-05,0.3191489361702128,0.1129323308270676,0.2062166053431451
19,289,Gnpnat1,4.8887706,2.2261531,1.7121104794224894e-05,0.3191489361702128,0.1112781954887218,0.2078707406814909
19,290,Mageh1,4.7938824,2.211382,2.7018577954036274e-05,0.3404255319148936,0.1302255639097744,0.2101999680051191
19,291,Ube2w,4.5777817,2.0049958,7.27796761300137e-05,0.3617021276595745,0.149172932330827,0.2125291953287474
19,292,Rock1,4.348392,2.090956,0.0002008232092938,0.3829787234042553,0.1818045112781955,0.2011742121260598
20,1,Lrrc10b,28.63231,6.5543404,4.3663797064695455e-176,0.9090909090909092,0.0285114045618247,0.8805795045290843
20,2,Efcab10,28.294191,7.117216,3.34100462467341e-172,0.9090909090909092,0.0297118847539015,0.8793790243370075
20,3,Gm16006,23.43847,6.371143,9.47451374317235e-118,0.5151515151515151,0.0130552220888355,0.5020962930626796
20,4,3300002A11Rik,23.29742,7.068202,1.9305213538141784e-116,1.0,0.0570228091236494,0.9429771908763506
20,5,Arhgdig,23.073553,6.595636,2.7999483792678147e-114,0.9696969696969696,0.0540216086434573,0.9156753610535124
20,6,Agr3,22.8768,6.2108765,2.1620826308340147e-112,0.5454545454545454,0.0156062424969987,0.5298483029575466
20,7,Hdc,22.802876,6.7961073,1.0059770352658506e-111,0.9696969696969696,0.0558223289315726,0.913874640765397
20,8,Erich2,22.602077,5.98541,8.476280528621942e-110,0.9393939393939394,0.0508703481392557,0.8885235912546837
20,9,Tctex1d4,22.363548,6.8419933,1.6243452898743315e-107,1.0,0.0625750300120048,0.9374249699879952
20,10,1700101E01Rik,22.23744,5.745852,2.44755855972415e-106,0.8484848484848485,0.0423169267707082,0.8061679217141402
20,11,Ccdc113,21.976114,5.9148445,7.267603772068819e-104,0.9090909090909092,0.0505702280912364,0.8585206809996726
20,12,Gm8579,21.964443,5.746409,8.613822550513296e-104,0.8181818181818182,0.0399159663865546,0.7782658517952636
20,13,1700016K19Rik,21.873405,7.075197,5.872788436648929e-103,1.0,0.0655762304921968,0.9344237695078031
20,14,1700026L06Rik,21.860138,6.239026,7.29324483202318e-103,0.9393939393939394,0.055672268907563,0.8837216704863764
20,15,Fam92b,21.665785,5.954219,4.7178841820550435e-101,0.8484848484848485,0.0453181272509003,0.8031667212339482
20,16,Ccdc146,21.638412,5.7105064,8.010773305934523e-101,0.7272727272727273,0.032563025210084,0.6947097020626433
20,17,Iqcg,21.622011,5.39786,1.07579483613451e-100,0.7878787878787878,0.0381152460984393,0.7497635417803484
20,18,Ak8,21.609455,5.9579997,1.3336468408074214e-100,0.7575757575757576,0.0360144057623049,0.7215613518134526
20,19,Tekt4,21.389887,5.608447,1.4325913766743255e-98,0.7878787878787878,0.0391656662665066,0.7487131216122812
20,20,Morn3,21.315248,5.607942,6.722002086133859e-98,0.696969696969697,0.0306122448979591,0.6663574520717378
20,21,1700001L19Rik,21.261696,5.9588857,2.0068739688291963e-97,0.8484848484848485,0.0480192076830732,0.8004656408017753
20,22,Myl4,21.22845,5.514837,3.887996314396887e-97,0.696969696969697,0.0304621848739495,0.6665075120957474
20,23,Stmnd1,21.188486,5.9551706,8.69658511998588e-97,0.8787878787878788,0.0516206482593037,0.8271672305285751
20,24,Fam166b,21.17221,5.7081394,1.1773559164215849e-96,0.7878787878787878,0.0403661464585834,0.7475126414202045
20,25,Ldlrad1,21.165007,5.6884255,1.3169012067202212e-96,0.7878787878787878,0.0402160864345738,0.747662701444214
20,26,Gtsf1l,20.902082,5.6831603,3.2334393998360787e-94,0.7272727272727273,0.0349639855942377,0.6923087416784895
20,27,Timp4,20.74031,5.6613197,9.108936784556572e-93,0.6060606060606061,0.0241596638655462,0.5819009421950598
20,28,Ctxn1,20.603662,6.0289383,1.4904712179856238e-91,0.9393939393939394,0.0645258103241296,0.8748681290698098
20,29,Tm4sf1,20.56147,5.85295,3.436501956844644e-91,0.9393939393939394,0.0619747899159663,0.8774191494779731
20,30,Gm14964,20.544239,5.5589495,4.7376038570406624e-91,0.5454545454545454,0.0196578631452581,0.5257966823092873
20,31,6820408C15Rik,20.49783,5.3899035,1.1909698038919432e-90,0.7575757575757576,0.0391656662665066,0.7184100913092509
20,32,1700003M02Rik,20.312895,5.40863,5.0689977595338985e-89,0.8181818181818182,0.0474189675870348,0.7707628505947834
20,33,1700001C02Rik,20.306526,5.8349075,5.595783317295596e-89,0.8484848484848485,0.0517707082833133,0.7967141402015352
20,34,Fam183b,20.28004,6.974575,9.308442136631926e-89,1.0,0.0772809123649459,0.922719087635054
20,35,Ccdc13,20.229086,6.0212593,2.544525167432689e-88,0.3939393939393939,0.010204081632653,0.3837353123067408
20,36,Cdhr4,20.182037,5.463908,6.415485056929401e-88,0.8181818181818182,0.0468187274909964,0.7713630906908219
20,37,Odf3b,20.104874,5.7949486,2.965115141015755e-87,0.8181818181818182,0.0493697478991596,0.7688120702826585
20,38,Ccdc153,20.062424,7.606096,6.786094232435388e-87,1.0,0.0804321728691476,0.9195678271308524
20,39,Gm973,20.025908,5.5286207,1.3772403655169796e-86,0.6363636363636364,0.0288115246098439,0.6075521117537924
20,40,Cfap53,20.00812,5.5919623,1.918764335604107e-86,0.6363636363636364,0.0289615846338535,0.6074020517297828
20,41,Dmkn,20.000479,5.9966803,2.181974074182771e-86,0.9696969696969696,0.0720288115246098,0.8976681581723599
20,42,Gm29538,19.99553,5.7067637,2.3522312791124696e-86,0.7878787878787878,0.0463685474189675,0.7415102404598203
20,43,4932443I19Rik,19.98907,5.41741,2.615059942685882e-86,0.7575757575757576,0.0414165666266506,0.716159190949107
20,44,Diras2,19.861113,5.5723023,3.292612309163044e-85,0.3939393939393939,0.0105042016806722,0.3834351922587216
20,45,Tekt1,19.838985,5.1673512,5.000528472395142e-85,0.8181818181818182,0.0481692677070828,0.7700125504747354
20,46,Uckl1os,19.71045,5.6826973,6.253955999911686e-84,0.5151515151515151,0.0192076830732292,0.4959438320782858
20,47,2410004P03Rik,19.690987,5.356268,8.989973790416294e-84,0.8181818181818182,0.049969987995198,0.7682118301866202
20,48,Spag8,19.66012,5.462321,1.618246916419218e-83,0.6060606060606061,0.0270108043217286,0.5790498017388774
20,49,Sntn,19.612223,5.9778824,4.070066264690264e-83,0.8484848484848485,0.056422569027611,0.7920622794572375
20,50,1110017D15Rik,19.571161,7.059907,8.935533475015593e-83,1.0,0.0829831932773109,0.917016806722689
20,51,Meig1,19.407337,6.0942717,2.151623231268328e-81,0.9090909090909092,0.0685774309723889,0.8405134781185201
20,52,4930444P10Rik,19.39338,5.451587,2.7684989095449526e-81,0.5454545454545454,0.0223589435774309,0.5230956018771145
20,53,Ccdc33,19.326807,5.516145,9.706820512721127e-81,0.6363636363636364,0.0312124849939975,0.6051511513696387
20,54,Drc1,19.220331,5.199974,7.46011579944784e-80,0.6666666666666666,0.0343637454981992,0.6323029211684673
20,55,Aoc1,19.200747,5.637603,1.0684555792736124e-79,0.8484848484848485,0.0568727490996398,0.7916120993852086
20,56,Gm867,19.099726,5.088336,7.3031681007355e-79,0.7878787878787878,0.0481692677070828,0.739709520171705
20,57,Ccdc180,19.091295,5.5728664,8.434566922463419e-79,0.5454545454545454,0.0232593037214885,0.5221952417330569
20,58,A930001A20Rik,18.998499,6.0639863,4.878364884296066e-78,0.2727272727272727,0.0052521008403361,0.2674751718869366
20,59,Tmem212,18.929762,6.718619,1.772781915584143e-77,1.0,0.0862845138055222,0.9137154861944778
20,60,2610028H24Rik,18.826422,5.479549,1.2333966771906823e-76,0.7878787878787878,0.0516206482593037,0.7362581396194842
20,61,Prr29,18.743528,5.952003,5.783652075864816e-76,0.9393939393939394,0.0798319327731092,0.8595620066208303
20,62,Dynlrb2,18.741405,7.3068976,5.92364466326359e-76,1.0,0.0936374549819928,0.9063625450180072
20,63,Cdhr3,18.623566,5.2936926,5.303826654460015e-75,0.7272727272727273,0.0441176470588235,0.6831550802139038
20,64,Rab36,18.619198,5.835398,5.6659567419332845e-75,0.4545454545454545,0.0168067226890756,0.4377387318563789
20,65,Maats1,18.517832,5.3617973,3.684964127749786e-74,0.5151515151515151,0.0217587034813925,0.4933928116701225
20,66,Ak9,18.48121,5.963891,7.161286234961372e-74,0.3333333333333333,0.008703481392557,0.3246298519407763
20,67,6430531B16Rik,18.47187,5.5048094,8.389186459561468e-74,0.6060606060606061,0.0312124849939975,0.5748481210666084
20,68,Rsph1,18.456415,6.6863217,1.1007191929587846e-73,1.0,0.0960384153661464,0.9039615846338536
20,69,Ccdc78,18.341467,5.4454856,9.049457888376974e-73,0.696969696969697,0.0423169267707082,0.6546527701989887
20,70,Sftpc,18.33756,5.5245166,9.586692630459709e-73,0.4545454545454545,0.0171068427370948,0.4374386118083597
20,71,Dcdc2b,18.23576,5.380405,6.080596579641476e-72,0.6363636363636364,0.0354141656662665,0.6009494706973698
20,72,Ccdc151,18.235325,5.5574627,6.080596579641476e-72,0.4848484848484848,0.0199579831932773,0.4648905016552075
20,73,Pifo,18.132807,5.445998,3.891186521266563e-71,0.8484848484848485,0.0649759903961584,0.7835088580886901
20,74,Lrrc74b,18.06386,5.1700044,1.3421824885238714e-70,0.6060606060606061,0.0322629051620648,0.5737977008985412
20,75,Gm1673,18.049341,5.325768,1.7229162347636234e-70,0.6363636363636364,0.0361644657863145,0.6001991705773219
20,76,Ttc16,18.014711,5.315771,3.1813358135480216e-70,0.4545454545454545,0.0177070828331332,0.4368383717123212
20,77,Kcnmb2,17.997028,5.525636,4.322207154199745e-70,0.5151515151515151,0.0234093637454982,0.4917421514060169
20,78,Zmynd12,17.935598,5.3449435,1.2911075595336863e-69,0.6060606060606061,0.0331632653061224,0.5728973407544836
20,79,Dnali1,17.90969,5.0012627,2.0313663308184296e-69,0.7272727272727273,0.0472689075630252,0.680003819709702
20,80,Lrrc43,17.810013,5.7452717,1.196608557675331e-68,0.3636363636363636,0.0114045618247298,0.3522318018116337
20,81,1700007K13Rik,17.752636,6.31109,3.289202296855654e-68,0.9696969696969696,0.0942376950780312,0.8754592746189385
20,82,Lrrc23,17.71998,5.502574,5.8098688579254226e-68,0.6666666666666666,0.042016806722689,0.6246498599439776
20,83,Wdr63,17.691322,5.368641,9.550438798135262e-68,0.4848484848484848,0.0211584633853541,0.4636900214631307
20,84,1700024G13Rik,17.602968,5.1317244,4.510195098341088e-67,0.5757575757575758,0.0304621848739495,0.5452953908836262
20,85,Fank1,17.557882,4.973939,9.873295962989353e-67,0.6060606060606061,0.0339135654261704,0.5721470406344356
20,86,Cetn4,17.436712,5.111899,8.188293985996123e-66,0.7878787878787878,0.0607743097238895,0.7271044781548983
20,87,Adgb,17.424292,5.346714,1.0059118568510766e-65,0.4242424242424242,0.0165066026410564,0.4077358216013678
20,88,Morn5,17.387733,5.050684,1.883265635702484e-65,0.6666666666666666,0.042016806722689,0.6246498599439776
20,89,Fam216b,17.376469,5.168751,2.266617156172289e-65,0.4545454545454545,0.0190576230492196,0.4354878314962348
20,90,Cfap45,17.299631,4.932799,8.532442019508305e-65,0.7878787878787878,0.0618247298919567,0.7260540579868311
20,91,BC051019,17.276815,4.9551744,1.2537124278275226e-64,0.8181818181818182,0.0649759903961584,0.7532058277856598
20,92,Cfap126,17.260006,5.9152718,1.6595229123379192e-64,1.0,0.1087935174069627,0.8912064825930373
20,93,Bicc1,17.066618,6.272234,4.588815550354947e-63,0.2424242424242424,0.0052521008403361,0.2371721415839063
20,94,Nrxn2,17.031387,5.8387637,8.209394285542283e-63,0.2424242424242424,0.0052521008403361,0.2371721415839063
20,95,Ccdc40,17.012947,5.3965745,1.1132493715449407e-62,0.4848484848484848,0.0231092436974789,0.4617392411510058
20,96,Wfdc13,16.923046,5.8673215,5.040818999632615e-62,0.2727272727272727,0.0069027611044417,0.2658245116228309
20,97,D430036J16Rik,16.840574,5.322723,2.017954439976457e-61,0.5151515151515151,0.0267106842737094,0.4884408308778056
20,98,Mapk15,16.808657,4.6838455,3.4246651889983604e-61,0.7272727272727273,0.0538715486194477,0.6734011786532795
20,99,Dtx1,16.79671,6.1368527,4.147958231924525e-61,0.2121212121212121,0.0040516206482593,0.2080695914729528
20,100,Gm15402,16.780218,5.2896447,5.423153797589794e-61,0.4848484848484848,0.0237094837935174,0.4611390010549674
20,101,Nhlrc4,16.779028,6.04642,5.4798580715814675e-61,0.303030303030303,0.0088535414165666,0.2941767616137364
20,102,Ccdc65,16.686548,5.142541,2.5647163388139644e-60,0.4545454545454545,0.0208583433373349,0.4336871112081196
20,103,Calml4,16.594336,5.1486197,1.185005538291052e-59,0.6666666666666666,0.0468187274909964,0.6198479391756703
20,104,Drc7,16.58469,4.853047,1.3784170080806117e-59,0.4545454545454545,0.0208583433373349,0.4336871112081196
20,105,1700013F07Rik,16.584047,4.98565,1.3803371026839997e-59,0.5151515151515151,0.0273109243697479,0.4878405907817672
20,106,1700028P14Rik,16.561234,4.8525205,1.998838609366239e-59,0.5454545454545454,0.0306122448979591,0.5148423005565862
20,107,Mlf1,16.547794,5.8566704,2.476227241696372e-59,0.9696969696969696,0.1095438175270108,0.8601531521699589
20,108,Agrp,16.53385,5.9374757,3.0930472597550665e-59,0.2121212121212121,0.0042016806722689,0.2079195314489432
20,109,Zmynd10,16.45137,4.731116,1.1900447752650902e-58,0.6060606060606061,0.0384153661464585,0.5676452399141475
20,110,Gm26717,16.323872,5.6446743,9.521551060717534e-58,0.3939393939393939,0.0163565426170468,0.3775828513223471
20,111,Gm1661,16.306559,5.3930197,1.2533957626478494e-57,0.4242424242424242,0.0192076830732292,0.4050347411691949
20,112,Ccdc74a,16.248674,5.1393604,3.1995836912170493e-57,0.5151515151515151,0.0286614645858343,0.4864900505656808
20,113,Spata33,16.177095,5.197975,1.0169463745280504e-56,0.4545454545454545,0.0223589435774309,0.4321865109680236
20,114,Spef1,16.172827,5.1249056,1.0807505306566026e-56,0.8181818181818182,0.0789315726290516,0.7392502455527666
20,115,Nme5,16.159866,4.880493,1.3226011960486196e-56,0.8787878787878788,0.0877851140456182,0.7910027647422605
20,116,Lrrc71,15.998673,4.9749284,1.7692335901835486e-55,0.4242424242424242,0.0196578631452581,0.4045845610971662
20,117,Mns1,15.878848,4.6703367,1.1841626218238324e-54,0.5757575757575758,0.0372148859543817,0.5385426898031941
20,118,Dnah5,15.8788395,5.098073,1.1841626218238324e-54,0.4545454545454545,0.0232593037214885,0.4312861508239659
20,119,Fam81a,15.847893,5.370045,1.9074202649041206e-54,0.2727272727272727,0.007953181272509,0.2647740914547637
20,120,Syt5,15.838967,4.9940677,2.1809474884247025e-54,0.5454545454545454,0.0339135654261704,0.511540980028375
20,121,4833427G06Rik,15.790074,4.70687,4.7027153959404117e-54,0.5454545454545454,0.0336134453781512,0.5118411000763942
20,122,Kndc1,15.73853,5.2049727,1.0549622951542871e-53,0.3939393939393939,0.0175570228091236,0.3763823711302703
20,123,Pacrg,15.689519,5.0833645,2.2681972350649446e-53,0.5757575757575758,0.0393157262905162,0.5364418494670596
20,124,Dusp18,15.679238,4.9901705,2.646295132600025e-53,0.7272727272727273,0.065126050420168,0.6621466768525592
20,125,1700026D08Rik,15.674951,4.6654506,2.809452455862972e-53,0.5757575757575758,0.0381152460984393,0.5376423296591364
20,126,Lbh,15.651774,4.976846,4.014323146662213e-53,0.6363636363636364,0.0487695078031212,0.5875941285605151
20,127,Ubxn11,15.583597,4.6966,1.1604798832933533e-52,0.6363636363636364,0.0480192076830732,0.5883444286805631
20,128,Ccdc114,15.556571,5.055254,1.7574604973731993e-52,0.4545454545454545,0.0243097238895558,0.4302357306558987
20,129,Cfap58,15.53819,5.358237,2.3242338763856186e-52,0.3333333333333333,0.0127551020408163,0.320578231292517
20,130,Ak7,15.508984,4.7902174,3.637345382441765e-52,0.4848484848484848,0.0276110444177671,0.4572374404307177
20,131,Treml1,15.487709,5.4395137,5.027970352843838e-52,0.2727272727272727,0.0084033613445378,0.2643239113827348
20,132,Ccdc108,15.463629,4.748726,7.256757664776823e-52,0.5454545454545454,0.0352641056422569,0.5101904398122885
20,133,Smim5,15.417334,5.128844,1.4768757034348154e-51,0.8787878787878788,0.102641056422569,0.7761468223653097
20,134,Fhad1,15.408394,5.117691,1.683917070674889e-51,0.4848484848484848,0.0283613445378151,0.4564871403106697
20,135,Cfap43,15.358667,4.6876984,3.604485879284397e-51,0.6666666666666666,0.0550720288115246,0.611594637855142
20,136,Ift172,15.356166,5.360919,3.7198614673412124e-51,0.9696969696969696,0.1358043217286914,0.8338926479682782
20,137,Fam47e,15.33154,4.640799,5.398465741148459e-51,0.7272727272727273,0.0657262905162064,0.6615464367565208
20,138,Ccdc17,15.329968,4.9735394,5.492301539380186e-51,0.7272727272727273,0.0673769507803121,0.6598957764924152
20,139,Tcte1,15.2839,5.409743,1.1073680305570738e-50,0.303030303030303,0.0108043217286914,0.2922259813016115
20,140,Kcnk12,15.185595,5.5131626,4.9489361067687085e-50,0.3333333333333333,0.0135054021608643,0.319827931172469
20,141,Agbl2,15.108034,5.419877,1.599417055649883e-49,0.303030303030303,0.0111044417767106,0.2919258612535924
20,142,Ttll9,15.051781,4.890235,3.7241916629045316e-49,0.3636363636363636,0.0162064825930372,0.3474298810433264
20,143,Ppp1r36,15.036787,4.5657935,4.639839323847068e-49,0.7575757575757576,0.0748799519807923,0.6826958055949652
20,144,Cep126,14.95528,5.2120414,1.5524158425200306e-48,0.3939393939393939,0.0196578631452581,0.3742815307941358
20,145,Spag17,14.894694,5.068184,3.8248699883909824e-48,0.3636363636363636,0.016656662665066,0.3469797009712976
20,146,Lrrc48,14.851116,4.7490754,7.286692860467766e-48,0.6363636363636364,0.0531212484993997,0.5832423878642365
20,147,Plk5,14.822508,4.940054,1.1088975331960799e-47,0.4242424242424242,0.0231092436974789,0.4011331805449453
20,148,Vwa3a,14.817619,5.125496,1.1849659508500974e-47,0.3939393939393939,0.0199579831932773,0.3739814107461166
20,149,Syne1,14.775428,5.2918835,2.204354415477873e-47,0.3636363636363636,0.0171068427370948,0.3465295208992688
20,150,Spa17,14.749176,4.8827486,3.232891466521315e-47,0.8787878787878788,0.1135954381752701,0.7651924406126087
20,151,Traf3ip1,14.716807,4.796873,5.18693512588735e-47,0.696969696969697,0.0672268907563025,0.6297428062133945
20,152,1700040L02Rik,14.645425,4.7779026,1.4770961454967054e-46,0.4848484848484848,0.0310624249699879,0.4537860598784968
20,153,Ankrd66,14.616001,4.884071,2.2621760211664912e-46,0.4242424242424242,0.0237094837935174,0.4005329404489068
20,154,Ppp1r32,14.552832,4.8033485,5.6038184881223215e-46,0.4545454545454545,0.0276110444177671,0.4269344101276874
20,155,Gm20661,14.549192,5.3949866,5.8742314920610296e-46,0.2424242424242424,0.0075030012004801,0.2349212412237622
20,156,D830044I16Rik,14.516915,4.9338675,9.354127686360392e-46,0.4242424242424242,0.0240096038415366,0.4002328204008876
20,157,Cryaa,14.509088,4.9852915,1.0422206091056525e-45,0.303030303030303,0.0120048019207683,0.2910255011095347
20,158,Cfap44,14.475247,4.97753,1.695741459078516e-45,0.3939393939393939,0.0208583433373349,0.373081050602059
20,159,Iqca,14.407051,4.5514817,4.534443177683588e-45,0.4848484848484848,0.0316626650660264,0.4531858197824584
20,160,Ccdc121,14.403035,4.7512517,4.777555079494088e-45,0.3636363636363636,0.0177070828331332,0.3459292808032304
20,161,Cfap54,14.391938,5.5018454,5.576629605485345e-45,0.2727272727272727,0.0099039615846338,0.2628233111426388
20,162,Lrrc6,14.362251,4.896498,8.513236666230705e-45,0.3939393939393939,0.0211584633853541,0.3727809305540397
20,163,Dnah6,14.344896,4.6427755,1.0871270499330969e-44,0.4848484848484848,0.0322629051620648,0.45258557968642
20,164,1700003E16Rik,14.291508,5.2860885,2.330074215147823e-44,0.3333333333333333,0.0153061224489795,0.3180272108843537
20,165,Catip,14.282119,4.745098,2.6510262824959703e-44,0.4848484848484848,0.0327130852340936,0.4521353996143912
20,166,1700007G11Rik,14.264752,4.6240215,3.381553911936909e-44,0.5757575757575758,0.0460684273709483,0.5296891483866274
20,167,Dnaic2,14.187795,4.5409546,1.010316548946942e-43,0.4848484848484848,0.0328631452581032,0.4519853395903816
20,168,Ak1,14.161589,4.6843824,1.4567105442774532e-43,0.6060606060606061,0.0531212484993997,0.5529393575612063
20,169,Wdr19,14.161318,4.837472,1.4567105442774532e-43,0.4848484848484848,0.0337635054021608,0.451084979446324
20,170,Ttc29,14.144758,4.7398996,1.833319411612365e-43,0.3939393939393939,0.0217587034813925,0.3721806904580013
20,171,4933434E20Rik,14.114211,6.1076226,2.813267637418391e-43,0.9696969696969696,0.1712184873949579,0.7984784823020117
20,172,Foxj1,14.073501,5.0852757,4.980192240522749e-43,0.8787878787878788,0.125750300120048,0.7530375786678307
20,173,Cdh26,14.066839,4.5467763,5.4126608262008084e-43,0.5151515151515151,0.0375150060024009,0.4776365091491141
20,174,1700019L03Rik,13.999587,5.113095,1.3824410079072793e-42,0.3333333333333333,0.015906362545018,0.3174269707883153
20,175,S100b,13.982448,5.0822144,1.7497839818254598e-42,0.303030303030303,0.0130552220888355,0.2899750809414675
20,176,Npl,13.894151,5.044482,5.996281857961623e-42,0.2424242424242424,0.0082533013205282,0.2341709411037142
20,177,Chek2,13.861618,4.5503635,9.389922469164875e-42,0.5454545454545454,0.0442677070828331,0.5011868383717123
20,178,Gm11992,13.818341,4.697209,1.7054475039494582e-41,0.3939393939393939,0.0228091236494597,0.3711302702899341
20,179,Cfap70,13.806419,5.004432,2.001914850853633e-41,0.3939393939393939,0.0231092436974789,0.3708301502419149
20,180,Lhb,13.792258,4.5341487,2.4237241478610075e-41,0.4848484848484848,0.0346638655462184,0.4501846193022664
20,181,Hydin,13.736639,4.644424,5.205289120153985e-41,0.3939393939393939,0.0229591836734693,0.3709802102659245
20,182,Rab23,13.721715,4.4730153,6.36290624362495e-41,0.4848484848484848,0.0352641056422569,0.4495843792062279
20,183,Lrrc51,13.676442,5.3886185,1.180840918416553e-40,1.0,0.1949279711884753,0.8050720288115246
20,184,Fbxo36,13.667665,4.8739185,1.3254479701176072e-40,0.8484848484848485,0.1215486194477791,0.7269362290370693
20,185,Tekt2,13.64793,4.668564,1.729141343104912e-40,0.3333333333333333,0.0165066026410564,0.3168267306922769
20,186,Ccdc176,13.625067,4.5770693,2.353704519148542e-40,0.4848484848484848,0.0360144057623049,0.4488340790861799
20,187,Serpinb12,13.605251,4.8031273,3.0715437987848578e-40,0.4545454545454545,0.0316626650660264,0.4228827894794281
20,188,Kif6,13.602792,5.096175,3.16076520198467e-40,0.2727272727272727,0.0111044417767106,0.261622830950562
20,189,Pih1d2,13.601831,4.6545653,3.1866176083048092e-40,0.6363636363636364,0.065126050420168,0.5712375859434683
20,190,Efhc1,13.599581,4.5134287,3.2699415244689462e-40,0.4545454545454545,0.0315126050420168,0.4230328495034377
20,191,Gm13580,13.59437,5.2163286,3.494037206854541e-40,0.2424242424242424,0.008703481392557,0.2337207610316854
20,192,Lrguk,13.579241,4.971655,4.275075747488966e-40,0.2727272727272727,0.0111044417767106,0.261622830950562
20,193,Riiad1,13.567607,6.009886,4.986232557443772e-40,1.0,0.2085834333733493,0.7914165666266506
20,194,Vpreb3,13.482526,5.797867,1.5780234346921627e-39,0.9393939393939394,0.1724189675870348,0.7669749718069047
20,195,Dnajb13,13.469635,4.5218434,1.8701191192531668e-39,0.4545454545454545,0.0319627851140456,0.4225826694314089
20,196,Ccdc181,13.463824,4.898328,2.0134547704990224e-39,0.8181818181818182,0.1191476590636254,0.6990341591181928
20,197,Smkr-ps,13.323142,5.0879006,1.3325444380449884e-38,0.303030303030303,0.0144057623049219,0.2886245407253811
20,198,Ccdc96,13.313122,4.8578663,1.5166618211064838e-38,0.303030303030303,0.0144057623049219,0.2886245407253811
20,199,Ly6c1,13.267058,4.5111604,2.793722433159393e-38,0.7272727272727273,0.0883853541416566,0.6388873731310707
20,200,Saxo2,13.240953,4.570542,3.9376799528604574e-38,0.5151515151515151,0.0435174069627851,0.47163410818873
20,201,Dlec1,13.236952,4.921713,4.13365117126524e-38,0.3636363636363636,0.0213085234093637,0.3423278402269999
20,202,Fhl1,13.17602,4.6326246,9.19878088013166e-38,0.5454545454545454,0.04921968787515,0.4962348575793953
20,203,Cd177,13.167374,5.0570955,1.0267316377124512e-37,0.2727272727272727,0.0118547418967587,0.260872530830514
20,204,Ccdc81,13.132834,4.4753613,1.613736048452952e-37,0.3636363636363636,0.0213085234093637,0.3423278402269999
20,205,Cfap52,13.117216,4.486618,1.974118051697417e-37,0.4848484848484848,0.0384153661464585,0.4464331187020263
20,206,1700088E04Rik,13.094554,4.6631646,2.649232390993997e-37,0.8484848484848485,0.1340036014405762,0.7144812470442723
20,207,Itpka,13.093087,4.844249,2.6886140051538e-37,0.303030303030303,0.0148559423769507,0.2881743606533523
20,208,Rsph9,13.087426,4.635001,2.88356381406096e-37,0.9393939393939394,0.1725690276110444,0.766824911782895
20,209,Ift88,13.07549,4.518276,3.358714477076104e-37,0.5454545454545454,0.0508703481392557,0.4945841973152897
20,210,Dnaaf1,12.986714,4.8080764,1.0704201279662838e-36,0.3333333333333333,0.0184573829531812,0.314875950380152
20,211,Dnaaf3,12.925022,4.420373,2.3811072439421483e-36,0.4848484848484848,0.039765906362545,0.4450825784859398
20,212,D630024D03Rik,12.862049,4.6354976,5.341186613787826e-36,0.3939393939393939,0.0264105642256902,0.3675288297137036
20,213,Spata24,12.847654,4.6265063,6.405651477704823e-36,0.6060606060606061,0.0660264105642256,0.5400341954963804
20,214,1700029J07Rik,12.829394,4.201415,8.038518624335074e-36,0.4848484848484848,0.0399159663865546,0.4449325184619302
20,215,Ubxn10,12.77344,4.5061827,1.64528202755876e-35,0.6060606060606061,0.0660264105642256,0.5400341954963804
20,216,Tmem232,12.771067,4.734371,1.6888872207048545e-35,0.3636363636363636,0.0226590636254501,0.3409773000109135
20,217,Spef2,12.697368,4.335563,4.3230981775502885e-35,0.3333333333333333,0.01890756302521,0.3144257703081232
20,218,Ppil6,12.695134,4.2967134,4.429105674501221e-35,0.696969696969697,0.0892857142857142,0.6076839826839827
20,219,Ampd1,12.65738,5.0610747,7.138014920951115e-35,0.2727272727272727,0.0129051620648259,0.2598221106624467
20,220,Lrrc34,12.639342,4.291877,8.941813568677097e-35,0.4242424242424242,0.0312124849939975,0.3930299392484266
20,221,RP23-356N23.5,12.54089,4.6635566,3.0992289294167704e-34,0.303030303030303,0.0162064825930372,0.2868238204372658
20,222,Spag16,12.540296,4.679041,3.109376293809221e-34,0.303030303030303,0.0162064825930372,0.2868238204372658
20,223,Cfap61,12.53693,5.1978774,3.230648586979509e-34,0.2424242424242424,0.0103541416566626,0.2320701007675797
20,224,Dnah10,12.506982,4.704685,4.691976927972298e-34,0.3636363636363636,0.023859543817527,0.3397768198188366
20,225,Ttc39a,12.48018,4.4037023,6.517522500595113e-34,0.7272727272727273,0.104141656662665,0.6231310706100622
20,226,Enkur,12.472927,4.2906747,7.1093860502400935e-34,0.5454545454545454,0.0538715486194477,0.4915829968350976
20,227,Dnah9,12.43443,4.500385,1.1470405170033165e-33,0.3939393939393939,0.0280612244897959,0.365878169449598
20,228,Bbox1,12.433664,4.537239,1.1533425664951452e-33,0.2727272727272727,0.0132052821128451,0.2595219906144275
20,229,Ccdc30,12.420005,4.3952045,1.3626216597769824e-33,0.4242424242424242,0.0327130852340936,0.3915293390083306
20,230,Acot1,12.407088,4.4329276,1.5947286633042985e-33,0.696969696969697,0.0948379351740696,0.6021317617956274
20,231,Pcp4l1,12.386246,4.533914,2.0599478518659642e-33,0.4545454545454545,0.0375150060024009,0.4170304485430536
20,232,Dnah11,12.358802,5.0308695,2.8874862046580324e-33,0.2424242424242424,0.0106542617046818,0.2317699807195605
20,233,Lrrc36,12.356206,4.5460978,2.970258465275545e-33,0.3636363636363636,0.0241596638655462,0.3394766997708174
20,234,Tsnaxip1,12.32743,4.8881745,4.229522961299544e-33,0.2424242424242424,0.0106542617046818,0.2317699807195605
20,235,Serpina9,12.245984,4.2829847,1.145563458268314e-32,0.5454545454545454,0.0559723889555822,0.4894821564989632
20,236,March4,12.243334,4.5244255,1.1776695992103087e-32,0.303030303030303,0.0169567827130852,0.2860735203172178
20,237,Styxl1,12.185648,5.0585394,2.374921158235477e-32,0.2424242424242424,0.010954381752701,0.2314698606715413
20,238,Ift22,12.146879,4.0862885,3.8033167482627367e-32,0.9090909090909092,0.1896758703481392,0.7194150387427698
20,239,Aldh3b1,12.106544,4.5323653,6.175249653736367e-32,0.8787878787878788,0.1752701080432173,0.7035177707446615
20,240,Plcb3,12.09884,4.2068005,6.756821913870522e-32,0.696969696969697,0.0979891956782713,0.5989805012914257
20,241,Psmc3ip,12.061327,4.5264416,1.062219390557078e-31,0.4545454545454545,0.0403661464585834,0.4141793080868711
20,242,Stoml3,12.055868,5.4017396,1.130657889351527e-31,0.2121212121212121,0.0085534213685474,0.2035677907526647
20,243,Spata18,12.048592,4.7544265,1.2303383821496967e-31,0.2727272727272727,0.0142557022809123,0.2584715704463603
20,244,Ulk4,12.030093,4.5237875,1.5337603721028027e-31,0.3939393939393939,0.0300120048019207,0.3639273891374731
20,245,Arhgap18,11.943286,4.610456,4.356271830720304e-31,0.4545454545454545,0.0414165666266506,0.4131288879188038
20,246,Iqub,11.916552,4.7217536,5.983427765380722e-31,0.2424242424242424,0.0114045618247298,0.2310196805995125
20,247,AU040972,11.884196,6.9537206,8.751473569209798e-31,1.0,0.2852641056422569,0.7147358943577431
20,248,Basp1,11.864658,5.0122743,1.0972779646143625e-30,0.9696969696969696,0.2650060024009604,0.7046909672960093
20,249,Fhit,11.838153,4.108275,1.500003413904846e-30,0.4848484848484848,0.0468187274909964,0.4380297573574884
20,250,Wdr60,11.830418,4.333436,1.6388073653020553e-30,0.5151515151515151,0.0541716686674669,0.4609798464840481
20,251,Adig,11.798441,4.486836,2.3887263333606232e-30,0.4545454545454545,0.0421668667466986,0.4123785877987558
20,252,Ckb,11.749863,4.209577,4.2339563979751776e-30,0.5757575757575758,0.0667767106842737,0.5089808650733021
20,253,Ift43,11.695896,4.255848,7.977866393739717e-30,0.9696969696969696,0.2534513805522209,0.7162455891447488
20,254,Eno4,11.665207,4.6184707,1.1364392758264345e-29,0.3333333333333333,0.0228091236494597,0.3105242096838735
20,255,Chchd6,11.547291,4.5015917,4.4624934648114773e-29,0.9696969696969696,0.2707082833133253,0.6989886863836444
20,256,Dnaic1,11.511614,4.6688046,6.705786283827018e-29,0.2727272727272727,0.0156062424969987,0.2571210302302739
20,257,Trp53bp2,11.468191,4.1857834,1.1046153034357027e-28,0.7272727272727273,0.1194477791116446,0.6078249481610827
20,258,Cald1,11.458623,4.4083195,1.2250263885065402e-28,0.3333333333333333,0.0234093637454982,0.3099239695878351
20,259,Csrp2,11.452795,4.018667,1.305680519611699e-28,0.8787878787878788,0.1847238895558223,0.6940639892320565
20,260,4931406C07Rik,11.426655,4.0408745,1.758598067728816e-28,0.7878787878787878,0.1482593037214886,0.6396194841572993
20,261,Wfdc3,11.409385,5.062118,2.1347532130522875e-28,0.2424242424242424,0.0126050420168067,0.2298192004074357
20,262,Adam8,11.409203,3.8739903,2.1347532130522875e-28,0.5151515151515151,0.054921968787515,0.4602295463640001
20,263,Mycbpap,11.341908,4.43651,4.600822968802536e-28,0.3939393939393939,0.03406362545018,0.3598757684892139
20,264,Tbata,11.328108,4.349959,5.367797646554036e-28,0.303030303030303,0.0198079231692677,0.2832223798610353
20,265,Serpine2,11.320156,3.9739835,5.857521333909875e-28,0.4848484848484848,0.0504201680672268,0.434428316781258
20,266,Odf2,11.277758,4.2482643,9.459901267986162e-28,0.5454545454545454,0.0670768307322929,0.4783777147222525
20,267,Ccdc138,11.2574835,4.7500305,1.1868319906301292e-27,0.2121212121212121,0.0097539015606242,0.2023673105605878
20,268,Ttc25,11.165083,3.8694103,3.3599810469296916e-27,0.3636363636363636,0.0286614645858343,0.3349748990505293
20,269,Acox2,11.095165,4.4329934,7.336959159592994e-27,0.4848484848484848,0.054921968787515,0.4299265160609699
20,270,Ccdc67,11.087533,4.5360527,7.963613979574215e-27,0.2121212121212121,0.0100540216086434,0.2020671905125686
20,271,Wnt11,11.0362,3.9943187,1.4068367854303355e-26,0.3636363636363636,0.0295618247298919,0.3340745389064717
20,272,Fsip1,11.007005,4.524587,1.9394048912240796e-26,0.2424242424242424,0.0133553421368547,0.2290689002873877
20,273,Cep83,10.997802,4.074537,2.1406614750603604e-26,0.4848484848484848,0.0546218487394958,0.430226636108989
20,274,Ccpg1os,10.907764,4.1461535,5.76632303079144e-26,0.8484848484848485,0.2009303721488595,0.647554476335989
20,275,B3gnt4,10.897258,4.8815355,6.450893894162972e-26,0.2121212121212121,0.0105042016806722,0.2016170104405398
20,276,Antxr2,10.886693,4.808493,7.220611932870059e-26,0.2424242424242424,0.0138055222088835,0.2286187202153588
20,277,Trp73,10.735914,4.682699,3.6759785107531737e-25,0.2121212121212121,0.0108043217286914,0.2013168903925206
20,278,Kbtbd11,10.719689,4.40985,4.367210122623297e-25,0.4242424242424242,0.0442677070828331,0.3799747171595911
20,279,4930404N11Rik,10.718574,4.177233,4.405909023438748e-25,0.3636363636363636,0.031812725090036,0.3318236385463276
20,280,Wdr95,10.710631,4.372807,4.785342483427791e-25,0.2424242424242424,0.0141056422569027,0.2283186001673396
20,281,Dzip1l,10.6176,4.532562,1.2810618519107274e-24,0.2121212121212121,0.010954381752701,0.201166830368511
20,282,Mycbp,10.564652,4.106972,2.2343138104934274e-24,0.7878787878787878,0.1826230492196879,0.6052557386591
20,283,Plet1,10.528035,3.9960308,3.288375793582335e-24,0.8787878787878788,0.2250900360144057,0.653697842773473
20,284,Dpcd,10.522175,3.983031,3.488619695928036e-24,1.0,0.4074129651860744,0.5925870348139255
20,285,Cfap69,10.519123,4.1456313,3.5922871778960074e-24,0.3636363636363636,0.0327130852340936,0.33092327840227
20,286,Oscp1,10.456987,3.7110622,6.911521347941233e-24,0.5454545454545454,0.073829531812725,0.4716250136418203
20,287,Akap14,10.4488735,4.4073772,7.505810890200286e-24,0.2727272727272727,0.0187575030012004,0.2539697697260722
20,288,Wdr54,10.435541,4.1148305,8.611240371190466e-24,0.3333333333333333,0.0279111644657863,0.305422168867547
20,289,Morn1,10.429926,4.044644,9.107560098230897e-24,0.3939393939393939,0.0393157262905162,0.3546236676488777
20,290,Etnk1,10.423986,3.912897,9.665192944830681e-24,0.6060606060606061,0.0960384153661464,0.5100221906944596
20,291,Prr18,10.404157,4.898916,1.1868168025409153e-23,0.2121212121212121,0.0115546218487394,0.2005665902724726
20,292,Rabl2,10.324227,3.7733607,2.7297497472820924e-23,0.696969696969697,0.1317527010804321,0.5652169958892649
20,293,Spag6,10.296192,3.9235702,3.64330155691476e-23,0.3939393939393939,0.0396158463385354,0.3543235476008585
20,294,Erich3,10.273826,4.872672,4.567740876354286e-23,0.2121212121212121,0.0118547418967587,0.2002664702244534
20,295,Kcnmb1,10.191322,4.239781,1.0645694488776524e-22,0.2424242424242424,0.0154561824729891,0.2269680599512532
20,296,Mfsd6l,10.188542,4.431171,1.0921756404950548e-22,0.2424242424242424,0.0156062424969987,0.2268179999272436
20,297,Tuba1a,10.16435,5.2121234,1.3961523422329704e-22,1.0,0.4500300120048019,0.549969987995198
20,298,Tbcel,10.157067,3.8677044,1.495534518457111e-22,0.6060606060606061,0.1020408163265306,0.5040197897340755
20,299,Slc24a4,10.156176,4.307811,1.5048200415780851e-22,0.2727272727272727,0.0198079231692677,0.252919349558005
20,300,Elof1,10.134198,5.061428,1.879143044103957e-22,1.0,0.5631752701080432,0.4368247298919567
20,301,Tppp3,10.127437,5.3371778,2.0019263460009825e-22,1.0,0.5418667466986795,0.4581332533013205
20,302,Lrrc73,10.084067,4.270876,3.0801239345901843e-22,0.3333333333333333,0.0301620648259303,0.3031712685074029
20,303,Mak,10.076481,4.672206,3.317790823981216e-22,0.2727272727272727,0.0204081632653061,0.2523191094619665
20,304,Stk33,10.057284,4.001219,4.021028582352254e-22,0.3333333333333333,0.0301620648259303,0.3031712685074029
20,305,Ccdc60,10.02234,4.2896786,5.697717288153245e-22,0.2424242424242424,0.0160564225690276,0.2263678198552148
20,306,Gas8,10.006066,3.5695732,6.69775736425376e-22,0.5757575757575758,0.0910864345738295,0.4846711411837462
20,307,Dync2li1,9.977624,3.8408556,8.703180088794153e-22,0.7878787878787878,0.1985294117647058,0.589349376114082
20,308,Tex26,9.977599,4.2972074,8.703180088794153e-22,0.2424242424242424,0.0162064825930372,0.2262177598312052
20,309,Casc1,9.970234,4.2674694,9.3473678136394e-22,0.2727272727272727,0.0205582232893157,0.252169049437957
20,310,Efcab2,9.954218,3.8879657,1.0951317101723213e-21,0.3333333333333333,0.0304621848739495,0.3028711484593837
20,311,Gm15728,9.942172,4.2163835,1.2326200848844834e-21,0.303030303030303,0.0255102040816326,0.2775200989486703
20,312,Ctsk,9.9360285,4.451237,1.3074167756613054e-21,0.2727272727272727,0.0208583433373349,0.2518689293899377
20,313,Zfp474,9.9147625,4.662353,1.6092156309629313e-21,0.2424242424242424,0.0165066026410564,0.225917639783186
20,314,Plin5,9.913142,4.2588005,1.6222415241946636e-21,0.2424242424242424,0.0163565426170468,0.2260676998071956
20,315,Dmwd,9.894071,4.5958376,1.9578898389671376e-21,0.2424242424242424,0.016656662665066,0.2257675797591764
20,316,Ccdc102a,9.870864,4.1437654,2.4616070398747847e-21,0.2727272727272727,0.0207082833133253,0.2520189894139474
20,317,Efcab1,9.843115,3.603179,3.2275526204159906e-21,0.3636363636363636,0.0358643457382953,0.3277720178980683
20,318,1700037C18Rik,9.828301,3.7902153,3.7293081407052e-21,0.5454545454545454,0.0864345738295318,0.4590199716250136
20,319,Plekhb1,9.819172,3.6921315,4.072054002129893e-21,0.5454545454545454,0.0841836734693877,0.4612708719851576
20,320,Ift74,9.7621565,3.6257803,7.100056792513277e-21,0.6060606060606061,0.1080432172869147,0.4980173887736913
20,321,Metrn,9.754268,4.1585813,7.63390117378937e-21,0.3333333333333333,0.0322629051620648,0.3010704281712685
20,322,Cd24a,9.727693,4.419452,9.863965664471635e-21,1.0,0.6715186074429772,0.3284813925570228
20,323,Rsph14,9.697665,4.3032565,1.3107030327300756e-20,0.2727272727272727,0.0217587034813925,0.2509685692458801
20,324,9530053A07Rik,9.682926,3.776518,1.5102803494804536e-20,0.5151515151515151,0.0780312124849939,0.4371203026665211
20,325,Rsph10b,9.648245,4.172983,2.1082799571569767e-20,0.2424242424242424,0.0172569027611044,0.2251673396631379
20,326,Chchd10,9.647204,4.322201,2.1243078524827355e-20,1.0,0.6797719087635054,0.3202280912364946
20,327,Klk11,9.592239,3.7984085,3.606287646771138e-20,0.3636363636363636,0.0388655462184873,0.3247708174178763
20,328,Gm166,9.581841,3.8106432,3.968286876041161e-20,0.6363636363636364,0.1259003601440576,0.5104632762195788
20,329,Iqck,9.55627,3.9368699,5.056060013621004e-20,0.3333333333333333,0.0330132052821128,0.3003201280512205
20,330,Cystm1,9.553196,3.5438812,5.195262731190738e-20,1.0,0.5169567827130852,0.4830432172869148
20,331,Lrrc56,9.475152,4.1985054,1.0921979161632976e-19,0.303030303030303,0.0280612244897959,0.2749690785405071
20,332,Bok,9.4714155,3.3377554,1.1291606177349062e-19,0.7575757575757576,0.173469387755102,0.5841063698206556
20,333,2300005B03Rik,9.423196,4.0515847,1.7851981481728496e-19,0.2727272727272727,0.0226590636254501,0.2500682091018225
20,334,Kif19a,9.407138,3.8831894,2.0697396203283211e-19,0.3636363636363636,0.0403661464585834,0.3232702171777802
20,335,Mdh1b,9.332005,4.428515,4.207060980751303e-19,0.2424242424242424,0.0186074429771908,0.2238167994470515
20,336,Nudc,9.326779,3.081523,4.408728495793667e-19,1.0,0.5124549819927972,0.4875450180072028
20,337,Dydc2,9.311079,3.9442587,5.086707334960287e-19,0.2424242424242424,0.0183073229291716,0.2241169194950707
20,338,Cmbl,9.269626,3.351371,7.436221891520341e-19,0.7575757575757576,0.1946278511404562,0.5629479064353013
20,339,Pltp,9.254037,3.3052268,8.584506464969163e-19,0.7272727272727273,0.1643157262905162,0.5629570009822111
20,340,Fam179a,9.228614,3.5479994,1.086029798021769e-18,0.3636363636363636,0.0409663865546218,0.3226699770817418
20,341,Pibf1,9.228362,3.8711617,1.086029798021769e-18,0.2727272727272727,0.0235594237695078,0.2491678489577649
20,342,Cetn2,9.198261,3.301381,1.430810334797736e-18,0.8787878787878788,0.3286314525810324,0.5501564262068463
20,343,Wdr78,9.190826,3.8908064,1.5259345786998186e-18,0.303030303030303,0.0294117647058823,0.2736185383244207
20,344,Fam216a,9.165171,3.544817,1.927167321342316e-18,0.6363636363636364,0.1338535414165666,0.5025100949470698
20,345,Ropn1l,9.164415,3.8226435,1.936113332983032e-18,0.3636363636363636,0.0424669867947178,0.3211693768416457
20,346,Ift57,9.1511755,3.526821,2.1835860754017593e-18,0.696969696969697,0.1715186074429772,0.5254510895267198
20,347,4430402I18Rik,9.145159,3.9079423,2.297782528951207e-18,0.3333333333333333,0.0360144057623049,0.2973189275710284
20,348,Jam3,9.141995,3.8050368,2.354916631531388e-18,0.2727272727272727,0.023859543817527,0.2488677289097457
20,349,Cfap20,9.1335335,3.1895251,2.5405923223178757e-18,0.9090909090909092,0.3743997599039615,0.5346911491869475
20,350,Cds1,9.09294,3.609419,3.6767221830826745e-18,0.4545454545454545,0.0663265306122449,0.3882189239332096
20,351,Ttll3,9.085148,4.4077754,3.940730431636274e-18,0.2424242424242424,0.0195078031212484,0.2229164393029939
20,352,Supt20,9.073979,3.451115,4.3463763070583985e-18,0.5757575757575758,0.1107442977190876,0.4650132780384882
20,353,Rfx3,9.052711,4.034126,5.2461734908673824e-18,0.2727272727272727,0.024609843937575,0.2481174287896976
20,354,Dnal1,9.043465,4.0017896,5.683543809076168e-18,0.303030303030303,0.0304621848739495,0.2725681181563534
20,355,Rsph4a,9.039665,3.9614434,5.871205320524758e-18,0.2424242424242424,0.0195078031212484,0.2229164393029939
20,356,Lpcat4,8.991939,3.5398378,9.013431073999606e-18,0.5454545454545454,0.1014405762304922,0.4440139692240532
20,357,Hspa4l,8.969979,3.3146918,1.0979791042574683e-17,0.6666666666666666,0.1490096038415366,0.51765706282513
20,358,Setd4,8.935429,4.0578856,1.4982628507078296e-17,0.3636363636363636,0.0451680672268907,0.3184682964094729
20,359,Hipk1,8.920397,3.38732,1.7124075709709598e-17,0.6666666666666666,0.1619147659063625,0.5047519007603041
20,360,Arl3,8.905809,3.2015586,1.948925551017585e-17,0.9090909090909092,0.4141656662665066,0.4949252428244025
20,361,Mrps17,8.900729,3.1913488,2.0356680551835884e-17,0.9090909090909092,0.3713985594237695,0.5376923496671395
20,362,Arhgef28,8.892432,3.0582228,2.1887224854478746e-17,0.6666666666666666,0.148859543817527,0.5178071228491397
20,363,Ramp1,8.887136,3.0616465,2.290432005425914e-17,0.9090909090909092,0.3370348139255702,0.5720560951653388
20,364,Flt3l,8.878893,3.790868,2.4612006370997886e-17,0.3939393939393939,0.0526710684273709,0.3412683255120229
20,365,Kif9,8.871332,3.8413155,2.6283775591990818e-17,0.2727272727272727,0.025360144057623,0.2473671286696496
20,366,Abhd3,8.85859,3.944696,2.940303053012437e-17,0.3636363636363636,0.0459183673469387,0.3177179962894249
20,367,Rfc2,8.855887,3.1319928,3.005798401363848e-17,0.7575757575757576,0.2058823529411764,0.5516934046345812
20,368,Bbs7,8.825308,4.0623827,3.917553676133149e-17,0.2424242424242424,0.0204081632653061,0.2220160791589363
20,369,Lztfl1,8.783003,3.0430703,5.601939618935255e-17,0.6666666666666666,0.149609843937575,0.5170568227290916
20,370,Gm5617,8.779129,3.1494334,5.785842653450195e-17,0.7272727272727273,0.1929771908763505,0.5342955363963767
20,371,Fhl2,8.769465,3.495995,6.277733504303572e-17,0.4848484848484848,0.0807322929171668,0.404116191931318
20,372,Tctex1d2,8.760086,3.5049217,6.808194399101517e-17,0.6363636363636364,0.1533613445378151,0.4830022918258212
20,373,Ifi35,8.758687,3.2900398,6.878610920827715e-17,0.9090909090909092,0.3994597839135654,0.5096311251773437
20,374,Nat9,8.755952,3.3692777,7.032583826513187e-17,0.7272727272727273,0.2048319327731092,0.5224407944996181
20,375,Lrrc46,8.7430725,3.9036636,7.86604117566184e-17,0.303030303030303,0.0322629051620648,0.2707673978682382
20,376,Ift46,8.728197,3.4076612,8.953568753440077e-17,0.6060606060606061,0.1335534213685474,0.4725071846920586
20,377,Capsl,8.700564,3.5136564,1.1402575555622975e-16,0.8787878787878788,0.3694477791116446,0.5093400996762341
20,378,Smim22,8.699904,2.853002,1.1445040826199784e-16,0.9393939393939394,0.4902460984393758,0.4491478409545636
20,379,Uhrf1bp1,8.669038,4.281919,1.4983941121048346e-16,0.2424242424242424,0.0213085234093637,0.2211157190148787
20,380,Mcee,8.666803,3.0312474,1.5248920925758344e-16,0.8787878787878788,0.3691476590636254,0.5096402197242533
20,381,Wdr66,8.659944,3.7284458,1.6127512363446626e-16,0.2424242424242424,0.0208583433373349,0.2215658990869075
20,382,Dpy30,8.650885,2.8006947,1.7424523362184843e-16,0.9696969696969696,0.5022509003601441,0.4674460693368256
20,383,Spire2,8.571383,3.758061,3.443505172365113e-16,0.3333333333333333,0.040516206482593,0.2928171268507403
20,384,Dnajc15,8.5402565,3.3484712,4.491804424534964e-16,0.7878787878787878,0.2719087635054021,0.5159700243733857
20,385,B9d1,8.5089245,3.2848969,5.852172469132558e-16,0.7878787878787878,0.2732593037214886,0.5146194841572993
20,386,Cyfip2,8.505897,3.844841,5.994758460276416e-16,0.4545454545454545,0.0786314525810324,0.3759140019644221
20,387,Ccdc37,8.490925,3.51697,6.806030317498906e-16,0.303030303030303,0.033313325330132,0.269716977700171
20,388,Tcea3,8.478555,3.1271138,7.539451402702111e-16,0.7575757575757576,0.2444477791116446,0.513127978464113
20,389,Fgd2,8.454956,3.9711924,9.21332173829389e-16,0.2424242424242424,0.0222088835534213,0.220215358870821
20,390,Map1b,8.446392,3.7689986,9.874878441593058e-16,0.303030303030303,0.0342136854741896,0.2688166175561133
20,391,Tmem107,8.41616,3.4875562,1.2735425777667185e-15,0.7878787878787878,0.2795618247298919,0.508316963148896
20,392,Ccdc103,8.390694,4.243311,1.5633686988125634e-15,0.2424242424242424,0.0228091236494597,0.2196151187747826
20,393,Swi5,8.373019,2.3409972,1.8060554446249456e-15,1.0,0.7819627851140456,0.2180372148859544
20,394,Crip1,8.355586,3.309402,2.0897271926653747e-15,1.0,0.7759603841536614,0.2240396158463385
20,395,BC022687,8.351313,3.4560814,2.1625123632663213e-15,0.4848484848484848,0.0894357743097239,0.395412710538761
20,396,Fam149a,8.3199625,3.7591624,2.8022153098950453e-15,0.303030303030303,0.0352641056422569,0.2677661973880461
20,397,Phtf1,8.24675,3.4261885,5.143442957076796e-15,0.3939393939393939,0.0591236494597839,0.33481574447961
20,398,Nek5,8.185311,3.698851,8.549956384111805e-15,0.3333333333333333,0.0439675870348139,0.2893657462985194
20,399,Acot13,8.18107,2.9619334,8.839370957115443e-15,0.8181818181818182,0.3187274909963986,0.4994543271854196
20,400,Scrn1,8.157259,3.6204507,1.0747273457534508e-14,0.2424242424242424,0.0232593037214885,0.2191649387027538
20,401,Sec14l3,8.146319,3.239065,1.1742634399818888e-14,0.8787878787878788,0.4677370948379352,0.4110507839499436
20,402,Naaa,8.130744,3.3684566,1.3278385978328721e-14,0.4242424242424242,0.070828331332533,0.3534140929098912
20,403,Med31,8.073769,2.973918,2.066617871828032e-14,0.7575757575757576,0.251500600240096,0.5060751573356616
20,404,Wdr31,8.071228,3.4234807,2.1059460225402735e-14,0.3333333333333333,0.0444177671068427,0.2889155662264905
20,405,Lgals3bp,8.03192,2.9779148,2.866707292965111e-14,0.8181818181818182,0.3214285714285714,0.4967532467532468
20,406,Wdr34,7.9956055,2.96536,3.824090660363436e-14,0.5151515151515151,0.102641056422569,0.4125104587289461
20,407,Areg,7.985361,3.6056058,4.1479648747771864e-14,0.3333333333333333,0.0454681872749099,0.2878651460584233
20,408,Mok,7.9778175,3.2694845,4.401469920002386e-14,0.4242424242424242,0.073079231692677,0.3511631925497471
20,409,4930402H24Rik,7.967426,3.3998654,4.779104838107795e-14,0.3636363636363636,0.0534213685474189,0.3102149950889447
20,410,Sri,7.9597354,2.4091716,5.0674889163259564e-14,0.9696969696969696,0.6081932773109243,0.3615036923860454
20,411,Fam161a,7.9541364,3.3386066,5.2924914788853056e-14,0.4848484848484848,0.0975390156062425,0.3873094692422423
20,412,Bphl,7.9156704,2.8874235,7.176871425438131e-14,0.8787878787878788,0.4831932773109244,0.3955946014769544
20,413,1110004E09Rik,7.902763,2.9531674,7.9185800606992e-14,0.8181818181818182,0.3565426170468187,0.4616392011349995
20,414,Dnah12,7.8991094,4.099231,8.125375166825351e-14,0.2424242424242424,0.0252100840336134,0.217214158390629
20,415,Lsm10,7.829684,2.9152613,1.412272429489434e-13,0.6363636363636364,0.167016806722689,0.4693468296409473
20,416,Fam213a,7.8293614,3.0383463,1.413409132289752e-13,0.696969696969697,0.2150360144057623,0.4819336825639347
20,417,Ogg1,7.810822,3.1359413,1.6290940911400349e-13,0.4545454545454545,0.0849339735894357,0.3696114809560187
20,418,Nudt4,7.7803826,2.8486006,2.0588225338141427e-13,0.8484848484848485,0.3619447779111645,0.486540070573684
20,419,Nek1,7.765243,3.6003697,2.308284018152994e-13,0.2727272727272727,0.0322629051620648,0.2404643675652079
20,420,Ndufaf3,7.7598195,2.7573738,2.402821181510085e-13,0.7878787878787878,0.3043217286914766,0.4835570591873112
20,421,Ribc1,7.7576346,3.9328995,2.438393663471686e-13,0.2424242424242424,0.0259603841536614,0.2164638582705809
20,422,Tmem158,7.7468357,3.0007796,2.6503472899570896e-13,0.7575757575757576,0.2641056422569027,0.4934701153188548
20,423,9530034E10Rik,7.7408814,3.982243,2.772717274603612e-13,0.2424242424242424,0.026110444177671,0.2163137982465713
20,424,Ccdc34,7.723518,2.9917512,3.161797417482327e-13,0.6666666666666666,0.195828331332533,0.4708383353341336
20,425,B9d2,7.6728277,2.8797517,4.661134163776699e-13,0.5757575757575758,0.1406062424969988,0.435151333260577
20,426,Gga1,7.6680975,2.9514873,4.828087044007046e-13,0.696969696969697,0.227641056422569,0.469328640547128
20,427,Enah,7.6468143,3.4758544,5.688427376792227e-13,0.4242424242424242,0.0801320528211284,0.3441103714212958
20,428,Ift81,7.604623,3.271316,7.863004453667467e-13,0.4242424242424242,0.078781512605042,0.3454609116373822
20,429,Ttc30b,7.5602374,3.6090271,1.101618804797202e-12,0.2727272727272727,0.03406362545018,0.2386636472770926
20,430,Slc1a4,7.550065,3.5872996,1.1891852582761238e-12,0.2727272727272727,0.03406362545018,0.2386636472770926
20,431,Dnal4,7.532396,2.8665097,1.359500598715233e-12,0.696969696969697,0.2369447779111644,0.4600249190585325
20,432,Ankrd42,7.4897227,3.626257,1.8772568595869746e-12,0.2424242424242424,0.0273109243697479,0.2151133180544945
20,433,Unc119b,7.4779525,3.1993544,2.0498420451702992e-12,0.3636363636363636,0.0592737094837935,0.3043626541525701
20,434,Hacd1,7.467936,3.3688192,2.208372058152923e-12,0.303030303030303,0.042016806722689,0.2610134963076139
20,435,Nenf,7.4612656,2.096426,2.31929299973022e-12,0.9696969696969696,0.7300420168067226,0.239654952890247
20,436,Nupr1l,7.459524,3.5323637,2.342418719226104e-12,0.3333333333333333,0.0514705882352941,0.2818627450980392
20,437,Clic6,7.452606,2.8625846,2.4645711444451386e-12,0.696969696969697,0.245048019207683,0.451921677762014
20,438,Azin2,7.4241204,3.4427428,3.0326280507525218e-12,0.2727272727272727,0.0346638655462184,0.2380634071810542
20,439,Rfk,7.423306,2.356582,3.046379488612486e-12,0.9090909090909092,0.4936974789915966,0.4153934300993124
20,440,Arl6,7.422514,2.9435413,3.059683010573841e-12,0.6060606060606061,0.1712184873949579,0.4348421186656481
20,441,Nupr1,7.4137077,3.049771,3.259400934431036e-12,0.9696969696969696,0.621998799519808,0.3476981701771617
20,442,Ccdc157,7.3845816,4.0489407,4.045585069265275e-12,0.2424242424242424,0.0286614645858343,0.2137627778384081
20,443,Ssbp4,7.3757553,2.8630602,4.308982811610105e-12,0.696969696969697,0.2448979591836734,0.4520717377860235
20,444,Pttg1,7.371903,2.810551,4.4140855430166736e-12,0.7575757575757576,0.3337334933973589,0.4238422641783986
20,445,Megf6,7.3324165,3.723963,5.912711257613888e-12,0.2424242424242424,0.0286614645858343,0.2137627778384081
20,446,Ruvbl2,7.299061,2.78185,7.532079245090071e-12,0.696969696969697,0.2376950780312124,0.4592746189384845
20,447,Akap9,7.2929645,2.8781068,7.85610429768155e-12,0.6060606060606061,0.1803721488595438,0.4256884572010623
20,448,Cfap36,7.286623,2.8263066,8.221717221710946e-12,0.6666666666666666,0.2136854741896758,0.4529811924769907
20,449,St3gal6,7.2585473,3.6807082,1.0089957103042947e-11,0.3333333333333333,0.0546218487394958,0.2787114845938375
20,450,Bola1,7.2514524,2.8440356,1.0616265545979308e-11,0.7272727272727273,0.2932172869147659,0.4340554403579614
20,451,Wrb,7.2511425,3.6697934,1.0623910019003305e-11,0.2727272727272727,0.0370648259303721,0.2356624467969005
20,452,Cspp1,7.2468615,3.1259549,1.0947874476813416e-11,0.4242424242424242,0.0853841536614645,0.3388582705809597
20,453,Fam187b,7.242537,3.3440747,1.1285126292595804e-11,0.3636363636363636,0.0631752701080432,0.3004610935283204
20,454,Cxcl17,7.2088585,2.6588295,1.4258728076339276e-11,0.9696969696969696,0.5670768307322929,0.4026201389646768
20,455,Nphp1,7.2078466,2.9163873,1.4342966617448104e-11,0.5454545454545454,0.1430072028811524,0.402447342573393
20,456,Usp2,7.1965065,2.8950975,1.556325976756517e-11,0.4848484848484848,0.1074429771908763,0.3774055076576085
20,457,Fam134b,7.1792874,2.9321804,1.7600493323773316e-11,0.5454545454545454,0.1443577430972389,0.4010968023573065
20,458,Cyb561,7.171314,2.7022579,1.859986358415243e-11,0.7272727272727273,0.2872148859543817,0.4400578413183455
20,459,Appl2,7.0989814,2.8238337,3.1043242391424064e-11,0.5757575757575758,0.1638655462184874,0.4118920295390884
20,460,Ly6a,7.0506773,2.1630802,4.378077178734783e-11,1.0,0.7996698679471789,0.2003301320528211
20,461,Kif21a,7.04672,2.6550393,4.497620068391648e-11,0.5454545454545454,0.1377551020408163,0.4076994434137291
20,462,Hist1h4h,7.0233207,3.9523644,5.3035565994305486e-11,0.2424242424242424,0.0313625450180072,0.2110616974062352
20,463,Lca5,7.002346,3.5570536,6.097963424130571e-11,0.2424242424242424,0.0309123649459783,0.211511877478264
20,464,Ino80b,7.0011744,2.719461,6.128061920964211e-11,0.6666666666666666,0.226140456182473,0.4405262104841936
20,465,Tusc3,6.9928,2.485308,6.442134255287786e-11,0.7575757575757576,0.3266806722689075,0.43089508530685
20,466,Ruvbl1,6.9786515,2.8149471,7.114904000366945e-11,0.5151515151515151,0.1353541416566626,0.3797973734948525
20,467,Slc9a3r1,6.9763756,2.344271,7.210074179146852e-11,0.8484848484848485,0.4576830732292917,0.3908017752555568
20,468,Mipep,6.9176636,3.129203,1.08197752482323e-10,0.3939393939393939,0.0796818727490996,0.3142575211902942
20,469,Rpap3,6.8904333,3.021615,1.3069750880983263e-10,0.3333333333333333,0.0568727490996398,0.2764605842336934
20,470,Polk,6.8626223,3.318775,1.5728157371319538e-10,0.2727272727272727,0.0399159663865546,0.2328113063407181
20,471,Fkbp1a,6.8608384,2.09554,1.5880804595489916e-10,0.9393939393939394,0.5624249699879952,0.3769689694059442
20,472,Cdpf1,6.8598223,2.5348804,1.5971583318000772e-10,0.7575757575757576,0.3083733493397358,0.4492024082360217
20,473,Fam174a,6.8379064,2.6571457,1.8562897093793107e-10,0.7272727272727273,0.3142256902761104,0.4130470369966168
20,474,Mt1,6.811946,2.4637945,2.2086838337510468e-10,1.0,0.7575030012004802,0.2424969987995198
20,475,Strbp,6.7652607,2.987715,3.03542483522362e-10,0.3939393939393939,0.081782713085234,0.3121566808541598
20,476,Fam126a,6.755503,3.5245578,3.2334146456629427e-10,0.2424242424242424,0.0330132052821128,0.2094110371421295
20,477,Akip1,6.740114,2.430543,3.580217234816965e-10,0.7272727272727273,0.3065726290516206,0.4207000982211066
20,478,Fam84b,6.7016478,2.9426894,4.6428023230878787e-10,0.4545454545454545,0.1111944777911164,0.343350976754338
20,479,Znhit1,6.664614,2.2613008,5.945622261039231e-10,0.8484848484848485,0.4959483793517407,0.3525364691331078
20,480,Paqr7,6.647268,3.0161006,6.64217267534591e-10,0.303030303030303,0.049969987995198,0.2530603150351049
20,481,Tmem138,6.6354375,2.9971638,7.170824564965352e-10,0.3939393939393939,0.0847839135654261,0.3091554803739678
20,482,Synj1,6.6325903,3.0291727,7.300694015188095e-10,0.303030303030303,0.0507202881152461,0.2523100149150569
20,483,Morn2,6.619648,2.5198915,7.95856757823364e-10,0.6363636363636364,0.2184873949579832,0.4178762414056531
20,484,Agbl3,6.6182976,3.4011173,8.020804871075429e-10,0.2424242424242424,0.0339135654261704,0.2085106769980719
20,485,2010300C02Rik,6.5368023,2.9878967,1.3616534691082475e-09,0.4242424242424242,0.1035414165666266,0.3207010076757976
20,486,Igfbp5,6.5269637,2.4067054,1.4502979505361723e-09,0.8181818181818182,0.4593337334933973,0.3588480846884209
20,487,1110032A03Rik,6.4847956,2.77061,1.9124221885378784e-09,0.6060606060606061,0.2183373349339736,0.3877232711266325
20,488,Otud3,6.423153,3.19719,2.8284374002583515e-09,0.2727272727272727,0.0441176470588235,0.2286096256684491
20,489,Bcl9,6.4226913,3.1675255,2.833370264151184e-09,0.3333333333333333,0.065126050420168,0.2682072829131652
20,490,Eml2,6.402921,2.6764858,3.21413893300937e-09,0.5757575757575758,0.1925270108043217,0.3832305649532541
20,491,Pkig,6.3730073,2.578582,3.887520450207567e-09,0.6666666666666666,0.2791116446578631,0.3875550220088035
20,492,Dnajc7,6.3161497,2.561747,5.5955511927153985e-09,0.696969696969697,0.3268307322929171,0.3701389646767798
20,493,Lrrc45,6.3155947,3.0442388,5.6085248944272775e-09,0.3636363636363636,0.0796818727490996,0.283954490887264
20,494,Nme7,6.302043,2.6945033,6.106162700749765e-09,0.3939393939393939,0.0892857142857142,0.3046536796536796
20,495,Mrpl33,6.296467,2.0165033,6.313796826183706e-09,0.8484848484848485,0.5739795918367347,0.2745052566481137
20,496,Osbpl3,6.287893,2.691159,6.664027659086291e-09,0.4242424242424242,0.1032412965186074,0.3210011277238168
20,497,AI467606,6.275008,3.2640555,7.230832052314615e-09,0.2727272727272727,0.0463685474189675,0.2263587253083051
20,498,Glipr1,6.2365584,3.1316905,9.135993080728782e-09,0.303030303030303,0.0567226890756302,0.2463076139546728
20,499,Kctd13,6.2171135,2.8434546,1.0190439086107588e-08,0.3333333333333333,0.0670768307322929,0.2662565026010404
20,500,Smyd3,6.208906,2.8682947,1.0723885813057265e-08,0.3636363636363636,0.0796818727490996,0.283954490887264
20,501,Mdm1,6.2075305,2.9734297,1.0804907040412891e-08,0.2424242424242424,0.0367647058823529,0.2056595365418894
20,502,Itln1,6.2002482,2.911653,1.1289279396555076e-08,0.3939393939393939,0.0937875150060024,0.3001518789333915
20,503,Smad5,6.195188,2.6236155,1.160134792751438e-08,0.3939393939393939,0.0901860744297719,0.303753319509622
20,504,2610015P09Rik,6.1894526,2.9140105,1.2016799126485992e-08,0.3636363636363636,0.0807322929171668,0.2829040707191967
20,505,Josd2,6.1870785,2.3949862,1.2180381140860492e-08,0.6666666666666666,0.2783613445378151,0.3883053221288515
20,506,Psmd9,6.1854863,2.4490645,1.2278216997892751e-08,0.6363636363636364,0.2453481392557022,0.391015497107934
20,507,2010107E04Rik,6.1850047,2.1933713,1.2300865583182515e-08,0.7878787878787878,0.4266206482593037,0.3612581396194841
20,508,Dusp14,6.18355,2.5293026,1.2399857058938558e-08,0.6363636363636364,0.2411464585834333,0.395217177780203
20,509,Dync2h1,6.1800427,3.33553,1.2647978235781618e-08,0.2424242424242424,0.0381152460984393,0.204308996325803
20,510,Tmem17,6.172125,3.1375928,1.325023832699814e-08,0.2727272727272727,0.0472689075630252,0.2254583651642475
20,511,Usp18,6.1608815,2.2714949,1.4209172305842356e-08,0.6666666666666666,0.2531512605042016,0.4135154061624649
20,512,Chchd4,6.1581216,2.383902,1.4441691259350577e-08,0.6060606060606061,0.2165366146458583,0.3895239914147477
20,513,Tbc1d9b,6.154145,3.082073,1.4791004968792796e-08,0.3333333333333333,0.0709783913565426,0.2623549419767907
20,514,1810043G02Rik,6.1189814,2.6615314,1.8431626105402043e-08,0.5151515151515151,0.156812725090036,0.3583387900614791
20,515,Arhgap39,6.089774,3.112172,2.2050680066522653e-08,0.2424242424242424,0.0387154861944777,0.2037087562297646
20,516,Prkar2b,6.044011,2.6239007,2.9212654203895588e-08,0.4545454545454545,0.1290516206482593,0.3254938338971952
20,517,Dnaja4,6.026191,2.1734972,3.2582407008682194e-08,0.7272727272727273,0.3179771908763505,0.4092955363963768
20,518,Myh14,6.018832,2.1993034,3.4017974054652576e-08,0.7575757575757576,0.4122148859543817,0.3453608716213758
20,519,Wdr35,5.966147,3.085529,4.6707549152488253e-08,0.2727272727272727,0.049969987995198,0.2227572847320746
20,520,Ephx4,5.9614687,2.7615829,4.795244077464562e-08,0.2727272727272727,0.0486194477791116,0.224107824948161
20,521,Ptges3,5.958523,2.3602352,4.876764157078594e-08,0.6060606060606061,0.2469987995198079,0.3590618065407981
20,522,Rogdi,5.9519234,2.4681196,5.0657643803396256e-08,0.5454545454545454,0.1914765906362545,0.3539779548182909
20,523,Nfyb,5.9505363,2.4201565,5.1029261110240584e-08,0.5757575757575758,0.2105342136854742,0.3652233620721016
20,524,B230118H07Rik,5.939458,2.624571,5.453636328572373e-08,0.4848484848484848,0.1520108043217287,0.3328376805267561
20,525,D430042O09Rik,5.937382,2.7571871,5.5167049216958985e-08,0.3333333333333333,0.0714285714285714,0.2619047619047618
20,526,Dyrk3,5.9354405,2.953398,5.569452233665134e-08,0.303030303030303,0.0607743097238895,0.2422559933064134
20,527,Kremen1,5.934932,2.8189294,5.580264974799065e-08,0.3636363636363636,0.0865846338535414,0.2770517297828222
20,528,Kifap3,5.924276,2.8105183,5.9475321176368646e-08,0.3636363636363636,0.0865846338535414,0.2770517297828222
20,529,Dalrd3,5.9195857,2.3628242,6.112573600204616e-08,0.6363636363636364,0.2558523409363745,0.3805112954272618
20,530,B4galt4,5.910704,2.4856784,6.429199519615164e-08,0.5151515151515151,0.1674669867947179,0.3476845283567972
20,531,Oaz2,5.888812,2.0822244,7.31614559994878e-08,0.696969696969697,0.3047719087635054,0.3921977882061916
20,532,Katnb1,5.871062,3.3131957,8.125680785308379e-08,0.2424242424242424,0.0417166866746698,0.2007075557495725
20,533,Sdccag8,5.8085155,3.183008,1.1720421499100515e-07,0.2424242424242424,0.0415666266506602,0.2008576157735821
20,534,Calm3,5.7625628,2.3347936,1.5284128413616246e-07,0.6666666666666666,0.3269807923169268,0.3396858743497398
20,535,Hmgcr,5.7600136,2.893314,1.5499352261564634e-07,0.2727272727272727,0.0523709483793517,0.2203563243479209
20,536,Sssca1,5.7513895,2.3518815,1.6274667542639324e-07,0.6060606060606061,0.2543517406962785,0.3517088653643275
20,537,Evi5,5.706685,2.586734,2.1039594429494734e-07,0.3636363636363636,0.0888355342136854,0.2748008294226781
20,538,Cyp2s1,5.7045755,2.2663143,2.1278119509605825e-07,0.5454545454545454,0.1839735894357743,0.3614809560187711
20,539,Snrnp25,5.6748343,2.69756,2.5130669808294965e-07,0.3939393939393939,0.1056422569027611,0.2882971370366328
20,540,Prr15l,5.631705,2.1423876,3.160416429948579e-07,0.696969696969697,0.3679471788715486,0.3290225180981484
20,541,Kif3a,5.625866,2.812453,3.258657111460768e-07,0.303030303030303,0.0657262905162064,0.2373040125140965
20,542,Mrpl40,5.5924225,2.157982,3.932083491580217e-07,0.6363636363636364,0.2749099639855942,0.3614536723780421
20,543,Ccdc162,5.560933,3.2373397,4.68188848532956e-07,0.2727272727272727,0.0570228091236494,0.2157044636036232
20,544,B230219D22Rik,5.5161595,2.2882438,6.013490285477007e-07,0.4545454545454545,0.1388055222088835,0.3157399323365709
20,545,Adck4,5.470946,2.3841684,7.663614242640088e-07,0.4545454545454545,0.1470588235294117,0.3074866310160428
20,546,Cep19,5.4651985,2.6933305,7.899621401709936e-07,0.3333333333333333,0.0837334933973589,0.2495998399359743
20,547,9530068E07Rik,5.4582644,2.0140243,8.20582235224361e-07,0.696969696969697,0.321578631452581,0.375391065517116
20,548,Sptbn1,5.45422,2.3968,8.386049352087012e-07,0.5151515151515151,0.1952280912364946,0.3199234239150205
20,549,Fuz,5.434112,2.615601,9.311366153323904e-07,0.303030303030303,0.0685774309723889,0.2344528720579141
20,550,Sqle,5.409659,2.9122572,1.0632862482996857e-06,0.303030303030303,0.0709783913565426,0.2320519116737604
20,551,Zfp467,5.3891053,2.0191302,1.1874674325910211e-06,0.7272727272727273,0.4198679471788715,0.3074047800938557
20,552,Pla2g16,5.3662753,2.0945706,1.3424632020748063e-06,0.6666666666666666,0.3329831932773109,0.3336834733893557
20,553,Ccdc28b,5.3610973,2.4508047,1.3801194791586838e-06,0.3939393939393939,0.1144957983193277,0.2794435956200662
20,554,Lbp,5.3505235,2.0978417,1.4602759258949956e-06,0.6666666666666666,0.3536914765906362,0.3129751900760303
20,555,Golgb1,5.307086,2.1540246,1.849126049431293e-06,0.6060606060606061,0.2843637454981992,0.3216968605624068
20,556,Tmem216,5.2883973,2.5679336,2.0442064248306537e-06,0.4242424242424242,0.135204081632653,0.2890383426097712
20,557,Ift27,5.2847185,2.1048524,2.0836083215381046e-06,0.5757575757575758,0.2280912364945978,0.3476663392629779
20,558,Taf6,5.2732644,2.5755389,2.2135264106251048e-06,0.3636363636363636,0.1011404561824729,0.2624959074538907
20,559,Ccdc23,5.2155986,2.1283767,2.960659943234032e-06,0.6363636363636364,0.306422569027611,0.3299410673360253
20,560,Foxp1,5.209513,2.1860228,3.0474136402110977e-06,0.4848484848484848,0.1743697478991596,0.3104787369493252
20,561,Sirt3,5.194621,2.584408,3.288663474533897e-06,0.3636363636363636,0.1056422569027611,0.2579941067336025
20,562,Barx2,5.184526,2.006145,3.45178233987088e-06,0.5454545454545454,0.1959783913565426,0.3494761540980028
20,563,Cdc14a,5.138634,2.2763891,4.376909687583452e-06,0.4848484848484848,0.1746698679471788,0.310178616901306
20,564,Atf6,5.080277,2.8846178,5.915108995764088e-06,0.2727272727272727,0.065126050420168,0.2076012223071046
20,565,Lsm14b,5.0708656,2.7733445,6.203401927277106e-06,0.2727272727272727,0.0630252100840336,0.2097020626432391
20,566,Gns,5.0524125,2.4509072,6.801484640296086e-06,0.3939393939393939,0.1268007202881152,0.2671386736512786
20,567,Cep164,5.0519214,2.3220205,6.812539916557754e-06,0.3939393939393939,0.1203481392557022,0.2735912546836916
20,568,2510046G10Rik,5.0198035,2.6201851,8.003124676639551e-06,0.2727272727272727,0.0637755102040816,0.2089517625231911
20,569,Wwc1,5.0138397,2.3283076,8.23203785648836e-06,0.4242424242424242,0.148109243697479,0.2761331805449453
20,570,Pak4,4.9877844,2.2524278,9.350564508405207e-06,0.4545454545454545,0.1664165666266506,0.2881288879188038
20,571,March8,4.975317,2.8094225,9.938385872821736e-06,0.2727272727272727,0.0649759903961584,0.2077512823311142
20,572,Arl4a,4.970169,2.0337584,1.018697613365438e-05,0.6363636363636364,0.3358343337334934,0.3005293026301429
20,573,Ttc8,4.969042,2.7452896,1.0236853723893185e-05,0.2727272727272727,0.0652761104441776,0.207451162283095
20,574,Adipor2,4.9247394,2.4248023,1.272211668557216e-05,0.4545454545454545,0.171968787515006,0.2825766670304485
20,575,Sort1,4.9110723,2.6760297,1.3579514421340711e-05,0.3333333333333333,0.0981392557022809,0.2351940776310524
20,576,Pla2g4a,4.8745255,2.3534725,1.6188794376726265e-05,0.3333333333333333,0.0922869147659063,0.2410464185674269
20,577,Hspb11,4.8662224,2.2092624,1.6822696522719488e-05,0.4848484848484848,0.1944777911164465,0.2903706937320383
20,578,BC029214,4.8627715,2.0377433,1.7103335575263075e-05,0.5757575757575758,0.2689075630252101,0.3068500127323657
20,579,Zc2hc1a,4.8201222,2.1913302,2.089745384313488e-05,0.4848484848484848,0.1935774309723889,0.2912710538760959
20,580,Safb2,4.816356,2.5500207,2.1276665117115885e-05,0.3636363636363636,0.1156962785114045,0.247940085124959
20,581,Znhit2,4.7998724,2.3009086,2.306409106587836e-05,0.4545454545454545,0.1773709483793517,0.2771745061661028
20,582,Gramd2,4.7691936,2.709621,2.661061784469437e-05,0.303030303030303,0.0841836734693877,0.2188466295609152
20,583,Prom1,4.739328,2.3832908,3.042250603806055e-05,0.3636363636363636,0.1191476590636254,0.2444887045727382
20,584,Bnip3,4.7381654,2.277909,3.057100022617194e-05,0.3636363636363636,0.1173469387755102,0.2462894248608534
20,585,Slc23a2,4.6794524,2.1015162,4.035602505206899e-05,0.4848484848484848,0.1929771908763505,0.2918712939721343
20,586,Fas,4.6092596,2.1408176,5.5807757673126526e-05,0.3333333333333333,0.0984393757503001,0.2348939575830332
20,587,Cnksr1,4.580815,2.5012157,6.325071321654365e-05,0.303030303030303,0.088985594237695,0.2140447087926079
20,588,Nfkb1,4.5777965,2.4028895,6.411671475589607e-05,0.3939393939393939,0.1479591836734693,0.2459802102659245
20,589,Maz,4.571379,2.2330425,6.600237304242285e-05,0.3333333333333333,0.104891956782713,0.2284413765506202
20,590,Ppp1r16a,4.5383196,2.4380286,7.598096597588142e-05,0.3636363636363636,0.1269507803121248,0.2366855833242388
20,591,Spata6,4.5018063,2.6228058,8.947950752298473e-05,0.303030303030303,0.0907863145258103,0.2122439885044927
20,592,Gars,4.4973197,2.3739471,9.116667147428029e-05,0.303030303030303,0.0897358943577431,0.2132944086725599
20,593,Hectd1,4.493818,2.2622378,9.26047279076865e-05,0.4242424242424242,0.1716686674669868,0.2525737567754375
20,594,Dym,4.4904256,2.7341003,9.401608878553053e-05,0.303030303030303,0.0949879951980792,0.2080423078322238
20,595,Oxld1,4.4751215,2.301015,0.0001004418793357,0.303030303030303,0.0895858343337334,0.2134444686965695
20,596,Gch1,4.470736,2.2634687,0.0001024416257138,0.3636363636363636,0.1263505402160864,0.2372858234202772
20,597,Lfng,4.4626617,2.1192198,0.0001062100633689,0.3333333333333333,0.1042917166866746,0.2290416166466586
20,598,Swt1,4.345728,2.0721514,0.0001778668969379,0.3636363636363636,0.1286014405762305,0.2350349230601331
20,599,Odc1,4.341775,2.288219,0.0001809565964422,0.3636363636363636,0.1326530612244898,0.2309833024118738
20,600,Galk1,4.328466,2.231703,0.0001907541263547,0.4545454545454545,0.2190876350540216,0.2354578194914329
20,601,Lsg1,4.3245716,2.4274719,0.0001937113825823,0.303030303030303,0.0940876350540216,0.2089426679762814
20,602,Atp13a3,4.3184233,2.0276158,0.0001985658193772,0.4545454545454545,0.1992797118847539,0.2552657426607006
20,603,Bbip1,4.2746477,2.157872,0.0002362531008986,0.3939393939393939,0.1571128451380552,0.2368265488013387
20,604,Lyrm2,4.254738,2.3159487,0.0002563580926912,0.303030303030303,0.0982893157262905,0.2047409873040125
20,605,Adgre5,4.253501,2.1437545,0.0002575865506476,0.3939393939393939,0.1556122448979592,0.2383271490414347
20,606,Rtca,4.2278185,2.1775918,0.0002864625715006,0.3636363636363636,0.1358043217286914,0.2278320419076721
20,607,Abcc1,4.1499877,2.1725693,0.0003968861401575,0.303030303030303,0.0996398559423769,0.203390447087926
20,608,Spg7,4.1492906,2.0299304,0.0003978072288319,0.3333333333333333,0.1153961584633853,0.2179371748699479
20,609,Traf3ip2,4.142801,2.210216,0.0004083463230961,0.303030303030303,0.0984393757503001,0.2045909272800029
20,610,Cenpv,4.110015,2.3024855,0.000466819174998,0.3333333333333333,0.1201980792316926,0.2131352541016406
20,611,Fam122a,4.10614,2.1390946,0.0004742876287661,0.3636363636363636,0.1374549819927971,0.2261813816435665
20,612,Klc1,4.083422,2.0744822,0.0005191378497285,0.303030303030303,0.0987394957983193,0.2042908072319837
20,613,Fam76a,4.022086,2.1110857,0.0006583787630669,0.303030303030303,0.0984393757503001,0.2045909272800029
20,614,Lpgat1,4.0141397,2.1160758,0.0006793027851934,0.3636363636363636,0.1457082833133253,0.2179280803230383
20,615,Hspbp1,4.014057,2.0032372,0.0006793027851934,0.3939393939393939,0.1676170468187275,0.2263223471206664
20,616,Cep170b,4.008867,2.1085854,0.0006939238567065,0.3636363636363636,0.1479591836734693,0.2156771799628942
20,617,Baz2b,4.0061483,2.1057484,0.0007014689430058,0.3333333333333333,0.1222989195678271,0.2110344137655062
20,618,Sp3os,3.9469855,2.1774967,0.0008829912207693,0.3333333333333333,0.1248499399759903,0.2084833933573429
20,619,Fbxw9,3.8796854,2.0846329,0.0011382928810823,0.3333333333333333,0.1280012004801921,0.2053321328531412
21,1,Zp3,27.135622,7.4901967,6.138512541927677e-158,0.4090909090909091,0.0035955056179775,0.4054954034729316
21,2,Spata18,23.537533,6.0134144,6.906994817019149e-119,0.6363636363636364,0.0134831460674157,0.6228804902962206
21,3,1700024G13Rik,23.084711,6.1525908,1.5451340215369663e-114,0.9090909090909092,0.0302621722846441,0.8788287368062648
21,4,1700013F07Rik,21.95479,6.071799,1.5978500775707718e-103,0.8181818181818182,0.0271161048689138,0.7910657133129044
21,5,Dnajb13,21.556963,5.739584,8.301557548167278e-100,0.8636363636363636,0.0313108614232209,0.8323255022131427
21,6,Gm13580,21.17286,6.3267355,2.5336038355648712e-96,0.4545454545454545,0.0083895131086142,0.4461559414368403
21,7,Stkld1,21.058676,6.7767496,2.6026364670176164e-95,0.3636363636363636,0.0052434456928838,0.3583929179434797
21,8,Tekt3,20.983625,6.2188754,1.1677584793835408e-94,0.3636363636363636,0.0052434456928838,0.3583929179434797
21,9,Lrrc34,20.714592,5.7546787,2.9974397362263804e-92,0.8181818181818182,0.0305617977528089,0.7876200204290092
21,10,Lrrc46,20.681536,5.9967575,5.554197034706312e-92,0.8181818181818182,0.0310112359550561,0.7871705822267621
21,11,Zmynd12,19.87902,5.816882,4.609328383207703e-85,0.8181818181818182,0.0334082397003745,0.7847735784814437
21,12,1700001C02Rik,19.75326,6.383517,5.3626289169097615e-84,1.0,0.0525842696629213,0.9474157303370788
21,13,Zmynd10,19.570232,5.650588,1.8199122850216212e-82,0.8636363636363636,0.038501872659176,0.8251344909771876
21,14,1700018A04Rik,19.545668,6.5381308,2.8328077698419006e-82,0.2727272727272727,0.0032958801498127,0.2694313925774599
21,15,Rsph14,19.389563,6.036756,5.742602378626948e-81,0.6363636363636364,0.0209737827715355,0.6153898535921007
21,16,Tekt4,19.33138,5.9897294,1.713251216589669e-80,0.8636363636363636,0.0401498127340824,0.8234865509022813
21,17,6820408C15Rik,19.075027,5.424095,2.226191599092868e-78,0.8636363636363636,0.04,0.8236363636363636
21,18,Fgd2,19.051746,5.5407352,3.3619604160470017e-78,0.6363636363636364,0.0212734082397003,0.615090228123936
21,19,Calml4,19.018646,6.3777156,6.126231656397144e-78,0.9090909090909092,0.0470411985018726,0.8620497105890363
21,20,Catip,18.788227,5.174128,4.6855566024702435e-76,0.7727272727272727,0.0325093632958801,0.7402179094313925
21,21,Tekt2,18.680101,5.7451463,3.467482996922937e-75,0.5454545454545454,0.0163295880149812,0.5291249574395641
21,22,4932443I19Rik,18.655571,5.5881925,5.331788518660288e-75,0.8636363636363636,0.0422471910112359,0.8213891726251277
21,23,Cfap70,18.570753,5.9512105,2.524846868924822e-74,0.6363636363636364,0.0229213483146067,0.6134422880490296
21,24,Fank1,18.475088,5.4227176,1.4525607773051134e-73,0.7727272727272727,0.0343071161048689,0.7384201566224038
21,25,Sntn,18.402637,6.753798,5.4003891487875173e-73,0.9545454545454546,0.057378277153558,0.8971671773918966
21,26,Hrk,18.388527,6.7470136,6.826694856000332e-73,0.2272727272727272,0.0025468164794007,0.2247259107933265
21,27,Efcab1,18.354963,5.4871593,1.1765196722229118e-72,0.7727272727272727,0.0350561797752809,0.7376710929519918
21,28,1700040L02Rik,18.300058,5.471027,3.152862707134276e-72,0.7272727272727273,0.0310112359550561,0.6962614913176711
21,29,Hdc,18.277903,6.795247,4.626081709168781e-72,0.9545454545454546,0.057378277153558,0.8971671773918966
21,30,Odf3b,18.204115,5.8405666,1.744801714071817e-71,0.9090909090909092,0.0503370786516853,0.8587538304392237
21,31,Erich2,18.146847,6.34394,4.848490816011943e-71,0.9090909090909092,0.0524344569288389,0.8566564521620701
21,32,Efcab10,18.13184,5.860968,6.235113244854528e-71,0.7272727272727273,0.0317602996254681,0.6955124276472592
21,33,3300002A11Rik,18.108461,6.877308,9.3375212951066e-71,0.9545454545454546,0.0587265917602996,0.895818862785155
21,34,Pifo,18.082144,6.61992,1.4747850093346028e-70,1.0,0.0657677902621722,0.9342322097378276
21,35,1700026L06Rik,18.017082,6.0185866,4.6938127697634416e-70,0.9545454545454546,0.0570786516853932,0.8974668028600613
21,36,Gm12144,17.997124,6.972505,6.599119590052836e-70,0.2272727272727272,0.0026966292134831,0.2245760980592441
21,37,6430531B16Rik,17.986284,5.308575,7.870491320799932e-70,0.7272727272727273,0.0317602996254681,0.6955124276472592
21,38,Fam166b,17.943708,5.64211,1.6631593796866762e-69,0.8181818181818182,0.0414981273408239,0.7766836908409943
21,39,Morn5,17.872658,6.0559773,5.849469142954148e-69,0.8181818181818182,0.0425468164794007,0.7756350017024175
21,40,Lrrc74b,17.849443,5.5821514,8.705302374043667e-69,0.7272727272727273,0.0328089887640449,0.6944637385086824
21,41,Gm29538,17.845144,5.8141713,9.233917095716307e-69,0.8636363636363636,0.0473408239700374,0.8162955396663262
21,42,Ccdc113,17.791035,5.6625876,2.386358643630202e-68,0.9090909090909092,0.0519850187265917,0.8571058903643173
21,43,1700016K19Rik,17.70874,6.747795,1.015226459790381e-67,1.0,0.0671161048689138,0.9328838951310862
21,44,1700001L19Rik,17.603199,5.8364487,6.471241610231151e-67,0.8636363636363636,0.0492883895131086,0.814347974123255
21,45,Tekt1,17.506708,5.941097,3.4811102304471684e-66,0.8636363636363636,0.0492883895131086,0.814347974123255
21,46,Meig1,17.472893,6.3103404,6.197626927901955e-66,1.0,0.0696629213483146,0.9303370786516854
21,47,Gm973,17.439436,5.3102813,1.095528740333721e-65,0.6818181818181818,0.0296629213483146,0.6521552604698672
21,48,1700101E01Rik,17.42187,5.417121,1.4658566465869084e-65,0.8181818181818182,0.0437453183520599,0.7744364998297583
21,49,Adhfe1,17.404724,5.9202237,1.8878830322960132e-65,0.3636363636363636,0.0080898876404494,0.3555464759959142
21,50,Tmem232,17.333609,5.449147,6.327428586604544e-65,0.5909090909090909,0.0224719101123595,0.5684371807967314
21,51,Dnaaf3,17.221903,5.1566877,4.2621030701638e-64,0.7727272727272727,0.0395505617977528,0.7331767109295199
21,52,Tctex1d4,17.194338,6.4018526,6.763336835260225e-64,0.9545454545454546,0.0642696629213483,0.8902757916241063
21,53,2410004P03Rik,17.141254,5.671808,1.6642121505998046e-63,0.8636363636363636,0.0510861423220973,0.8125502213142662
21,54,Morn3,17.036036,5.8076005,9.971198144850396e-63,0.6818181818181818,0.0317602996254681,0.6500578821927137
21,55,Enkur,16.994032,5.8119016,2.0150884640538187e-62,0.8636363636363636,0.0536329588014981,0.8100034048348655
21,56,1700007G11Rik,16.97967,5.4840293,2.5396679226316296e-62,0.8181818181818182,0.0461423220973782,0.77203949608444
21,57,Dmkn,16.965595,6.267366,3.185199987879606e-62,1.0,0.0734082397003745,0.9265917602996254
21,58,Lrrc71,16.91633,5.316076,7.263843902726609e-62,0.5454545454545454,0.0199250936329588,0.5255294518215866
21,59,Dnali1,16.911745,5.842571,7.751095640750821e-62,0.8181818181818182,0.0480898876404494,0.7700919305413688
21,60,Cetn4,16.877962,6.1803718,1.3569828291882662e-61,0.9090909090909092,0.0615730337078651,0.8475178753830439
21,61,Efhc1,16.851229,5.0060296,2.1066532751067968e-61,0.6818181818181818,0.0314606741573033,0.6503575076608784
21,62,Ldlrad1,16.680574,5.184374,3.6743989681240225e-60,0.7727272727272727,0.0414981273408239,0.7312291453864488
21,63,Saxo2,16.652094,5.5028615,5.844224082938384e-60,0.7727272727272727,0.0434456928838951,0.7292815798433776
21,64,Ak8,16.585297,5.236092,1.7591523912139817e-59,0.7272727272727273,0.0373033707865168,0.6899693564862104
21,65,Gm867,16.519197,5.71036,5.2116532878952495e-59,0.8181818181818182,0.0492883895131086,0.7688934286687096
21,66,Lrrc6,16.49121,5.5679145,8.188160033418982e-59,0.5454545454545454,0.0212734082397003,0.524181137214845
21,67,Fam183b,16.490406,6.8594694,8.20150954622584e-59,1.0,0.0788014981273408,0.9211985018726592
21,68,Dnaic2,16.487911,5.1074615,8.448992880515594e-59,0.6818181818181818,0.0329588014981273,0.6488593803200544
21,69,1700026D08Rik,16.466116,5.3043447,1.197764995719808e-58,0.7272727272727273,0.038501872659176,0.6887708546135513
21,70,Dydc2,16.375286,5.3684454,5.291689268610353e-58,0.5,0.0178277153558052,0.4821722846441947
21,71,Ccdc153,16.235376,7.391036,5.166347763601668e-57,1.0,0.0819475655430711,0.9180524344569287
21,72,1700029J07Rik,16.222744,5.2553463,6.277130335014371e-57,0.7272727272727273,0.0398501872659176,0.6874225400068097
21,73,Akap14,16.132055,5.3926864,2.7076190806767496e-56,0.5,0.0184269662921348,0.4815730337078652
21,74,Tm4sf1,16.058792,5.420175,8.749235266930005e-56,0.9090909090909092,0.0635205992509363,0.8455703098399727
21,75,1110017D15Rik,16.038656,7.165946,1.1973445572383959e-55,1.0,0.0844943820224719,0.915505617977528
21,76,Fam92b,16.011312,5.624634,1.839300343943449e-55,0.7727272727272727,0.0468913857677902,0.7258358869594824
21,77,2610028H24Rik,15.993709,5.533915,2.4150450672628045e-55,0.8181818181818182,0.0527340823970037,0.7654477357848145
21,78,Lrrc48,15.975655,5.597796,3.1933045057996368e-55,0.8181818181818182,0.0534831460674157,0.7646986721144025
21,79,D430036J16Rik,15.924599,5.552643,7.15872670002836e-55,0.5909090909090909,0.0272659176029962,0.5636431733060947
21,80,AI317395,15.811708,5.518188,4.2374563292351203e-54,0.2727272727272727,0.0053932584269662,0.2673340143003064
21,81,Ccdc89,15.664671,5.357068,4.283608436457146e-53,0.3181818181818182,0.0076404494382022,0.3105413687436159
21,82,Fam216b,15.644176,5.2613664,5.853775576074977e-53,0.5,0.019625468164794,0.480374531835206
21,83,Spag16,15.60143,5.130914,1.1118562332303116e-52,0.4545454545454545,0.0161797752808988,0.4383656792645556
21,84,Wdr38,15.557084,5.091726,2.2039606298246987e-52,0.4090909090909091,0.0130337078651685,0.3960572012257405
21,85,1700003M02Rik,15.48466,4.9951763,6.75017073501645e-52,0.7727272727272727,0.0488389513108614,0.7238883214164112
21,86,Tmem212,15.374641,6.5468526,3.677757962989763e-51,1.0,0.0877902621722846,0.9122097378277154
21,87,Dynlrb2,15.355237,7.3693156,4.9160209147027483e-51,1.0,0.0951310861423221,0.904868913857678
21,88,Gm15402,15.35231,5.0509615,5.0961945219693833e-51,0.5454545454545454,0.0242696629213483,0.5211848825331971
21,89,Cfap52,15.192591,4.788711,5.850476392219319e-50,0.6818181818181818,0.038501872659176,0.6433163091590057
21,90,1700007K13Rik,15.1705,6.6533227,8.120439110603713e-50,1.0,0.0955805243445692,0.9044194756554308
21,91,Spag6,15.154834,4.9375343,1.0216987104542352e-49,0.6818181818181818,0.039250936329588,0.6425672454885938
21,92,4833427G06Rik,15.153706,4.973273,1.0302698268430231e-49,0.6363636363636364,0.0341573033707865,0.6022063329928499
21,93,Fam81a,15.15281,5.565672,1.0353298939014653e-49,0.3181818181818182,0.0082397003745318,0.3099421178072863
21,94,Rsph1,15.149271,6.838151,1.0831976204967799e-49,1.0,0.0975280898876404,0.9024719101123596
21,95,Traf3ip1,14.996102,5.06361,1.0821721389803851e-48,0.8636363636363636,0.0677153558052434,0.7959210078311202
21,96,Ak1,14.989055,5.06266,1.193237791048385e-48,0.7727272727272727,0.0534831460674157,0.7192441266598569
21,97,BC051019,14.984372,5.141259,1.2697074265766212e-48,0.8636363636363636,0.066067415730337,0.7975689479060266
21,98,Ccdc65,14.963971,5.0253825,1.711420461849555e-48,0.5,0.0214232209737827,0.4785767790262172
21,99,Stmnd1,14.931288,5.2671447,2.7726493773478005e-48,0.7727272727272727,0.0533333333333333,0.7193939393939394
21,100,Ttr,14.915093,6.7241964,3.505648511400232e-48,0.6363636363636364,0.0367041198501872,0.5996595165134491
21,101,Ccdc96,14.818752,5.255656,1.4658321923561306e-47,0.4090909090909091,0.0145318352059925,0.3945590738849166
21,102,Ankrd42,14.765856,5.1253023,3.1911590844293503e-47,0.5454545454545454,0.0266666666666666,0.5187878787878788
21,103,Cdkl4,14.760507,5.0130806,3.427213704970654e-47,0.4090909090909091,0.0145318352059925,0.3945590738849166
21,104,Mdh1b,14.694398,5.038363,9.042300580569863e-47,0.4545454545454545,0.0182771535580524,0.4362683009874021
21,105,1700028P14Rik,14.68726,5.0046577,9.968313201165762e-47,0.5909090909090909,0.0313108614232209,0.55959822948587
21,106,Myl4,14.662435,5.3614163,1.426217237257165e-46,0.5909090909090909,0.0319101123595505,0.5589989785495404
21,107,Ccdc17,14.657786,4.7003217,1.5155159494508622e-46,0.8636363636363636,0.0680149812734082,0.7956213823629554
21,108,4931429I11Rik,14.647979,5.444358,1.7375501837335095e-46,0.2272727272727272,0.0043445692883895,0.2229281579843377
21,109,Gm19412,14.632566,5.300152,2.146841258400833e-46,0.4090909090909091,0.0149812734082397,0.3941096356826694
21,110,Dcdc2a,14.618811,4.9804363,2.6081135597591447e-46,0.4090909090909091,0.0148314606741573,0.3942594484167518
21,111,Dcdc2b,14.580462,4.739158,4.543401276357061e-46,0.6363636363636364,0.0364044943820224,0.5999591419816139
21,112,Maats1,14.490275,4.7649193,1.6832909593543412e-45,0.5,0.0226217228464419,0.4773782771535581
21,113,Ccdc30,14.397963,4.9349403,6.379846787639603e-45,0.5909090909090909,0.0328089887640449,0.558100102145046
21,114,Rd3,14.382412,5.378825,7.930437477547414e-45,0.3636363636363636,0.0121348314606741,0.3515015321756894
21,115,Mlf1,14.375278,6.7098584,8.728105573051639e-45,1.0,0.1108614232209737,0.8891385767790262
21,116,Cfap126,14.339015,6.3751764,1.4622062304015798e-44,1.0,0.1102621722846441,0.8897378277153558
21,117,Ctxn1,14.260555,5.073815,4.419978074349597e-44,0.8181818181818182,0.0663670411985018,0.7518147769833163
21,118,Ppp1r32,14.25013,4.7695594,5.096231659455746e-44,0.5454545454545454,0.0280149812734082,0.5174395641811371
21,119,Fhit,14.226114,5.4298506,7.136304863585489e-44,0.6818181818181818,0.0468913857677902,0.6349267960503915
21,120,Ccdc146,14.223287,5.2589245,7.379763494812152e-44,0.5909090909090909,0.0341573033707865,0.5567517875383045
21,121,Wdr19,14.167833,5.005827,1.6167069746072117e-43,0.5909090909090909,0.0341573033707865,0.5567517875383045
21,122,Nme5,14.157074,5.6601224,1.8714949404731468e-43,0.9090909090909092,0.0889887640449438,0.8201021450459652
21,123,Ccdc74a,14.139747,5.369738,2.3624223441592494e-43,0.5454545454545454,0.0293632958801498,0.5160912495743956
21,124,Wfdc3,14.136556,5.2484727,2.4455127315322045e-43,0.3636363636363636,0.0125842696629213,0.3510520939734423
21,125,4430402I18Rik,13.988227,5.2869463,1.933845675250035e-42,0.5909090909090909,0.0356554307116104,0.5552536601974805
21,126,Fam47e,13.956571,4.5533977,2.997210728241864e-42,0.8181818181818182,0.0665168539325842,0.7516649642492339
21,127,Kcnmb2,13.934171,4.580779,4.0767268966990996e-42,0.5,0.0242696629213483,0.4757303370786517
21,128,Spa17,13.93008,5.4778285,4.289885856528596e-42,1.0,0.1144569288389513,0.8855430711610487
21,129,Ampd1,13.88395,5.178494,8.123956140875997e-42,0.3636363636363636,0.0130337078651685,0.3506026557711951
21,130,Spata17,13.826246,5.41031,1.8032886145894503e-41,0.3181818181818182,0.0100374531835206,0.3081443649982975
21,131,Ulk4,13.822563,4.7984695,1.8862722377502004e-41,0.5454545454545454,0.0301123595505618,0.5153421859039836
21,132,Fsip1,13.76615,5.321382,4.098698697749383e-41,0.3636363636363636,0.0133333333333333,0.3503030303030303
21,133,Ttll9,13.7547,4.5684733,4.7728788309332e-41,0.4090909090909091,0.016629213483146,0.392461695607763
21,134,Wfdc13,13.747337,5.3292027,5.252138087078786e-41,0.2727272727272727,0.0073408239700374,0.2653864487572352
21,135,Chia1,13.743194,5.010277,5.528138770959523e-41,0.4090909090909091,0.0169288389513108,0.3921620701395982
21,136,Prr29,13.712213,5.1332197,8.37631564550541e-41,0.8636363636363636,0.0814981273408239,0.7821382362955397
21,137,Fbxo36,13.709278,5.9059625,8.67042742390869e-41,1.0,0.1222471910112359,0.8777528089887641
21,138,Cfap45,13.691097,4.7646265,1.1056388247767158e-40,0.7727272727272727,0.0630711610486891,0.7096561116785836
21,139,Gm8579,13.690773,5.020644,1.1056388247767158e-40,0.6363636363636364,0.0417977528089887,0.5945658835546476
21,140,Lrrc23,13.641577,5.276448,2.1608133020974193e-40,0.6363636363636364,0.0431460674157303,0.593217568947906
21,141,Gtsf1l,13.517618,4.658605,1.1670058637846338e-39,0.5909090909090909,0.0365543071161048,0.5543547837929861
21,142,Ubxn11,13.460105,4.442598,2.5311544763887907e-39,0.6818181818181818,0.0488389513108614,0.6329792305073203
21,143,D630024D03Rik,13.409776,4.89626,4.9388085911918665e-39,0.5,0.0266666666666666,0.4733333333333333
21,144,Klhdc9,13.402355,5.145134,5.42755495729867e-39,0.4545454545454545,0.0223220973782771,0.4322233571671773
21,145,Wdr31,13.366147,4.640539,8.78596477832559e-39,0.6363636363636364,0.0438951310861423,0.5924685052774941
21,146,Kcnrg,13.32485,5.135954,1.5038618785837782e-38,0.3181818181818182,0.0107865168539325,0.3073953013278856
21,147,Mns1,13.279756,4.674005,2.7042399601172727e-38,0.5909090909090909,0.0380524344569288,0.5528566564521621
21,148,Ccdc78,13.240464,4.371023,4.541842157000952e-38,0.6363636363636364,0.0435955056179775,0.5927681307456588
21,149,Gm11992,13.060969,4.779555,4.825823011119968e-37,0.4545454545454545,0.0232209737827715,0.431324480762683
21,150,Spef1,13.002028,4.9226017,1.039371091830731e-36,0.8181818181818182,0.0801498127340823,0.7380320054477358
21,151,4930444P10Rik,12.965669,4.7765737,1.6622541878414512e-36,0.4545454545454545,0.0235205992509363,0.4310248552945181
21,152,Iqcg,12.955413,4.5923104,1.890038970779296e-36,0.5909090909090909,0.04,0.5509090909090909
21,153,Iqub,12.898675,5.004123,3.911496806458094e-36,0.3181818181818182,0.0115355805243445,0.3066462376574736
21,154,Hmgcs2,12.873097,5.401644,5.365377250975473e-36,0.3181818181818182,0.0116853932584269,0.3064964249233912
21,155,Agbl2,12.855127,4.758175,6.735558783975242e-36,0.3181818181818182,0.0115355805243445,0.3066462376574736
21,156,Ccdc181,12.846468,5.1229377,7.495122134958304e-36,0.9545454545454546,0.1198501872659176,0.834695267279537
21,157,Smim5,12.812136,4.7859306,1.1614998319643876e-35,0.9090909090909092,0.1038202247191011,0.8052706843718079
21,158,Pih1d2,12.799212,4.833594,1.3650031521803178e-35,0.7272727272727273,0.0657677902621722,0.661504937010555
21,159,1700003E16Rik,12.649884,4.8116646,9.142096545312567e-35,0.3636363636363636,0.0157303370786516,0.3479060265577119
21,160,Treml1,12.625263,5.3787107,1.2440997245598899e-34,0.2727272727272727,0.0088389513108614,0.2638883214164113
21,161,Lrrc36,12.57096,4.2166305,2.4641591522238396e-34,0.4545454545454545,0.0244194756554307,0.4301259788900238
21,162,Uckl1os,12.493708,4.602307,6.495968649088807e-34,0.4090909090909091,0.0203745318352059,0.3887163772557031
21,163,1700019L03Rik,12.426253,4.7679167,1.5061107274715422e-33,0.3636363636363636,0.0163295880149812,0.3473067756213823
21,164,Lrriq1,12.373186,4.9591947,2.9063977759287693e-33,0.2727272727272727,0.0091385767790262,0.2635886959482464
21,165,RP23-356N23.5,12.36327,4.9823456,3.272361727820651e-33,0.3636363636363636,0.0164794007490636,0.3471569628872999
21,166,Aoc1,12.337818,4.861262,4.4685441072911906e-33,0.6818181818181818,0.0587265917602996,0.6230915900578822
21,167,Ppil6,12.30288,4.6780896,6.858678353623298e-33,0.8181818181818182,0.0898876404494382,0.72829417773238
21,168,Ccdc151,12.163424,4.0911875,3.678894234158318e-32,0.4090909090909091,0.0209737827715355,0.3881171263193735
21,169,Gm26717,12.154928,4.75105,4.0633307163044405e-32,0.3636363636363636,0.0170786516853932,0.3465577119509704
21,170,Cfap44,12.152759,4.4808736,4.153575984942054e-32,0.4090909090909091,0.0214232209737827,0.3876676881171263
21,171,Fam229b,12.142465,4.3188224,4.683791416893844e-32,0.5909090909090909,0.0453932584269662,0.5455158324821247
21,172,Rsph10b,12.131971,4.8780036,5.282825835539325e-32,0.3636363636363636,0.0172284644194756,0.3464078992168879
21,173,Cfap69,12.099592,4.629205,7.771217029515455e-32,0.5,0.0328089887640449,0.4671910112359551
21,174,Gm166,12.044391,5.2081394,1.513304476381731e-31,0.9090909090909092,0.1258426966292135,0.7832482124616955
21,175,Acox2,12.0339365,4.5388184,1.71013401945091e-31,0.6363636363636364,0.055131086142322,0.5812325502213143
21,176,Btg4,11.936594,5.0814857,5.5115893471053545e-31,0.2727272727272727,0.0098876404494382,0.2628396322778345
21,177,Acot1,11.864438,4.510493,1.3028349420280758e-30,0.8181818181818182,0.0954307116104868,0.7227511065713313
21,178,Pacrg,11.839512,4.3581266,1.7465895672453684e-30,0.5454545454545454,0.0402996254681648,0.5051549199863806
21,179,Ccdc170,11.829648,4.87826,1.9559144442916923e-30,0.2727272727272727,0.0100374531835206,0.2626898195437521
21,180,Ccdc121,11.774676,4.8046436,3.743041786907815e-30,0.3636363636363636,0.0182771535580524,0.3453592100783112
21,181,Ttc25,11.749858,4.7422113,5.0007156082577245e-30,0.4545454545454545,0.0289138576779026,0.4256315968675519
21,182,Spata33,11.727597,4.6535015,6.478367531032493e-30,0.4090909090909091,0.0232209737827715,0.3858699353081375
21,183,Mok,11.725624,4.1735206,6.602710049228666e-30,0.7272727272727273,0.0726591760299625,0.6546135512427648
21,184,Spag8,11.685138,4.463526,1.0596624764028258e-29,0.4545454545454545,0.0284644194756554,0.4260810350697991
21,185,Ppp1r36,11.663979,4.537227,1.3532699800752998e-29,0.7272727272727273,0.0761048689138576,0.6511678583588696
21,186,Supt20,11.645925,4.366165,1.6656791007016488e-29,0.8636363636363636,0.1105617977528089,0.7530745658835547
21,187,Tcp11,11.635683,4.5636487,1.8703240480570546e-29,0.4545454545454545,0.0292134831460674,0.4253319713993871
21,188,Ubxn10,11.634301,4.3024073,1.892898990198106e-29,0.6818181818181818,0.0666666666666666,0.6151515151515151
21,189,Ckb,11.6262245,4.8912935,2.0720780777848648e-29,0.6818181818181818,0.0672659176029962,0.6145522642151855
21,190,4931406C07Rik,11.623902,4.6543937,2.12038397442412e-29,0.9545454545454546,0.1487640449438202,0.8057814096016344
21,191,Ccdc39,11.580004,4.4468446,3.5271521016339693e-29,0.3636363636363636,0.0185767790262172,0.3450595846101464
21,192,Ttc16,11.558279,4.5231204,4.524715611983844e-29,0.3636363636363636,0.0187265917602996,0.344909771876064
21,193,Drc1,11.554952,4.5587173,4.684122506268815e-29,0.5,0.0359550561797752,0.4640449438202247
21,194,Fhad1,11.543889,4.2776427,5.305841866431568e-29,0.4545454545454545,0.0292134831460674,0.4253319713993871
21,195,Dnaaf1,11.505462,4.47621,8.222036376811852e-29,0.3636363636363636,0.018876404494382,0.3447599591419816
21,196,Spef2,11.430909,4.664282,1.9146928836966753e-28,0.3636363636363636,0.0193258426966292,0.3443105209397344
21,197,1700088E04Rik,11.405436,4.763611,2.556504049511897e-28,0.9090909090909092,0.1349812734082397,0.7741096356826693
21,198,Ift172,11.396129,4.6962576,2.833726121793193e-28,0.9090909090909092,0.137378277153558,0.7717126319373511
21,199,Gm12695,11.372855,4.852858,3.6862835058090556e-28,0.2272727272727272,0.0074906367041198,0.2197820905686074
21,200,Slc35g3,11.347889,4.7758584,4.886537508856221e-28,0.3181818181818182,0.0149812734082397,0.3032005447735785
21,201,Lrrc51,11.300071,5.720603,8.39985127256662e-28,1.0,0.19625468164794,0.80374531835206
21,202,Ttc12,11.292492,4.418692,9.121169225989538e-28,0.4090909090909091,0.0248689138576779,0.3842219952332312
21,203,Styxl1,11.24227,5.013767,1.6070208698609524e-27,0.2727272727272727,0.0112359550561797,0.2614913176710929
21,204,Crip3,11.237511,4.605599,1.6894993823896676e-27,0.2727272727272727,0.0110861423220973,0.2616411304051753
21,205,Ccdc114,11.229209,4.51951,1.8488454922448623e-27,0.4090909090909091,0.0251685393258426,0.3839223697650664
21,206,Plcb3,11.184517,4.477123,3.0394525600153687e-27,0.7727272727272727,0.0987265917602996,0.6740006809669731
21,207,Ribc1,11.107782,4.464386,7.062866987995029e-27,0.4090909090909091,0.0257677902621722,0.3833231188287368
21,208,Cfap221,11.101745,5.2805324,7.528484345729082e-27,0.2272727272727272,0.007940074906367,0.2193326523663602
21,209,Vpreb3,11.083503,5.581558,9.197576542800616e-27,0.9545454545454546,0.1736329588014981,0.7809124957439565
21,210,4933434E20Rik,11.081867,5.7146654,9.332469702212634e-27,0.9545454545454546,0.1725842696629213,0.7819611848825332
21,211,Wdr20rt,11.079721,5.041638,9.523569468790519e-27,0.2272727272727272,0.007940074906367,0.2193326523663602
21,212,Lrguk,11.067889,4.9715886,1.0828293805038192e-26,0.2727272727272727,0.0115355805243445,0.2611916922029281
21,213,Cep126,11.033272,4.179698,1.5865021507287407e-26,0.3636363636363636,0.0203745318352059,0.3432618318011576
21,214,Riiad1,10.992126,5.924648,2.4959705300570038e-26,1.0,0.2098876404494382,0.7901123595505618
21,215,Ttc39a,10.966915,4.619171,3.287427555815469e-26,0.7727272727272727,0.1050187265917603,0.6677085461355124
21,216,Dnaic1,10.962325,4.437788,3.4459822308468444e-26,0.3181818181818182,0.015880149812734,0.3023016683690841
21,217,Med9os,10.949405,5.217097,3.960273250990686e-26,0.3181818181818182,0.0163295880149812,0.3018522301668369
21,218,Fam179a,10.908708,4.6488934,6.156814356866767e-26,0.5,0.0410486891385767,0.4589513108614232
21,219,Tex26,10.866314,4.7626996,9.70130191521424e-26,0.3181818181818182,0.0163295880149812,0.3018522301668369
21,220,Oscp1,10.863923,4.1092353,9.923526806985208e-26,0.6818181818181818,0.0741573033707865,0.6076608784473952
21,221,Psmc3ip,10.841811,4.345129,1.2595829161774486e-25,0.5,0.0408988764044943,0.4591011235955056
21,222,Mycbp,10.794776,4.525688,2.0967361337433684e-25,0.9545454545454546,0.1830711610486891,0.7714742934967654
21,223,Rabl2,10.781716,4.2548594,2.408399164478816e-25,0.8636363636363636,0.1321348314606741,0.7315015321756895
21,224,Ccdc37,10.775897,4.1737165,2.556729524175496e-25,0.4545454545454545,0.0332584269662921,0.4212870275791623
21,225,Ropn1l,10.750848,4.8651147,3.3439508808154784e-25,0.5,0.0425468164794007,0.4574531835205992
21,226,Aldh3b1,10.627945,4.451327,1.2494592231532558e-24,0.9545454545454546,0.1761797752808988,0.7783656792645557
21,227,Mycbpap,10.624847,4.222995,1.2872017692078167e-24,0.4545454545454545,0.0344569288389513,0.4200885257065032
21,228,Nek2,10.6175785,4.5708175,1.3866863029782011e-24,0.3181818181818182,0.0170786516853932,0.3011031664964249
21,229,Cep41,10.607913,4.412081,1.5326048485877338e-24,0.2727272727272727,0.0124344569288389,0.2602928157984338
21,230,Cryaa,10.604988,4.807089,1.5759462737680792e-24,0.2727272727272727,0.0125842696629213,0.2601430030643513
21,231,Lrrc56,10.604529,4.52238,1.5783350513108051e-24,0.4090909090909091,0.0281647940074906,0.3809261150834185
21,232,Cfap57,10.601062,4.4880056,1.6324339281212353e-24,0.3181818181818182,0.0170786516853932,0.3011031664964249
21,233,Lrrc45,10.597635,4.0172987,1.6876496618747084e-24,0.6818181818181818,0.0791011235955056,0.6027170582226762
21,234,Csrp2,10.567038,4.5250845,2.3317335028726046e-24,0.9545454545454546,0.1856179775280899,0.7689274770173646
21,235,Ttc29,10.544218,4.3791623,2.9631617630784994e-24,0.3636363636363636,0.0224719101123595,0.3411644535240041
21,236,2300005B03Rik,10.528541,4.660849,3.488844051686827e-24,0.3636363636363636,0.0227715355805243,0.3408648280558393
21,237,Ccdc103,10.525618,4.5224786,3.5868868306388e-24,0.3636363636363636,0.0227715355805243,0.3408648280558393
21,238,Uox,10.518156,4.7357416,3.8696688648223454e-24,0.2727272727272727,0.0127340823970037,0.2599931903302689
21,239,1110032A03Rik,10.516115,4.341306,3.941355072678195e-24,1.0,0.2176779026217228,0.7823220973782772
21,240,Syt5,10.453134,4.0847373,7.648143550960795e-24,0.4545454545454545,0.0350561797752809,0.4194892747701736
21,241,Slc16a3,10.442943,4.2490172,8.459975642935207e-24,0.3636363636363636,0.0227715355805243,0.3408648280558393
21,242,Dynlt1a,10.401695,4.607794,1.2969624585467817e-23,0.2272727272727272,0.0089887640449438,0.2182839632277834
21,243,Ccpg1os,10.399906,4.642066,1.31727024141411e-23,0.9545454545454546,0.2016479400749063,0.7528975144705482
21,244,Trp53bp2,10.399016,3.9657962,1.325342231781057e-23,0.8181818181818182,0.1201498127340824,0.6980320054477358
21,245,Nek5,10.346776,4.108286,2.2825114449869854e-23,0.5,0.0438951310861423,0.4561048689138577
21,246,Sftpc,10.342849,5.1382356,2.362833062230837e-23,0.3181818181818182,0.0182771535580524,0.2999046646237657
21,247,Eno4,10.34087,4.2403803,2.4044725846235803e-23,0.3636363636363636,0.0232209737827715,0.3404153898535921
21,248,Wdr93,10.333393,4.614911,2.5912682154143763e-23,0.2727272727272727,0.0131835205992509,0.2595437521280218
21,249,Rab36,10.296177,4.3066983,3.805305744736468e-23,0.3181818181818182,0.0179775280898876,0.3002042900919305
21,250,Unc79,10.272691,4.214364,4.840513214643711e-23,0.2272727272727272,0.0091385767790262,0.218134150493701
21,251,Lhb,10.266992,3.7089498,5.11894322058758e-23,0.4545454545454545,0.035505617977528,0.4190398365679264
21,252,Wdr78,10.251595,3.9718204,5.98491757543765e-23,0.4090909090909091,0.0295131086142322,0.3795778004766769
21,253,Jam3,10.209231,4.4747295,9.211533784831004e-23,0.3636363636363636,0.0239700374531835,0.3396663261831801
21,254,Wnt11,10.202974,4.1210413,9.794334356756921e-23,0.4090909090909091,0.0299625468164794,0.3791283622744297
21,255,Bcas1,10.183268,4.4037304,1.1958927723946712e-22,0.2727272727272727,0.0134831460674157,0.2592441266598569
21,256,Hist1h4h,10.180859,4.5332665,1.222081114510109e-22,0.4090909090909091,0.0311610486891385,0.3779298604017705
21,257,Foxj1,10.177432,4.203923,1.2619868649127117e-22,0.8181818181818182,0.127191011235955,0.6909908069458632
21,258,Chek2,10.161463,4.1673965,1.4822402405944311e-22,0.5,0.0452434456928838,0.4547565543071161
21,259,Bbox1,10.115922,4.319242,2.3552012074112803e-22,0.2727272727272727,0.0136329588014981,0.2590943139257746
21,260,Gm1673,10.112585,4.188453,2.4294128647111013e-22,0.4545454545454545,0.037752808988764,0.4167926455566905
21,261,Cfap53,10.067486,4.1391544,3.834501088111417e-22,0.4090909090909091,0.0307116104868913,0.3783792986040177
21,262,Cep83,10.06656,4.0224867,3.859043757546136e-22,0.5454545454545454,0.055131086142322,0.4903234593122233
21,263,Ankrd66,10.06545,4.331365,3.891016726844291e-22,0.3636363636363636,0.0245692883895131,0.3390670752468505
21,264,Ak9,10.060831,4.4324975,4.065703882276581e-22,0.2272727272727272,0.0095880149812734,0.2176847122914538
21,265,D830044I16Rik,10.023172,4.418633,5.938344754535408e-22,0.3636363636363636,0.0248689138576779,0.3387674497786857
21,266,Dnah12,9.95341,4.3573318,1.1322081935778473e-21,0.3636363636363636,0.0251685393258426,0.3384678243105209
21,267,Spata24,9.9456625,3.9661436,1.2169770839721856e-21,0.5909090909090909,0.0669662921348314,0.5239427987742595
21,268,Gm15728,9.936236,4.675305,1.3340161067087148e-21,0.3636363636363636,0.0257677902621722,0.3378685733741913
21,269,Rsph4a,9.890183,4.455798,2.086176326572645e-21,0.3181818181818182,0.019625468164794,0.2985563500170242
21,270,4930404N11Rik,9.847275,4.0507927,3.19084813363772e-21,0.4090909090909091,0.0322097378277153,0.3768811712631937
21,271,C530043A13Rik,9.830384,5.0256443,3.753325746622568e-21,0.2727272727272727,0.0146816479400749,0.2580456247871978
21,272,Gas8,9.828585,3.8499234,3.810506718346612e-21,0.6818181818181818,0.0915355805243445,0.5902826012938371
21,273,Armc2,9.812491,4.7815666,4.4579191112409535e-21,0.2272727272727272,0.0101872659176029,0.2170854613551242
21,274,Morn1,9.767613,3.8008935,6.929631129921664e-21,0.4545454545454545,0.0397003745318352,0.4148450800136193
21,275,Gm16006,9.766433,4.4466243,6.991725336348544e-21,0.2727272727272727,0.0146816479400749,0.2580456247871978
21,276,Timp4,9.742779,4.1409683,8.80334565838345e-21,0.3636363636363636,0.0259176029962546,0.337718760640109
21,277,Ift22,9.740984,4.030497,8.936024498719169e-21,0.9090909090909092,0.1908614232209737,0.7182294858699353
21,278,AU040972,9.71142,6.8666806,1.1916365669773408e-20,1.0,0.2864419475655431,0.7135580524344569
21,279,Rsph9,9.696376,4.5962267,1.3773202090950848e-20,0.8636363636363636,0.1740823970037453,0.6895539666326184
21,280,Ccdc67,9.693318,4.497507,1.4153981715097142e-20,0.2272727272727272,0.0103370786516853,0.2169356486210418
21,281,Fhl1,9.661188,4.108756,1.9327035703093014e-20,0.5,0.0501872659176029,0.449812734082397
21,282,Chchd6,9.596029,4.39026,3.6144750626917793e-20,1.0,0.2717602996254681,0.7282397003745318
21,283,Arhgdig,9.574595,3.4934125,4.4287352019613444e-20,0.5454545454545454,0.0569288389513108,0.4885257065032345
21,284,Lbh,9.574511,3.8268042,4.4287352019613444e-20,0.5,0.0501872659176029,0.449812734082397
21,285,Adig,9.543874,4.205849,5.938637970458808e-20,0.4545454545454545,0.0428464419475655,0.411699012597889
21,286,Arhgap18,9.508052,3.9644709,8.362654196798561e-20,0.4545454545454545,0.0420973782771535,0.412448076268301
21,287,Kif27,9.496075,4.5964665,9.333220343730188e-20,0.2272727272727272,0.0107865168539325,0.2164862104187946
21,288,Gm14964,9.48859,4.453077,9.950217643018771e-20,0.3181818181818182,0.0212734082397003,0.2969084099421178
21,289,Casc1,9.486699,3.9968991,1.010614988141832e-19,0.3181818181818182,0.0208239700374531,0.297357848144365
21,290,Melk,9.484463,4.1005692,1.0272077035096981e-19,0.3181818181818182,0.0209737827715355,0.2972080354102826
21,291,Tsnaxip1,9.403675,4.829153,2.198898872824263e-19,0.2272727272727272,0.0110861423220973,0.2161865849506299
21,292,Pus10,9.393726,4.495191,2.410800197515548e-19,0.4545454545454545,0.0449438202247191,0.4096016343207354
21,293,Ccdc60,9.314421,4.590521,5.091370203863132e-19,0.2727272727272727,0.0163295880149812,0.2563976847122914
21,294,Ddit4l,9.301257,4.189233,5.7339563318471865e-19,0.3181818181818182,0.0218726591760299,0.2963091590057882
21,295,Ift43,9.246781,4.264095,9.533774908568632e-19,0.9545454545454546,0.2546816479400749,0.6998638066053797
21,296,Ift46,9.179187,3.5037153,1.7854427655092643e-18,0.7727272727272727,0.1337827715355805,0.6389445011916922
21,297,Galk1,9.132604,3.81371,2.728243647330666e-18,0.9090909090909092,0.2179775280898876,0.6911133810010215
21,298,Ak7,9.125151,3.6403217,2.9010029762988427e-18,0.3636363636363636,0.0287640449438202,0.3348723186925434
21,299,Kif6,9.115359,4.464851,3.1674907642195015e-18,0.2272727272727272,0.0116853932584269,0.2155873340143003
21,300,Zfp474,9.110568,4.1465898,3.3024280472488713e-18,0.2727272727272727,0.0167790262172284,0.2559482465100442
21,301,Tmem107,9.094899,4.3259926,3.805773646975768e-18,0.9545454545454546,0.2798501872659176,0.674695267279537
21,302,Ankrd65,9.061131,4.0226526,5.1771513462453545e-18,0.2727272727272727,0.0167790262172284,0.2559482465100442
21,303,Rnf32,9.056567,3.8647566,5.38516776291786e-18,0.3181818181818182,0.0226217228464419,0.2955600953353762
21,304,Dync2li1,9.000654,3.970044,8.953737644822844e-18,0.8636363636363636,0.199250936329588,0.6643854273067756
21,305,Dio1,8.985576,4.7081823,1.0245942742504029e-17,0.2272727272727272,0.0121348314606741,0.2151378958120531
21,306,Ift57,8.978684,3.8419678,1.0881991593982449e-17,0.8181818181818182,0.1719850187265917,0.6461967994552265
21,307,Rsph3b,8.971235,4.1609654,1.1587703613291728e-17,0.2272727272727272,0.0119850187265917,0.2152877085461355
21,308,Agr3,8.966476,4.4120502,1.2070140481759209e-17,0.2727272727272727,0.017378277153558,0.2553489955737146
21,309,Cdhr3,8.955677,3.7004225,1.3280418804843752e-17,0.4545454545454545,0.0461423220973782,0.4084031324480762
21,310,Scrn1,8.954487,3.946442,1.3392246101211393e-17,0.3181818181818182,0.0233707865168539,0.2948110316649642
21,311,Tgtp2,8.931204,4.2332616,1.6494857068890198e-17,0.2272727272727272,0.0121348314606741,0.2151378958120531
21,312,Spag17,8.904504,4.247272,2.0940649227979042e-17,0.2727272727272727,0.0175280898876404,0.2551991828396323
21,313,Fam216a,8.898465,3.9677124,2.2059165299614888e-17,0.7272727272727273,0.1343820224719101,0.5928907048008172
21,314,Smtnl2,8.876933,4.6273293,2.671159225283084e-17,0.2272727272727272,0.0124344569288389,0.2148382703438883
21,315,Bok,8.830624,3.760064,4.036023009362272e-17,0.8181818181818182,0.1742322097378277,0.6439496084439905
21,316,Ccdc40,8.82896,4.339863,4.086837528462017e-17,0.3181818181818182,0.0244194756554307,0.2937623425263874
21,317,Dnah7a,8.818593,3.9290297,4.472920129487837e-17,0.3181818181818182,0.0239700374531835,0.2942117807286346
21,318,Tctex1d2,8.811069,3.7427642,4.7612304584596136e-17,0.7727272727272727,0.1537078651685393,0.6190194075587334
21,319,Cdh26,8.794571,3.6491146,5.502584615771215e-17,0.4090909090909091,0.0386516853932584,0.3704392236976507
21,320,Plk5,8.790319,3.929877,5.701550752512231e-17,0.3181818181818182,0.0241198501872659,0.2940619679945522
21,321,Dnah5,8.784773,4.1324887,5.9760964672676e-17,0.3181818181818182,0.0244194756554307,0.2937623425263874
21,322,1700037C18Rik,8.776598,3.8865106,6.411786750627833e-17,0.5909090909090909,0.0870411985018726,0.5038678924072183
21,323,Rpgr,8.751721,3.8771188,7.977397187922583e-17,0.3181818181818182,0.0242696629213483,0.2939121552604699
21,324,Dnajc15,8.734561,4.0357075,9.237040665340982e-17,0.9090909090909092,0.2723595505617977,0.6367313585291113
21,325,Dpcd,8.734382,4.21175,9.237040665340982e-17,1.0,0.4083895131086142,0.5916104868913858
21,326,Pkig,8.618767,3.5432491,2.397417894322202e-16,0.9545454545454546,0.2788014981273408,0.6757439564181138
21,327,Fbxo16,8.608468,3.8696642,2.61720284634208e-16,0.3181818181818182,0.0250187265917603,0.2931630915900579
21,328,Armc3,8.60415,4.288046,2.7117955326811084e-16,0.2727272727272727,0.018876404494382,0.2538508682328907
21,329,Dcbld2,8.591154,4.018175,3.030320790988258e-16,0.2727272727272727,0.0187265917602996,0.2540006809669731
21,330,Tbc1d19,8.58345,3.4597573,3.2334683940839687e-16,0.6363636363636364,0.1009737827715355,0.5353898535921008
21,331,Cmbl,8.566877,3.7214806,3.7262757952160615e-16,0.8181818181818182,0.1953558052434457,0.6228260129383725
21,332,Tuba1a,8.556094,5.721389,4.082982948086056e-16,1.0,0.450936329588015,0.549063670411985
21,333,9230110C19Rik,8.555544,3.85085,4.0861709363201994e-16,0.2727272727272727,0.0185767790262172,0.2541504937010554
21,334,Irak1bp1,8.53305,3.3697493,4.9320688319533755e-16,0.5909090909090909,0.0829962546816479,0.507912836227443
21,335,Morn2,8.528925,3.5541484,5.080895683478878e-16,0.8636363636363636,0.2184269662921348,0.6452093973442288
21,336,Capsl,8.52888,4.4084444,5.080895683478878e-16,0.9545454545454546,0.3700374531835206,0.5845080013619339
21,337,Iqca,8.509827,3.6706667,5.964422040079403e-16,0.3636363636363636,0.0328089887640449,0.3308273748723187
21,338,Kif9,8.507417,3.9167023,6.064349658199725e-16,0.3181818181818182,0.0256179775280898,0.2925638406537283
21,339,Ift88,8.500827,3.6668296,6.40542764622642e-16,0.4545454545454545,0.0519850187265917,0.4025604358188627
21,340,Trim37,8.494339,3.869684,6.759453275601054e-16,0.3181818181818182,0.0257677902621722,0.2924140279196459
21,341,Ccdc33,8.445796,3.5711422,1.0233002329381158e-15,0.3636363636363636,0.0331086142322097,0.3305277494041539
21,342,Tsga10,8.382187,4.0625596,1.7496683560273825e-15,0.2727272727272727,0.019625468164794,0.2531018045624787
21,343,Cfap58,8.380729,4.0648184,1.767840085088544e-15,0.2272727272727272,0.0136329588014981,0.2136397684712291
21,344,Rsph3a,8.362817,3.9493666,2.0539272293001328e-15,0.2727272727272727,0.019625468164794,0.2531018045624787
21,345,Cdhr4,8.334841,2.779567,2.5974676248675337e-15,0.4545454545454545,0.0492883895131086,0.4052570650323459
21,346,Oaz2,8.331982,3.1281703,2.6555603209179533e-15,1.0,0.3044194756554307,0.6955805243445693
21,347,Otud3,8.321694,3.8434746,2.8906547433485016e-15,0.4090909090909091,0.0440449438202247,0.3650459652706844
21,348,Tbata,8.316058,4.5002513,3.025269880783496e-15,0.2727272727272727,0.0203745318352059,0.2523527408920667
21,349,Gm1661,8.221336,4.116344,6.575031521808331e-15,0.2727272727272727,0.0203745318352059,0.2523527408920667
21,350,BC022687,8.189868,3.2407453,8.526954750902072e-15,0.5909090909090909,0.0897378277153558,0.5011712631937352
21,351,B9d1,8.154044,3.543697,1.1430422480656318e-14,0.9090909090909092,0.2737078651685393,0.6353830439223698
21,352,Elof1,8.149354,4.812709,1.185908915834258e-14,1.0,0.5638951310861423,0.4361048689138577
21,353,Dyx1c1,8.142493,4.269979,1.2526206346606968e-14,0.2272727272727272,0.0145318352059925,0.2127408920667347
21,354,Dusp14,8.098991,3.5473273,1.789151904458177e-14,0.8636363636363636,0.2410486891385767,0.6225876744977868
21,355,Gm26542,8.093549,3.8416588,1.8672974755174767e-14,0.2272727272727272,0.0145318352059925,0.2127408920667347
21,356,Tppp3,8.077715,5.0092382,2.1222155462580623e-14,1.0,0.542621722846442,0.457378277153558
21,357,Wdr66,8.063328,3.951412,2.382962394555078e-14,0.2727272727272727,0.0211235955056179,0.2516036772216547
21,358,Cfap43,8.05807,3.6043067,2.4828380017092336e-14,0.4545454545454545,0.0567790262172284,0.397766428328226
21,359,Mapk15,8.054382,3.54744,2.55386645954646e-14,0.4545454545454545,0.055880149812734,0.3986653047327204
21,360,Nudc,8.053927,3.5195832,2.558398938870497e-14,1.0,0.5132584269662921,0.4867415730337079
21,361,Smkr-ps,8.030145,4.505062,3.100507840382039e-14,0.2272727272727272,0.015131086142322,0.2121416411304051
21,362,Ift81,8.025295,3.297654,3.219242689443253e-14,0.5454545454545454,0.0789513108614232,0.4665032345931222
21,363,Fhl2,8.0128765,3.3414056,3.55480402174135e-14,0.5454545454545454,0.0811985018726591,0.4642560435818862
21,364,Plet1,7.973289,3.5450912,4.873185223816156e-14,0.8636363636363636,0.2262172284644194,0.6374191351719442
21,365,Chchd10,7.971024,4.57696,4.953820444774348e-14,1.0,0.6802996254681648,0.3197003745318352
21,366,Tcea3,7.9683294,3.306396,5.053311927502666e-14,0.8636363636363636,0.2449438202247191,0.6186925434116446
21,367,2310040G24Rik,7.957347,3.9804077,5.511975942580894e-14,0.2727272727272727,0.0217228464419475,0.2510044262853251
21,368,Serpina9,7.954396,3.3479311,5.6341746604393814e-14,0.4545454545454545,0.0570786516853932,0.3974668028600612
21,369,Hsph1,7.949162,3.2320697,5.855008040107613e-14,0.7727272727272727,0.1733333333333333,0.5993939393939394
21,370,Acot13,7.9439774,3.3714721,6.09356151089177e-14,0.9090909090909092,0.319250936329588,0.589839972761321
21,371,Cfap36,7.930599,3.313026,6.761636456105247e-14,0.8181818181818182,0.2139325842696629,0.6042492339121553
21,372,Glipr1,7.929796,3.2880468,6.792675274983503e-14,0.4545454545454545,0.056629213483146,0.3979162410623084
21,373,Pcp4l1,7.8977604,4.0270386,8.770655742344803e-14,0.3636363636363636,0.038501872659176,0.3251344909771876
21,374,Plekhb1,7.8948417,3.4352899,8.96146841612018e-14,0.5454545454545454,0.0849438202247191,0.4605107252298263
21,375,Ppfia3,7.8931923,3.889723,9.060871045620139e-14,0.2727272727272727,0.0218726591760299,0.2508546135512427
21,376,Ift27,7.841689,3.5552444,1.362741822558671e-13,0.8181818181818182,0.2278651685393258,0.5903166496424924
21,377,Dlec1,7.826784,3.8020759,1.5314943167760445e-13,0.2727272727272727,0.0221722846441947,0.2505549880830779
21,378,Arl6,7.8233404,3.4157567,1.57106721271919e-13,0.7272727272727273,0.1715355805243445,0.5557371467483827
21,379,Cd24a,7.8039703,4.0142827,1.8287824522914418e-13,1.0,0.672059925093633,0.327940074906367
21,380,Odc1,7.797374,3.1057324,1.9197950761123922e-13,0.6818181818181818,0.1319850187265917,0.54983316309159
21,381,Eml1,7.7952666,4.423808,1.948492585369802e-13,0.2727272727272727,0.0229213483146067,0.2498059244126659
21,382,Dyrk3,7.726366,3.4828854,3.330153506874848e-13,0.4545454545454545,0.0606741573033707,0.3938712972420837
21,383,Cystm1,7.7048445,3.282654,3.9207661124759523e-13,1.0,0.5177528089887641,0.4822471910112359
21,384,Stk33,7.7010813,3.6049912,4.030637901978718e-13,0.3181818181818182,0.0307116104868913,0.2874702076949268
21,385,Osbpl10,7.6997604,4.829988,4.065103033989954e-13,0.2272727272727272,0.0164794007490636,0.2107933265236636
21,386,Efcab2,7.67958,3.788796,4.592590499308814e-13,0.3181818181818182,0.0310112359550561,0.287170582226762
21,387,Bag2,7.6717963,3.273172,4.871585728608999e-13,0.6818181818181818,0.1436704119850187,0.538147769833163
21,388,Arl3,7.6601796,3.2999618,5.323826217907531e-13,0.9545454545454546,0.4148314606741573,0.5397139938712973
21,389,Lrrc73,7.647548,3.4898944,5.863354421849037e-13,0.3181818181818182,0.0307116104868913,0.2874702076949268
21,390,Zc2hc1c,7.6309757,3.3444011,6.657074635796314e-13,0.3636363636363636,0.0398501872659176,0.323786176370446
21,391,Gm16174,7.5794578,4.576696,9.880530447027949e-13,0.2272727272727272,0.0169288389513108,0.2103438883214164
21,392,H2-Eb1,7.5720744,3.5797865,1.044065322828147e-12,0.5,0.0741573033707865,0.4258426966292135
21,393,B230118H07Rik,7.5584974,3.4094632,1.1530224646620672e-12,0.6818181818181818,0.1519101123595505,0.5299080694586312
21,394,1110004E09Rik,7.543513,3.4226635,1.2891896235963186e-12,0.9090909090909092,0.357003745318352,0.5520871637725571
21,395,Rogdi,7.531619,3.1372442,1.4098381631990522e-12,0.7727272727272727,0.1913108614232209,0.5814164113040518
21,396,Ifi35,7.530401,3.490978,1.4206153348338878e-12,0.9545454545454546,0.4001498127340824,0.5543956418113722
21,397,Fam161b,7.5267634,3.9887524,1.4582448240075285e-12,0.2272727272727272,0.0167790262172284,0.2104937010554988
21,398,Metrn,7.517115,3.9052794,1.5672796769138073e-12,0.3181818181818182,0.0328089887640449,0.2853728294177732
21,399,9530053A07Rik,7.512215,3.4067822,1.6243153457116873e-12,0.5,0.0788014981273408,0.4211985018726591
21,400,Enkd1,7.4935064,3.749279,1.870425633128652e-12,0.3636363636363636,0.0426966292134831,0.3209397344228805
21,401,Khdrbs3,7.492207,3.7517343,1.885838739846903e-12,0.2272727272727272,0.0167790262172284,0.2104937010554988
21,402,Plin5,7.4844193,3.6822584,1.997700098780142e-12,0.2272727272727272,0.0167790262172284,0.2104937010554988
21,403,Hydin,7.46583,3.61023,2.2971461775093376e-12,0.2727272727272727,0.0239700374531835,0.2487572352740892
21,404,Dnah10,7.408765,3.8730893,3.5297598838981547e-12,0.2727272727272727,0.0247191011235955,0.2480081716036772
21,405,Hacd1,7.408617,3.4496365,3.5297598838981547e-12,0.3636363636363636,0.0422471910112359,0.3213891726251277
21,406,Usmg5,7.3902836,3.559338,4.038675177038197e-12,0.5454545454545454,0.099625468164794,0.4458290772897514
21,407,Dnaaf5,7.3666916,3.45896,4.789268825349103e-12,0.3181818181818182,0.0329588014981273,0.2852230166836908
21,408,Iqck,7.34851,3.8982284,5.469607439808567e-12,0.3181818181818182,0.0335580524344569,0.2846237657473612
21,409,Mipep,7.3453283,3.2598715,5.582718491863796e-12,0.5,0.0798501872659176,0.4201498127340824
21,410,Fam161a,7.323077,3.3139524,6.55899411110215e-12,0.5454545454545454,0.0979775280898876,0.4474770173646578
21,411,Bnip3,7.2978477,3.3036382,7.900762344974344e-12,0.5909090909090909,0.117003745318352,0.4739053455907389
21,412,Gm5617,7.283019,3.3842134,8.791135786775378e-12,0.7272727272727273,0.1938576779026217,0.5334150493701055
21,413,Adgb,7.2812524,4.016273,8.892453860041662e-12,0.2272727272727272,0.0178277153558052,0.209445011916922
21,414,Thop1,7.2483244,3.2905767,1.1300434015329868e-11,0.4545454545454545,0.0674157303370786,0.3871297242083759
21,415,Cetn2,7.228402,3.4328313,1.3033040730296786e-11,0.8636363636363636,0.3295880149812734,0.5340483486550902
21,416,Dnaja4,7.1795645,2.9323053,1.844029667441913e-11,0.9090909090909092,0.3180524344569288,0.5910384746339803
21,417,B9d2,7.178884,3.1433961,1.8502537399457387e-11,0.6363636363636364,0.1411235955056179,0.4952400408580183
21,418,Cby1,7.134641,3.1031706,2.546485238019712e-11,0.6818181818181818,0.1604494382022472,0.5213687436159345
21,419,Kbtbd11,7.1286216,3.367135,2.6507028255923378e-11,0.3636363636363636,0.0450936329588015,0.3185427306775621
21,420,Dynlt1f,7.1284623,2.9693468,2.6507028255923378e-11,0.8636363636363636,0.3183520599250936,0.54528430371127
21,421,Bphl,7.1027966,2.8830776,3.182761957556076e-11,0.9545454545454546,0.4835955056179775,0.470949948927477
21,422,Ccnc,7.087136,2.997336,3.5474910912695816e-11,0.5,0.0817977528089887,0.4182022471910112
21,423,Nphp1,7.0661917,3.0750427,4.119480813830107e-11,0.6363636363636364,0.1433707865168539,0.4929928498467824
21,424,Ly6c1,7.0484347,3.7722497,4.658756436660792e-11,0.5,0.090187265917603,0.409812734082397
21,425,Necab2,7.01294,3.3264046,5.9896097213657e-11,0.3636363636363636,0.0465917602996254,0.3170446033367382
21,426,Psmd9,6.996712,2.8810961,6.673449899334353e-11,0.8181818181818182,0.2453932584269663,0.5727885597548519
21,427,Ndufaf3,6.9806523,2.9289975,7.334580011990866e-11,0.8636363636363636,0.3048689138576779,0.5587674497786858
21,428,Ap3s1,6.9648814,2.87421,8.192536823483956e-11,0.5,0.0841947565543071,0.4158052434456929
21,429,Sirt3,6.9353166,3.1648932,1.005678185326512e-10,0.5454545454545454,0.1054681647940074,0.4399863806605379
21,430,Wdr34,6.9288673,3.1264024,1.0510090054410879e-10,0.5454545454545454,0.1032209737827715,0.4422335716717739
21,431,Lrwd1,6.923841,2.8729153,1.0873633281338736e-10,0.4545454545454545,0.0696629213483146,0.3848825331971399
21,432,Cfap20,6.9232893,2.9247432,1.0899650510241904e-10,0.9090909090909092,0.3752808988764045,0.5338100102145046
21,433,Ddo,6.9195447,3.9392447,1.1174822746102443e-10,0.2272727272727272,0.019625468164794,0.2076472591079332
21,434,Ssbp4,6.913211,2.7564409,1.166797323448849e-10,0.8181818181818182,0.2452434456928839,0.5729383724889343
21,435,Med31,6.8906093,2.9069014,1.3626488400250422e-10,0.8181818181818182,0.2521348314606741,0.5660469867211441
21,436,1700112E06Rik,6.858147,3.0351362,1.7076460141311189e-10,0.4090909090909091,0.0594756554307116,0.3496152536601975
21,437,Ruvbl2,6.836646,3.0087779,1.9785844633842515e-10,0.7727272727272727,0.2382022471910112,0.5345250255362615
21,438,Tex9,6.831841,3.2833624,2.0429784463142075e-10,0.2272727272727272,0.019625468164794,0.2076472591079332
21,439,Stx19,6.7930026,3.3722782,2.6684661754655036e-10,0.3636363636363636,0.0497378277153558,0.3138985359210078
21,440,Mrps17,6.7906675,2.799902,2.7040015581348357e-10,0.9090909090909092,0.3722846441947565,0.5368062648961525
21,441,Cib1,6.78451,2.450677,2.8177044216356497e-10,1.0,0.6149812734082397,0.3850187265917603
21,442,Wdr54,6.761012,3.4933252,3.3050645611232327e-10,0.2727272727272727,0.0286142322097378,0.2441130405175348
21,443,Spata6,6.7279425,2.9903338,4.1382263522201654e-10,0.5,0.0904868913857677,0.4095131086142322
21,444,Nat9,6.7199926,2.99961,4.364001009909604e-10,0.7272727272727273,0.205692883895131,0.5215798433775962
21,445,Ppp1r14c,6.717703,2.8066661,4.4201730011939846e-10,0.6363636363636364,0.1439700374531835,0.4923935989104528
21,446,Ift140,6.699782,3.767872,4.956475193454384e-10,0.2272727272727272,0.0206741573033707,0.2065985699693565
21,447,Ift74,6.6929455,3.0910864,5.183916961010916e-10,0.5454545454545454,0.109063670411985,0.4363908750425604
21,448,Dgat2,6.692403,3.6403716,5.195671255395756e-10,0.2727272727272727,0.0296629213483146,0.2430643513789581
21,449,Cct7,6.67235,2.6210642,5.94925690169974e-10,0.9545454545454546,0.4749063670411985,0.4796390875042561
21,450,Swi5,6.6716633,2.4537497,5.968565188977577e-10,1.0,0.7823220973782772,0.2176779026217228
21,451,1700001O22Rik,6.660552,3.9767108,6.419239384308521e-10,0.2727272727272727,0.0305617977528089,0.2421654749744637
21,452,Poc5,6.652947,3.4512975,6.750289732117004e-10,0.2727272727272727,0.0295131086142322,0.2432141641130405
21,453,Rab28,6.6462812,2.7585578,7.042828097614352e-10,0.7727272727272727,0.2458426966292135,0.5268845760980592
21,454,Glrx5,6.5901365,2.5045726,1.0280973519205018e-09,1.0,0.5585018726591761,0.4414981273408239
21,455,Gng13,6.57752,2.185995,1.1144281496860091e-09,0.2727272727272727,0.0292134831460674,0.2435137895812053
21,456,Mak,6.5707355,3.257075,1.1647573317587894e-09,0.2272727272727272,0.0209737827715355,0.2062989445011916
21,457,Kif19a,6.5356584,3.3678737,1.4649929860413926e-09,0.3181818181818182,0.0410486891385767,0.2771331290432414
21,458,Cluap1,6.501083,3.0085938,1.8394897270641038e-09,0.5454545454545454,0.1156554307116104,0.4297991147429349
21,459,Mcee,6.445835,3.0523782,2.582943358804555e-09,0.8181818181818182,0.370187265917603,0.4479945522642152
21,460,Akip1,6.4403834,2.727088,2.67013634790608e-09,0.8181818181818182,0.3069662921348314,0.5112155260469868
21,461,Rwdd3,6.4359207,3.5124533,2.742299389496103e-09,0.3181818181818182,0.0422471910112359,0.2759346271705822
21,462,Ccdc64,6.4042,3.9108825,3.373024139749541e-09,0.2272727272727272,0.0227715355805243,0.2045011916922029
21,463,Drc7,6.3986664,3.4619465,3.4927879460922384e-09,0.2272727272727272,0.0223220973782771,0.2049506298944501
21,464,Ccdc81,6.3899455,3.510393,3.687893507448851e-09,0.2272727272727272,0.0223220973782771,0.2049506298944501
21,465,Sec14l3,6.382573,2.950718,3.8594889771209895e-09,0.9090909090909092,0.468314606741573,0.440776302349336
21,466,Pim2,6.375579,3.1089518,4.02892782550183e-09,0.3181818181818182,0.0417977528089887,0.2763840653728294
21,467,St3gal6,6.3706903,3.0952559,4.153869103485764e-09,0.3636363636363636,0.0549812734082397,0.3086550902281239
21,468,Ass1,6.3676867,3.40957,4.23031789090949e-09,0.3636363636363636,0.0557303370786516,0.3079060265577119
21,469,Tuba1b,6.3223624,2.636157,5.648133701511581e-09,1.0,0.787565543071161,0.212434456928839
21,470,Wdr63,6.319915,3.46323,5.730661302406087e-09,0.2272727272727272,0.0227715355805243,0.2045011916922029
21,471,Pebp1,6.3047886,2.3978052,6.285683993351525e-09,0.9090909090909092,0.5439700374531835,0.3651208716377255
21,472,Got1,6.288168,3.0040047,6.968994163107992e-09,0.4090909090909091,0.0693632958801498,0.3397276132107593
21,473,Serpinb12,6.2566123,3.4280024,8.523962347288308e-09,0.2727272727272727,0.0329588014981273,0.2397684712291453
21,474,Tmem138,6.229003,2.8606167,1.0156795483733055e-08,0.4545454545454545,0.0850936329588015,0.369451821586653
21,475,Ttc30b,6.1670127,3.6174757,1.4861743202040556e-08,0.2727272727272727,0.0344569288389513,0.2382703438883214
21,476,Clic6,6.1266356,2.736499,1.9093414576056623e-08,0.7272727272727273,0.245692883895131,0.4815798433775962
21,477,Kctd8,6.113807,3.2590046,2.064063053376078e-08,0.2272727272727272,0.0239700374531835,0.2033026898195437
21,478,Ift20,6.1006346,2.5141215,2.2386800099374772e-08,0.9545454545454546,0.5096629213483146,0.44488253319714
21,479,Wdyhv1,6.0907664,2.6525893,2.3780691071678152e-08,0.4545454545454545,0.0858426966292134,0.3687027579162411
21,480,Dalrd3,6.0828385,2.8117614,2.492303857040332e-08,0.7272727272727273,0.2561797752808988,0.4710929519918284
21,481,Phtf1,6.082151,3.1652484,2.499802161127141e-08,0.3636363636363636,0.0597752808988764,0.3038610827374872
21,482,Crip1,6.0780244,2.7094135,2.5583901294743025e-08,1.0,0.7763295880149813,0.2236704119850187
21,483,Aldh1a1,6.0594044,2.1840198,2.8618242542941663e-08,1.0,0.7904119850187266,0.2095880149812734
21,484,Itgb3bp,6.0447187,3.1615796,3.12998280327555e-08,0.2727272727272727,0.0346067415730337,0.238120531154239
21,485,1700016C15Rik,6.030562,3.3336966,3.4007168798805534e-08,0.2272727272727272,0.0247191011235955,0.2025536261491317
21,486,Tpm4,6.00859,2.385082,3.812842084485843e-08,0.8636363636363636,0.3517602996254682,0.5118760640108955
21,487,Pla2g16,5.992601,2.634411,4.1918182149127e-08,0.7727272727272727,0.3331835205992509,0.4395437521280217
21,488,Ppp1r14d,5.973814,3.3081367,4.698716029288909e-08,0.3636363636363636,0.0635205992509363,0.3001157643854273
21,489,Hist1h2bc,5.970284,2.3190982,4.7896785235221926e-08,0.9545454545454546,0.7369288389513109,0.2176166155941437
21,490,Ruvbl1,5.966188,2.933651,4.89933461893595e-08,0.5454545454545454,0.135880149812734,0.4095743956418113
21,491,Prr14l,5.963921,3.2827258,4.9617266609821535e-08,0.2272727272727272,0.0251685393258426,0.2021041879468845
21,492,Rfk,5.9505663,2.3192995,5.3708483737594344e-08,0.9090909090909092,0.4943820224719101,0.4147088866189989
21,493,Dpy30,5.937879,2.5948656,5.7962195261911374e-08,0.9090909090909092,0.5032209737827715,0.4058699353081375
21,494,Usp18,5.9316673,2.7040017,6.01251195057871e-08,0.7272727272727273,0.2536329588014981,0.4736397684712292
21,495,Hsp90aa1,5.9304547,2.301393,6.049682217019951e-08,1.0,0.7514606741573033,0.2485393258426966
21,496,Pip5k1b,5.9297495,2.902315,6.0683099510662e-08,0.2727272727272727,0.0352059925093632,0.2375212802179094
21,497,Rfx3,5.9176965,3.1041303,6.522070342581027e-08,0.2272727272727272,0.0251685393258426,0.2021041879468845
21,498,Fam149a,5.91043,3.114465,6.808132764849603e-08,0.2727272727272727,0.0358052434456928,0.2369220292815798
21,499,Hspb11,5.908421,2.7910154,6.883292251081367e-08,0.6363636363636364,0.1944569288389513,0.4419067075246851
21,500,Nudt4,5.855603,2.3340697,9.403007809206423e-08,0.8636363636363636,0.3626966292134831,0.5009397344228805
21,501,Sugt1,5.809529,2.4379942,1.2349814814894105e-07,0.7727272727272727,0.2831460674157303,0.4895812053115423
21,502,9530034E10Rik,5.7803,3.3853366,1.4664054598018733e-07,0.2272727272727272,0.0265168539325842,0.200755873340143
21,503,Calm3,5.7644844,2.528352,1.6088253669497273e-07,0.7727272727272727,0.327191011235955,0.4455362614913176
21,504,Ccdc108,5.7535424,2.9477246,1.7104131441356845e-07,0.2727272727272727,0.037003745318352,0.2357235274089206
21,505,Cfap97,5.7435894,3.3948011,1.8097773556304722e-07,0.2272727272727272,0.0271161048689138,0.2001566224038134
21,506,Ccdc176,5.7409782,3.109266,1.8357253877701185e-07,0.2727272727272727,0.0374531835205992,0.2352740892066734
21,507,Gipc2,5.7328806,2.354647,1.9210195552519482e-07,0.8181818181818182,0.3943071161048689,0.4238747020769493
21,508,Wdr92,5.7299476,2.8291512,1.952215606958932e-07,0.3636363636363636,0.0633707865168539,0.3002655771195097
21,509,Hspa2,5.718443,2.46972,2.086610030941581e-07,0.6818181818181818,0.2082397003745318,0.4735784814436499
21,510,Med29,5.666805,2.5220668,2.807174909618072e-07,0.4545454545454545,0.0960299625468164,0.3585154919986381
21,511,Cnp,5.6576123,2.2716842,2.9375104142645484e-07,0.7272727272727273,0.230561797752809,0.4967109295199183
21,512,Prepl,5.6544747,2.9186258,2.977776621838438e-07,0.2727272727272727,0.0380524344569288,0.2346748382703438
21,513,Ifi47,5.6451344,3.1923487,3.125893658430681e-07,0.3181818181818182,0.0525842696629213,0.2655975485188968
21,514,Lpcat4,5.6369824,2.8819153,3.273687291739409e-07,0.4545454545454545,0.1024719101123595,0.3520735444330949
21,515,Ttc8,5.632858,2.7858846,3.349122112497311e-07,0.3636363636363636,0.065318352059925,0.2983180115764385
21,516,Nupr1l,5.6269283,2.952485,3.462267383114132e-07,0.3181818181818182,0.0519850187265917,0.2661967994552264
21,517,Dusp18,5.6179132,2.9898999,3.639430678657952e-07,0.3636363636363636,0.0674157303370786,0.296220633299285
21,518,Vdac3,5.6137524,2.0883393,3.72380985207974e-07,0.9090909090909092,0.4732584269662921,0.4358324821246169
21,519,Bbip1,5.5951705,2.4042947,4.121848641085634e-07,0.5909090909090909,0.1568539325842696,0.4340551583248213
21,520,Wdr35,5.587543,2.5310545,4.302082547304454e-07,0.3181818181818182,0.0501872659176029,0.2679945522642152
21,521,Slc9a3r1,5.5817847,2.531983,4.431856305756676e-07,0.8181818181818182,0.4584269662921348,0.3597548518896834
21,522,Strbp,5.556055,2.6277566,5.125358270294585e-07,0.4090909090909091,0.0822471910112359,0.3268437180796731
21,523,Med25,5.5246634,2.5327554,6.117811166920975e-07,0.5909090909090909,0.1616479400749063,0.4292611508341846
21,524,Gtf2b,5.50621,2.3336594,6.779354538739651e-07,0.7727272727272727,0.3608988764044943,0.4118283963227783
21,525,Snrnp25,5.488605,2.6562552,7.448403337876372e-07,0.4545454545454545,0.1059176029962546,0.3486278515491998
21,526,Ogg1,5.4884176,2.76407,7.448403337876372e-07,0.4090909090909091,0.085692883895131,0.323398025195778
21,527,Ddx20,5.474207,2.999118,8.025755063917124e-07,0.2727272727272727,0.0407490636704119,0.2319782090568607
21,528,Pltp,5.469388,2.1451657,8.229525489782651e-07,0.6363636363636364,0.1655430711610487,0.4708205652025876
21,529,Snrpn,5.46204,2.6500518,8.558603824795962e-07,0.3636363636363636,0.0681647940074906,0.295471569628873
21,530,Bbs2,5.447392,3.4322913,9.273403683599792e-07,0.2727272727272727,0.0420973782771535,0.2306298944501191
21,531,Sri,5.427083,2.1658185,1.0346795100560033e-06,0.9090909090909092,0.6089887640449438,0.3001021450459652
21,532,Zc3h8,5.4232583,2.7846594,1.054752403239839e-06,0.2727272727272727,0.0404494382022471,0.2322778345250255
21,533,Wdr60,5.3719053,2.85236,1.3949630011376053e-06,0.3181818181818182,0.0555805243445692,0.2626012938372489
21,534,Ndufc1,5.3693905,2.164322,1.4114726572057729e-06,0.9090909090909092,0.5495131086142322,0.3595778004766768
21,535,Nubpl,5.3610363,2.694747,1.476730335568655e-06,0.3636363636363636,0.0702621722846442,0.2933741913517194
21,536,Katnb1,5.358122,2.9577665,1.499112855277753e-06,0.2727272727272727,0.0419475655430711,0.2307797071842015
21,537,Pex11g,5.331679,2.6816218,1.688851673727616e-06,0.4545454545454545,0.1102621722846441,0.3442832822608103
21,538,Dym,5.328702,2.9964385,1.713135610850187e-06,0.4090909090909091,0.0949812734082397,0.3141096356826694
21,539,Rbm43,5.3136897,2.852121,1.848811843704112e-06,0.3636363636363636,0.0726591760299625,0.2909771876064011
21,540,Eml2,5.3133273,2.71947,1.8505532053653127e-06,0.5909090909090909,0.1931086142322097,0.3978004766768812
21,541,Nme7,5.2879972,2.6185482,2.119323791394041e-06,0.4090909090909091,0.0897378277153558,0.3193530813755533
21,542,Ndufab1,5.241939,2.0246978,2.703404192242079e-06,0.9090909090909092,0.5808239700374532,0.3282669390534558
21,543,Napg,5.2297816,2.8508453,2.881385185939901e-06,0.3636363636363636,0.075505617977528,0.2881307456588355
21,544,Gbas,5.2254934,2.3152802,2.942885080884054e-06,0.6818181818181818,0.2548314606741573,0.4269867211440245
21,545,Ldhb,5.215907,2.5542684,3.0960439775826103e-06,0.6818181818181818,0.2503370786516854,0.4314811031664963
21,546,Wrap53,5.213405,2.8620436,3.1316552868085965e-06,0.2727272727272727,0.0437453183520599,0.2289819543752128
21,547,Umad1,5.212678,2.6870248,3.140717979688608e-06,0.4545454545454545,0.1122097378277153,0.3423357167177391
21,548,Fars2,5.1949024,2.1643372,3.441980231693229e-06,0.6818181818181818,0.2389513108614232,0.4428668709567586
21,549,Smim22,5.1893787,2.1012967,3.538408337346728e-06,0.8181818181818182,0.4913857677902621,0.326796050391556
21,550,Casp6,5.1773086,2.22539,3.77122018296397e-06,0.7727272727272727,0.3241947565543071,0.4485325161729656
21,551,Eif2b2,5.1692,2.3825102,3.929051545250784e-06,0.6363636363636364,0.2212734082397003,0.415090228123936
21,552,Bdh1,5.142542,3.0205424,4.513126347225581e-06,0.2727272727272727,0.045692883895131,0.2270343888321416
21,553,Stom,5.1388354,2.1316147,4.593717179345882e-06,0.5454545454545454,0.1463670411985018,0.3990875042560435
21,554,Apoo,5.129905,2.377987,4.8073407351619465e-06,0.4545454545454545,0.1116104868913857,0.3429349676540688
21,555,Hmgn2,5.110827,2.706356,5.2977335233095286e-06,0.2727272727272727,0.0444943820224719,0.2282328907048008
21,556,Pepd,5.1037145,2.2758148,5.495330595723166e-06,0.6363636363636364,0.2236704119850187,0.4126932243786176
21,557,Cd74,5.085611,2.9554474,6.010053965939749e-06,0.5909090909090909,0.1968539325842696,0.3940551583248213
21,558,Nup50,5.0527105,2.2784145,7.0523361340666e-06,0.4090909090909091,0.0915355805243445,0.3175553285665645
21,559,Msrb2,5.041156,2.4341428,7.46969932320251e-06,0.4545454545454545,0.1149063670411985,0.339639087504256
21,560,Basp1,5.0117426,2.341825,8.647682991026066e-06,0.6818181818181818,0.2671161048689138,0.4147020769492679
21,561,Tfeb,5.008305,2.8045251,8.777798180445938e-06,0.2727272727272727,0.0465917602996254,0.2261355124276472
21,562,Dtx3,4.9951434,2.6462698,9.379853829199993e-06,0.4545454545454545,0.1225468164794007,0.3319986380660538
21,563,Cyb561,4.9728417,2.0434916,1.0475449104562254e-05,0.7272727272727273,0.287940074906367,0.4393326523663602
21,564,Pdxk,4.9630146,2.2924938,1.098793797657168e-05,0.4545454545454545,0.117752808988764,0.3367926455566905
21,565,Gga1,4.945315,2.2502146,1.200062238272064e-05,0.6363636363636364,0.2286142322097378,0.4077494041538985
21,566,2610015P09Rik,4.935559,2.7939758,1.2567531672546336e-05,0.3636363636363636,0.0811985018726591,0.2824378617637044
21,567,Slc25a14,4.9270854,2.8769076,1.3112188972652345e-05,0.2727272727272727,0.0483895131086142,0.2243377596186584
21,568,Tmem17,4.926236,2.7451613,1.3156686583099687e-05,0.2727272727272727,0.0476404494382022,0.2250868232890704
21,569,Ccdc34,4.9178705,2.7233083,1.3692122816132122e-05,0.5454545454545454,0.197003745318352,0.3484508001361933
21,570,Bola3,4.90633,2.3431163,1.4453468481933387e-05,0.7727272727272727,0.3797752808988764,0.3929519918283963
21,571,Smyd3,4.9014835,2.479108,1.478664854375026e-05,0.3636363636363636,0.0801498127340823,0.2834865509022812
21,572,1810043G02Rik,4.8880982,2.525797,1.578321407458967e-05,0.5,0.1574531835205992,0.3425468164794008
21,573,Rbm8a2,4.8840055,2.701897,1.6084124720134245e-05,0.2727272727272727,0.0482397003745318,0.2244875723527408
21,574,Rfc2,4.8823943,2.2851007,1.6200901239232037e-05,0.5909090909090909,0.2073408239700374,0.3835682669390535
21,575,Sccpdh,4.866197,2.5315204,1.7552941571372913e-05,0.3636363636363636,0.0805992509363296,0.283037112700034
21,576,Gkap1,4.8570557,2.2119393,1.8313806885519936e-05,0.3636363636363636,0.0773033707865168,0.2863329928498468
21,577,Fkbp1a,4.8251586,2.0057306,2.116572729037836e-05,0.8181818181818182,0.5634456928838951,0.2547361252979231
21,578,Tma7,4.8134737,2.0959249,2.2400969568250264e-05,0.7727272727272727,0.3974531835205993,0.3752740892066734
21,579,Gng5,4.764539,2.0075462,2.827396984216954e-05,0.8181818181818182,0.577378277153558,0.2408035410282601
21,580,Hdgfrp2,4.7532864,2.4390175,2.9867536284532014e-05,0.4545454545454545,0.1316853932584269,0.3228600612870276
21,581,Chuk,4.7329974,2.4870348,3.292526860256464e-05,0.3181818181818182,0.065318352059925,0.2528634661218931
21,582,Cep19,4.7239738,2.4017596,3.432783368311218e-05,0.3636363636363636,0.0840449438202247,0.2795914198161389
21,583,Rilpl2,4.7150083,2.423849,3.58097062952482e-05,0.5909090909090909,0.2238202247191011,0.3670888661899898
21,584,Psph,4.7128534,2.200868,3.6157936282216585e-05,0.4545454545454545,0.1237453183520599,0.3308001361933946
21,585,Pcgf1,4.6920314,2.456474,3.993306805733089e-05,0.3181818181818182,0.066816479400749,0.2513653387810691
21,586,Arl2bp,4.687553,2.1390605,4.074337350197825e-05,0.6818181818181818,0.3673408239700375,0.3144773578481443
21,587,Fuz,4.670888,2.7263288,4.395588987283682e-05,0.3181818181818182,0.0689138576779026,0.2492679605039155
21,588,Dnajb2,4.6430116,2.2470188,4.9779339697086885e-05,0.5454545454545454,0.1881647940074906,0.3572897514470547
21,589,Cep89,4.632561,2.878817,5.198856979799072e-05,0.2727272727272727,0.0534831460674157,0.2192441266598569
21,590,Iqcc,4.6243753,2.8374677,5.386656029755471e-05,0.3181818181818182,0.0717602996254681,0.24642151855635
21,591,Pick1,4.5666924,2.283161,7.054138711270692e-05,0.4090909090909091,0.1096629213483146,0.2994279877425945
21,592,Sult2b1,4.5618615,2.51152,7.199694692876989e-05,0.3181818181818182,0.0711610486891385,0.2470207694926796
21,593,Prps1,4.55631,2.3587112,7.379745542624866e-05,0.3636363636363636,0.089438202247191,0.2741981613891726
21,594,Pgm1,4.5315,2.6993732,8.245046594709177e-05,0.4090909090909091,0.1191011235955056,0.2899897854954035
21,595,Tmem216,4.5307665,2.332267,8.259538012675023e-05,0.4545454545454545,0.1355805243445693,0.3189649302008852
21,596,Chchd4,4.528605,2.0370164,8.33018535966495e-05,0.5909090909090909,0.2172284644194756,0.3736806264896153
21,597,Tmem14a,4.526797,2.4005206,8.394581193376543e-05,0.3181818181818182,0.0705617977528089,0.2476200204290091
21,598,Ino80b,4.5223813,2.0828314,8.564337245614942e-05,0.5909090909090909,0.2271161048689138,0.363792986040177
21,599,Coq10a,4.5204844,2.1344366,8.63407072903392e-05,0.4545454545454545,0.1324344569288389,0.3221109976166155
21,600,Med19,4.5087266,2.3199139,9.118818627785068e-05,0.5,0.1703370786516854,0.3296629213483146
21,601,Bpnt1,4.497477,2.1784854,9.606545308297714e-05,0.5,0.1629962546816479,0.3370037453183521
21,602,Dhx40,4.4537673,2.3755167,0.0001156107278927,0.3181818181818182,0.0716104868913857,0.2465713312904324
21,603,Alkbh6,4.452044,2.0120893,0.0001162511842717,0.5909090909090909,0.2364044943820224,0.3545045965270684
21,604,Tbcel,4.4324727,2.915598,0.000126481173439,0.3636363636363636,0.1036704119850187,0.2599659516513449
21,605,Nupr1,4.4121027,2.21371,0.000138530842565,1.0,0.6224719101123596,0.3775280898876404
21,606,Mapk8ip1,4.4105835,2.2404125,0.0001393913985271,0.2727272727272727,0.0542322097378277,0.218495062989445
21,607,Tpd52l1,4.39713,2.55521,0.0001478269184916,0.2727272727272727,0.056629213483146,0.2160980592441266
21,608,Haghl,4.3259277,2.2509754,0.0002020410900637,0.5,0.1859176029962546,0.3140823970037453
21,609,Med8,4.312907,2.1148918,0.0002137990811795,0.5454545454545454,0.2046441947565543,0.3408103506979911
21,610,Gmfg,4.310945,2.8093266,0.0002155310045565,0.2727272727272727,0.0602247191011236,0.2125025536261491
21,611,Traf3ip2,4.298534,2.3334334,0.0002268585696511,0.3636363636363636,0.0985767790262172,0.2650595846101464
21,612,Magix,4.294544,2.4696095,0.0002304205838968,0.2727272727272727,0.0585767790262172,0.2141504937010555
21,613,Mia,4.2747197,2.416683,0.0002489128313786,0.2727272727272727,0.0582771535580524,0.2144501191692202
21,614,Nthl1,4.272326,2.139901,0.0002514009873334,0.3181818181818182,0.0746067415730337,0.2435750766087844
21,615,Cyfip2,4.2706122,2.5508115,0.0002529401284035,0.3181818181818182,0.0797003745318352,0.2384814436499829
21,616,Trip4,4.2671204,2.5546975,0.0002567273474882,0.2727272727272727,0.0591760299625468,0.2135512427647259
21,617,Uck1,4.2616844,2.2052662,0.0002626382387995,0.4090909090909091,0.12,0.2890909090909091
21,618,Enah,4.254936,2.849906,0.0002704722021999,0.3181818181818182,0.0810486891385767,0.2371331290432414
21,619,Rabgap1l,4.2513227,2.3102703,0.0002746576432266,0.3636363636363636,0.0987265917602996,0.264909771876064
21,620,Sp3os,4.219311,2.2943697,0.000314480327611,0.4090909090909091,0.1249438202247191,0.28414708886619
21,621,Gm16124,4.217276,2.463641,0.0003170835214137,0.2727272727272727,0.0599250936329588,0.2128021790943139
21,622,Ppp1cc,4.2088976,2.3656673,0.0003283008831805,0.2727272727272727,0.058876404494382,0.2138508682328906
21,623,Gpd1,4.2030344,2.7287326,0.0003358769812545,0.2727272727272727,0.0624719101123595,0.2102553626149131
21,624,Dhx16,4.2022395,2.179015,0.0003367972236094,0.3181818181818182,0.0768539325842696,0.2413278855975485
21,625,Rita1,4.1898875,2.0644982,0.000354287837824,0.2727272727272727,0.0579775280898876,0.214749744637385
21,626,Fam221a,4.1887856,2.0973063,0.0003557374568277,0.4090909090909091,0.1186516853932584,0.2904392236976507
21,627,Unc119b,4.1518617,2.2861197,0.0004147809845346,0.2727272727272727,0.0600749063670412,0.2126523663602315
21,628,Fas,4.1496124,2.2432692,0.0004182366602035,0.3636363636363636,0.0987265917602996,0.264909771876064
21,629,Coq3,4.1287503,2.4954472,0.0004531895212327,0.2727272727272727,0.0623220973782771,0.2104051753489955
21,630,Rdm1,4.1271644,2.0071168,0.0004559797780108,0.5454545454545454,0.2119850187265917,0.3334695267279536
21,631,Ankrd37,4.125683,2.8681393,0.000458578316531,0.2727272727272727,0.0657677902621722,0.2069594824651004
21,632,Bbs5,4.116494,2.4602263,0.0004764697361332,0.2727272727272727,0.0608239700374531,0.2119033026898195
21,633,Wdpcp,4.1163445,2.4983985,0.0004764697361332,0.3181818181818182,0.0828464419475655,0.2353353762342526
21,634,Ptcd2,4.1116033,2.124024,0.0004859954604561,0.3636363636363636,0.099625468164794,0.2640108954715696
21,635,Lztfl1,4.1012025,2.0443053,0.000506457742611,0.4545454545454545,0.1511610486891385,0.303384405856316
21,636,Ube2e2,4.0991864,2.1923656,0.0005105052819773,0.3636363636363636,0.1030711610486891,0.2605652025876745
21,637,Fam118b,4.0917172,2.4310024,0.000526443373773,0.2727272727272727,0.0615730337078651,0.2111542390194075
21,638,Atp6v0e2,4.0823984,2.1116383,0.0005459650914136,0.3636363636363636,0.1030711610486891,0.2605652025876745
21,639,Macrod2,4.0682235,2.3051617,0.0005780981512232,0.2727272727272727,0.0621722846441947,0.2105549880830779
21,640,Me2,4.059677,2.2045345,0.0005974458716184,0.3181818181818182,0.0817977528089887,0.2363840653728294
21,641,Krt1,4.0427895,2.274357,0.0006397976376397,0.2727272727272727,0.0612734082397003,0.2114538644875723
21,642,2010300C02Rik,4.031456,2.1384225,0.0006694749453612,0.3636363636363636,0.1042696629213483,0.2593667007150153
21,643,Rae1,4.0233526,2.2211804,0.0006919236297704,0.5454545454545454,0.2414981273408239,0.3039564181137214
21,644,Fam187b,4.0187545,2.3655913,0.0007050458173642,0.2727272727272727,0.0639700374531835,0.2087572352740891
21,645,Orc6,4.0099463,2.1787822,0.000730259933415,0.4090909090909091,0.1372284644194756,0.2718624446714335
21,646,2310007B03Rik,3.9991045,2.427233,0.0007606258374742,0.3636363636363636,0.1086142322097378,0.2550221314266258
21,647,Ankrd54,3.9982338,2.0624676,0.000762872334659,0.4090909090909091,0.1288389513108614,0.2802519577800477
21,648,Paqr5,3.992264,2.1928198,0.0007794994540282,0.4090909090909091,0.1303370786516854,0.2787538304392237
21,649,Ublcp1,3.988344,2.45403,0.0007913414215707,0.2727272727272727,0.0659176029962546,0.206809669731018
21,650,Bola1,3.9842875,2.267418,0.0008038140713011,0.5909090909090909,0.2943820224719101,0.2965270684371808
21,651,Gins4,3.9782147,2.2825928,0.0008240210801962,0.3636363636363636,0.1086142322097378,0.2550221314266258
21,652,Rufy1,3.9616892,2.3860302,0.0008812889485733,0.2727272727272727,0.0657677902621722,0.2069594824651004
21,653,Cdkn1c,3.9285328,2.0660691,0.0009983778468841,0.4545454545454545,0.1583520599250936,0.2961933946203609
21,654,Abcf3,3.907032,2.0909195,0.001088392748161,0.3181818181818182,0.0852434456928838,0.2329383724889343
21,655,Arap1,3.8814037,2.3147018,0.0012003738101624,0.2727272727272727,0.0672659176029962,0.2054613551242764
21,656,Dnal4,3.8590114,2.0004451,0.0013039093565793,0.5454545454545454,0.2382022471910112,0.3072522982635342
21,657,Zc3h14,3.8491359,2.0145175,0.0013528856858005,0.4545454545454545,0.1616479400749063,0.2928975144705481
21,658,Ndufs5,3.8251867,2.2528975,0.0014841878051818,0.3181818181818182,0.0906367041198501,0.2275451140619679
21,659,Sms,3.8140042,2.0788178,0.0015487298191302,0.3636363636363636,0.1105617977528089,0.2530745658835546
21,660,BC026585,3.7988453,2.073469,0.0016443048350268,0.3181818181818182,0.087191011235955,0.2309908069458631
21,661,Phf1,3.7831767,2.0171623,0.0017405897455754,0.3181818181818182,0.0880898876404494,0.2300919305413687
21,662,C2cd2l,3.774527,2.0862494,0.0017959483470624,0.2727272727272727,0.0681647940074906,0.204562478719782
21,663,Ndufaf6,3.7355123,2.0410898,0.00205515500083,0.2727272727272727,0.0680149812734082,0.2047122914538644
21,664,Rpa3,3.6746614,2.0912418,0.0025766134294982,0.4090909090909091,0.1537078651685393,0.2553830439223697
21,665,Cep63,3.637213,2.135288,0.0029409123484901,0.2727272727272727,0.0723595505617977,0.2003677221654749
21,666,Naaa,3.6296575,2.0979636,0.0030185234203995,0.2727272727272727,0.0719101123595505,0.2008171603677221
21,667,Gch1,3.618044,2.234413,0.0031429582502232,0.3636363636363636,0.1267415730337078,0.2368947906026557
21,668,Etnk1,3.6043098,2.2070513,0.0033053731770824,0.3181818181818182,0.0978277153558052,0.2203541028260129
21,669,Osbpl6,3.5654147,2.08224,0.0037901880618526,0.3636363636363636,0.1244943820224719,0.2391419816138917
21,670,Hspa4l,3.5613828,2.0689456,0.0038464346665246,0.4090909090909091,0.1507116104868913,0.2583792986040177
21,671,Prkar2b,3.5535252,2.27361,0.0039531392997124,0.3636363636363636,0.1298876404494382,0.2337487231869254
21,672,Akr1b8,3.435368,2.0945916,0.0058927055610425,0.4090909090909091,0.1655430711610487,0.2435478379298604
21,673,Tmem38a,3.4120097,2.0204053,0.0063674383186649,0.3636363636363636,0.130187265917603,0.2334490977187606
21,674,Ift52,3.389958,2.0702477,0.0068816627494107,0.3636363636363636,0.1348314606741573,0.2288049029622063
21,675,H2-Ab1,3.2276776,2.2962766,0.0115249811969995,0.3181818181818182,0.1041198501872659,0.2140619679945522
22,1,Fam92b,17.08399,4.389932,1.0676672762047924e-61,0.9,0.0467275722629923,0.8532724277370076
22,2,Cdhr4,17.058386,5.066333,1.2415877875525863e-61,0.9,0.0480754830013479,0.8519245169986521
22,3,Ankrd66,16.081907,4.6946316,1.1208252476778043e-54,0.6,0.0239628575707653,0.5760371424292346
22,4,2410004P03Rik,15.359986,4.273117,8.299956537745692e-50,0.85,0.0513703759173281,0.7986296240826718
22,5,Gm8579,15.052521,4.0935974,7.786450215025367e-48,0.75,0.0416354650292047,0.7083645349707952
22,6,Arhgdig,14.892796,4.566424,7.525901111814944e-47,0.85,0.0561629474314812,0.7938370525685188
22,7,Dnah6,14.882468,4.2694235,7.806814893001118e-47,0.65,0.0326493934401677,0.6173506065598323
22,8,Dnah9,14.804224,4.4145317,2.256222302232605e-46,0.6,0.0281563576456492,0.5718436423543507
22,9,Tctex1d4,14.522541,4.353949,1.3003867646758877e-44,0.9,0.0646997154410663,0.8353002845589337
22,10,Sntn,14.493608,4.3365254,1.8173647537919498e-44,0.85,0.0579601617492886,0.7920398382507113
22,11,Cdhr3,14.433851,4.122882,3.9977970210842273e-44,0.75,0.0453796615246368,0.7046203384753632
22,12,Ccdc153,14.401767,4.960479,5.519695444449994e-44,1.0,0.0822225550396884,0.9177774449603116
22,13,Gm973,14.401706,4.64239,5.519695444449994e-44,0.6,0.0301033398232739,0.569896660176726
22,14,1700007G11Rik,14.270515,4.213957,3.424739244540043e-43,0.75,0.046577804403175,0.703422195596825
22,15,Adgb,14.15392,4.26814,1.704057617053688e-42,0.45,0.0172233038789875,0.4327766961210124
22,16,1700001C02Rik,14.127971,4.1470776,2.327120078106091e-42,0.8,0.0534671259547701,0.7465328740452299
22,17,Syne1,14.122978,4.7081704,2.3665503873513266e-42,0.45,0.0175228395986221,0.4324771604013778
22,18,Fam166b,14.066267,4.2548976,5.0200975192834106e-42,0.7,0.0420847686086565,0.6579152313913433
22,19,1700016K19Rik,14.032085,4.183785,7.746815600053747e-42,0.9,0.067695072637412,0.832304927362588
22,20,Tmem212,14.0147,4.8519945,9.447959320674279e-42,1.0,0.0880635015725625,0.9119364984274376
22,21,Lrrc10b,14.001549,4.165748,1.0875305608175763e-41,0.6,0.0311517148419949,0.5688482851580051
22,22,Fanca,13.891592,4.8722863,4.867970361323047e-41,0.3,0.007937696570316,0.292062303429684
22,23,Aoc1,13.57486,4.3241873,3.56101935183845e-39,0.8,0.0585592331885577,0.7414407668114423
22,24,Itpka,13.495077,4.650196,1.015527467417603e-38,0.4,0.0151265538415456,0.3848734461584544
22,25,3300002A11Rik,13.373708,4.029635,5.045506828848449e-38,0.8,0.0594578403474614,0.7405421596525386
22,26,Dynlrb2,13.348673,4.4039645,6.819267470687092e-38,1.0,0.0954021267036094,0.9045978732963906
22,27,Ccdc74a,13.229699,4.2823057,3.232274450696655e-37,0.55,0.0295042683840047,0.5204957316159953
22,28,Adam8,13.01792,3.900378,5.119836630337177e-36,0.75,0.0551145724127602,0.6948854275872398
22,29,Cfap53,12.8921995,3.747018,2.552558472518825e-35,0.55,0.0304028755429084,0.5195971244570916
22,30,Dcdc2b,12.840072,3.952467,4.4548495383046706e-35,0.6,0.0366931256552343,0.5633068743447656
22,31,1110017D15Rik,12.754544,4.847007,1.3036058861961207e-34,0.9,0.0850681443762168,0.8149318556237831
22,32,Pifo,12.64723,4.0358787,5.001818103301043e-34,0.8,0.066646697618691,0.733353302381309
22,33,1700026L06Rik,12.613112,3.8250327,7.518782495340386e-34,0.75,0.0579601617492886,0.6920398382507114
22,34,Rsph1,12.547402,4.4792004,1.6842301014492516e-33,0.95,0.0979481803205032,0.8520518196794967
22,35,6430531B16Rik,12.469034,3.791797,4.406410490083212e-33,0.55,0.0324996255803504,0.5175003744196496
22,36,Ccdc113,12.277092,3.758754,4.695473107459519e-32,0.7,0.0528680545155009,0.647131945484499
22,37,Meig1,12.243278,3.8328123,6.96130702830515e-32,0.8,0.0705406619739403,0.7294593380260597
22,38,Fam183b,12.215465,3.9917142,9.580703034329374e-32,0.85,0.0795267335629773,0.7704732664370226
22,39,Ccdc146,12.120781,3.875196,2.987706375810868e-31,0.55,0.0344466077579751,0.5155533922420249
22,40,Tm4sf1,11.977908,3.8180308,1.6187487324265162e-30,0.75,0.0642504118616145,0.6857495881383855
22,41,Dmkn,11.929551,4.0318394,2.8366775299790595e-30,0.8,0.0742848584693724,0.7257151415306275
22,42,Drc1,11.886208,3.920139,4.672686658421597e-30,0.55,0.0359442863561479,0.514055713643852
22,43,Ldlrad1,11.863064,3.73298,6.039273327820081e-30,0.6,0.0422345364684738,0.5577654635315261
22,44,Ckb,11.854806,3.9592297,6.534457538075037e-30,0.75,0.0672457690579601,0.6827542309420398
22,45,Tekt1,11.819859,4.0324154,9.720834485438565e-30,0.65,0.0501722330387898,0.5998277669612101
22,46,Ccdc13,11.7653675,4.7611675,1.821724967639417e-29,0.3,0.0112325894862962,0.2887674105137037
22,47,Tbata,11.677352,4.225716,5.053883500278134e-29,0.4,0.0200688932155159,0.379931106784484
22,48,Gm1673,11.499731,3.6148384,3.945989498849623e-28,0.55,0.037591732814138,0.512408267185862
22,49,Cdh26,11.486238,3.9338284,4.530922124087068e-28,0.55,0.0383405721132245,0.5116594278867755
22,50,Mak,11.482261,3.9288952,4.660988139556072e-28,0.4,0.0205181967949678,0.3794818032050322
22,51,Ak8,11.455738,3.6180696,6.223332524628832e-28,0.55,0.0380410363935899,0.5119589636064101
22,52,Wdr66,11.453061,4.237431,6.309834996893264e-28,0.4,0.0208177325146023,0.3791822674853976
22,53,Erich2,11.383079,3.8331985,1.3651769947708371e-27,0.65,0.0534671259547701,0.5965328740452299
22,54,Ccdc37,11.28956,4.0116544,3.9090862444764826e-27,0.5,0.0332484648794368,0.4667515351205631
22,55,Stmnd1,11.231819,3.4704578,7.407989993705468e-27,0.65,0.0539164295342219,0.5960835704657781
22,56,Ccdc33,11.21721,3.656257,8.602687255387079e-27,0.5,0.032799161299985,0.467200838700015
22,57,1700007K13Rik,11.178306,4.1589093,1.313963759514993e-26,0.85,0.0963007338625131,0.7536992661374868
22,58,Dnaic2,11.168215,3.9951632,1.4497911861650482e-26,0.5,0.0336977684588887,0.4663022315411113
22,59,Drc7,11.165741,4.1297536,1.468478144175611e-26,0.4,0.0218661075333233,0.3781338924666766
22,60,Spag6,11.155606,3.518177,1.6216050522219834e-26,0.55,0.0398382507113973,0.5101617492886027
22,61,Iqcg,11.098036,3.644617,3.0479961597982253e-26,0.55,0.0402875542908491,0.5097124457091509
22,62,BC051019,11.002277,3.799419,8.730033989067422e-26,0.7,0.0667964654785083,0.6332035345214917
22,63,Gm867,10.915614,3.9180791,2.2423473575743613e-25,0.6,0.0501722330387898,0.54982776696121
22,64,Lrrc23,10.855391,4.0387635,4.2825338121317575e-25,0.55,0.0435824472068294,0.5064175527931707
22,65,Maats1,10.831742,3.978332,5.470233177133448e-25,0.4,0.0230642504118616,0.3769357495881384
22,66,Cfap126,10.805218,3.4174514,7.207241808452985e-25,0.9,0.1108282162647895,0.7891717837352105
22,67,Hdc,10.728386,3.313196,1.6377565290523634e-24,0.65,0.0585592331885577,0.5914407668114423
22,68,Wnt11,10.692446,4.0301905,2.382903195964321e-24,0.45,0.0299535719634566,0.4200464280365433
22,69,4930444P10Rik,10.650076,3.9243383,3.710948614659385e-24,0.4,0.023813089710948,0.376186910289052
22,70,Odf3b,10.597619,3.4528196,6.427125812095529e-24,0.6,0.0515201437771454,0.5484798562228546
22,71,Ccdc40,10.53554,3.970549,1.2299171315557601e-23,0.4,0.0242623932903998,0.3757376067096001
22,72,Foxj1,10.352399,3.843003,7.693966151534301e-23,0.9,0.1271529129848734,0.7728470870151266
22,73,Kif19a,10.282195,4.1815825,1.5799833018746998e-22,0.5,0.0405870900104837,0.4594129099895162
22,74,Armc2,10.248669,4.2704353,2.2110881878769723e-22,0.25,0.0101842144675752,0.2398157855324247
22,75,1700088E04Rik,10.136226,3.7004287,6.953255611285722e-22,0.9,0.1352403774150067,0.7647596225849933
22,76,Mapk15,10.134626,3.2726858,6.990277745471164e-22,0.6,0.055563875992212,0.544436124007788
22,77,1700026D08Rik,10.070123,3.1049144,1.334977495112205e-21,0.5,0.0393889471319454,0.4606110528680545
22,78,Daw1,10.00905,4.002613,2.4527660295707337e-21,0.25,0.0106335180470271,0.2393664819529729
22,79,B3gnt4,9.980657,4.4613194,3.2319846810646438e-21,0.25,0.0107832859068443,0.2392167140931556
22,80,Cfap69,9.977318,3.2990422,3.307382359354727e-21,0.45,0.0330986970196195,0.4169013029803804
22,81,Vwa3a,9.960149,3.844233,3.811076298592853e-21,0.35,0.0208177325146023,0.3291822674853976
22,82,2210408I21Rik,9.957417,4.7899256,3.8777067268985946e-21,0.25,0.0109330537666616,0.2390669462333383
22,83,1700003M02Rik,9.914312,3.4677093,5.9163520479725424e-21,0.55,0.049722929459338,0.5002770705406621
22,84,Nme5,9.810267,3.110805,1.6514384862128015e-20,0.75,0.0897109480305526,0.6602890519694473
22,85,Syt5,9.705669,3.5356522,4.5412901361204597e-20,0.45,0.0351954470570615,0.4148045529429384
22,86,Spag8,9.626064,3.7228546,9.787112644793828e-20,0.4,0.0287554290849183,0.3712445709150817
22,87,Ppp1r32,9.588064,3.5181544,1.4019494732139003e-19,0.4,0.028605661225101,0.3713943387748989
22,88,Mlf1,9.573448,3.5360477,1.5998510812766376e-19,0.8,0.1117268234236932,0.6882731765763068
22,89,Ccdc78,9.548413,3.4142983,2.0186785371418692e-19,0.5,0.0441815186460985,0.4558184813539014
22,90,Ak7,9.531788,3.283557,2.347735078954812e-19,0.4,0.0287554290849183,0.3712445709150817
22,91,Cyfip2,9.512287,3.5733297,2.8064762952334425e-19,0.65,0.0787778942638909,0.5712221057361091
22,92,Tm6sf2,9.387391,3.816915,9.170374173807285e-19,0.25,0.0119814287853826,0.2380185712146173
22,93,2610028H24Rik,9.366539,3.0716023,1.1074335737040704e-18,0.55,0.0537666616744046,0.4962333383255953
22,94,Gtsf1l,9.363118,3.2594178,1.1336836409039417e-18,0.45,0.0371424292346862,0.4128575707653137
22,95,Lrrc51,9.339858,3.4035141,1.4000892992988556e-18,1.0,0.1964954320802755,0.8035045679197245
22,96,Cep83,9.337618,3.350974,1.4174741028256121e-18,0.55,0.0552643402725775,0.4947356597274225
22,97,Ccdc17,9.296898,3.7002819,2.062298674406805e-18,0.6,0.0690429833757675,0.5309570166242324
22,98,Ulk4,9.24044,3.629266,3.441188292125511e-18,0.4,0.030702411262543,0.3692975887374569
22,99,Glipr1,9.16695,3.1796916,6.706349526865694e-18,0.55,0.0564624831511157,0.4935375168488842
22,100,Smim5,9.165513,3.262272,6.739685016781595e-18,0.75,0.1045379661524636,0.6454620338475363
22,101,Ctxn1,9.14933,3.3212652,7.765113249534183e-18,0.6,0.0672457690579601,0.5327542309420398
22,102,Dnah10,9.146249,3.8891296,7.92420306234212e-18,0.35,0.0245619290100344,0.3254380709899655
22,103,Zmynd10,9.126953,3.6392708,9.318723236811709e-18,0.45,0.0399880185712146,0.4100119814287853
22,104,Acot1,9.096268,3.4396415,1.226654706699054e-17,0.7,0.0960011981428785,0.6039988018571214
22,105,Kndc1,9.065813,3.9554834,1.6098832162584346e-17,0.3,0.0185712146173431,0.2814287853826568
22,106,Dnali1,9.059285,3.602106,1.6815703991767358e-17,0.5,0.0492736258798861,0.4507263741201138
22,107,Gm29538,9.022132,3.216249,2.24102927337854e-17,0.5,0.048674554440617,0.451325445559383
22,108,Lrrc36,9.006502,3.515764,2.565476894402264e-17,0.35,0.024861464729669,0.325138535270331
22,109,Cfap52,9.00036,2.9733605,2.693346674491097e-17,0.45,0.0393889471319454,0.4106110528680545
22,110,Calml4,8.992259,3.2234375,2.8600858377958004e-17,0.5,0.0485247865807997,0.4514752134192002
22,111,Ccdc180,8.99217,3.3896718,2.8600858377958004e-17,0.35,0.024861464729669,0.325138535270331
22,112,Kif9,8.976605,3.9282355,3.2714170423349934e-17,0.35,0.0256103040287554,0.3243896959712445
22,113,Ttc12,8.95959,3.5919101,3.7376743115599524e-17,0.35,0.0251610004493035,0.3248389995506964
22,114,Naaa,8.934379,3.3408277,4.6637206547417056e-17,0.6,0.0709899655533922,0.5290100344466078
22,115,Iqca,8.824087,3.00691,1.248245207133807e-16,0.4,0.032799161299985,0.367200838700015
22,116,Cfap58,8.822221,4.0645247,1.260539917362185e-16,0.25,0.0136288752433727,0.2363711247566272
22,117,Lrrc74b,8.796282,3.6126385,1.5672299331101798e-16,0.4,0.0339973041785232,0.3660026958214767
22,118,Tekt4,8.786481,3.2866254,1.6986373902070556e-16,0.45,0.0416354650292047,0.4083645349707953
22,119,Catip,8.74667,3.4783666,2.4026592797932806e-16,0.4,0.033847536318706,0.366152463681294
22,120,D630024D03Rik,8.643791,3.7390203,5.85883836103673e-16,0.35,0.0272577504867455,0.3227422495132544
22,121,Efcab12,8.64321,3.501676,5.85883836103673e-16,0.25,0.0140781788228246,0.2359218211771754
22,122,Ccdc181,8.628252,3.328491,6.634588617221767e-16,0.75,0.1207128950127302,0.6292871049872697
22,123,Pltp,8.594133,3.1244872,8.877246421191676e-16,0.9,0.1648944136588288,0.7351055863411712
22,124,AU040972,8.568273,4.723585,1.0973957905461537e-15,1.0,0.28665568369028,0.71334431630972
22,125,Hsph1,8.511485,3.066529,1.782520221551558e-15,0.9,0.1731316459487794,0.7268683540512206
22,126,4932443I19Rik,8.4957285,2.9690452,2.028932854169416e-15,0.45,0.0437322150666467,0.4062677849333533
22,127,Lhb,8.448674,3.2309585,3.0201427033972272e-15,0.4,0.0357945184963306,0.3642054815036693
22,128,C2cd2l,8.441912,3.2399404,3.180265806047683e-15,0.55,0.0673955369177774,0.4826044630822226
22,129,Ccdc108,8.388497,3.410662,4.954470639548884e-15,0.4,0.0366931256552343,0.3633068743447656
22,130,Chek2,8.348362,3.241356,6.880088306004132e-15,0.45,0.0455294293844541,0.4044705706155459
22,131,Gm14964,8.339648,3.624979,7.317799726125351e-15,0.3,0.0214168039538715,0.2785831960461284
22,132,D430036J16Rik,8.337053,2.896608,7.435609545857934e-15,0.35,0.0281563576456492,0.3218436423543507
22,133,Ppil6,8.318276,3.0237446,8.661660476778114e-15,0.65,0.0906095551894563,0.5593904448105437
22,134,Galnt6,8.290435,3.5081356,1.0885900274922042e-14,0.3,0.021716339673506,0.2782836603264939
22,135,Vpreb3,8.284522,3.5257344,1.1373673609273044e-14,0.85,0.1741800209675003,0.6758199790324996
22,136,Slc35g3,8.22602,3.2166302,1.8347966150415187e-14,0.25,0.0152763217013628,0.2347236782986371
22,137,Dlec1,8.1932955,3.5883043,2.395762201071029e-14,0.3,0.0221656432529579,0.2778343567470421
22,138,Riiad1,8.170504,3.448079,2.8456635040923913e-14,0.9,0.2104238430432829,0.6895761569567171
22,139,Dnah2,8.094168,3.842315,5.2244870615749085e-14,0.25,0.0160251610004493,0.2339748389995506
22,140,Pcp4l1,8.059432,2.8901494,6.480052482435146e-14,0.4,0.0384903399730417,0.3615096600269582
22,141,Slc16a3,7.9871,3.407689,1.1619481628352678e-13,0.3,0.0230642504118616,0.2769357495881384
22,142,2010300C02Rik,7.9825892,3.0993712,1.19907502185192e-13,0.65,0.1034895911337427,0.5465104088662573
22,143,Ubxn11,7.9483895,3.100765,1.5730937470154368e-13,0.45,0.049722929459338,0.4002770705406619
22,144,Scrn1,7.8399773,2.8060205,3.676989675936441e-13,0.3,0.0235135539913134,0.2764864460086865
22,145,Cfap70,7.8018794,3.3921354,4.927719973024307e-13,0.3,0.0241126254305825,0.2758873745694173
22,146,4930404N11Rik,7.785861,3.2480571,5.566690657957059e-13,0.35,0.0324996255803504,0.3175003744196495
22,147,Rsph9,7.775551,2.7859893,6.009951058852637e-13,0.85,0.1743297888273176,0.6756702111726823
22,148,Ttll9,7.76291,3.4892926,6.576448472720598e-13,0.25,0.0172233038789875,0.2327766961210124
22,149,Lrrc34,7.760292,3.0212536,6.681371774061926e-13,0.35,0.0322000898607158,0.3177999101392841
22,150,Dnah5,7.7434072,3.5248952,7.559105599799399e-13,0.3,0.0245619290100344,0.2754380709899655
22,151,Pacrg,7.7417393,2.7565398,7.622663890015206e-13,0.4,0.0408866257301183,0.3591133742698817
22,152,Nek2,7.701977,3.3510752,1.026803534064006e-12,0.25,0.0173730717388048,0.2326269282611951
22,153,Fam126a,7.687517,3.3043754,1.140496255390473e-12,0.35,0.0330986970196195,0.3169013029803804
22,154,Ccdc162,7.68736,3.7172787,1.140496255390473e-12,0.45,0.0569117867305676,0.3930882132694324
22,155,Rsph10b,7.671625,3.6986904,1.2835930919787853e-12,0.25,0.0176726074584394,0.2323273925415606
22,156,1700028P14Rik,7.6691656,2.5660272,1.302440791313545e-12,0.35,0.0322000898607158,0.3177999101392841
22,157,Dusp18,7.664296,3.3301542,1.346636303685295e-12,0.5,0.0670960011981428,0.4329039988018571
22,158,Cfap45,7.652665,2.9226375,1.4675634342855885e-12,0.5,0.0641006440017972,0.4358993559982028
22,159,March4,7.6507087,3.599263,1.4833261055430868e-12,0.25,0.0176726074584394,0.2323273925415606
22,160,Spag17,7.638258,3.4931152,1.626654621864676e-12,0.25,0.0176726074584394,0.2323273925415606
22,161,Gm15402,7.5704446,3.0892282,2.723363770349854e-12,0.3,0.0251610004493035,0.2748389995506964
22,162,Ly6c1,7.557952,2.6260116,2.9659227269908e-12,0.6,0.0900104837501872,0.5099895162498128
22,163,Odf2,7.557623,3.2261374,2.9659227269908e-12,0.5,0.0681443762168638,0.4318556237831361
22,164,Timp4,7.511054,3.744963,4.182478308795535e-12,0.3,0.0262093754680245,0.2737906245319754
22,165,Gpr155,7.4798417,2.9067516,5.283260910312728e-12,0.4,0.0438819829264639,0.356118017073536
22,166,Pih1d2,7.478261,2.8510528,5.324142175995224e-12,0.5,0.066646697618691,0.433353302381309
22,167,Aldh3b1,7.4478135,2.8270018,6.680060350673266e-12,0.8,0.1768758424442114,0.6231241575557885
22,168,1700101E01Rik,7.4305344,3.14041,7.580902170211819e-12,0.4,0.0452298936648195,0.3547701063351804
22,169,Spef1,7.426146,2.8274682,7.803226532798669e-12,0.55,0.0811741800209675,0.4688258199790325
22,170,Serpina9,7.3846564,3.0696669,1.0622241906029668e-11,0.45,0.0572113224502021,0.3927886775497978
22,171,Fam47e,7.3744755,2.8584177,1.1417970074135691e-11,0.5,0.067695072637412,0.4323049273625879
22,172,Lrrc48,7.348525,2.5314386,1.3638423427193755e-11,0.45,0.0548150366931256,0.3951849633068743
22,173,4833427G06Rik,7.336825,2.8366103,1.4701800191826328e-11,0.35,0.0351954470570615,0.3148045529429384
22,174,Traf3ip1,7.31837,2.825153,1.6734446447201864e-11,0.5,0.0690429833757675,0.4309570166242324
22,175,Cyp2s1,7.2986674,2.3763106,1.9225269999244103e-11,0.9,0.1836153961359892,0.7163846038640108
22,176,Arc,7.298633,3.1582067,1.9225269999244103e-11,0.8,0.1809195746592781,0.6190804253407219
22,177,Saxo2,7.2930903,2.6225789,1.9952866259871355e-11,0.4,0.0447805900853676,0.3552194099146323
22,178,Tuba1a,7.2686133,3.8880827,2.3827124939291694e-11,1.0,0.451100793769657,0.548899206230343
22,179,Pik3r4,7.2557163,3.5918114,2.6107087445737498e-11,0.35,0.0377415006739553,0.3122584993260446
22,180,Dnaaf1,7.23837,3.1155756,2.932226712904874e-11,0.25,0.0193200539164295,0.2306799460835704
22,181,Fsd1l,7.226661,3.5574327,3.1838113054692826e-11,0.3,0.0281563576456492,0.2718436423543507
22,182,Trp53bp2,7.189813,2.8909707,4.1404630910057594e-11,0.65,0.1208626628725475,0.5291373371274525
22,183,Gm1661,7.042709,3.3953373,1.1893128434841728e-10,0.25,0.0205181967949678,0.2294818032050322
22,184,Spa17,7.0243416,2.4349997,1.3412528528532002e-10,0.65,0.1157705556387599,0.5342294443612401
22,185,Uckl1os,6.9653015,3.4384868,2.0358405398009587e-10,0.25,0.0209675003744196,0.2290324996255803
22,186,Tmem107,6.9048753,2.6764488,3.1098492841103287e-10,0.95,0.2800658978583196,0.6699341021416804
22,187,Ccdc151,6.8691587,3.4653661,3.9670525489908316e-10,0.25,0.0215665718136887,0.2284334281863112
22,188,Ccdc102a,6.8681397,3.097214,3.98057243040821e-10,0.25,0.0212670360940542,0.2287329639059457
22,189,Morn1,6.8579726,2.9636939,4.2584493687228486e-10,0.35,0.0401377864310319,0.3098622135689681
22,190,Wdr78,6.8536305,2.9440293,4.373527462624703e-10,0.3,0.0299535719634566,0.2700464280365433
22,191,Lbh,6.8101134,2.500348,5.902044821048563e-10,0.4,0.0506215366182417,0.3493784633817583
22,192,1700001L19Rik,6.8090143,2.6536512,5.925445823083504e-10,0.4,0.0509210723378762,0.3490789276621237
22,193,Mxra8,6.788189,3.3103006,6.821716807789718e-10,0.35,0.0422345364684738,0.3077654635315261
22,194,Stk33,6.7154727,2.8944755,1.0980318336448602e-09,0.3,0.0308521791223603,0.2691478208776396
22,195,9530053A07Rik,6.7073383,2.58459,1.1568610566466835e-09,0.5,0.0789276621237082,0.4210723378762917
22,196,Chchd6,6.705893,2.6287045,1.1642282666709456e-09,0.9,0.2722779691478209,0.6277220308521791
22,197,Dnaaf3,6.673574,2.6627762,1.4366583153300607e-09,0.35,0.0410363935899356,0.3089636064100644
22,198,Rsph14,6.6644692,2.8706112,1.523248654738929e-09,0.25,0.0223154111127752,0.2276845888872248
22,199,Wdpcp,6.660456,2.8126047,1.559973941949701e-09,0.5,0.0823723228995057,0.4176276771004942
22,200,Wdr63,6.656999,3.4107704,1.591552101130633e-09,0.25,0.022764714692227,0.2272352853077729
22,201,Prr29,6.6407266,2.8772902,1.7714237178792e-09,0.5,0.0828216264789576,0.4171783735210423
22,202,Cds1,6.63428,2.7691941,1.8442063093511102e-09,0.45,0.0670960011981428,0.3829039988018571
22,203,Elof1,6.6204643,2.910441,2.0181225156353953e-09,1.0,0.5640257600718885,0.4359742399281114
22,204,1700024G13Rik,6.61748,3.271002,2.052227617384813e-09,0.3,0.0323498577205331,0.2676501422794668
22,205,BC048546,6.551899,3.0812786,3.1573981146498473e-09,0.7,0.1762767710049423,0.5237232289950576
22,206,Cspp1,6.543436,2.8490527,3.3088843380669932e-09,0.5,0.0858169836753032,0.4141830163246967
22,207,Myo5b,6.531551,3.05862,3.5704914614946314e-09,0.35,0.0444810543657331,0.3055189456342668
22,208,2300005B03Rik,6.5285707,2.9696143,3.630099215429685e-09,0.25,0.0232140182716788,0.2267859817283211
22,209,Basp1,6.516088,2.540837,3.932139118992293e-09,0.9,0.2665867904747641,0.6334132095252358
22,210,Chchd10,6.509357,2.7529595,4.098788913742154e-09,1.0,0.6803953871499177,0.3196046128500823
22,211,Morn3,6.50787,3.0504253,4.125887580461089e-09,0.3,0.0330986970196195,0.2669013029803804
22,212,Enkur,6.481221,2.6297574,4.9085980024872175e-09,0.4,0.0552643402725775,0.3447356597274225
22,213,Eno4,6.4759655,3.150557,5.065903405984066e-09,0.25,0.0236633218511307,0.2263366781488692
22,214,Sptan1,6.4686766,2.582884,5.298961938906231e-09,0.7,0.1617492886026658,0.538250711397334
22,215,Myl4,6.4617777,2.738026,5.5282542230248105e-09,0.3,0.0329489291598023,0.2670510708401977
22,216,Efhc1,6.457822,2.740054,5.656246455646102e-09,0.3,0.032799161299985,0.267200838700015
22,217,Ift46,6.4319596,2.430507,6.686146952474303e-09,0.65,0.134341770256103,0.515658229743897
22,218,Dnajb13,6.415174,2.7113507,7.441928051240388e-09,0.3,0.0332484648794368,0.2667515351205631
22,219,Spata33,6.4054112,2.706056,7.883223445693277e-09,0.25,0.023813089710948,0.2261869102890519
22,220,Plcb3,6.3918834,2.3640428,8.585886945591253e-09,0.55,0.0995956267784933,0.4504043732215067
22,221,Gm166,6.381938,2.819527,9.13340498380933e-09,0.6,0.1270031451250561,0.4729968548749438
22,222,Ift172,6.3757052,2.471156,9.422700243053402e-09,0.65,0.1383855024711696,0.5116144975288304
22,223,4933434E20Rik,6.3574157,2.6523786,1.0582063650310209e-08,0.7,0.1735809495282312,0.5264190504717687
22,224,Lgals3bp,6.355584,2.5970757,1.0675370186281402e-08,0.9,0.3221506664669762,0.5778493335330238
22,225,Plk5,6.353692,3.0097284,1.0773800040361302e-08,0.25,0.0244121611502171,0.2255878388497828
22,226,Morn5,6.320204,2.1278405,1.2943360885643877e-08,0.35,0.0441815186460985,0.3058184813539014
22,227,Thbs1,6.2825,2.4070923,1.6409444338971462e-08,0.5,0.0855174479556687,0.4144825520443312
22,228,Sptbn1,6.271391,2.490379,1.7571532559024374e-08,0.75,0.19514752134192,0.55485247865808
22,229,Plet1,6.2117605,2.4219017,2.5423604805196577e-08,0.8,0.2265987719035495,0.5734012280964506
22,230,Dhx16,6.1992884,2.7634137,2.744093145283808e-08,0.45,0.0765313763666317,0.3734686236333683
22,231,Ift43,6.1869,2.4522069,2.95116166069708e-08,0.85,0.2552044331286506,0.5947955668713494
22,232,Mok,6.170204,2.471454,3.2706995981145955e-08,0.45,0.0736857870301033,0.3763142129698966
22,233,Ccdc114,6.167777,2.9886377,3.3115988763576015e-08,0.25,0.0257600718885727,0.2242399281114273
22,234,Wdr19,6.1636806,2.4274337,3.38858135090655e-08,0.3,0.0351954470570615,0.2648045529429384
22,235,Fank1,6.1314597,2.748953,4.115680725672581e-08,0.3,0.0359442863561479,0.264055713643852
22,236,Ribc1,6.126647,3.2568746,4.2298748376990515e-08,0.25,0.0263591433278418,0.2236408566721581
22,237,Tagap1,6.1171384,3.4632733,4.4771740694514536e-08,0.25,0.0268084469072936,0.2231915530927063
22,238,Ttbk2,6.0879307,3.1221902,5.3445451656894255e-08,0.35,0.0498726973191553,0.3001273026808446
22,239,Mipep,6.061764,2.816448,6.273242872113275e-08,0.45,0.0801258050022465,0.3698741949977535
22,240,Etnk1,6.0590215,2.7706869,6.351240661756571e-08,0.5,0.097349108881234,0.4026508911187659
22,241,Dpcd,6.05867,2.4283173,6.351240661756571e-08,1.0,0.4085667215815486,0.5914332784184514
22,242,BC022687,6.058411,2.3481367,6.351240661756571e-08,0.5,0.0901602516100044,0.4098397483899955
22,243,Klhl21,6.043894,2.5451102,6.930734747833462e-08,0.8,0.2316908791373371,0.5683091208626629
22,244,Csrp2,5.990532,2.1466663,9.60885262633744e-08,0.75,0.1864609854725176,0.5635390145274823
22,245,Slc12a7,5.9801464,2.2811668,1.0184926269193657e-07,0.55,0.1099296091058858,0.4400703908941141
22,246,AU040320,5.96888,2.7607505,1.088332700194195e-07,0.35,0.0504717687584244,0.2995282312415755
22,247,Prkar2b,5.944773,2.2451108,1.2371808603136234e-07,0.6,0.1292496630223154,0.4707503369776845
22,248,Rpgrip1l,5.926843,3.2542489,1.357870437713033e-07,0.25,0.0280065897858319,0.221993410214168
22,249,Per1,5.926348,2.3975255,1.358323300347574e-07,0.6,0.1344915381159203,0.4655084618840797
22,250,Ankrd37,5.8985696,2.6570673,1.5962197548276769e-07,0.4,0.0654485547401527,0.3345514452598472
22,251,Gas8,5.8984585,2.2129939,1.5962197548276769e-07,0.5,0.0922570016474464,0.4077429983525535
22,252,Bok,5.8569255,2.2742388,2.03508261894996e-07,0.7,0.1747790924067695,0.5252209075932305
22,253,Bcl9,5.827205,2.434106,2.426287202523989e-07,0.4,0.0654485547401527,0.3345514452598472
22,254,Wdr54,5.8171444,3.1681972,2.5701273721995304e-07,0.25,0.0287554290849183,0.2212445709150816
22,255,Plxnb2,5.799287,2.1104376,2.8518682905179814e-07,0.9,0.2990864160551145,0.6009135839448855
22,256,1700013F07Rik,5.782017,3.1780822,3.152503114477804e-07,0.25,0.0290549648045529,0.220945035195447
22,257,St3gal6,5.7714634,2.9320772,3.339090042934283e-07,0.35,0.0551145724127602,0.2948854275872397
22,258,Fbxo36,5.770776,2.5948536,3.343908969830331e-07,0.55,0.1238580200688932,0.4261419799311068
22,259,Ccdc157,5.7603593,3.0120506,3.520763245399028e-07,0.25,0.0290549648045529,0.220945035195447
22,260,Wdr24,5.7562046,2.7304206,3.599268390964883e-07,0.25,0.0287554290849183,0.2212445709150816
22,261,Asb1,5.7457895,2.8736215,3.808569783972773e-07,0.25,0.0290549648045529,0.220945035195447
22,262,Enah,5.7161455,2.1343467,4.513065797429436e-07,0.45,0.0807248764415156,0.3692751235584843
22,263,Serpine2,5.710755,2.0683117,4.646652994024335e-07,0.35,0.0516699116369627,0.2983300883630372
22,264,Tppp3,5.657041,2.8683589,6.221260712727974e-07,1.0,0.5427587239778343,0.4572412760221657
22,265,Psmc3ip,5.649477,2.790062,6.485312457504645e-07,0.3,0.0416354650292047,0.2583645349707952
22,266,PISD,5.624783,2.7614496,7.358319043117865e-07,0.4,0.0726374120113823,0.3273625879886176
22,267,1700021K19Rik,5.602532,2.9416819,8.132857143222695e-07,0.25,0.0304028755429084,0.2195971244570915
22,268,Kremen1,5.600899,2.442418,8.171484306410523e-07,0.45,0.0868653586940242,0.3631346413059757
22,269,Fam179a,5.595605,2.6162739,8.385646148031095e-07,0.3,0.041785232889022,0.2582147671109779
22,270,Adgre5,5.5103803,2.3554778,1.3531163182083378e-06,0.6,0.1554590384903399,0.44454096150966
22,271,Slc9a3r1,5.502475,2.1734536,1.411983823721111e-06,0.9,0.4582896510408866,0.4417103489591134
22,272,Odc1,5.489066,2.533112,1.5199667457416343e-06,0.55,0.1325445559382956,0.4174554440617044
22,273,6820408C15Rik,5.4812603,2.1426196,1.584956309037066e-06,0.3,0.0419350007488392,0.2580649992511606
22,274,Rassf10,5.473495,2.9120948,1.644740222651398e-06,0.25,0.0316010184214467,0.2183989815785532
22,275,Hipk1,5.4705186,2.0321078,1.6688132312701208e-06,0.65,0.1629474314812041,0.4870525685187958
22,276,Sec14l3,5.4667697,2.2177522,1.700625686980798e-06,0.9,0.4684738655084619,0.4315261344915381
22,277,Jak2,5.464995,2.3926997,1.7138493681598236e-06,0.35,0.0564624831511157,0.2935375168488842
22,278,Dync2li1,5.4636464,2.2016912,1.7230388801327803e-06,0.7,0.1999400928560731,0.5000599071439269
22,279,Ccdc120,5.4395823,2.6901817,1.963912417990055e-06,0.35,0.0591583046278268,0.2908416953721731
22,280,Ttc39b,5.4105616,2.8743653,2.2898500797477422e-06,0.3,0.0455294293844541,0.2544705706155459
22,281,Adig,5.4030166,2.2420166,2.383033154450095e-06,0.3,0.0434326793470121,0.2565673206529879
22,282,Sco2,5.3859406,2.1245034,2.609199195800729e-06,0.5,0.1060356447506365,0.3939643552493634
22,283,Rgs11,5.3613777,2.6132383,2.957541257347877e-06,0.25,0.0322000898607158,0.2177999101392841
22,284,Tle3,5.360639,2.172124,2.9631856384627206e-06,0.75,0.239029504268384,0.510970495731616
22,285,Arid2,5.347749,2.14111,3.1209096515443817e-06,0.4,0.072487644151565,0.3275123558484349
22,286,Rabl2,5.3459787,2.354534,3.138168921629901e-06,0.55,0.133293395237382,0.416706604762618
22,287,Usp2,5.3377204,2.2012734,3.270552315192896e-06,0.5,0.1081323947880784,0.3918676052119215
22,288,Ptdss2,5.330702,2.4587243,3.392332849674559e-06,0.4,0.0759323049273625,0.3240676950726374
22,289,Tmem231,5.3102694,2.8302982,3.787572677191948e-06,0.25,0.0330986970196195,0.2169013029803804
22,290,1700040L02Rik,5.281493,2.4486752,4.3965427222620135e-06,0.25,0.0326493934401677,0.2173506065598322
22,291,Megf8,5.251083,3.0018566,5.1665722253412215e-06,0.25,0.0341470720383405,0.2158529279616594
22,292,Slc23a2,5.212928,2.288529,6.260108681850436e-06,0.65,0.193050771304478,0.4569492286955219
22,293,Lrrc46,5.209411,2.1637106,6.35382458955184e-06,0.25,0.0329489291598023,0.2170510708401977
22,294,C2cd4b,5.1800413,2.2392266,7.425183971743882e-06,1.0,0.4945334731166692,0.5054665268833308
22,295,Inppl1,5.171943,2.3958468,7.713249433235975e-06,0.45,0.0982477160401377,0.3517522839598622
22,296,Fhit,5.171797,2.7405376,7.713249433235975e-06,0.3,0.0482252508611651,0.2517747491388348
22,297,Cd24a,5.1684704,2.032486,7.820054997939615e-06,1.0,0.6721581548599671,0.3278418451400329
22,298,Epb41l1,5.1635547,2.6953285,7.996020335788422e-06,0.35,0.0649992511607009,0.285000748839299
22,299,Zmynd8,5.1154656,2.4997873,1.0265968529215649e-05,0.4,0.0822225550396884,0.3177774449603116
22,300,Ift22,5.099802,2.1714334,1.093533725438332e-05,0.65,0.1918526284259397,0.4581473715740602
22,301,Mycbpap,5.072188,2.5578763,1.247579065709534e-05,0.25,0.0351954470570615,0.2148045529429384
22,302,Ptpra,5.064128,2.2514231,1.2990159931435063e-05,0.5,0.1226598771903549,0.377340122809645
22,303,Fxr2,5.06185,2.0302937,1.3121046354019624e-05,0.45,0.0961509660026958,0.3538490339973041
22,304,Fhl2,5.05659,2.2780807,1.3462034792675586e-05,0.4,0.0817732514602366,0.3182267485397634
22,305,Arap1,5.039276,2.7169263,1.4654141568236984e-05,0.35,0.0670960011981428,0.2829039988018571
22,306,Map3k14,5.0373707,2.6468182,1.4772493352154418e-05,0.35,0.0663471618990564,0.2836528381009435
22,307,Vav2,5.0260987,2.3452601,1.5637442769906032e-05,0.35,0.064549947581249,0.2854500524187509
22,308,Srxn1,5.0248094,2.362426,1.57129186048196e-05,0.4,0.0834206979182267,0.3165793020817732
22,309,Rfx2,5.021403,2.8003519,1.590353723641697e-05,0.25,0.0363935899355998,0.2136064100644001
22,310,Nfkb1,4.993618,2.185133,1.8252994252300523e-05,0.55,0.1479706454994758,0.4020293545005242
22,311,Iffo2,4.986623,2.4606297,1.883628099865152e-05,0.6,0.188258199790325,0.411741800209675
22,312,Fam149a,4.9852023,2.3902774,1.893979531927041e-05,0.25,0.0359442863561479,0.214055713643852
22,313,4430402I18Rik,4.975012,2.7100854,1.992086198970872e-05,0.25,0.0368428935150516,0.2131571064849483
22,314,Cdk6,4.964604,2.5279977,2.0908648162380163e-05,0.4,0.0865658229743897,0.3134341770256103
22,315,Efcab1,4.9169316,2.622727,2.640715963942445e-05,0.25,0.0368428935150516,0.2131571064849483
22,316,Stk40,4.9060187,2.1837962,2.7867796674536504e-05,0.4,0.0840197693574958,0.3159802306425041
22,317,Ubxn10,4.879657,2.3405576,3.0848567869932765e-05,0.35,0.0678448404972292,0.2821551595027707
22,318,Cdc42bpb,4.861249,2.307399,3.3622757988242184e-05,0.4,0.0870151265538415,0.3129848734461585
22,319,Sh3bgrl2,4.8362503,2.3715274,3.7871529931686935e-05,0.45,0.1109779841246068,0.3390220158753931
22,320,Dusp16,4.83501,2.1434567,3.804201117524514e-05,0.4,0.0858169836753032,0.3141830163246967
22,321,Flt3l,4.834388,2.57168,3.809484175019151e-05,0.3,0.0536168938145873,0.2463831061854126
22,322,Iqgap2,4.7399974,2.117794,5.981630610728854e-05,0.45,0.1088812340871649,0.3411187659128351
22,323,Elmsan1,4.7051973,2.2802718,7.050227861901097e-05,0.25,0.0390894114123109,0.210910588587689
22,324,Mns1,4.6972456,2.401434,7.279000764823956e-05,0.25,0.0392391792721282,0.2107608207278718
22,325,Gripap1,4.69396,2.0838897,7.337085943040599e-05,0.3,0.0534671259547701,0.2465328740452299
22,326,Ak1,4.6830063,2.4767854,7.676374444612998e-05,0.3,0.0551145724127602,0.2448854275872397
22,327,Acox2,4.658144,2.4781563,8.635505363324574e-05,0.3,0.0563127152912984,0.2436872847087015
22,328,Dip2b,4.649371,2.8388479,8.994152353357155e-05,0.25,0.0411861614497528,0.2088138385502471
22,329,Ift122,4.6490784,2.5859244,8.994152353357155e-05,0.25,0.040736857870301,0.2092631421296989
22,330,Smad5,4.6268454,2.069398,9.917467242977984e-05,0.4,0.0907593230492736,0.3092406769507264
22,331,Supt20,4.6251388,2.1580334,9.983215091775493e-05,0.45,0.1120263591433278,0.3379736408566721
22,332,Gtf2ird1,4.619904,2.0593266,0.0001020524160955,0.4,0.0907593230492736,0.3092406769507264
22,333,Map3k12,4.6175447,2.3084435,0.0001030523093916,0.25,0.0402875542908491,0.2097124457091508
22,334,Arhgef2,4.6101017,2.539232,0.0001064667832712,0.3,0.0578103938894713,0.2421896061105286
22,335,Zc3h12a,4.589361,2.062688,0.0001166712723084,0.4,0.0918076980679946,0.3081923019320054
22,336,Slc13a2,4.5721045,2.3876762,0.0001253040755794,0.3,0.0581099296091058,0.2418900703908941
22,337,Hacd1,4.570325,2.8024755,0.0001259744361917,0.25,0.0426838400479257,0.2073161599520742
22,338,Spire2,4.549914,2.3037088,0.0001381800419369,0.25,0.0413359293095701,0.2086640706904298
22,339,Oscp1,4.546008,2.277016,0.0001403272628685,0.35,0.0753332334880934,0.2746667665119065
22,340,Abcc1,4.539065,2.4953597,0.0001445750631546,0.4,0.0997453946383106,0.3002546053616894
22,341,Mst1,4.469177,2.1674395,0.0001948301067802,0.3,0.0578103938894713,0.2421896061105286
22,342,Nr4a3,4.4577274,2.506087,0.0002042925937755,0.25,0.0434326793470121,0.2065673206529878
22,343,Fbrs,4.4567876,2.5848985,0.0002045746518432,0.3,0.0612550546652688,0.2387449453347311
22,344,Cfap43,4.4553514,2.017053,0.0002056409103433,0.3,0.0573610903100194,0.2426389096899805
22,345,Ptgfrn,4.453819,2.5436347,0.0002064967936284,0.3,0.0599071439269132,0.2400928560730867
22,346,Gys1,4.44457,2.3976524,0.0002146211082144,0.25,0.0432829114871948,0.2067170885128051
22,347,Adar,4.4198685,2.456645,0.0002392584198033,0.25,0.0438819829264639,0.206118017073536
22,348,Enkd1,4.409813,2.3235104,0.0002502725945702,0.25,0.0431331436273775,0.2068668563726224
22,349,Tuft1,4.400135,2.0464456,0.0002605460257558,0.45,0.1192152164145574,0.3307847835854425
22,350,Ttc39a,4.384502,2.3310933,0.000278341517569,0.4,0.106335180470271,0.2936648195297289
22,351,Il4ra,4.382226,2.3263338,0.0002808559313282,0.3,0.0612550546652688,0.2387449453347311
22,352,Drosha,4.374465,2.3019066,0.0002889297081319,0.3,0.0612550546652688,0.2387449453347311
22,353,Klhdc10,4.364984,2.3286908,0.0002995820451692,0.3,0.0617043582447206,0.2382956417552793
22,354,Pcnxl4,4.332977,2.0637639,0.0003412583850996,0.3,0.0603564475063651,0.2396435524936348
22,355,Plagl2,4.326026,2.2268822,0.0003492367634394,0.3,0.0620038939643552,0.2379961060356447
22,356,Cmtm4,4.3210187,2.3213143,0.0003567574247096,0.35,0.082522090759323,0.2674779092406769
22,357,Atp2c2,4.3158493,2.534061,0.0003641182782877,0.35,0.0843193050771304,0.2656806949228695
22,358,Znfx1,4.3140025,2.536535,0.0003662242794694,0.25,0.0459787329639059,0.204021267036094
22,359,Rabgap1l,4.300342,2.0369256,0.0003879248393762,0.4,0.0986970196195896,0.3013029803804103
22,360,Kctd3,4.289391,2.0665553,0.0004058652979588,0.25,0.0447805900853676,0.2052194099146323
22,361,Wdr31,4.2621603,2.2334163,0.0004554932789744,0.25,0.0452298936648195,0.2047701063351804
22,362,Lsm14b,4.2560544,2.6231065,0.0004668255055345,0.3,0.0633518047027108,0.2366481952972892
22,363,Arhgap35,4.230366,2.2907226,0.0005164017255427,0.3,0.0641006440017972,0.2358993559982027
22,364,Necab2,4.2048044,2.348306,0.0005706668848806,0.25,0.0470271079826269,0.202972892017373
22,365,Swap70,4.197662,2.1012526,0.0005873970293299,0.3,0.0636513404223453,0.2363486595776546
22,366,Srebf2,4.147315,2.3480852,0.0007221534205983,0.4,0.1135240377415006,0.2864759622584993
22,367,Plekhb1,4.137925,2.0412526,0.0007494003712097,0.35,0.085667215815486,0.264332784184514
22,368,Bptf,4.1115065,2.0646975,0.0008372725857111,0.45,0.1373371274524487,0.3126628725475513
22,369,Zfp292,4.1077485,2.1631682,0.0008477063423249,0.3,0.0661973940392391,0.2338026059607608
22,370,Rph3al,4.0904455,2.0896907,0.0009006846742717,0.3,0.0657480904597873,0.2342519095402126
22,371,Irf8,4.0898676,2.1808772,0.0009016404532217,0.25,0.048674554440617,0.2013254455593829
22,372,Srgap2,4.0706058,2.0753627,0.0009637353656303,0.3,0.066646697618691,0.2333533023813089
22,373,Myo5c,4.060985,2.0685134,0.0009989058110877,0.45,0.144376216863861,0.305623783136139
22,374,Mink1,4.060869,2.0579839,0.0009989058110877,0.35,0.0874644301332934,0.2625355698667065
22,375,Tmc5,4.0480633,2.7179708,0.0010482669204467,0.3,0.0714392691328441,0.2285607308671559
22,376,Adipor2,3.984334,2.0194483,0.001335559643335,0.5,0.1723828066496929,0.327617193350307
22,377,Pygo2,3.8435354,2.012075,0.0022124833452149,0.3,0.0720383405721132,0.2279616594278867
22,378,Abr,3.8164077,2.211952,0.0024512565327163,0.3,0.0742848584693724,0.2257151415306275
22,379,Slc38a1,3.77583,2.172194,0.0028460955080113,0.3,0.0763816085068144,0.2236183914931855
22,380,Cyp2a5,3.729201,2.1576385,0.0033408620191797,1.0,0.6236333682791673,0.3763666317208327
22,381,Cbarp,3.6171808,2.076945,0.0048888650795057,0.3,0.0798262692826119,0.220173730717388
22,382,Igf2r,3.586329,2.050301,0.0054243933422676,0.3,0.0808746443013329,0.219125355698667
22,383,D230025D16Rik,3.4694695,2.0566664,0.0078629120538356,0.35,0.1139733413209525,0.2360266586790474
22,384,Bpifb1,2.835861,2.1042223,0.0479567623477991,0.55,0.3010333982327393,0.2489666017672607
23,1,Cdc25c,32.885937,7.5553164,5.7272752657517305e-233,0.5555555555555556,0.0035933522982482,0.5519622032573074
23,2,Ccnb1,31.445372,6.517286,3.9821589192757806e-213,0.8888888888888888,0.0116783949693067,0.8772104939195821
23,3,Cenpf,31.037674,6.7614546,9.14820761321022e-208,0.7222222222222222,0.0076358736337775,0.7145863485884447
23,4,Cdkn3,30.355824,7.056623,8.630938499845488e-199,0.7222222222222222,0.0080850426710585,0.7141371795511636
23,5,C330021F23Rik,29.065874,8.599397,3.1806179291809416e-182,0.2222222222222222,0.000449169037281,0.2217730531849411
23,6,Birc5,27.040865,7.1993866,1.3370890990938231e-157,1.0,0.0215601137894894,0.9784398862105106
23,7,Cenpe,26.97653,6.4630456,6.529611382398773e-157,0.5555555555555556,0.0059889204970804,0.5495666350584751
23,8,Cdca3,26.753826,7.031639,2.2847923279429116e-154,0.8888888888888888,0.0172181464291061,0.8716707424597827
23,9,Aurkb,26.398525,6.3327413,2.5961765572147555e-150,0.6111111111111112,0.0077855966462045,0.6033255144649067
23,10,Ccnb2,25.922817,6.731136,6.041880263815019e-145,0.9444444444444444,0.0209612217397814,0.923483222704663
23,11,Knstrn,25.581806,6.0589814,3.625892622279865e-141,1.0,0.0239556819883216,0.9760443180116783
23,12,2810417H13Rik,25.206291,6.3602314,4.670901428205905e-137,0.6666666666666666,0.0104806108698907,0.6561860557967759
23,13,Spc24,25.186813,6.5389237,7.04879976688419e-137,0.9444444444444444,0.0223087288516244,0.92213571559282
23,14,Cenpa,25.128317,6.915785,2.857889526267338e-136,0.8888888888888888,0.0197634376403653,0.8691254512485235
23,15,Cdca8,24.977886,6.44916,1.1626268556270203e-134,0.8888888888888888,0.0199131606527923,0.8689757282360965
23,16,Racgap1,24.749529,5.626715,3.215316823689449e-132,0.8333333333333334,0.0173678694415331,0.8159654638918002
23,17,Fam64a,24.303312,5.9164767,1.7447316833214199e-127,0.5555555555555556,0.0076358736337775,0.5479196819217781
23,18,Bub1b,23.854197,6.767329,8.346358374492178e-123,0.4444444444444444,0.0049408594100913,0.4395035850343531
23,19,Cenpm,23.18514,6.483015,5.551106104973977e-116,0.7777777777777778,0.0178170384788141,0.7599607392989636
23,20,Ndc80,22.201822,6.200237,2.7046112167106823e-106,0.4444444444444444,0.0058391974846533,0.438605246959791
23,21,Cdc20,22.182804,6.4931436,3.931740315382818e-106,0.9444444444444444,0.0293457104356939,0.9150987340087504
23,22,Parpbp,22.129396,7.5277452,1.2283634528264294e-105,0.2222222222222222,0.001197784099416,0.2210244381228061
23,23,1190002F15Rik,22.028618,6.1074266,1.0922830661181793e-104,0.9444444444444444,0.0297948794729749,0.9146495649714694
23,24,Pbk,21.978447,6.4294124,3.1642921258820387e-104,0.5555555555555556,0.0097319958077556,0.5458235597478
23,25,Ube2c,21.922297,6.3855667,1.0445530108325477e-103,0.7777777777777778,0.0199131606527923,0.7578646171249854
23,26,Kif22,21.915638,6.088903,1.1625352880068341e-103,0.5,0.0077855966462045,0.4922144033537954
23,27,Nuf2,21.332535,6.10892,3.441435232498215e-98,0.3888888888888889,0.0047911363976643,0.3840977524912246
23,28,Plk1,21.08953,6.384124,5.813135542345578e-96,0.5,0.0085342117083395,0.4914657882916604
23,29,Ccna2,20.82404,5.9644175,1.482469875900653e-93,0.5555555555555556,0.0109297799071717,0.5446257756483839
23,30,Kif2c,20.051302,5.942545,1.0749998214392957e-86,0.3888888888888889,0.0055397514597993,0.3833491374290895
23,31,Rad51,19.884579,5.3614683,2.928170789628748e-85,0.5,0.0095822727953286,0.4904177272046713
23,32,Sapcd2,19.334251,5.3774004,1.4179292104504917e-80,0.3888888888888889,0.0059889204970804,0.3828999683918085
23,33,Sgol1,19.253403,5.594358,6.5697150811389085e-80,0.3333333333333333,0.0043419673603832,0.32899136597295
23,34,Psrc1,18.74414,5.321279,9.999607012457282e-76,0.3888888888888889,0.0064380895343614,0.3824507993545274
23,35,Shcbp1,18.74332,5.5951214,9.999607012457282e-76,0.3888888888888889,0.0064380895343614,0.3824507993545274
23,36,Hmmr,18.504444,6.165646,8.428004002112391e-74,0.3333333333333333,0.0047911363976643,0.328542196935669
23,37,Cep55,18.399755,5.758742,5.695445588951188e-73,0.3888888888888889,0.0067375355592154,0.3821513533296734
23,38,Ncapg,18.311417,6.1059656,2.8218848206811064e-72,0.2777777777777778,0.0032939062733942,0.2744838715043836
23,39,Tpx2,18.074009,5.6076617,2.062361469416511e-70,0.4444444444444444,0.0092828267704746,0.4351616176739697
23,40,Mki67,18.07348,5.967404,2.062361469416511e-70,0.3888888888888889,0.0070369815840694,0.3818519073048194
23,41,Ankle1,17.98116,6.152347,1.0688276307428484e-69,0.2777777777777778,0.0034436292858212,0.2743341484919566
23,42,Aspm,17.977882,5.960251,1.1075265420165224e-69,0.2777777777777778,0.0034436292858212,0.2743341484919566
23,43,Mad2l1,17.960875,5.0380807,1.4706653039816224e-69,0.7222222222222222,0.0254529121125917,0.6967693101096305
23,44,Kif20a,17.670807,5.4511604,2.5652640648148045e-67,0.4444444444444444,0.0097319958077556,0.4347124486366888
23,45,Mxd3,17.234955,5.639343,5.175783499172615e-64,0.3888888888888889,0.0077855966462045,0.3811032922426843
23,46,Kifc5b,17.062172,5.9326625,9.49924964445652e-63,0.2777777777777778,0.0038927983231022,0.2738849794546755
23,47,Tacc3,17.00982,4.7738614,2.278114100468245e-62,0.6111111111111112,0.0200628836652193,0.5910482274458918
23,48,Esco2,16.800474,6.132038,7.78578713820383e-61,0.3333333333333333,0.0059889204970804,0.3273444128362529
23,49,Cdk1,16.782896,5.7187066,1.0268503288338561e-60,0.6666666666666666,0.0254529121125917,0.6412137545540749
23,50,Fignl1,16.755367,5.6167703,1.6011236565682328e-60,0.2777777777777778,0.0040425213355292,0.2737352564422485
23,51,Incenp,16.646948,5.305222,9.671551852445177e-60,0.6111111111111112,0.0214103907770624,0.5897007203340487
23,52,Aurka,16.5438,5.3409495,5.29194631752567e-59,0.4444444444444444,0.0112292259320257,0.4332152185124187
23,53,Troap,15.845746,5.6592684,4.328288490145588e-54,0.2222222222222222,0.0028447372361131,0.219377484986109
23,54,Top2a,15.830662,5.757069,5.40665029195019e-54,0.4444444444444444,0.0124270100314418,0.4320174344130026
23,55,Cdca5,15.804729,5.8303347,8.023305030752415e-54,0.2777777777777778,0.0046414133852373,0.2731363643925404
23,56,Prc1,15.604262,4.760014,1.8613094493554238e-52,0.6111111111111112,0.0239556819883216,0.5871554291227895
23,57,Spag5,15.581419,4.667108,2.617946172754723e-52,0.3888888888888889,0.0095822727953286,0.3793066160935602
23,58,Oip5,15.538042,6.2991962,5.072492397363707e-52,0.2222222222222222,0.0029944602485402,0.219227761973682
23,59,Ncaph,15.510915,5.6697936,7.619434924332682e-52,0.2222222222222222,0.0029944602485402,0.219227761973682
23,60,Nusap1,15.32204,5.37594,1.396159104455033e-50,0.3888888888888889,0.0100314418326096,0.3788574470562792
23,61,Nrm,15.137707,4.9793763,2.269877987842964e-49,0.8333333333333334,0.0491091480760592,0.7842241852572741
23,62,Tk1,15.101959,5.323475,3.847936373332119e-49,0.5555555555555556,0.0215601137894894,0.5339954417660662
23,63,Ube2t,15.100808,4.9067574,3.858139704733448e-49,0.5,0.0172181464291061,0.4827818535708938
23,64,Kif4,14.613764,5.8087254,5.3767776479613505e-46,0.2222222222222222,0.0034436292858212,0.2187785929364009
23,65,Cenpn,14.045173,4.701585,1.9049787697912106e-42,0.3333333333333333,0.0086839347207665,0.3246493986125667
23,66,Rad51ap1,14.040883,5.098951,1.9957795991497946e-42,0.2777777777777778,0.0059889204970804,0.2717888572806974
23,67,H1fx,13.930791,4.9819183,9.251255680285392e-42,0.7222222222222222,0.0435693966162599,0.6786528256059623
23,68,Kif20b,13.742638,5.1941676,1.2496518533590386e-40,0.2777777777777778,0.0062883665219344,0.2714894112558433
23,69,Asf1b,13.466118,5.0517206,5.342039574942367e-39,0.4444444444444444,0.0172181464291061,0.4272262980153383
23,70,Cdca2,13.433151,5.186577,8.234631688476331e-39,0.2777777777777778,0.0065878125467884,0.2711899652309893
23,71,Spc25,13.328858,4.896097,3.265376856816689e-38,0.5,0.0223087288516244,0.4776912711483755
23,72,Smc4,13.248098,4.7382717,9.487592209455477e-38,0.8888888888888888,0.0744123371762239,0.8144765517126649
23,73,Mastl,13.1742525,5.696047,2.499512714196163e-37,0.2222222222222222,0.0043419673603832,0.2178802548618389
23,74,Mcm10,13.158148,5.340863,3.0558763962063093e-37,0.2222222222222222,0.0043419673603832,0.2178802548618389
23,75,Kif23,13.12863,4.5889897,4.459936026587978e-37,0.5,0.0227578978889055,0.4772421021110944
23,76,Ckap2l,13.030353,4.659974,1.6054689269469886e-36,0.4444444444444444,0.0182662075160952,0.4261782369283492
23,77,Anln,12.956273,4.9948583,4.177724566201444e-36,0.3333333333333333,0.0103308878574636,0.3230024454758696
23,78,Cenpp,12.529966,4.9451604,9.761316044762483e-34,0.2777777777777778,0.0076358736337775,0.2701419041440003
23,79,Cks1b,12.456903,4.7454686,2.4178213351119728e-33,0.9444444444444444,0.0991166342266806,0.8453278102177638
23,80,Cks1brt,12.2891245,4.3151894,1.8883509241290923e-32,0.3333333333333333,0.0113789489444527,0.3219543843888806
23,81,Spdl1,12.246843,5.618066,3.147965479517318e-32,0.2222222222222222,0.0050905824225183,0.2171316397997038
23,82,Bora,12.063098,4.7115793,2.949328291025349e-31,0.2777777777777778,0.0082347656834855,0.2695430120942922
23,83,Kif11,12.041551,4.994669,3.7894634631792324e-31,0.2222222222222222,0.0052403054349453,0.2169819167872768
23,84,Rrm2,11.97773,4.2080436,8.111139815359693e-31,0.5555555555555556,0.0330887857463692,0.5224667698091864
23,85,Gpsm2,11.889214,3.6413212,2.324954081278828e-30,0.6111111111111112,0.0393771522683036,0.5717339588428075
23,86,Ckap2,11.82789,4.112917,4.785226591864625e-30,0.3333333333333333,0.0122772870190148,0.3210560463143185
23,87,Stmn1,11.718064,4.618246,1.741527843751653e-29,0.7222222222222222,0.060937266057793,0.6612849561644292
23,88,Arhgef39,11.624107,4.026275,5.201872848178747e-29,0.3888888888888889,0.0172181464291061,0.3716707424597827
23,89,Fbxo5,11.622692,4.249423,5.235364935169789e-29,0.2777777777777778,0.0088336577331935,0.2689441200445842
23,90,Poc1a,11.593026,4.027559,7.332084313775647e-29,0.5,0.0285970953735589,0.4714029046264411
23,91,Traip,11.582028,4.9888425,8.25391652327129e-29,0.2222222222222222,0.0056894744722263,0.2165327477499958
23,92,Mis18bp1,11.572207,4.7619405,9.164758541024551e-29,0.2222222222222222,0.0056894744722263,0.2165327477499958
23,93,Dlgap5,11.550211,4.608754,1.172589718430702e-28,0.3333333333333333,0.0130259020811498,0.3203074312521834
23,94,Dbf4,11.252992,4.780328,3.530446625373798e-27,0.3333333333333333,0.0137745171432849,0.3195588161900484
23,95,Ybx2,11.186638,5.0835257,7.404958820672493e-27,0.2222222222222222,0.0061386435095074,0.2160835787127148
23,96,Ncapd2,10.873618,5.279957,2.2151528002945527e-25,0.2777777777777778,0.0103308878574636,0.2674468899203141
23,97,Ska1,10.776198,4.5506525,6.359818170874305e-25,0.2222222222222222,0.0065878125467884,0.2156344096754337
23,98,Arhgap11a,10.672257,4.7058825,1.940552822457105e-24,0.2222222222222222,0.0067375355592154,0.2154846866630067
23,99,H2afx,10.277602,4.3451567,1.2254126751417073e-22,0.9444444444444444,0.1509207965264261,0.7935236479180183
23,100,Kifc1,10.125846,4.3097396,5.751096754847406e-22,0.2222222222222222,0.0074861506213505,0.2147360716008717
23,101,Cmc2,9.887947,3.4084122,6.3124983403416815e-21,0.8333333333333334,0.1033088785746369,0.7300244547586965
23,102,Rrm1,9.266584,3.6649575,2.3178644317841798e-18,0.5555555555555556,0.0537505614612966,0.5018049940942589
23,103,Lig1,9.14182,3.5450015,7.143190614059623e-18,0.3888888888888889,0.0270998652492888,0.3617890236396001
23,104,Atad2,9.088211,4.247373,1.1628755371835909e-17,0.2222222222222222,0.0092828267704746,0.2129393954517476
23,105,Ccdc34,8.749999,3.6666377,2.4470220159030864e-16,0.9444444444444444,0.1961371462793831,0.7483072981650613
23,106,Cit,8.711744,4.0131145,3.4081435067366963e-16,0.3888888888888889,0.03054349453511,0.3583453943537788
23,107,Plk4,8.6222725,4.3454714,7.424352290337247e-16,0.2222222222222222,0.0103308878574636,0.2118913343647585
23,108,Rnf26,8.436959,3.5631032,3.3386341602623365e-15,0.4444444444444444,0.0410241054050007,0.4034203390394437
23,109,Tcf19,8.379105,3.4487605,5.3662291784775045e-15,0.3333333333333333,0.0236562359634675,0.3096770973698657
23,110,Pmf1,8.327745,3.319599,8.240129374191094e-15,0.6666666666666666,0.0919299296301841,0.5747367370364824
23,111,Nt5dc2,8.290511,3.9420178,1.1208617039194553e-14,0.2777777777777778,0.0172181464291061,0.2605596313486716
23,112,Katnal2,8.249875,3.4232533,1.5665919270649755e-14,0.2222222222222222,0.0110795029195987,0.2111427193026234
23,113,Haus8,8.117303,3.488666,4.653389547692253e-14,0.5,0.0555472376104207,0.4444527623895792
23,114,Nde1,8.08678,3.2059526,5.945391669212629e-14,0.6666666666666666,0.0956730049408594,0.5709936617258072
23,115,Fam83d,7.8198953,4.147322,5.041139908938979e-13,0.2222222222222222,0.0124270100314418,0.2097952121907803
23,116,Trim59,7.587291,3.5438178,2.9437368427957306e-12,0.2777777777777778,0.0200628836652193,0.2577148941125584
23,117,Rdh11,7.487342,3.196952,6.298911257366172e-12,0.3888888888888889,0.0387782602185955,0.3501106286702933
23,118,Tmpo,7.4781337,3.0665536,6.683225072063498e-12,0.9444444444444444,0.2377601437340919,0.7066843007103525
23,119,Melk,7.30158,3.2670736,2.4944238099633592e-11,0.2777777777777778,0.0212606677646354,0.2565171100131423
23,120,Pxylp1,7.2285485,3.0415282,4.236344500975519e-11,0.5,0.0663272945051654,0.4336727054948345
23,121,Tyms,7.1268177,3.1304507,8.423229013921275e-11,0.5555555555555556,0.0845935020212606,0.4709620535342949
23,122,H2afz,7.11783,3.0000062,8.946274112556093e-11,1.0,0.447372361131906,0.552627638868094
23,123,Hmgn2,7.079234,3.6007745,1.176921647063898e-10,0.3888888888888889,0.0443180116783949,0.3445708772104939
23,124,Apitd1,7.073253,3.309507,1.2227473841568588e-10,0.3333333333333333,0.0321904476718071,0.3011428856615261
23,125,Gins2,7.068214,3.1831174,1.2617534898273932e-10,0.3888888888888889,0.0429705045665518,0.345918384322337
23,126,Rangap1,6.9400353,3.0069551,3.1209846299583203e-10,0.5555555555555556,0.0878874082946548,0.4676681472609006
23,127,Cenpw,6.895458,2.863238,4.2540793459991335e-10,0.2777777777777778,0.0233567899386135,0.2544209878391642
23,128,Whsc1,6.852878,2.783447,5.652784716439646e-10,0.3333333333333333,0.0332385087587962,0.300094824574537
23,129,3010026O09Rik,6.827903,3.2031975,6.697586112400615e-10,0.3333333333333333,0.0342865698457853,0.299046763487548
23,130,2700094K13Rik,6.7203436,2.7520845,1.3829972088568962e-09,1.0,0.3455607126815391,0.6544392873184608
23,131,Rbl1,6.705208,3.7499146,1.5271125476441703e-09,0.2222222222222222,0.0164695313669711,0.2057526908552511
23,132,Topbp1,6.6721597,2.891869,1.8132195915467582e-09,0.2777777777777778,0.0248540200628836,0.2529237577148941
23,133,Snrnp25,6.669975,2.6322207,1.832378624599468e-09,0.6111111111111112,0.105704446773469,0.505406664337642
23,134,Haus4,6.6403856,2.7196374,2.221328127415993e-09,0.3333333333333333,0.0348854618954933,0.2984478714378399
23,135,Gpr160,6.61466,3.3321579,2.6213991735854556e-09,0.2222222222222222,0.0167689773918251,0.2054532448303971
23,136,Fen1,6.5645103,2.6023946,3.6589704106261362e-09,0.3333333333333333,0.0354843539452013,0.2978489793881319
23,137,Neurl1b,6.5226183,3.4048097,4.8014935686792425e-09,0.2222222222222222,0.0172181464291061,0.205004075793116
23,138,Tubb5,6.5180535,3.0259905,4.928987948628048e-09,1.0,0.6424614463243,0.3575385536757
23,139,Stk17b,6.516304,3.4906182,4.965844879310987e-09,0.2777777777777778,0.0265009731995807,0.251276804578197
23,140,Agr2,6.4981284,2.980597,5.58082155810361e-09,1.0,0.5719419074711783,0.4280580925288216
23,141,Cox6b2,6.4742393,2.7560344,6.511923246428033e-09,0.4444444444444444,0.0624344961820631,0.3820099482623812
23,142,Trp53i11,6.441481,2.4178708,8.051666469652343e-09,0.7777777777777778,0.1712831262164994,0.6064946515612784
23,143,Srcap,6.3691583,3.2456167,1.2775857809189158e-08,0.2222222222222222,0.0179667614912412,0.204255460730981
23,144,Prdx4,6.358727,2.4720669,1.3618344392350052e-08,0.9444444444444444,0.2699505914058991,0.6744938530385454
23,145,Cep89,6.3476367,3.284006,1.4577404690391196e-08,0.3888888888888889,0.0533013924240155,0.3355874964648733
23,146,Hmgb2,6.2771363,2.938257,2.218094133189015e-08,0.9444444444444444,0.5864650396765982,0.3579794047678462
23,147,Mns1,6.2339296,2.767827,2.9142354146359284e-08,0.3333333333333333,0.0390777062434496,0.2942556270898837
23,148,Nup37,6.2032495,2.934148,3.5296610801312765e-08,0.4444444444444444,0.0690223087288516,0.3754221357155928
23,149,Rfc4,6.159403,2.6667862,4.641843477506766e-08,0.3888888888888889,0.0528522233867345,0.3360366655021543
23,150,Mis18a,6.097807,2.6276634,6.80948971975037e-08,0.3888888888888889,0.0533013924240155,0.3355874964648733
23,151,Lmnb1,6.060705,2.657742,8.516344044579143e-08,0.5,0.0865399011828118,0.4134600988171882
23,152,Hspb6,6.039465,2.8671181,9.679474097657885e-08,0.3888888888888889,0.0552477915855667,0.3336410973033222
23,153,Fam175a,6.0111012,2.7311652,1.1491137629726094e-07,0.2777777777777778,0.0296451564605479,0.2481326213172298
23,154,Rap2c,5.9058127,2.8009055,2.147507062082663e-07,0.2222222222222222,0.0202126066776463,0.2020096155445758
23,155,H2afv,5.8622885,2.5136337,2.752784897820939e-07,1.0,0.6375205869142088,0.3624794130857912
23,156,Hirip3,5.8479686,2.5890288,2.978592610244533e-07,0.2777777777777778,0.030842940559964,0.2469348372178137
23,157,Pck2,5.8352733,2.6807377,3.2028143864452704e-07,0.5,0.0947746668662973,0.4052253331337027
23,158,Igtp,5.8341365,2.6760235,3.2130431212496735e-07,0.3333333333333333,0.0435693966162599,0.2897639367170734
23,159,Cenpq,5.8050413,3.0915136,3.8101364627883773e-07,0.2777777777777778,0.0320407246593801,0.2457370531183976
23,160,Hmgb3,5.790868,2.4669428,4.116332733721754e-07,0.6666666666666666,0.1537655337625393,0.5129011329041273
23,161,Kank2,5.782163,2.8559954,4.319571855758247e-07,0.2777777777777778,0.0318910016469531,0.2458867761308246
23,162,Cenpt,5.7815676,2.8696136,4.319571855758247e-07,0.2777777777777778,0.0318910016469531,0.2458867761308246
23,163,Gjb1,5.7806306,3.8049335,4.328302955037197e-07,0.2222222222222222,0.0217098368019164,0.2005123854203057
23,164,Lsm2,5.7452517,2.1756918,5.300551873967284e-07,0.8333333333333334,0.2254828567150771,0.6078504766182562
23,165,Alg14,5.715167,2.1409075,6.284922764964717e-07,0.6666666666666666,0.1465788291660428,0.5200878375006238
23,166,Smc1a,5.6897316,2.612036,7.246004622304957e-07,0.5555555555555556,0.1166342266806408,0.4389213288749147
23,167,Rfc5,5.687665,2.766753,7.308841498706145e-07,0.3888888888888889,0.0613864350950741,0.3275024537938147
23,168,Ppih,5.686298,2.212525,7.342144959755058e-07,0.4444444444444444,0.0729151070519538,0.3715293373924905
23,169,Cyp39a1,5.6543756,2.5269892,8.657810968074347e-07,0.5,0.0976194041024105,0.4023805958975894
23,170,Sept10,5.512961,2.5954745,1.8667883555957283e-06,0.2777777777777778,0.0338374008085042,0.2439403769692735
23,171,Pgk1,5.4984803,2.4902859,2.020213843905386e-06,0.4444444444444444,0.0808504267105854,0.363594017733859
23,172,Ezh2,5.4909415,2.9949167,2.101620857617326e-06,0.2777777777777778,0.0351849079203473,0.2425928698574304
23,173,Me2,5.4896045,2.531568,2.1108283312783195e-06,0.4444444444444444,0.0815990417727204,0.3628454026717239
23,174,Serpinb8,5.4465704,2.3305998,2.666879370462362e-06,0.5,0.0988171882018266,0.4011828117981734
23,175,Ptms,5.446457,2.0764701,2.666879370462362e-06,1.0,0.6842341667914359,0.3157658332085641
23,176,Miip,5.42928,2.2826793,2.927447005978848e-06,0.3333333333333333,0.0479113639766432,0.2854219693566901
23,177,H2-Q7,5.4159756,2.904589,3.1438062034134093e-06,0.2777777777777778,0.0356340769576283,0.2421437008201494
23,178,Msln,5.4044056,2.7016277,3.322283023821464e-06,1.0,0.5241802665069621,0.4758197334930378
23,179,Gemin6,5.395903,2.2136378,3.4512810581990134e-06,0.3333333333333333,0.0477616409642162,0.2855716923691171
23,180,Dnph1,5.347796,2.9177232,4.465477274817157e-06,0.3333333333333333,0.0504566551879023,0.2828766781454309
23,181,Marveld2,5.2463346,2.1694882,7.664751561985697e-06,0.2777777777777778,0.0363826920197634,0.2413950857580143
23,182,Stag1,5.234048,2.0887148,8.167870312072094e-06,0.3333333333333333,0.0500074861506213,0.283325847182712
23,183,Fut8,5.1312704,2.3320796,1.384191789623746e-05,0.3888888888888889,0.0697709237909866,0.3191179650979022
23,184,Usp1,5.1190605,2.6609814,1.4682560064231707e-05,0.3333333333333333,0.0540500074861506,0.2792833258471827
23,185,Pigr,5.0936413,2.2793984,1.660192717772862e-05,0.8888888888888888,0.3334331486749513,0.5554557402139375
23,186,Tmem54,4.988386,2.2916293,2.8449815321360496e-05,0.4444444444444444,0.0935768827668812,0.3508675616775631
23,187,Alg8,4.9750056,2.7109814,3.0228674889411628e-05,0.2777777777777778,0.0410241054050007,0.236753672372777
23,188,Impad1,4.8877335,2.0158734,4.647107184318525e-05,0.4444444444444444,0.0913310375804761,0.3531134068639683
23,189,Hjurp,4.8827977,2.9263258,4.751796965877282e-05,0.2777777777777778,0.0429705045665518,0.2348072732112259
23,190,Slc27a2,4.8792043,3.0279014,4.825817697512064e-05,0.2777777777777778,0.0440185656535409,0.2337592121242368
23,191,Pdk3,4.8547854,2.1014826,5.415351873741523e-05,0.5555555555555556,0.1399910166192543,0.4155645389363012
23,192,Tmem44,4.8471794,2.5240228,5.596406401581108e-05,0.2777777777777778,0.0420721664919898,0.2357056112857879
23,193,Scaf8,4.831734,2.6666515,5.983445942614525e-05,0.2777777777777778,0.0429705045665518,0.2348072732112259
23,194,Cyp51,4.796372,2.0607789,7.085114361458869e-05,0.3888888888888889,0.075310675250786,0.3135782136381028
23,195,Psmc3ip,4.7725744,2.0629466,7.809186024250148e-05,0.2777777777777778,0.0417727204671358,0.2360050573106419
23,196,Apol9b,4.759452,2.202158,8.291023200937644e-05,0.4444444444444444,0.0986674651893996,0.3457769792550448
23,197,BC003331,4.7495055,2.2283561,8.664262512455607e-05,0.4444444444444444,0.0997155262763886,0.3447289181680557
23,198,Gemin2,4.7332287,2.313636,9.364944640878958e-05,0.3888888888888889,0.0790537505614613,0.3098351383274276
23,199,Fbxw11,4.723152,2.1488469,9.81595342150667e-05,0.3888888888888889,0.0780056894744722,0.3108831994144166
23,200,Hnrnpul1,4.716907,2.3834345,0.000100467299654,0.5,0.1305584668363527,0.3694415331636472
23,201,Lsm5,4.7160053,2.1341972,0.0001006319667308,0.4444444444444444,0.0982182961521185,0.3462261482923258
23,202,Arl6ip1,4.713477,2.275263,0.0001013720243883,0.8888888888888888,0.4668363527474173,0.4220525361414715
23,203,Brd8,4.6450863,2.0020518,0.0001383440657456,0.4444444444444444,0.0994160802515346,0.3450283641929098
23,204,Vangl1,4.6417527,2.0705173,0.000140247396102,0.3888888888888889,0.0787543045366072,0.3101345843522816
23,205,Gk,4.591668,2.357307,0.0001741980756756,0.2777777777777778,0.045515795777811,0.2322619819999667
23,206,Opa3,4.583266,2.1500065,0.0001804779259984,0.3888888888888889,0.0814493187602934,0.3074395701285954
23,207,Pphln1,4.57263,2.5078895,0.0001889804675953,0.2777777777777778,0.046114687827519,0.2316630899502587
23,208,Cdkn2b,4.565921,2.4415717,0.0001941980418776,0.3333333333333333,0.0651295104057493,0.2682038229275839
23,209,Smchd1,4.560288,2.1764987,0.0001990074225466,0.3333333333333333,0.0625842191944902,0.2707491141388431
23,210,Syce2,4.526146,2.2543283,0.0002301853325914,0.3888888888888889,0.0850426710585417,0.3038462178303472
23,211,Maz,4.50665,2.1857464,0.0002500358944898,0.4444444444444444,0.105105554723761,0.3393388897206834
23,212,Nucks1,4.4941916,2.1707678,0.0002633008353433,0.6111111111111112,0.2063183111244198,0.4047927999866914
23,213,Rad21,4.486933,2.5848489,0.0002711819736302,0.4444444444444444,0.1190297948794729,0.3254146495649714
23,214,Gpatch8,4.467917,2.0437536,0.0002937487182108,0.3333333333333333,0.0639317263063332,0.269401607027
23,215,Bak1,4.4628053,2.0996387,0.0002974262299078,0.3888888888888889,0.0836951639466986,0.3051937249421902
23,216,Dot1l,4.450972,2.3919947,0.0003129457502485,0.2777777777777778,0.0477616409642162,0.2300161368135616
23,217,H1f0,4.445793,2.2567446,0.0003191568437536,0.8333333333333334,0.4282078155412487,0.4051255177920846
23,218,Ppfia1,4.40836,2.0767393,0.0003779357018819,0.2777777777777778,0.0476119179517891,0.2301658598259885
23,219,Cc2d1a,4.395207,2.0242257,0.0003997917254035,0.2777777777777778,0.0476119179517891,0.2301658598259885
23,220,Spata24,4.3585086,2.2125373,0.0004628749226351,0.3333333333333333,0.0679742476418625,0.2653590856914707
23,221,Haus1,4.3568654,2.3148887,0.0004653590820493,0.2777777777777778,0.0494085941009133,0.2283691836768644
23,222,Impa2,4.34509,2.280175,0.0004878894606794,0.2777777777777778,0.0492588710884863,0.2285189066892914
23,223,Dyrk1a,4.300243,2.233815,0.000589093299779,0.3333333333333333,0.0685731396915706,0.2647601936417627
23,224,Ocel1,4.2908506,2.0277586,0.000610714086641,0.3333333333333333,0.0679742476418625,0.2653590856914707
23,225,Chac2,4.275721,2.124595,0.0006482806059432,0.3333333333333333,0.0687228627039976,0.2646104706293357
23,226,Galm,4.2604027,2.1940641,0.000691482160972,0.4444444444444444,0.1193292409043269,0.3251152035401174
23,227,Abhd13,4.2325606,2.515753,0.0007749242580731,0.2777777777777778,0.0527025003743075,0.2250752774034702
23,228,Tmprss4,4.2202373,2.5275173,0.0008151906655617,0.3888888888888889,0.0997155262763886,0.2891733626125002
23,229,Ifi27l2a,4.1985064,2.6416452,0.0008778172812547,0.7777777777777778,0.3828417427758646,0.3949360350019131
23,230,Sult2b1,4.177311,2.086727,0.000943058814372,0.3333333333333333,0.0712681539152567,0.2620651794180765
23,231,Ankrd22,4.172146,2.7440886,0.0009608698412251,0.2777777777777778,0.0549483455607126,0.2228294322170651
23,232,Gpx7,4.167091,2.1620245,0.000973056610137,0.3333333333333333,0.0726156610270998,0.2607176723062334
23,233,Brd9,4.138287,2.0557897,0.0010951999088224,0.3333333333333333,0.0718670459649648,0.2614662873683685
23,234,Xpr1,4.1137915,2.3357885,0.0012112862218899,0.2777777777777778,0.0540500074861506,0.2237277702916271
23,235,B4gat1,4.027867,2.0327942,0.0016693183124098,0.2777777777777778,0.0541997304985776,0.2235780472792001
23,236,Dgkz,3.9604237,2.0965645,0.0021377561310573,0.2777777777777778,0.0562958526725557,0.221481925105222
23,237,Tyro3,3.9500842,2.0537941,0.0022206353068312,0.3888888888888889,0.1027099865249288,0.28617890236396
23,238,Cdkn2d,3.886367,2.1243324,0.002823846361325,0.5,0.1735289714029046,0.3264710285970953
23,239,Dnajc10,3.881237,2.3234792,0.0028565520411942,0.3888888888888889,0.1112441982332684,0.2776446906556205
23,240,Odf2l,3.863895,2.1676638,0.0030251917118556,0.2777777777777778,0.0585416978589609,0.2192360799188168
23,241,Map2k4,3.8601239,2.1760645,0.0030621392435464,0.2777777777777778,0.0588411438838149,0.2189366338939628
23,242,Zdhhc7,3.8294358,2.2921367,0.0034315069460266,0.2777777777777778,0.060488097020512,0.2172896807572657
23,243,Zfp750,3.8099947,2.1442504,0.0036643799380728,0.3333333333333333,0.0820482108100014,0.2512851225233318
23,244,Anapc15,3.778279,2.0244756,0.0041045603366309,0.3888888888888889,0.1081000149723012,0.2807888739165876
23,245,Cbwd1,3.7671537,2.2167654,0.0042267972337478,0.2777777777777778,0.0615361581075011,0.2162416196702766
23,246,Gcsh,3.758757,2.1169024,0.0043535999828007,0.4444444444444444,0.1447821530169187,0.2996622914275257
23,247,Rnf213,3.7008226,2.220426,0.0053081388719974,0.2777777777777778,0.0631831112441982,0.2145946665335795
23,248,Gmnn,3.5952702,2.1022944,0.0075002030432915,0.4444444444444444,0.1551130408743823,0.289331403570062
23,249,Nicn1,3.5522375,2.1522236,0.0086888880713756,0.2777777777777778,0.0669261865548734,0.2108515912229043
23,250,Mrgbp,3.4903708,2.3691742,0.0106188393457606,0.2777777777777778,0.0681239706542895,0.2096538071234882
23,251,Lrwd1,3.3565998,2.0149152,0.0160366449296556,0.2777777777777778,0.0703698158406947,0.207407961937083
24,1,Gm14317,12.037616,5.4136887,3.3603335772986125e-30,0.3,0.0055331239718857,0.2944668760281142
24,2,1700016K19Rik,7.599672,3.8631945,1.217290858135597e-11,0.7,0.0692388215941378,0.6307611784058621
24,3,1700007K13Rik,7.4005036,4.154153,5.2978807933738805e-11,0.8,0.0975026170180948,0.7024973829819052
24,4,Gm15402,7.3148932,3.6206589,8.988648223235741e-11,0.4,0.025422461492448,0.374577538507552
24,5,Ttc21a,7.225397,3.9685216,1.7072067796107386e-10,0.3,0.0151039330043367,0.2848960669956632
24,6,Smkr-ps,7.1564684,4.1224546,2.7708300741179287e-10,0.3,0.0154030207866008,0.2845969792133991
24,7,Sntn,6.793658,2.4954374,3.260087896935464e-09,0.6,0.0595184686705548,0.5404815313294452
24,8,3300002A11Rik,6.790575,2.8876543,3.271045109404679e-09,0.6,0.0608643636907432,0.5391356363092568
24,9,Fam183b,6.7844186,2.6982362,3.353713590228432e-09,0.7,0.0809032451024375,0.6190967548975623
24,10,March8,6.685431,3.267071,5.99406841488185e-09,0.6,0.0652011365335726,0.5347988634664274
24,11,1110017D15Rik,6.682454,3.5043044,6.021558125768362e-09,0.7,0.0865859129654553,0.6134140870345446
24,12,Tmem8,6.6457987,3.6289527,7.609477181527011e-09,0.4,0.0306564976820696,0.3693435023179303
24,13,BC051019,6.626173,3.7259288,8.560847423499993e-09,0.6,0.0678929265739494,0.5321070734260506
24,14,Cfap126,6.5965095,2.9165196,1.0304499173418888e-08,0.8,0.1121579183490354,0.6878420816509646
24,15,Cfap45,6.5885615,2.9822063,1.0711506230571365e-08,0.6,0.0646029609690444,0.5353970390309556
24,16,Tm4sf1,6.563588,3.1101816,1.2485698653334993e-08,0.6,0.0655002243158367,0.5344997756841633
24,17,1700101E01Rik,6.553878,2.7235305,1.2950278548196166e-08,0.5,0.0456108867952744,0.4543891132047256
24,18,Tctex1d4,6.5132413,3.148178,1.6523721673244408e-08,0.6,0.0663974876626289,0.533602512337371
24,19,Gm29538,6.383939,3.241538,3.825208039205173e-08,0.5,0.0493494840735755,0.4506505159264244
24,20,Fam92b,6.348722,3.0029397,4.7477783239797334e-08,0.5,0.0486017646179153,0.4513982353820846
24,21,Dynlrb2,6.2763424,3.5224013,6.933026869513064e-08,0.7,0.0972035292358307,0.6027964707641692
24,22,Ttc16,6.2464247,3.2858212,8.253950334931217e-08,0.3,0.0194407058471661,0.2805592941528338
24,23,Efcab10,6.2453923,3.158647,8.253950334931217e-08,0.4,0.0334978316135785,0.3665021683864214
24,24,Cfap69,6.1973276,3.1108732,1.0952397216074209e-07,0.4,0.0337969193958426,0.3662030806041573
24,25,Fam219a,6.1894174,4.270323,1.1383973937208596e-07,0.3,0.0206370569762225,0.2793629430237774
24,26,Gm17586,6.1294446,3.7672868,1.6251070761485453e-07,0.3,0.0204875130850904,0.2795124869149095
24,27,2410004P03Rik,6.071781,3.0610187,2.2799035373158254e-07,0.5,0.0530880813518767,0.4469119186481232
24,28,Dyrk1b,6.04032,3.7743263,2.7124926559879377e-07,0.3,0.0210856886496186,0.2789143113503813
24,29,Gm10399,5.95352,4.0488667,4.5789517600477125e-07,0.3,0.0219829519964109,0.278017048003589
24,30,Cep83,5.8829055,3.1266112,6.816152188524308e-07,0.5,0.0560789591745177,0.4439210408254823
24,31,9530053A07Rik,5.858598,2.8469944,7.81207877895932e-07,0.6,0.079407806191117,0.5205921938088829
24,32,Arhgdig,5.83688,3.2764845,8.811370202019761e-07,0.5,0.0578734858681022,0.4421265141318977
24,33,Gm1673,5.788443,3.2819467,1.1536216001407293e-06,0.4,0.0385823239120681,0.3614176760879318
24,34,Ccdc153,5.7102003,3.4640296,1.745982782449883e-06,0.6,0.0841932107073426,0.5158067892926573
24,35,Aoc1,5.678529,3.0659902,2.082439865062791e-06,0.5,0.060116644235083,0.439883355764917
24,36,1700026L06Rik,5.6680226,2.9398878,2.193710139970132e-06,0.5,0.0593689247794227,0.4406310752205772
24,37,Cfap70,5.5717187,3.7536695,3.5973561632146466e-06,0.3,0.0245251981456557,0.2754748018543442
24,38,Tom1l2,5.5052137,3.3824904,5.21326112688873e-06,0.4,0.0430686406460296,0.3569313593539704
24,39,Dnah10,5.4089847,3.1108623,8.662880597040419e-06,0.3,0.0251233737101839,0.2748766262898161
24,40,Pgap3,5.3985295,3.2708936,9.03256671863055e-06,0.4,0.0442649917750859,0.355735008224914
24,41,Wdr31,5.325457,3.3608146,1.3004505660013044e-05,0.4,0.0453117990130103,0.3546882009869897
24,42,Gm8579,5.303167,2.5395405,1.4582902385826028e-05,0.4,0.0432181845371616,0.3567818154628384
24,43,4932443I19Rik,5.231287,2.371843,2.1401920594030427e-05,0.4,0.044414535666218,0.3555854643337819
24,44,9530034E10Rik,5.2203016,3.1076365,2.2067140953251252e-05,0.3,0.0267683565126364,0.2732316434873635
24,45,Rsph1,5.1866426,3.1884122,2.5264518242280067e-05,0.6,0.0997457753850755,0.5002542246149244
24,46,Chek2,5.179002,2.926601,2.6133367050203632e-05,0.4,0.0462090623598026,0.3537909376401974
24,47,1700007G11Rik,5.0178013,2.7064023,6.003887731390393e-05,0.4,0.0481531329445192,0.3518468670554808
24,48,1700001L19Rik,5.0175014,3.6681721,6.003887731390393e-05,0.4,0.0514430985494242,0.3485569014505758
24,49,Smim5,5.0142856,2.9234617,6.062769874587556e-05,0.6,0.1057275310303574,0.4942724689696425
24,50,Ephx4,4.9961004,2.92397,6.6170978924083e-05,0.4,0.0491999401824435,0.3508000598175564
24,51,Gm7467,4.9936843,3.2942028,6.654561250394224e-05,0.3,0.0291610587707492,0.2708389412292508
24,52,Wfdc1,4.955276,3.0472372,7.897377673865266e-05,0.8,0.2168386421414685,0.5831613578585315
24,53,Dnali1,4.9324007,2.8785105,8.82232939437168e-05,0.4,0.0500972035292358,0.3499027964707641
24,54,1700013F07Rik,4.907209,2.7502546,9.968109553150793e-05,0.3,0.0293106026618812,0.2706893973381187
24,55,Dmkn,4.8935013,2.8031497,0.0001054964878632,0.5,0.0758187528039479,0.424181247196052
24,56,Ccdc74a,4.87693,3.5265734,0.0001124064643009,0.3,0.0306564976820696,0.2693435023179303
24,57,Smg5,4.8713555,2.8151467,0.0001129072816252,0.4,0.0512935546582922,0.3487064453417078
24,58,Pcnxl3,4.722997,2.4898686,0.0002309994736154,0.4,0.0526394496784806,0.3473605503215194
24,59,Odf3b,4.696473,2.4780369,0.0002568765433764,0.4,0.0526394496784806,0.3473605503215194
24,60,Tmem37,4.682201,3.192713,0.0002706268146843,0.4,0.0577239419769702,0.3422760580230298
24,61,AU019823,4.6355066,2.392741,0.0003369437714223,0.4,0.0536862569164049,0.3463137430835951
24,62,Impdh2,4.634693,2.4225326,0.0003369437714223,0.3,0.0320023927022581,0.2679976072977418
24,63,Map2k4,4.6073694,3.3263445,0.0003778670963838,0.4,0.0589202931060266,0.3410797068939734
24,64,Erich2,4.5922384,2.3906155,0.0004004088989512,0.4,0.0547330641543293,0.3452669358456707
24,65,Ak1,4.573529,2.5560904,0.0004321730138014,0.4,0.0553312397188574,0.3446687602811425
24,66,Acox2,4.561534,2.554365,0.0004551171595117,0.4,0.0565275908479138,0.3434724091520861
24,67,Stmnd1,4.5583034,2.3118687,0.0004596607662719,0.4,0.0551816958277254,0.3448183041722746
24,68,Dnaic2,4.527493,3.2173064,0.0005263101041283,0.3,0.0346941827426349,0.265305817257365
24,69,Adgrl2,4.519324,3.3613994,0.0005383470970164,0.3,0.0352923583071631,0.2647076416928368
24,70,Serpina9,4.514638,2.754318,0.0005417879848462,0.4,0.0578734858681022,0.3421265141318977
24,71,Trp53bp2,4.512969,2.4844565,0.0005432412596799,0.6,0.1217287273814864,0.4782712726185135
24,72,Dnah6,4.4802356,2.4913037,0.0006271131651966,0.3,0.0340960071781067,0.2659039928218932
24,73,Trmt2a,4.475102,2.387773,0.0006390942681684,0.5,0.0853895618363989,0.414610438163601
24,74,Psenen,4.4469323,3.1895201,0.0007251837258886,0.3,0.0357409899805592,0.2642590100194407
24,75,4933434E20Rik,4.392799,2.4769723,0.0009130752765731,0.7,0.1743681770599671,0.5256318229400329
24,76,Mttp,4.3630013,2.936688,0.0010364953898199,0.3,0.0361896216539554,0.2638103783460445
24,77,Smim24,4.343879,2.6487799,0.0011199752487034,0.3,0.0358905338716913,0.2641094661283086
24,78,Lhb,4.3339276,2.7485964,0.0011599736533295,0.3,0.0364887094362195,0.2635112905637805
24,79,Atrnl1,4.333725,3.0743947,0.0011599736533295,0.3,0.0373859727830118,0.2626140272169882
24,80,Tfpt,4.3213983,2.2052424,0.0012166843771119,0.6,0.1208314640346941,0.4791685359653058
24,81,Drc1,4.310504,2.8702486,0.0012721146693928,0.3,0.0370868850007477,0.2629131149992523
24,82,Vpreb3,4.295897,2.5763643,0.0013524103832802,0.7,0.1754149842978914,0.5245850157021086
24,83,Fzd6,4.2838216,3.0761278,0.0014014095813074,0.3,0.038133692238672,0.2618663077613279
24,84,Tmem218,4.2729335,2.111399,0.0014382042806973,0.7,0.1600119635112905,0.5399880364887094
24,85,Ap3d1,4.246762,3.0104735,0.0016022910541701,0.4,0.0669956632271571,0.3330043367728428
24,86,Rabl2,4.2435594,2.562551,0.0016180518539553,0.6,0.1338417825631823,0.4661582174368177
24,87,Foxj1,4.238337,2.3940828,0.0016487511542349,0.6,0.1287572902646926,0.4712427097353073
24,88,Cblb,4.2339196,2.5880356,0.0016740161236912,0.3,0.0376850605652759,0.262314939434724
24,89,Ttr,4.2013893,2.3754857,0.0018835033070667,0.3,0.038283236129804,0.2617167638701959
24,90,Lmnb2,4.184107,2.8510802,0.0020238955944355,0.3,0.0390309555854643,0.2609690444145356
24,91,Fam193b,4.15886,2.6048453,0.0022417471638453,0.3,0.0390309555854643,0.2609690444145356
24,92,Sgpp1,4.14824,2.0394251,0.0023356919538203,0.5,0.091819949155077,0.408180050844923
24,93,Gtsf1l,4.1408362,2.1327934,0.002384637373795,0.3,0.03798414834754,0.26201585165246
24,94,Btg3,4.130911,2.2880323,0.0024566919045815,0.5,0.0958576342156422,0.4041423657843577
24,95,Atp9b,4.1299205,2.760088,0.0024566919045815,0.3,0.0396291311499925,0.2603708688500075
24,96,Tmem216,4.117831,2.3156815,0.002567386122057,0.6,0.1359353970390309,0.464064602960969
24,97,Vcl,4.1171904,2.2221231,0.002567386122057,0.4,0.0644534170779123,0.3355465829220876
24,98,Dusp18,4.1108055,2.6591034,0.0026287030570227,0.4,0.0678929265739494,0.3321070734260505
24,99,Zdhhc18,4.09728,2.9099102,0.0027752618432329,0.3,0.0408254822790489,0.259174517720951
24,100,Ffar4,4.096387,2.0850792,0.0027752618432329,1.0,0.3891132047255869,0.610886795274413
24,101,Med29,4.0912857,2.1848266,0.0028256349611955,0.5,0.0966053536713025,0.4033946463286975
24,102,Ms4a8a,4.083901,3.0659418,0.0029053309900116,0.4,0.0735755944369672,0.3264244055630327
24,103,Mns1,4.0728693,2.4033442,0.0029882372503873,0.3,0.0394795872588604,0.2605204127411395
24,104,Pnpo,4.067074,2.1876812,0.0030381546622504,0.5,0.098250336473755,0.4017496635262449
24,105,Spata24,4.0494733,2.4446242,0.0032506302670627,0.4,0.0681920143562135,0.3318079856437864
24,106,Psmc3ip,4.028011,3.0377407,0.0035347434241707,0.3,0.0420218334081052,0.2579781665918947
24,107,1700026D08Rik,3.9938607,2.1678536,0.004006474173609,0.3,0.0403768506056527,0.2596231493943472
24,108,Sdccag8,3.9929273,2.7969577,0.004006474173609,0.3,0.0421713772992373,0.2578286227007627
24,109,Tmem181a,3.9813902,2.5083232,0.004161804368957,0.3,0.0415732017347091,0.2584267982652908
24,110,Dnaaf3,3.9620712,2.3284955,0.0044638581317917,0.3,0.0415732017347091,0.2584267982652908
24,111,Nsun4,3.9518209,2.459152,0.0046256048919852,0.4,0.0713324360699865,0.3286675639300135
24,112,Boc,3.9480908,2.062506,0.004681231727539,0.3,0.0409750261701809,0.259024973829819
24,113,AU040972,3.943775,2.856198,0.0047320411003609,0.8,0.288021534320323,0.5119784656796771
24,114,Iqcg,3.9383953,2.2698512,0.0048220327274176,0.3,0.041423657843577,0.2585763421564229
24,115,Tspan2,3.9218767,2.2435508,0.0051100143594311,0.3,0.0418722895169732,0.2581277104830267
24,116,Spsb1,3.918778,2.6419098,0.0051578558336616,0.3,0.0429190967548975,0.2570809032451024
24,117,Fut8,3.9067476,2.1772728,0.0053645458914592,0.4,0.0701360849409301,0.3298639150590698
24,118,Ccpg1os,3.8491495,2.3448575,0.0065714217002634,0.7,0.2033796919395842,0.4966203080604157
24,119,Ddx27,3.8466449,2.0276804,0.0066126600433244,0.5,0.1025871093165844,0.3974128906834155
24,120,Pigr,3.8427196,2.2907512,0.0066521643394299,0.9,0.3340810527889936,0.5659189472110064
24,121,Mbtps1,3.8084664,2.2502282,0.0074702727829744,0.5,0.1102138477643188,0.3897861522356811
24,122,Lrrc23,3.8035636,2.5138009,0.0075855543633729,0.3,0.0447136234484821,0.2552863765515178
24,123,Bap1,3.7980583,2.6667461,0.0076907555552163,0.3,0.0454613429041423,0.2545386570958576
24,124,Thap2,3.7948585,2.24945,0.0077451544612013,0.3,0.0441154478839539,0.255884552116046
24,125,Abr,3.766226,2.2761028,0.0086018959829328,0.4,0.0744728577837595,0.3255271422162404
24,126,Vipas39,3.7646675,2.585103,0.0086284215030342,0.4,0.0780619111709286,0.3219380888290714
24,127,Dnajc14,3.754042,2.2391405,0.0089091493974025,0.5,0.1123074622401675,0.3876925377598325
24,128,Obsl1,3.7527392,2.1837683,0.0089091493974025,0.4,0.0746224016748915,0.3253775983251084
24,129,Tmem41a,3.7426398,2.3028696,0.0091894680824127,0.4,0.0764169283684761,0.3235830716315239
24,130,Mlf1,3.7092054,2.1597936,0.0100588344460893,0.5,0.1132047255869597,0.3867952744130402
24,131,Cxcl2,3.6978486,2.3046174,0.0103969200619788,0.3,0.0463586062509346,0.2536413937490653
24,132,Cdc42bpg,3.6883128,2.3343608,0.0106392596163408,0.4,0.0777628233886645,0.3222371766113354
24,133,Tppp3,3.655049,2.9168272,0.01201491050617,1.0,0.5434425003738598,0.4565574996261402
24,134,1810044D09Rik,3.6388369,2.383608,0.0126305473964083,0.3,0.0481531329445192,0.2518468670554807
24,135,Dhcr24,3.6192205,2.2368255,0.0134507273011935,0.4,0.0797068939733811,0.3202931060266188
24,136,Lbh,3.6187215,3.002118,0.0134507273011935,0.3,0.0512935546582922,0.2487064453417077
24,137,Adcy6,3.6141975,2.858085,0.0136154104703785,0.3,0.0500972035292358,0.2499027964707641
24,138,Rnpc3,3.612749,2.240231,0.0136510368476813,0.3,0.047704501271123,0.2522954987288769
24,139,Ppp1r16a,3.590053,2.4751709,0.0146617816675792,0.5,0.1275609391356363,0.3724390608643637
24,140,Csnk1g2,3.5899322,2.0593996,0.0146617816675792,0.6,0.1655450874831763,0.4344549125168236
24,141,Fhl1,3.5773282,2.8534057,0.0152632314494624,0.3,0.0512935546582922,0.2487064453417077
24,142,Plet1,3.5678492,2.0881336,0.015699745582492,0.7,0.2276058023029759,0.472394197697024
24,143,1700003M02Rik,3.5567687,2.7500336,0.0162440017957267,0.3,0.050844922984896,0.2491550770151039
24,144,Tuba1a,3.547768,2.5225973,0.0165575330716347,0.9,0.4520711828921788,0.4479288171078212
24,145,Calml4,3.52879,2.3490272,0.0175559709783975,0.3,0.0494990279647076,0.2505009720352923
24,146,AU040320,3.5161345,2.5678236,0.0181354989766328,0.3,0.0509944668760281,0.2490055331239719
24,147,Agr2,3.5071287,2.017017,0.0185172228871231,1.0,0.5724540152534769,0.427545984746523
24,148,Rnf145,3.5066004,2.533668,0.0185172228871231,0.3,0.0514430985494242,0.2485569014505757
24,149,Tor1b,3.501025,2.1825957,0.0188153817955592,0.4,0.0834454912516823,0.3165545087483176
24,150,Gga1,3.498825,2.1004345,0.0189171523771208,0.7,0.2292507851054284,0.4707492148945715
24,151,Trim33,3.491431,2.460521,0.0193604522573877,0.3,0.0511440107671601,0.2488559892328398
24,152,Ltf,3.4858437,3.706586,0.019624705864894,1.0,0.649020487513085,0.3509795124869149
24,153,Dpagt1,3.466687,2.7142148,0.0209269072706363,0.3,0.0535367130252729,0.246463286974727
24,154,Triobp,3.4639108,2.4169285,0.02104482907556,0.4,0.0877822640945117,0.3122177359054883
24,155,Trmt1l,3.4444456,2.2563446,0.0222397554113364,0.4,0.0865859129654553,0.3134140870345446
24,156,Gm867,3.4179606,2.0725775,0.0241206480616152,0.3,0.0514430985494242,0.2485569014505757
24,157,Nsd1,3.394047,2.1807315,0.0259655594933475,0.4,0.0877822640945117,0.3122177359054883
24,158,Adamtsl4,3.387799,2.3036075,0.0263994178904736,0.3,0.0530880813518767,0.2469119186481232
24,159,Blzf1,3.3848534,2.0304296,0.026485686961131,0.4,0.085539105727531,0.314460894272469
24,160,Slc4a7,3.3795412,2.0156658,0.026820415667987,0.3,0.0520412741139524,0.2479587258860475
24,161,Itln1,3.3694172,2.5328598,0.0275768561782378,0.4,0.0948108269777179,0.305189173022282
24,162,Slc7a2,3.3645053,2.0795152,0.0279476751045135,0.4,0.0882308957679078,0.3117691042320921
24,163,Setd6,3.3530068,2.1388605,0.0290060973786483,0.4,0.088679527441304,0.311320472558696
24,164,Sp1,3.3495877,2.0218801,0.029257297344364,0.3,0.0530880813518767,0.2469119186481232
24,165,Elof1,3.3464088,2.2862918,0.0294446786954757,1.0,0.5646777329146104,0.4353222670853895
24,166,Riiad1,3.3434064,2.6696718,0.0295706194318609,0.6,0.2119036937341109,0.388096306265889
24,167,Wdr41,3.3182955,2.2632215,0.0316562417602643,0.3,0.0545835202631972,0.2454164797368027
24,168,Fxr2,3.3160195,2.4660783,0.0317954716940622,0.4,0.0967548975624345,0.3032451024375654
24,169,Aqr,3.3102062,2.3431141,0.0322578154420069,0.3,0.0553312397188574,0.2446687602811425
24,170,Blcap,3.2982423,2.188705,0.0333825855119102,0.3,0.0548826080454613,0.2451173919545386
24,171,Tmem212,3.2971034,2.0899253,0.0334482993784261,0.4,0.0903245102437565,0.3096754897562435
24,172,Wdtc1,3.2674134,2.036324,0.0364771295296163,0.3,0.0550321519365933,0.2449678480634066
24,173,Stx17,3.2481086,2.2571452,0.0383377162347751,0.3,0.0565275908479138,0.2434724091520861
24,174,Trappc10,3.2138748,2.100522,0.0419496255290924,0.3,0.0568266786301779,0.243173321369822
24,175,Alox15,3.2078402,2.2261806,0.0426731490673846,0.6,0.2011365335726035,0.3988634664273964
24,176,Ccm2,3.2025244,2.0338914,0.0433001569374043,0.4,0.0943621953043218,0.3056378046956782
24,177,Glipr1,3.1904743,2.1459823,0.0445428090085729,0.3,0.0575743980858381,0.2424256019141618
24,178,Usp7,3.1878715,2.0132499,0.0448599226007036,0.4,0.0943621953043218,0.3056378046956782
24,179,Gm5617,3.1793275,2.0254333,0.0459405938347456,0.6,0.1950052340361896,0.4049947659638103
24,180,Cxcl17,3.1652822,2.057504,0.0479443310833963,1.0,0.5684163301929116,0.4315836698070884
25,1,Foxi1,54.87346,13.378246,0.0,0.6,0.000299087782264,0.5997009122177359
25,2,Ppp1r1a,51.730057,29.936304,0.0,0.4,0.0,0.4
25,3,Cftr,43.038746,11.216543,0.0,0.6,0.0010468072379243,0.5989531927620756
25,4,Gm933,42.689655,12.863649,0.0,0.7,0.0016449828024525,0.6983550171975474
25,5,Moxd1,42.665928,10.510075,0.0,0.7,0.0016449828024525,0.6983550171975474
25,6,A830039N20Rik,36.57321,28.64927,1.5636592394455073e-289,0.2,0.0,0.2
25,7,Rcan2,36.57321,28.579042,1.5636592394455073e-289,0.2,0.0,0.2
25,8,Foxi2,36.57321,28.56068,1.5636592394455073e-289,0.2,0.0,0.2
25,9,Coch,36.554035,11.352825,2.803547009307985e-289,0.4,0.0005981755645281,0.3994018244354718
25,10,Stap1,35.52295,11.076726,3.566249973725004e-273,0.7,0.0028413339315088,0.6971586660684911
25,11,Atp6v0d2,34.45573,10.378872,5.510028026037558e-257,0.4,0.0007477194556602,0.3992522805443398
25,12,Syn2,29.290888,10.568754,1.8517826298910036e-185,0.3,0.0005981755645281,0.2994018244354718
25,13,Ascl3,29.028788,11.187047,3.5971096270164064e-182,0.8,0.006430387318678,0.793569612681322
25,14,Gng4,21.490496,8.334334,1.9585218808346063e-99,0.4,0.0028413339315088,0.3971586660684911
25,15,Plxna4,21.447449,8.615468,4.653964952394164e-99,0.3,0.0014954389113204,0.2985045610886795
25,16,Npr1,17.716665,8.107611,2.5574458438163363e-67,0.3,0.0023927022581127,0.2976072977418872
25,17,Nrip3,16.747316,7.342337,4.626620559212525e-60,0.5,0.0080753701211305,0.4919246298788694
25,18,Tm6sf1,15.111234,7.319633,1.0180399237510994e-48,0.3,0.003439509496037,0.2965604905039629
25,19,Pde1c,14.826137,7.6609936,6.784899573737344e-47,0.3,0.0035890533871691,0.2964109466128308
25,20,Bmp2,14.05785,7.50841,4.349383035216839e-42,0.3,0.0040376850605652,0.2959623149394347
25,21,Hepacam2,11.911343,5.7363577,5.647450103002701e-30,0.6,0.0233288470165993,0.5766711529834007
25,22,Rasa4,11.279375,6.2223964,7.354747971640039e-27,0.3,0.006430387318678,0.293569612681322
25,23,Prr18,11.094667,5.9321213,5.747032180453666e-26,0.4,0.0119635112905637,0.3880364887094362
25,24,Tmem52,10.610238,6.904352,1.0950456295593096e-23,0.3,0.0073276506654703,0.2926723493345297
25,25,Tekt5,10.232878,5.742895,5.516128911866591e-22,0.4,0.0140571257664124,0.3859428742335876
25,26,Acsm3,10.003033,6.033643,5.637343421592771e-21,0.3,0.0082249140122625,0.2917750859877374
25,27,Adra2a,9.9353285,6.3721075,1.0892206427600072e-20,0.3,0.0083744579033946,0.2916255420966053
25,28,Mkrn2os,8.037108,5.2778473,2.793744813107752e-13,0.3,0.012711230746224,0.287288769253776
25,29,Ckap2,8.023001,5.319671,3.07721101081261e-13,0.3,0.012711230746224,0.287288769253776
25,30,Tfcp2l1,7.576601,5.529004,9.537452562858994e-12,0.5,0.0408254822790489,0.4591745177209511
25,31,P2ry14,7.4660926,6.022731,2.1853302959838783e-11,0.3,0.0148048452220726,0.2851951547779273
25,32,Ldhb,7.1299806,5.605901,2.532897071320726e-10,1.0,0.2506355615373112,0.7493644384626887
25,33,Rasd1,6.855154,4.887745,1.6690534179946624e-09,0.7,0.1010916704052639,0.598908329594736
25,34,Slc12a2,6.8509965,5.1924825,1.6940916349193274e-09,0.7,0.1037834604456408,0.5962165395543592
25,35,Nrxn1,6.3979325,4.0014734,3.354638697788931e-08,0.4,0.0339464632869747,0.3660535367130253
25,36,Fkbp5,6.3692145,4.6120043,3.9950908179473327e-08,0.4,0.0354419021982952,0.3645580978017048
25,37,Parm1,6.339928,4.7130466,4.668673094527808e-08,0.5,0.057125766412442,0.4428742335875579
25,38,Asgr1,6.282879,5.816659,6.41298211782638e-08,0.7,0.1233737101839389,0.576626289816061
25,39,Ncald,6.1148877,4.529949,1.780615727105078e-07,0.3,0.0213847764318827,0.2786152235681172
25,40,Elovl7,6.033343,4.5918355,2.926707728855955e-07,0.3,0.0219829519964109,0.278017048003589
25,41,Adgrf5,5.870949,4.5981503,7.724666560644754e-07,0.3,0.0231793031254673,0.2768206968745326
25,42,Ndst1,5.7507253,4.0921416,1.5341201504555122e-06,0.4,0.0424704650815014,0.3575295349184986
25,43,Rbm24,5.628943,4.1446,3.0344757055994547e-06,0.3,0.0246747420367877,0.2753252579632121
25,44,Pros1,5.5956845,4.326425,3.640571991858647e-06,0.4,0.0451622551218782,0.3548377448781217
25,45,Fam73b,5.4599357,4.3176937,7.435720117764091e-06,0.3,0.0264692687303723,0.2735307312696276
25,46,Slc43a2,5.4583526,4.468327,7.435720117764091e-06,0.3,0.0266188126215044,0.2733811873784956
25,47,Pfkp,5.395878,4.4478974,1.0452075624839437e-05,0.5,0.0762673844773441,0.4237326155226559
25,48,Pdlim3,5.3884864,4.4425716,1.0790263719279536e-05,0.4,0.0486017646179153,0.3513982353820846
25,49,Soat1,5.373437,4.0405354,1.162361866982968e-05,0.4,0.0483026768356512,0.3516973231643487
25,50,Lrrc16a,5.347031,4.140918,1.3092783293868496e-05,0.3,0.0272169881860326,0.2727830118139674
25,51,1700025G04Rik,5.2277236,3.441085,2.405620161558328e-05,0.5,0.0749214894571556,0.4250785105428443
25,52,Gyltl1b,5.1576858,4.204769,3.4171551055768984e-05,0.3,0.0291610587707492,0.2708389412292508
25,53,Ppp2r5a,5.150388,3.8300185,3.4946054528267915e-05,0.5,0.0820995962314939,0.417900403768506
25,54,Slco4a1,5.111092,4.0213075,4.270952762738967e-05,0.4,0.0529385374607447,0.3470614625392553
25,55,Gch1,5.0862274,3.9265158,4.831101321341841e-05,0.6,0.126813219679976,0.4731867803200239
25,56,Atp6ap2,4.922387,3.3908894,0.0001023503660615,0.9,0.4380140571257664,0.4619859428742336
25,57,1110012L19Rik,4.883199,3.0284889,0.000123378059525,0.7,0.1793031254673246,0.5206968745326753
25,58,Kidins220,4.8828487,3.6793404,0.000123378059525,0.4,0.0565275908479138,0.3434724091520861
25,59,Cadps2,4.691384,4.070216,0.0003027637016176,0.4,0.0614625392552714,0.3385374607447285
25,60,Bmf,4.680924,3.9601912,0.0003143541562727,0.3,0.034843726633767,0.265156273366233
25,61,Cd24a,4.6614633,3.2838693,0.0003410201862236,1.0,0.6726484223119485,0.3273515776880514
25,62,Cox6b2,4.6126695,3.648398,0.0004177142601037,0.4,0.0629579781665918,0.3370420218334081
25,63,Ubxn7,4.5904746,4.2033205,0.0004533233143913,0.3,0.0361896216539554,0.2638103783460445
25,64,Pip5k1b,4.588969,3.8183804,0.000453767763225,0.3,0.0355914460894272,0.2644085539105727
25,65,Upp1,4.5857196,3.9479527,0.0004580394016961,0.3,0.0354419021982952,0.2645580978017048
25,66,Rbm27,4.5362716,3.5156503,0.0005623226810553,0.4,0.0643038731867803,0.3356961268132197
25,67,Zkscan1,4.51688,3.8235028,0.0006126697416514,0.3,0.0367877972184836,0.2632122027815163
25,68,Itpr2,4.480075,4.108286,0.0007241374771937,0.3,0.0375355166741438,0.2624644833258561
25,69,Pank3,4.3278313,3.6222885,0.0014112807999237,0.3,0.0394795872588604,0.2605204127411395
25,70,Piezo1,4.220759,3.7325099,0.0022185181511927,0.3,0.0415732017347091,0.2584267982652908
25,71,Gstm5,4.189778,3.0014958,0.0025025194314721,0.6,0.1686855091969493,0.4313144908030507
25,72,Snrnp35,4.1734066,3.9473655,0.0026603202697783,0.3,0.0424704650815014,0.2575295349184985
25,73,Clasp1,4.1563807,3.5856683,0.0028510296340218,0.3,0.0424704650815014,0.2575295349184985
25,74,Hexb,4.10824,3.0733922,0.0034234734074877,0.7,0.2666367578884402,0.4333632421115597
25,75,Slc27a2,4.0945783,4.013473,0.0036128098743482,0.3,0.0442649917750859,0.255735008224914
25,76,Leng8,4.0866647,3.6443362,0.0037188505417499,0.4,0.0783609989531927,0.3216390010468072
25,77,Arhgap18,4.059922,3.297222,0.0041287643890729,0.3,0.0430686406460296,0.2569313593539704
25,78,Ei24,4.0181894,2.703577,0.0048335195000096,0.7,0.2593091072229699,0.44069089277703
25,79,Gyg,4.013196,3.1398857,0.0048878366856973,0.5,0.1274113952445042,0.3725886047554957
25,80,2310015A10Rik,4.007466,3.460459,0.0049831269009101,0.3,0.0451622551218782,0.2548377448781217
25,81,Bfar,3.9621563,2.9065204,0.0059424341582909,0.5,0.1242709735307312,0.3757290264692687
25,82,Atp6v1a,3.9477036,2.9835522,0.0062820960049944,0.6,0.1875280394795872,0.4124719605204127
25,83,Tmem259,3.8989,2.9233384,0.0075468526406015,0.5,0.1295050097203529,0.370494990279647
25,84,Uqcc2,3.8686492,2.096415,0.0085067488822277,0.9,0.5746971736204576,0.3253028263795424
25,85,Muc20,3.859241,4.052786,0.0087992707024065,0.3,0.0490503962913115,0.2509496037086884
25,86,Iqgap1,3.8568335,3.015277,0.0088332963167207,0.7,0.3200239270225811,0.3799760729774188
25,87,Cd81,3.8371956,3.0638158,0.0094493507345011,0.8,0.4513234634365186,0.3486765365634814
25,88,Sema3c,3.8331196,3.0920632,0.0095631005385124,0.4,0.0846418423807387,0.3153581576192613
25,89,Slc15a4,3.8231637,3.3280807,0.0097775363951957,0.3,0.0487513085090474,0.2512486914909526
25,90,Prkcd,3.8021574,3.1339104,0.0104096633688573,0.5,0.1396739943173321,0.3603260056826678
25,91,Mrpl54,3.7796066,2.0020907,0.0112009073174435,0.9,0.5352175863615971,0.3647824136384029
25,92,Prss8,3.7675614,2.6882043,0.0116038864970846,0.6,0.2047255869597727,0.3952744130402272
25,93,Tesk1,3.7465944,3.658201,0.0125102344541929,0.3,0.050844922984896,0.2491550770151039
25,94,Dvl2,3.7419558,3.358818,0.0126894904291189,0.3,0.0505458352026319,0.249454164797368
25,95,Atp6v1e1,3.7330873,2.579751,0.013034453829532,0.8,0.537909376401974,0.262090623598026
25,96,Cdk8,3.7096164,3.33768,0.0141850588645046,0.3,0.0512935546582922,0.2487064453417077
25,97,Timm8b,3.7064114,2.2654202,0.0143060787657207,0.8,0.4441453566621803,0.3558546433378197
25,98,Ulk1,3.6753745,3.3537312,0.0158343441532477,0.4,0.0934649319575295,0.3065350680424705
25,99,Camsap3,3.654865,3.645099,0.0166808685531826,0.3,0.0532376252430088,0.2467623747569911
25,100,Cited4,3.645791,3.0404878,0.0171747312803089,0.3,0.0509944668760281,0.2490055331239719
25,101,Supt6,3.621659,3.3121617,0.018394235275869,0.4,0.0943621953043218,0.3056378046956782
25,102,Srsf4,3.6069045,2.659964,0.0193138545217915,0.5,0.1455062060714819,0.354493793928518
25,103,Avl9,3.5906436,3.316014,0.0201868408329531,0.3,0.053985344698669,0.2460146553013309
25,104,Wwc1,3.5882778,2.8787687,0.0201996562703052,0.5,0.148945715567519,0.3510542844324809
25,105,Sik1,3.587576,3.0415,0.0201996562703052,0.4,0.0952594586511141,0.3047405413488859
25,106,Nfkb1,3.5717607,2.7174096,0.021380954477743,0.5,0.1486466277852549,0.351353372214745
25,107,Rfc4,3.5656743,3.0759616,0.021803228657814,0.3,0.0533871691341408,0.2466128308658591
25,108,Lima1,3.5532134,2.8250952,0.0226963331153694,0.6,0.2235681172424106,0.3764318827575893
25,109,Fah,3.541961,2.4761908,0.0234312533599846,0.5,0.1359353970390309,0.364064602960969
25,110,2810004N23Rik,3.5145915,2.9689546,0.0254348862850381,0.4,0.0973530731269627,0.3026469268730373
25,111,Casp7,3.5013702,3.49772,0.0266370816334323,0.3,0.0572753103035741,0.2427246896964258
25,112,Casp4,3.4668694,2.5236242,0.029681136854275,0.5,0.1508897861522357,0.3491102138477643
25,113,Nisch,3.463527,2.4407036,0.0299454778648613,0.6,0.2319425751458053,0.3680574248541947
25,114,Zfhx3,3.4591029,2.6067176,0.0302380901681193,0.5,0.152086137281292,0.3479138627187079
25,115,Sepp1,3.453489,2.0005558,0.0305591287395058,0.8,0.4499775684163302,0.3500224315836698
25,116,Ints10,3.4315991,3.004014,0.0323722222598193,0.3,0.057125766412442,0.2428742335875579
25,117,Map4k4,3.4122624,3.1587121,0.0344186150643778,0.3,0.0587707492148945,0.2412292507851054
25,118,Arhgef2,3.4008236,3.2097208,0.0355240770235372,0.3,0.0581725736503663,0.2418274263496336
25,119,Pard6b,3.3836553,3.2121103,0.0370071427896713,0.3,0.0595184686705548,0.2404815313294451
25,120,Polr2i,3.3508754,2.1269004,0.0409476454147492,0.7,0.3432032301480484,0.3567967698519515
25,121,Cpt2,3.3300726,3.4966688,0.0435470817962625,0.3,0.0614625392552714,0.2385374607447285
25,122,Bik,3.3282194,2.4387429,0.0437041702952829,0.6,0.2391206819201435,0.3608793180798564
25,123,Rbmx,3.3248343,2.9392283,0.0441037611034182,0.3,0.0599671003439509,0.240032899656049
25,124,Hnrnpa0,3.3225098,3.1531444,0.0443381535676659,0.4,0.1058770749214894,0.2941229250785105
25,125,Fam168a,3.3182604,3.2775764,0.0448822406459798,0.3,0.0617616270375355,0.2382383729624644
25,126,Pnpla2,3.314877,2.5939915,0.0452921836773637,0.6,0.2558695977269328,0.3441304022730671
25,127,Adipor2,3.2977452,2.7797763,0.04729336357179,0.5,0.1728727381486466,0.3271272618513534
25,128,Hacd3,3.2822454,3.1298966,0.0493871354485184,0.3,0.0616120831464034,0.2383879168535965
26,1,Bcl2a1b,16.585884,6.620273,7.229367284378537e-58,0.25,0.0014949917775452,0.2485050082224547
26,2,Fbxw27,10.987969,6.5405526,7.1612811041879945e-25,0.25,0.003737479443863,0.2462625205561369
26,3,Gm26569,9.721061,5.121364,2.365744278690328e-19,0.25,0.0047839736881447,0.2452160263118553
26,4,Laptm5,9.564317,4.6697774,1.0092168847608753e-18,0.25,0.0049334728658992,0.2450665271341007
26,5,Cdca5,9.461588,5.746597,2.368776934702393e-18,0.25,0.0050829720436537,0.2449170279563462
26,6,Kif17,9.035517,4.72848,1.070848096649958e-16,0.25,0.0055314695769173,0.2444685304230826
26,7,9430020K01Rik,8.4309025,5.4853234,2.0091812942947552e-14,0.25,0.0064284646434444,0.2435715353565555
26,8,Cckar,8.287385,4.525719,6.547154404676073e-14,0.5,0.0264613544625504,0.4735386455374495
26,9,Pde4c,6.903686,4.3357625,2.3084515765558514e-09,0.25,0.0094184481985349,0.2405815518014651
26,10,Birc5,6.3403544,3.2201984,8.35492576770185e-08,0.375,0.023770369262969,0.3512296307370309
26,11,Krt78,6.292116,3.8161142,1.0071081555137641e-07,0.375,0.0245178651517416,0.3504821348482583
26,12,9430060I03Rik,6.2594905,3.5651946,1.218209025213201e-07,0.25,0.0112124383315891,0.2387875616684108
26,13,Eno3,6.1663904,3.3680007,2.122001499406872e-07,0.375,0.0251158618627597,0.3498841381372402
26,14,Serpinf1,5.942494,4.1643867,7.308033082648219e-07,0.5,0.0508297204365376,0.4491702795634624
26,15,Stc2,5.825407,3.9534028,1.4600378699817968e-06,0.375,0.0288533413066228,0.3461466586933772
26,16,Dlgap5,5.6451583,3.5479324,3.812178524412403e-06,0.25,0.0136044251756615,0.2363955748243384
26,17,Nup205,5.6204104,3.5863917,4.339526652074611e-06,0.25,0.013753924353416,0.2362460756465839
26,18,P2rx7,5.5710955,3.5746584,5.462875852215808e-06,0.375,0.030647331439677,0.3443526685603229
26,19,Sftpa1,5.5667424,3.634365,5.528322932446382e-06,1.0,0.2202122888324114,0.7797877111675886
26,20,Akt3,5.5420175,3.8562086,6.287193721638793e-06,0.25,0.0142024218866796,0.2357975781133204
26,21,Fcer1g,5.468193,3.5555818,9.20575839858446e-06,0.25,0.0145014202421886,0.2354985797578113
26,22,Trpc1,5.389458,3.2419238,1.351517489094277e-05,0.25,0.0148004185976977,0.2351995814023023
26,23,Gm26542,5.3504386,3.1184921,1.635280031955486e-05,0.25,0.0149499177754522,0.2350500822245477
26,24,Tspyl4,5.2654896,3.9853354,2.4925260918544795e-05,0.25,0.0156974136642248,0.2343025863357751
26,25,Zfp780b,5.2441673,3.2100494,2.768591881375361e-05,0.25,0.0155479144864703,0.2344520855135296
26,26,Aox4,5.1768746,3.0761669,3.738000125055892e-05,0.25,0.0158469128419793,0.2341530871580206
26,27,Acss2,5.020006,3.0003617,8.227541536552498e-05,0.625,0.0964269696516669,0.5285730303483331
26,28,Slc25a44,5.0017023,2.8247502,8.961616841205026e-05,0.375,0.0355808043055763,0.3394191956944237
26,29,Trmt6,4.944295,2.604503,0.0001182417170141,0.5,0.0612946628793541,0.4387053371206458
26,30,Nt5dc2,4.888567,3.1999402,0.0001556910541599,0.25,0.0176409029750336,0.2323590970249663
26,31,Pold1,4.878285,3.662521,0.0001625100726753,0.25,0.0179399013305426,0.2320600986694573
26,32,Mdfi,4.849759,3.003837,0.0001859955334557,0.5,0.0657796382119898,0.4342203617880101
26,33,BC016579,4.8207045,3.6301057,0.000209481912254,0.25,0.0182388996860517,0.2317611003139482
26,34,Tead4,4.812517,4.040386,0.0002163204743783,0.25,0.0186873972193152,0.2313126027806847
26,35,Dennd6b,4.744666,3.5396183,0.0002978569120879,0.25,0.0188368963970698,0.2311631036029302
26,36,Aldoc,4.686898,2.9786074,0.0003901671388925,0.625,0.1146658693377186,0.5103341306622814
26,37,Racgap1,4.6598067,3.2968435,0.0004362199710551,0.25,0.0192853939303333,0.2307146060696666
26,38,Angptl4,4.6574364,3.189207,0.0004375937738293,0.25,0.0191358947525788,0.2308641052474211
26,39,Iba57,4.5863724,3.3301005,0.0006113286554501,0.25,0.0198833906413514,0.2301166093586485
26,40,Vps37d,4.5216546,3.3386812,0.0008115597443585,0.25,0.020331888174615,0.2296681118253849
26,41,Gins2,4.5087895,3.1212573,0.0008554561961602,0.375,0.043504260726566,0.331495739273434
26,42,Tcf20,4.4990845,2.768629,0.0008883442732591,0.375,0.0430557631933024,0.3319442368066975
26,43,Chrm3,4.4330983,2.6704943,0.001154138595425,0.25,0.0207803857078786,0.2292196142921214
26,44,Nup35,4.4209733,2.5013044,0.001211668542134,0.5,0.0729555987442069,0.4270444012557931
26,45,Ly6i,4.386179,3.501357,0.0013810257465039,0.25,0.0216773807744057,0.2283226192255942
26,46,D8Ertd82e,4.381459,2.3809962,0.0014010612791161,0.25,0.0210793840633876,0.2289206159366123
26,47,Mettl13,4.3597755,2.7940447,0.0015362179162901,0.25,0.0213783824188966,0.2286216175811033
26,48,Hsdl1,4.352653,2.380515,0.0015756666167936,0.375,0.0445507549708476,0.3304492450291523
26,49,Slc7a6,4.28582,2.2034447,0.0020313387111113,0.375,0.0451487516818657,0.3298512483181342
26,50,Cdca8,4.282814,2.5409253,0.0020450776896852,0.25,0.0219763791299147,0.2280236208700852
26,51,Tk1,4.248126,3.3132658,0.0023570013452454,0.25,0.0227238750186873,0.2272761249813126
26,52,Lrrc8a,4.2276936,3.0560477,0.0025308887495749,0.25,0.0228733741964419,0.227126625803558
26,53,Nup88,4.1885247,2.2515862,0.0029519011376699,0.5,0.0778890716101061,0.4221109283898938
26,54,Ppp1r1b,4.1812463,2.8515718,0.0030094337398135,0.75,0.2021228883241142,0.5478771116758858
26,55,Nckipsd,4.152443,2.6228812,0.0033930989845073,0.25,0.0231723725519509,0.226827627448049
26,56,Atg4a,4.135063,2.7903657,0.0036218731569519,0.375,0.0496337270145014,0.3253662729854986
26,57,Sult1c1,4.1032143,3.971184,0.0040747401138662,0.25,0.0251158618627597,0.2248841381372402
26,58,Gm6133,4.0955634,2.6857877,0.0041861642014224,0.25,0.023770369262969,0.2262296307370309
26,59,Mbtd1,4.0764613,2.3240228,0.0044376128545527,0.5,0.0820750485872327,0.4179249514127672
26,60,Tesk1,4.0430546,2.562006,0.0050308470245363,0.375,0.0508297204365376,0.3241702795634624
26,61,AU021092,4.0309005,2.6602342,0.0052676232101659,0.875,0.2650620421587681,0.6099379578412318
26,62,Rbm38,4.016069,2.1556723,0.0055779421668336,0.75,0.1678875766183286,0.5821124233816715
26,63,Rgma,3.9924712,2.8115034,0.0060589407349742,0.375,0.0527732097473463,0.3222267902526536
26,64,Pik3r3,3.9820864,2.5183673,0.0062943820009064,0.375,0.0520257138585737,0.3229742861414262
26,65,Rangap1,3.9457135,2.5155938,0.007130642361023,0.5,0.0886530124084317,0.4113469875915682
26,66,Cd36,3.9354193,2.3844428,0.0074028723224211,0.875,0.26446404544775,0.61053595455225
26,67,Fam178a,3.9247665,2.220393,0.0076550222215456,0.25,0.0252653610405142,0.2247346389594857
26,68,Spdef,3.913648,2.8001742,0.0079735351894912,0.375,0.0551651965914187,0.3198348034085813
26,69,Fam208a,3.9018362,2.887169,0.0083283726844423,0.375,0.0556136941246823,0.3193863058753177
26,70,Smpd4,3.8947268,2.730145,0.0085310828642184,0.25,0.0258633577515323,0.2241366422484676
26,71,Lztr1,3.8854458,2.7685623,0.0087277244052046,0.375,0.0553146957691732,0.3196853042308267
26,72,Map3k1,3.8750083,3.0412579,0.0090605810686641,0.25,0.0266108536403049,0.223389146359695
26,73,Lmnb1,3.8640232,2.0599554,0.0094292788167451,0.5,0.0871580206308865,0.4128419793691135
26,74,Rbbp5,3.852132,2.635267,0.0098256108342638,0.25,0.0263118552847959,0.223688144715204
26,75,Atxn7l3,3.8514493,2.1837347,0.0098256108342638,0.375,0.053520705636119,0.321479294363881
26,76,Ace2,3.8435035,3.5413342,0.0100978821419204,0.25,0.0279563462400956,0.2220436537599043
26,77,Amd1,3.8002489,2.3735278,0.011794918989317,0.375,0.0551651965914187,0.3198348034085813
26,78,Tagap1,3.7947183,2.8218706,0.012001249636586,0.25,0.027208850351323,0.2227911496486769
26,79,Urgcp,3.7781785,2.4280493,0.0127636717775513,0.375,0.0565106891912094,0.3184893108087905
26,80,Tnfrsf23,3.7741277,3.0539677,0.0129092344641014,0.25,0.0278068470623411,0.2221931529376588
26,81,Fcgbp,3.7727554,2.7575235,0.01291715384155,0.5,0.1006129466287935,0.3993870533712064
26,82,Cpsf4,3.7510579,2.3870509,0.0137526317146287,0.375,0.0565106891912094,0.3184893108087905
26,83,Cldn22,3.7445107,2.2604408,0.0139830711183923,0.75,0.1983854088802511,0.5516145911197489
26,84,Kat6b,3.7408655,2.7316313,0.0141208466590464,0.375,0.0589026760352818,0.3160973239647182
26,85,Gpd1,3.7358475,3.0990236,0.0143381497276437,0.375,0.0627896546568993,0.3122103453431006
26,86,Slc29a1,3.7191284,2.710838,0.0151094299290376,0.25,0.0279563462400956,0.2220436537599043
26,87,AW549877,3.6897888,2.1808333,0.0167320283125551,0.25,0.0279563462400956,0.2220436537599043
26,88,Spopl,3.6829786,2.8785722,0.017107833237377,0.25,0.0287038421288682,0.2212961578711317
26,89,Uspl1,3.672657,2.6295257,0.0175755385036479,0.25,0.0285543429511137,0.2214456570488862
26,90,Ptpn21,3.655919,2.8644507,0.0186798043803134,0.25,0.0290028404843773,0.2209971595156226
26,91,Gm4950,3.6514513,2.2796822,0.0189237413983291,0.375,0.0589026760352818,0.3160973239647182
26,92,Panx1,3.6486652,2.353539,0.0190458524588516,0.25,0.0285543429511137,0.2214456570488862
26,93,Cyp4a12b,3.5839963,2.1836529,0.0235157633744243,0.875,0.3078188069965615,0.5671811930034385
26,94,Zfp2,3.570372,3.141046,0.0243605701777646,0.25,0.0307968306174316,0.2192031693825684
26,95,Hpse,3.5613208,2.3209393,0.0251114873566224,0.375,0.0609956645238451,0.3140043354761548
26,96,Dph7,3.5467913,2.4771078,0.0262946478030295,0.25,0.0300493347286589,0.219950665271341
26,97,Pcgf2,3.5460563,2.0233982,0.0262946478030295,0.5,0.0991179548512483,0.4008820451487517
26,98,Cks1b,3.5459576,2.1247704,0.0262946478030295,0.5,0.1009119449843025,0.3990880550156974
26,99,Kdelr3,3.5291812,2.1144164,0.027904972842011,0.5,0.1028554342951113,0.3971445657048886
26,100,Lurap1,3.520708,2.5658991,0.0285786575901249,0.375,0.0645836447899536,0.3104163552100463
26,101,1700016G22Rik,3.5107036,2.703942,0.0295563507042951,0.25,0.0307968306174316,0.2192031693825684
26,102,Uaca,3.4993217,2.1133711,0.0307234579646653,0.25,0.030348333084168,0.2196516669158319
26,103,Reps1,3.4951124,2.1710994,0.031087243972008,0.375,0.0623411571236358,0.3126588428763642
26,104,Tbc1d19,3.4601967,2.002975,0.0349161875499977,0.5,0.1022574375840933,0.3977425624159067
26,105,Btaf1,3.4489152,2.4613726,0.0357798354484737,0.25,0.0313948273284496,0.2186051726715503
26,106,1190002F15Rik,3.4471571,2.825942,0.0358744247177499,0.25,0.0319928240394677,0.2180071759605322
26,107,Ptpn3,3.443668,2.0476234,0.0362007989307332,0.375,0.0629391538346539,0.3120608461653461
26,108,Mier3,3.436259,2.0705686,0.0367817553066665,0.25,0.0312453281506951,0.2187546718493048
26,109,Cdc20,3.436254,2.1457186,0.0367817553066665,0.25,0.0315443265062042,0.2184556734937958
26,110,Itih2,3.4291508,2.9671824,0.037615024573061,0.25,0.0325908207504858,0.2174091792495141
26,111,Arrb2,3.425428,2.7569823,0.037866677045399,0.25,0.0324413215727313,0.2175586784272686
26,112,Mettl18,3.4129608,2.29284,0.039148367259494,0.25,0.0318433248617132,0.2181566751382867
26,113,Fam13a,3.4118927,2.0616152,0.039148367259494,0.375,0.0647331439677081,0.3102668560322918
26,114,Pold3,3.4112504,2.634054,0.039148367259494,0.375,0.0683211242338167,0.3066788757661833
26,115,Faim2,3.4111633,2.3266299,0.039148367259494,0.25,0.0318433248617132,0.2181566751382867
26,116,Dsg2,3.3929372,2.3265283,0.0415416862197558,0.25,0.0321423232172223,0.2178576767827777
26,117,Wnk4,3.3807967,2.0231552,0.0431054014953497,0.25,0.0319928240394677,0.2180071759605322
26,118,Gm17541,3.366709,2.0191486,0.044923854591677,0.375,0.0653311406787262,0.3096688593212737
26,119,Epha1,3.362793,2.1389418,0.0451296813517974,0.375,0.0660786365674988,0.3089213634325011
26,120,Pkmyt1,3.3467848,2.2301517,0.0467198057291231,0.25,0.0325908207504858,0.2174091792495141
26,121,C2cd4b,3.325954,2.4126186,0.0490015796773214,0.875,0.4955897742562415,0.3794102257437584
27,1,Ascl1,27.823666,8.100561,3.6805865801404355e-166,1.0,0.0079222720478325,0.9920777279521674
27,2,Fmnl1,25.205822,9.422575,2.8359267802726173e-136,0.2857142857142857,0.0005979073243647,0.285116378389921
27,3,Syt1,24.687304,7.639144,8.004124971859573e-131,0.4285714285714285,0.0016442451420029,0.4269271834294255
27,4,Chga,22.215675,6.9034433,9.935275005863036e-106,1.0,0.0128550074738415,0.9871449925261584
27,5,Rtn4rl1,21.80272,8.584461,4.482282437412893e-102,0.2857142857142857,0.000896860986547,0.2848174247277386
27,6,Rundc3a,20.951103,7.077045,3.340913221262312e-94,0.8571428571428571,0.0106128550074738,0.8465300021353832
27,7,Cnpy1,20.633099,7.769505,2.2712762156757376e-91,0.4285714285714285,0.00254110612855,0.4260303224428785
27,8,Ngf,20.3361,7.456508,9.190939983620726e-89,0.8571428571428571,0.0113602391629297,0.8457826179799274
27,9,Pkib,20.05256,6.6567726,2.6202797808123747e-86,1.0,0.0159940209267563,0.9840059790732436
27,10,Nefh,19.271803,8.083242,1.1689137334729526e-79,0.4285714285714285,0.0029895366218236,0.4255818919496049
27,11,B3gat2,18.799414,7.279136,8.945099993706527e-76,0.4285714285714285,0.0031390134529147,0.4254324151185137
27,12,St8sia5,18.791855,6.8834553,9.627181582612639e-76,0.4285714285714285,0.0031390134529147,0.4254324151185137
27,13,Uchl1,18.562944,6.7817087,6.570103905755761e-74,0.7142857142857143,0.0094170403587443,0.70486867392697
27,14,Kif1a,18.396893,6.843293,1.3421503234311482e-72,0.4285714285714285,0.0032884902840059,0.4252829382874226
27,15,Scg5,18.26045,6.997098,1.556960625193945e-71,0.8571428571428571,0.0142002989536621,0.842942558189195
27,16,Tmem163,18.105204,7.327682,2.502801557525963e-70,0.5714285714285714,0.0062780269058295,0.5651505445227418
27,17,Tmem171,18.098366,6.9316707,2.6918849739898558e-70,0.5714285714285714,0.0062780269058295,0.5651505445227418
27,18,Ina,17.748423,7.4160237,1.0383223988707418e-67,0.2857142857142857,0.0014947683109118,0.2842195174033738
27,19,Slc35d3,17.368477,7.167722,8.085827639230918e-65,0.5714285714285714,0.0068759342301943,0.5645526371983771
27,20,Neto1,17.070084,7.7269597,1.3549817773031811e-62,0.2857142857142857,0.0016442451420029,0.2840700405722827
27,21,Pex5l,17.041862,7.2176375,2.1254522558203126e-62,0.2857142857142857,0.0016442451420029,0.2840700405722827
27,22,Scn3a,17.039295,6.7923036,2.151369044257864e-62,0.2857142857142857,0.0016442451420029,0.2840700405722827
27,23,Slc38a5,16.795195,6.779991,1.315238419036086e-60,0.4285714285714285,0.0040358744394618,0.4245355541319666
27,24,Resp18,16.513338,6.7142615,1.4189598386474053e-58,0.4285714285714285,0.004185351270553,0.4243860773008754
27,25,Dll3,16.503355,6.787054,1.6263219518236906e-58,0.4285714285714285,0.004185351270553,0.4243860773008754
27,26,Ret,15.855536,7.1028256,5.86441873695922e-54,0.2857142857142857,0.0019431988041853,0.2837710869101003
27,27,Cxcl13,15.529819,6.97864,9.66303611917659e-52,0.7142857142857143,0.0137518684603886,0.7005338458253256
27,28,Gdap1l1,15.338169,6.651163,1.452215233124271e-50,0.2857142857142857,0.0020926756352765,0.2836216100790091
27,29,Col8a1,15.120493,6.9216976,3.971404042588213e-49,0.4285714285714285,0.0050822122571001,0.4234892163143284
27,30,Snap25,14.874723,6.556652,1.5776747593626128e-47,0.4285714285714285,0.0052316890881913,0.4233397394832372
27,31,Nov,14.751953,6.4492245,9.61182093003382e-47,0.8571428571428571,0.0224215246636771,0.83472133247918
27,32,Syt7,14.631119,6.052359,5.6091225675123885e-46,0.7142857142857143,0.0155455904334828,0.6987401238522315
27,33,Kif5a,14.484938,7.327244,4.668406847497215e-45,0.2857142857142857,0.0023916292974588,0.2833226564168268
27,34,Cbfa2t3,14.445677,6.276962,8.1070127922218e-45,0.2857142857142857,0.0023916292974588,0.2833226564168268
27,35,Chgb,14.274182,5.932785,9.45245353489293e-44,0.4285714285714285,0.0056801195814648,0.4228913089899637
27,36,Phyhipl,13.698143,6.662049,2.669119630847992e-40,0.2857142857142857,0.0026905829596412,0.2830237027546444
27,37,Calca,13.661581,6.9634767,4.345127798874874e-40,0.7142857142857143,0.0179372197309417,0.6963484945547725
27,38,Kcnc1,13.34579,6.1530747,3.1145686408731913e-38,0.2857142857142857,0.0028400597907324,0.2828742259235532
27,39,Dner,12.504596,6.9288793,1.6275625977288408e-33,0.2857142857142857,0.0032884902840059,0.2824257954302797
27,40,Insm1,12.205648,5.9331694,6.605696083339712e-32,0.2857142857142857,0.0034379671150971,0.2822763185991885
27,41,Bex4,12.0630865,6.01763,3.717484870918243e-31,0.5714285714285714,0.0146487294469357,0.5567798419816357
27,42,Scn9a,11.957714,5.8354764,1.3113717039986045e-30,0.2857142857142857,0.0035874439461883,0.2821268417680974
27,43,Rab3b,11.846078,5.1541057,4.931226976042734e-30,0.5714285714285714,0.0147982062780269,0.5566303651505445
27,44,Slc16a6,11.785853,6.8435535,9.964082728319117e-30,0.2857142857142857,0.0037369207772795,0.2819773649370062
27,45,Snhg11,11.741301,5.9275117,1.6672207611321838e-29,0.2857142857142857,0.0037369207772795,0.2819773649370062
27,46,1500009L16Rik,11.691779,5.5872655,2.9524764026724537e-29,0.5714285714285714,0.0153961136023916,0.5560324578261797
27,47,Homer2,11.65232,6.0146985,4.63579363912009e-29,0.8571428571428571,0.0361733931240657,0.8209694640187913
27,48,Elavl4,11.33261,6.260917,1.7876697143060974e-27,0.2857142857142857,0.0040358744394618,0.2816784112748238
27,49,Pcsk1,11.115064,5.6494713,2.0691594870983395e-26,0.2857142857142857,0.004185351270553,0.2815289344437326
27,50,Gzma,10.984903,5.983415,8.716139983917867e-26,0.4285714285714285,0.0098654708520179,0.4187059577194106
27,51,St18,10.604207,6.055335,5.191292335422686e-24,0.2857142857142857,0.0046337817638266,0.2810805039504591
27,52,Tmem45b,10.346889,4.468094,7.791502224101869e-23,0.5714285714285714,0.0191330343796711,0.5522955370489002
27,53,Syp,9.971909,5.6420245,3.3515065370892123e-21,0.2857142857142857,0.0052316890881913,0.2804825966260943
27,54,Espn,9.805792,4.9714675,1.743581861500778e-20,0.8571428571428571,0.0488789237668161,0.808263933376041
27,55,Upp1,9.70649,5.2037582,4.594126411851511e-20,0.7142857142857143,0.0351270553064275,0.6791586589792868
27,56,Wnk2,9.60968,5.820562,1.1260119643634396e-19,0.2857142857142857,0.0056801195814648,0.2800341661328208
27,57,G2e3,9.586177,4.5998044,1.4011277782923603e-19,0.5714285714285714,0.0224215246636771,0.5490070467648943
27,58,Meis2,9.440215,5.229685,5.6494663005699855e-19,0.7142857142857143,0.0378176382660687,0.6764680760196455
27,59,Ehd3,9.370909,5.8957157,1.082026761702424e-18,0.2857142857142857,0.0059790732436472,0.2797352124706385
27,60,Tcerg1l,9.332286,5.25351,1.5448455975680433e-18,0.2857142857142857,0.0059790732436472,0.2797352124706385
27,61,Hepacam2,9.299197,4.464079,2.0909122473052492e-18,0.5714285714285714,0.0236173393124065,0.5478112321161648
27,62,Aplp1,9.121882,5.4709053,1.0261837569795476e-17,0.2857142857142857,0.0062780269058295,0.2794362588084561
27,63,Ly6h,8.950057,5.932199,4.8968425981322965e-17,0.2857142857142857,0.0065769805680119,0.2791373051462737
27,64,Snca,8.832674,5.587839,1.3853033300164295e-16,0.2857142857142857,0.0067264573991031,0.2789878283151825
27,65,Eci3,8.758909,5.8297644,2.506538271763943e-16,0.2857142857142857,0.0068759342301943,0.2788383514840913
27,66,Bex1,8.741261,4.990868,2.9083164378158647e-16,0.7142857142857143,0.0436472346786248,0.6706384796070894
27,67,Grik5,8.622052,5.0169044,8.233618220598954e-16,0.4285714285714285,0.0158445440956651,0.4127268844757634
27,68,Tgfb3,8.602865,5.0163064,9.660435186330253e-16,0.4285714285714285,0.0158445440956651,0.4127268844757634
27,69,Ndn,8.507716,4.724125,2.187532715257809e-15,0.4285714285714285,0.0161434977578475,0.412427930813581
27,70,Tox,8.371492,5.420653,6.66502223774096e-15,0.2857142857142857,0.007473841554559,0.2782404441597266
27,71,Cplx2,8.324046,5.061966,9.888345907222467e-15,0.4285714285714285,0.0170403587443946,0.4115310698270339
27,72,Enho,8.16379,4.641007,3.697910119577673e-14,0.7142857142857143,0.0485799701046337,0.6657057441810805
27,73,Gm29994,7.9613967,4.921067,1.8850987098523146e-13,0.2857142857142857,0.0082212257100149,0.2774930600042707
27,74,Cited4,7.911891,4.147566,2.790465582719051e-13,0.7142857142857143,0.0506726457399103,0.6636130685458039
27,75,Serpine2,7.8231854,4.3563166,5.41476442427866e-13,0.7142857142857143,0.0518684603886397,0.6624172538970745
27,76,Dmpk,7.774136,5.349216,7.935576900789392e-13,0.2857142857142857,0.0086696562032884,0.2770446295109972
27,77,Vgf,7.727398,4.7766104,1.139424936023856e-12,0.2857142857142857,0.0086696562032884,0.2770446295109972
27,78,Tmem184c,7.5858974,4.2484694,3.3636726083063613e-12,0.5714285714285714,0.0351270553064275,0.5363015161221439
27,79,Cib3,7.5542626,5.4949975,4.264666162997628e-12,0.4285714285714285,0.0209267563527653,0.4076446722186632
27,80,Stmn2,7.417232,4.6998425,1.2033442690969409e-11,0.4285714285714285,0.0210762331838565,0.407495195387572
27,81,Fam222a,7.3243165,4.482289,2.3582040635795465e-11,0.4285714285714285,0.02152466367713,0.4070467648942985
27,82,Arxes2,7.3044147,4.6845093,2.7186233838766872e-11,0.4285714285714285,0.0218236173393124,0.4067478112321161
27,83,Cst6,7.0559998,4.4190545,1.5878747343627652e-10,0.2857142857142857,0.0103139013452914,0.2754003843689942
27,84,Simc1,7.029801,4.613786,1.905727295234304e-10,0.2857142857142857,0.0104633781763826,0.275250907537903
27,85,Igsf9,6.91239,4.9942675,4.2944895642115936e-10,0.2857142857142857,0.0109118086696562,0.2748024770446295
27,86,Sv2a,6.8662467,4.456217,5.907314641594762e-10,0.2857142857142857,0.0109118086696562,0.2748024770446295
27,87,Hoxb5,6.860378,4.5042896,6.12172871806238e-10,0.4285714285714285,0.0245142002989536,0.4040572282724748
27,88,Cdc14b,6.7806816,4.500797,1.054691862569758e-09,0.2857142857142857,0.0112107623318385,0.2745035233824471
27,89,Gemin8,6.7332506,4.173388,1.4397634789470723e-09,0.5714285714285714,0.0440956651718983,0.5273329062566731
27,90,Slain1,6.6960793,4.095654,1.848011304291367e-09,0.5714285714285714,0.0445440956651718,0.5268844757633995
27,91,Plxna2,6.570598,4.6397414,4.1934260296638664e-09,0.2857142857142857,0.0119581464872944,0.2737561392269912
27,92,Ssc4d,6.5308757,4.670187,5.4436550262904285e-09,0.2857142857142857,0.0121076233183856,0.2736066623959
27,93,Vwf,6.5101285,4.8443394,6.2196694990191575e-09,0.2857142857142857,0.0122571001494768,0.2734571855648088
27,94,Prom2,6.4763083,3.906874,7.746711296337346e-09,0.4285714285714285,0.0263079222720478,0.4022635062993807
27,95,Camkk2,6.438393,4.130269,9.755358193923624e-09,0.4285714285714285,0.027354260089686,0.4012171684817424
27,96,Syt11,6.4059906,5.560236,1.195243860368086e-08,0.2857142857142857,0.0128550074738415,0.2728592782404441
27,97,Zbtb10,6.393989,4.200595,1.2867073587818352e-08,0.4285714285714285,0.0278026905829596,0.4007687379884689
27,98,Inpp5f,6.334097,4.0816293,1.8915434954673855e-08,0.4285714285714285,0.0279521674140508,0.4006192611573777
27,99,Cryba2,6.319058,4.021884,2.065131828167672e-08,0.2857142857142857,0.0127055306427503,0.2730087550715353
27,100,6330408A02Rik,6.265733,4.6673155,2.8572863713235272e-08,0.2857142857142857,0.0131539611360239,0.2725603245782618
27,101,Fabp5,6.2152314,3.7470162,3.92773821116311e-08,0.4285714285714285,0.0284005979073243,0.4001708306641042
27,102,Zbtb37,6.2137046,4.830616,3.9476661427116414e-08,0.2857142857142857,0.0134529147982062,0.2722613709160794
27,103,Egr4,6.203033,4.9007044,4.205427870478448e-08,0.2857142857142857,0.0134529147982062,0.2722613709160794
27,104,Zfp428,6.1796412,3.5241516,4.8115213480464884e-08,0.7142857142857143,0.0780269058295964,0.6362588084561179
27,105,Lrp11,6.1608887,4.690194,5.3284587591716505e-08,0.2857142857142857,0.0136023916292974,0.2721118940849882
27,106,Ints12,6.1394205,3.916113,6.064201920211157e-08,0.7142857142857143,0.0814648729446935,0.6328208413410208
27,107,Kansl3,6.0987954,3.4541233,7.79015674232973e-08,0.5714285714285714,0.0511210762331838,0.5203074951953875
27,108,Dlg4,6.0517263,4.261065,1.0399527064772372e-07,0.2857142857142857,0.0139013452914798,0.2718129404228059
27,109,Gch1,6.0105085,3.901858,1.33036826172947e-07,0.8571428571428571,0.1267563527653213,0.7303865043775357
27,110,Tex30,5.998196,3.720846,1.4289761988695425e-07,0.5714285714285714,0.0535127055306427,0.5179158658979286
27,111,Snx30,5.9561872,4.616345,1.841016876626849e-07,0.2857142857142857,0.0144992526158445,0.2712150330984411
27,112,Tekt5,5.9554873,4.4118543,1.841016876626849e-07,0.2857142857142857,0.0143497757847533,0.2713645099295323
27,113,B630019K06Rik,5.916358,3.796087,2.316897100808071e-07,0.5714285714285714,0.0560538116591928,0.5153747597693785
27,114,Hira,5.837274,4.1220646,3.719087265579882e-07,0.4285714285714285,0.0331838565022421,0.3953875720691864
27,115,Rbm4,5.821779,4.219661,4.063585682251262e-07,0.2857142857142857,0.014947683109118,0.2707666026051676
27,116,Mex3d,5.821015,3.8873796,4.0648988676931597e-07,0.4285714285714285,0.0327354260089686,0.3958360025624599
27,117,Serpinb12,5.7541323,3.8868985,5.951368315858048e-07,0.4285714285714285,0.0333333333333333,0.3952380952380952
27,118,Cep131,5.747877,4.5679097,6.150090273185881e-07,0.2857142857142857,0.0155455904334828,0.2701686952808029
27,119,Nol3,5.723053,5.034839,7.090837229420064e-07,0.2857142857142857,0.0158445440956651,0.2698697416186205
27,120,Pecam1,5.709758,4.043472,7.636056815103132e-07,0.2857142857142857,0.0153961136023916,0.2703181721118941
27,121,Fry,5.626823,3.402615,1.2238004629433082e-06,0.5714285714285714,0.0597907324364723,0.511637838992099
27,122,Myl6b,5.495841,4.1523447,2.530780028716688e-06,0.2857142857142857,0.016591928251121,0.2691223574631646
27,123,Ddhd2,5.495841,4.1366854,2.530780028716688e-06,0.2857142857142857,0.016591928251121,0.2691223574631646
27,124,Slc35d1,5.467197,3.855573,2.82118774745154e-06,0.4285714285714285,0.0369207772795216,0.3916506512919069
27,125,Fermt2,5.4181128,3.5077024,3.6998318022248183e-06,0.5714285714285714,0.0647234678624813,0.5067051035660901
27,126,Fgf13,5.393939,3.7797577,4.218333975131358e-06,0.2857142857142857,0.0170403587443946,0.268673926969891
27,127,Nyap1,5.357144,3.3433557,5.082825159585247e-06,0.4285714285714285,0.0370702541106128,0.3915011744608156
27,128,Khdrbs3,5.357021,3.7046652,5.082825159585247e-06,0.2857142857142857,0.0171898355754858,0.2685244501387999
27,129,Med12,5.352283,3.8350291,5.198721253247077e-06,0.4285714285714285,0.0385650224215246,0.3900064061499039
27,130,Ankrd37,5.344379,3.4852295,5.410989093106502e-06,0.5714285714285714,0.0659192825112107,0.5055092889173607
27,131,Mcf2l,5.343177,4.1879377,5.427274515730485e-06,0.2857142857142857,0.0176382660687593,0.2680760196455263
27,132,Gdap2,5.321045,4.0287166,6.106663774182013e-06,0.2857142857142857,0.0176382660687593,0.2680760196455263
27,133,Csgalnact2,5.2687545,4.008607,7.96013191185277e-06,0.2857142857142857,0.0179372197309417,0.267777065983344
27,134,Sult2b1,5.2169175,3.6250758,1.0506171802377631e-05,0.5714285714285714,0.0714499252615844,0.4999786461669869
27,135,Tmem158,5.2045307,3.8555565,1.1192254590342605e-05,1.0,0.2657698056801196,0.7342301943198803
27,136,Nfkbil1,5.2026715,3.04141,1.126531243650007e-05,0.8571428571428571,0.1457399103139013,0.7114029468289558
27,137,Mctp2,5.1324244,4.571578,1.6253710131083784e-05,0.2857142857142857,0.0192825112107623,0.2664317745035233
27,138,Fam135a,5.04225,3.799342,2.5754032800445205e-05,0.2857142857142857,0.0194319880418535,0.2662822976724321
27,139,Ttll7,5.040625,3.775256,2.5885312157139903e-05,0.2857142857142857,0.0194319880418535,0.2662822976724321
27,140,Oser1,4.9961095,3.209924,3.249905623382388e-05,0.5714285714285714,0.0721973094170403,0.499231262011531
27,141,Hacd1,4.9955997,3.6076624,3.249905623382388e-05,0.4285714285714285,0.0428998505231689,0.3856715780482596
27,142,Ttc39c,4.9842443,4.270297,3.435070928215299e-05,0.4285714285714285,0.0464872944693572,0.3820841341020713
27,143,Apaf1,4.9535136,4.111833,3.9582516910696655e-05,0.2857142857142857,0.0203288490284005,0.2653854366858851
27,144,Vps37d,4.9320526,3.94899,4.404455926489121e-05,0.2857142857142857,0.0203288490284005,0.2653854366858851
27,145,Ttll3,4.9248986,3.8700655,4.553652271974354e-05,0.2857142857142857,0.0203288490284005,0.2653854366858851
27,146,Akap1,4.9145136,3.4513674,4.786036546670366e-05,0.4285714285714285,0.0434977578475336,0.3850736707238949
27,147,Mfsd2a,4.859634,3.7900326,6.221954114723055e-05,0.2857142857142857,0.0209267563527653,0.2647875293615204
27,148,Uckl1,4.848559,2.942229,6.51647639770006e-05,0.8571428571428571,0.1674140508221225,0.6897288063207345
27,149,Rab30,4.8429685,3.4587314,6.676477735425256e-05,0.2857142857142857,0.0204783258594917,0.2652359598547939
27,150,Rbm4b,4.83047,2.982893,7.025809991945191e-05,0.8571428571428571,0.1677130044843049,0.6894298526585522
27,151,Polr3d,4.812225,3.068046,7.650000744072394e-05,0.5714285714285714,0.0765321375186846,0.4948964339098868
27,152,Prmt7,4.792766,3.0590177,8.378631670218179e-05,0.5714285714285714,0.0765321375186846,0.4948964339098868
27,153,Zfc3h1,4.7883496,3.697784,8.512251778436419e-05,0.2857142857142857,0.0212257100149476,0.264488575699338
27,154,N4bp2l1,4.78741,3.191859,8.525874336648258e-05,0.4285714285714285,0.0451420029895366,0.3834294255818919
27,155,Tesk1,4.7409897,4.134676,0.000105063487738,0.4285714285714285,0.0508221225710014,0.377749306000427
27,156,Tma16,4.736068,3.7094574,0.0001073230870229,0.2857142857142857,0.0216741405082212,0.2640401452060644
27,157,H1fx,4.7298393,2.9963317,0.0001100825597578,0.4285714285714285,0.0449925261584454,0.3835789024129831
27,158,Foxa2,4.7297015,3.3963923,0.0001100825597578,0.4285714285714285,0.0476831091180866,0.3808883194533418
27,159,Znrf3,4.7082214,3.871778,0.0001219764719975,0.2857142857142857,0.0221225710014947,0.2635917147127909
27,160,Fhl2,4.672539,3.1442056,0.0001439119808106,0.5714285714285714,0.0822122571001494,0.4892163143284219
27,161,Bmp3,4.6719623,3.6219504,0.0001439119808106,0.2857142857142857,0.0219730941704035,0.2637411915438821
27,162,Tdrd7,4.640004,3.1773052,0.0001670803420465,0.4285714285714285,0.0476831091180866,0.3808883194533418
27,163,Cdkn2d,4.6255307,2.7879143,0.000177625417296,0.8571428571428571,0.1736920777279521,0.683450779414905
27,164,Smarce1,4.6175127,2.7023253,0.0001840925648406,0.7142857142857143,0.1186846038863976,0.5956011103993167
27,165,Isca1,4.605146,2.731706,0.0001948156807052,0.7142857142857143,0.1212257100149476,0.5930600042707667
27,166,Gm10263,4.5908184,3.4974747,0.0002080814260733,0.2857142857142857,0.0227204783258594,0.2629938073884262
27,167,Ank,4.5880337,3.024447,0.0002102711534807,0.4285714285714285,0.0469357249626307,0.3816357036087977
27,168,Syap1,4.5867968,2.797079,0.0002109163256834,0.7142857142857143,0.1237668161434977,0.5905188981422166
27,169,Elovl4,4.580981,3.8178902,0.0002150251926493,0.2857142857142857,0.023168908819133,0.2625453768951526
27,170,Rap1gap,4.5671906,3.6776845,0.000229013584452,0.5714285714285714,0.0932735426008968,0.4781550288276745
27,171,Gmppa,4.5575905,3.2044299,0.0002383848211166,0.8571428571428571,0.2122571001494768,0.6448857569933802
27,172,5430416N02Rik,4.5394316,2.6124759,0.0002588503983079,0.7142857142857143,0.1194319880418535,0.5948537262438608
27,173,Cacna2d1,4.5390744,3.3244147,0.0002588503983079,0.4285714285714285,0.049626307922272,0.3789451206491565
27,174,Gpr19,4.530171,3.9637322,0.0002692507270155,0.2857142857142857,0.0239162929745889,0.2617979927396968
27,175,Lss,4.5088573,3.8004255,0.0002963331413847,0.2857142857142857,0.0239162929745889,0.2617979927396968
27,176,Ddx55,4.506338,3.5586252,0.0002988243424985,0.4285714285714285,0.052914798206278,0.3756566303651505
27,177,Parg,4.4985404,3.6249385,0.0003091414435111,0.2857142857142857,0.0237668161434977,0.2619474695707879
27,178,Zufsp,4.4956546,3.357578,0.0003125031646031,0.2857142857142857,0.0234678624813153,0.2622464232329703
27,179,Prps1,4.493335,3.2091007,0.0003150629092186,0.5714285714285714,0.0898355754857997,0.4815929959427717
27,180,Gda,4.4823995,3.650647,0.0003307461962109,0.2857142857142857,0.0239162929745889,0.2617979927396968
27,181,Oaf,4.472836,3.1116989,0.0003449530556789,0.4285714285714285,0.0503736920777279,0.3781977364937006
27,182,Dusp3,4.453463,3.4863412,0.0003765823462305,0.2857142857142857,0.0242152466367713,0.2614990390775144
27,183,Nmral1,4.4283977,3.7519088,0.0004208216022207,0.2857142857142857,0.0246636771300448,0.2610506085842408
27,184,Stau1,4.388019,2.9014535,0.0005043204311863,0.5714285714285714,0.0887892376681614,0.4826393337604099
27,185,Dgkz,4.3739624,3.6093266,0.0005364901235537,0.4285714285714285,0.0565022421524663,0.3720691864189622
27,186,Slc35g2,4.373028,2.9519782,0.0005373527284059,0.4285714285714285,0.0524663677130044,0.376105060858424
27,187,A130010J15Rik,4.371178,3.2047303,0.0005404804555929,0.4285714285714285,0.0532137518684603,0.3753576767029681
27,188,Zfp281,4.361247,4.1928773,0.000561119446516,0.4285714285714285,0.0568011958146487,0.3717702327567798
27,189,Tuba1a,4.3573065,3.9672856,0.00056980674566,1.0,0.4521674140508221,0.5478325859491779
27,190,Syne4,4.34795,2.75614,0.0005915381210638,0.8571428571428571,0.2103139013452915,0.6468289557975656
27,191,Rnd2,4.3436894,3.0742548,0.0006015538597801,0.2857142857142857,0.024813153961136,0.2609011317531496
27,192,Habp4,4.33968,3.3302076,0.0006110342320687,0.4285714285714285,0.0553064275037369,0.3732650010676916
27,193,Pcgf6,4.311178,3.2635608,0.0006917683095078,0.4285714285714285,0.0551569506726457,0.3734144778987828
27,194,Gna12,4.3095884,3.3563042,0.0006931590101803,0.4285714285714285,0.0560538116591928,0.3725176169122357
27,195,Mettl17,4.306658,3.566964,0.0006969990723496,0.2857142857142857,0.0258594917787742,0.2598547939355114
27,196,Ccz1,4.3035393,2.7654507,0.0007014909409928,0.8571428571428571,0.2095665171898355,0.6475763399530216
27,197,Aqr,4.298341,3.205487,0.0007163222272667,0.4285714285714285,0.0553064275037369,0.3732650010676916
27,198,Ttc4,4.2879143,2.7666044,0.0007469859890341,0.5714285714285714,0.0905829596412556,0.4808456117873158
27,199,Phkg2,4.286893,2.4829676,0.0007485362500658,0.7142857142857143,0.1321375186846038,0.5821481956011104
27,200,Smpd4,4.273391,3.3709824,0.00079335730178,0.2857142857142857,0.0258594917787742,0.2598547939355114
27,201,Wdr55,4.2718835,2.6601477,0.0007967382502171,0.5714285714285714,0.0898355754857997,0.4815929959427717
27,202,Agpat4,4.265305,3.5409873,0.0008185307652615,0.2857142857142857,0.0261584454409566,0.259555840273329
27,203,Mesdc1,4.2629213,2.9925535,0.0008252511462036,0.4285714285714285,0.0544095665171898,0.3741618620542387
27,204,Enpp1,4.254919,2.8527844,0.0008531980988031,0.2857142857142857,0.0254110612855007,0.2603032244287849
27,205,Fem1c,4.250102,3.2302,0.0008674393025045,0.4285714285714285,0.0563527653213751,0.3722186632500533
27,206,Unc45a,4.246927,2.8304558,0.0008754856255856,0.7142857142857143,0.1482810164424514,0.5660046978432629
27,207,Hspa4l,4.24169,2.8564806,0.0008917763551842,0.7142857142857143,0.1509715994020926,0.5633141148836216
27,208,Ak1,4.234426,3.0834208,0.0009166000344114,0.4285714285714285,0.0554559043348281,0.3731155242366004
27,209,Cnot11,4.2223496,3.0011897,0.0009647808067806,0.5714285714285714,0.0991031390134529,0.4723254324151185
27,210,Gpm6b,4.217474,3.0091002,0.0009834798173829,0.2857142857142857,0.0258594917787742,0.2598547939355114
27,211,Fam220a,4.2049103,2.875587,0.0010372171154776,0.7142857142857143,0.1536621823617339,0.5606235319239804
27,212,Zfp768,4.190943,2.8997424,0.0010926042558264,0.4285714285714285,0.0557548579970104,0.3728165705744181
27,213,Rasd1,4.1874375,3.0379794,0.0011069555308737,0.5714285714285714,0.1014947683109118,0.4699338031176596
27,214,Ppip5k1,4.185716,3.8560371,0.0011108849620001,0.2857142857142857,0.0276532137518684,0.2580610719624172
27,215,Car8,4.1855493,2.8913069,0.0011108849620001,1.0,0.4908819133034379,0.5091180866965621
27,216,Necap1,4.173596,3.020182,0.0011680535121675,0.4285714285714285,0.057100149476831,0.3714712790945974
27,217,Gm26615,4.1550736,4.1089215,0.0012608334765718,0.2857142857142857,0.0285500747384155,0.2571642109758701
27,218,Ttc3,4.1499166,3.2761512,0.001286537170855,0.5714285714285714,0.1098654708520179,0.4615631005765535
27,219,Cry1,4.1442976,3.7914042,0.0013153867287875,0.2857142857142857,0.028101644245142,0.2576126414691437
27,220,Bcl7a,4.1437445,2.980521,0.0013154705853695,0.5714285714285714,0.1004484304932735,0.4709801409352978
27,221,Atp6v0e2,4.1362476,2.9489589,0.0013559880559342,0.5714285714285714,0.1034379671150971,0.4679906043134742
27,222,Fam89b,4.1351385,3.4542902,0.0013593680866,0.2857142857142857,0.0275037369207772,0.2582105487935084
27,223,Upb1,4.131879,3.8925543,0.0013751769220808,0.4285714285714285,0.0650224215246636,0.3635490070467648
27,224,Abi2,4.1314116,3.6617818,0.0013751769220808,0.2857142857142857,0.0279521674140508,0.2577621183002349
27,225,Ythdf1,4.125293,2.988049,0.0014089756262539,0.5714285714285714,0.1031390134529148,0.4682895579756566
27,226,Slc29a1,4.1211843,3.6295042,0.0014310244160471,0.2857142857142857,0.0279521674140508,0.2577621183002349
27,227,Tia1,4.116973,3.0123668,0.0014540498487443,0.5714285714285714,0.1031390134529148,0.4682895579756566
27,228,Cyth1,4.110845,3.0001254,0.001489745471213,0.4285714285714285,0.0582959641255605,0.370275464445868
27,229,D030056L22Rik,4.098014,2.941325,0.0015711409739678,0.5714285714285714,0.1023916292974588,0.4690369421311125
27,230,Foxk2,4.0887704,3.5800624,0.0016313192277349,0.2857142857142857,0.0284005979073243,0.2573136878069613
27,231,Tspan3,4.0731573,2.800281,0.001732755836672,1.0,0.4349775784753363,0.5650224215246638
27,232,Ddx27,4.0652943,2.8881884,0.0017840981086055,0.5714285714285714,0.1026905829596412,0.4687379884689301
27,233,Ube2l6,4.0563183,2.6008403,0.0018456622182632,0.7142857142857143,0.1484304932735426,0.5658552210121717
27,234,Macrod2,4.052335,3.3176231,0.0018731498303106,0.4285714285714285,0.0624813153961136,0.3660901131753149
27,235,Clns1a,4.0355043,2.3853106,0.0019991283668855,1.0,0.2798206278026905,0.7201793721973094
27,236,Phlpp2,4.033986,3.5218732,0.002007604160645,0.2857142857142857,0.028998505231689,0.2567157804825966
27,237,Tmem180,4.019556,4.016134,0.0021251308640565,0.2857142857142857,0.0301943198804185,0.2555199658338671
27,238,Crebzf,4.0181575,3.3647408,0.0021330392948144,0.2857142857142857,0.0288490284005979,0.2568652573136878
27,239,Aph1b,4.015685,3.458052,0.0021507558100639,0.2857142857142857,0.0291479820627802,0.2565663036515054
27,240,Cdh13,4.0111246,2.485703,0.002187892705199,0.5714285714285714,0.0938714499252615,0.4775571215033098
27,241,Fam53a,4.0045905,2.395041,0.0022442998166152,0.7142857142857143,0.1457399103139013,0.568545803971813
27,242,Upf2,4.002666,2.6875112,0.0022555857551395,0.4285714285714285,0.0594917787742899,0.3690796497971386
27,243,Fbxl3,4.002365,3.025799,0.0022555857551395,0.5714285714285714,0.1101644245142003,0.4612641469143711
27,244,Igfbp5,3.9959147,2.7113502,0.00231282587846,1.0,0.4605381165919282,0.5394618834080718
27,245,Trim32,3.9937704,2.9044633,0.0023287569529533,0.2857142857142857,0.0285500747384155,0.2571642109758701
27,246,Ocrl,3.9853244,3.5424788,0.0023974645366929,0.2857142857142857,0.0298953662182361,0.2558189194960495
27,247,Extl3,3.9773884,3.574912,0.0024628478196346,0.2857142857142857,0.0297458893871449,0.2559683963271407
27,248,Adrb1,3.9725559,2.502051,0.0025025784842046,0.5714285714285714,0.0971599402092675,0.4742686312193038
27,249,Setd1b,3.964896,2.6782842,0.0025732739225889,0.5714285714285714,0.1040358744394618,0.4673926969891095
27,250,Ccdc86,3.9574645,2.6981416,0.0026433381311781,0.5714285714285714,0.1043348281016442,0.4670937433269271
27,251,Itpkc,3.9547405,2.3517997,0.0026679565401902,0.5714285714285714,0.0962630792227204,0.4751654922058509
27,252,Nolc1,3.9494884,2.5845928,0.002721397635243,0.5714285714285714,0.1037369207772795,0.4676916506512918
27,253,Vamp7,3.9449844,2.6964495,0.0027671965193042,0.5714285714285714,0.1014947683109118,0.4699338031176596
27,254,Tiparp,3.94164,2.36748,0.0028001564908709,0.7142857142857143,0.1433482810164424,0.5709374332692718
27,255,Snrpn,3.9375026,3.714773,0.0028368905848244,0.4285714285714285,0.0687593423019432,0.3598120862694853
27,256,Mettl25,3.9351528,3.3783479,0.0028528047450074,0.2857142857142857,0.0298953662182361,0.2558189194960495
27,257,Cbfa2t2,3.9333181,3.3429062,0.0028686776032675,0.2857142857142857,0.0300448430493273,0.2556694426649583
27,258,Acyp2,3.9292665,2.3774545,0.0029113623120067,0.7142857142857143,0.1547085201793722,0.5595771941063421
27,259,Kazn,3.9264343,3.2309732,0.0029336151232239,0.2857142857142857,0.0297458893871449,0.2559683963271407
27,260,Tmtc4,3.9239938,3.6932714,0.0029573736434785,0.2857142857142857,0.0307922272047832,0.2549220585095024
27,261,Herc1,3.9191208,2.9228091,0.0030100631027912,0.4285714285714285,0.0639760837070254,0.3645953448644031
27,262,Gstm5,3.9158094,2.7427838,0.0030361288792864,0.7142857142857143,0.1687593423019432,0.5455263719837711
27,263,Otud6b,3.915672,3.361619,0.0030361288792864,0.4285714285714285,0.0662182361733931,0.3623531923980354
27,264,Alg2,3.9067428,3.4716167,0.0031376091206691,0.2857142857142857,0.030642750373692,0.2550715353405936
27,265,Celf4,3.9046538,3.0650928,0.0031581775920831,0.4285714285714285,0.0656203288490284,0.3629510997224001
27,266,Stk3,3.89459,3.0233512,0.0032723826394638,0.4285714285714285,0.0648729446935724,0.3636984838778561
27,267,Trove2,3.889938,2.7858346,0.0033289966034536,0.4285714285714285,0.0626307922272047,0.3659406363442237
27,268,Dll1,3.8796554,2.882772,0.0034528723866664,0.4285714285714285,0.0633781763826606,0.3651932521887678
27,269,Smim13,3.8736117,3.0595279,0.0035316250413487,0.4285714285714285,0.0663677130044843,0.3622037155669442
27,270,Tcp11,3.8668268,3.0912237,0.0036240205472784,0.2857142857142857,0.0303437967115097,0.255370489002776
27,271,Msmo1,3.8593853,2.577191,0.0037212458925941,0.7142857142857143,0.1657698056801196,0.5485159086055947
27,272,Bex2,3.8380437,3.322822,0.0040357649607805,0.5714285714285714,0.1243647234678624,0.4470638479607089
27,273,Ttc8,3.8372593,2.9581602,0.0040406553668832,0.4285714285714285,0.0659192825112107,0.3626521460602178
27,274,Trnp1,3.827871,2.752843,0.0041813295296702,0.4285714285714285,0.063677130044843,0.3648942985265855
27,275,Pfdn2,3.8240962,2.7412102,0.0042375482201896,1.0,0.5705530642750374,0.4294469357249626
27,276,Actg1,3.8217096,3.0296712,0.0042703720667123,0.2857142857142857,0.0309417040358744,0.2547725816784112
27,277,Tubb2b,3.8158944,3.524972,0.0043636470239431,0.4285714285714285,0.072795216741405,0.3557762118300234
27,278,Mier3,3.8067136,3.0513194,0.004486137718166,0.2857142857142857,0.0312406576980568,0.2544736280162289
27,279,Tspan17,3.8066409,2.4579544,0.004486137718166,0.7142857142857143,0.1627802690582959,0.5515054452274184
27,280,Atat1,3.8049748,2.775374,0.0044989693944684,0.4285714285714285,0.0657698056801195,0.3628016228913089
27,281,Ddx51,3.8041377,3.1198318,0.0045054951951212,0.2857142857142857,0.0313901345291479,0.2543241511851377
27,282,Ptpn11,3.7976573,3.1323462,0.0046071064882514,0.4285714285714285,0.068609865470852,0.3599615631005765
27,283,Uck2,3.796188,2.7806058,0.0046255865177422,0.5714285714285714,0.1176382660687593,0.4537903053598121
27,284,Dcun1d2,3.7944326,2.9133675,0.0046495074987541,0.2857142857142857,0.0312406576980568,0.2544736280162289
27,285,Polr3k,3.7922704,2.4598496,0.0046706940549634,0.8571428571428571,0.2532137518684604,0.6039291052743967
27,286,Cirbp,3.7918818,2.1981425,0.0046706940549634,1.0,0.6579970104633782,0.3420029895366218
27,287,Zfp36l2,3.785897,2.5363476,0.0047754687819344,0.4285714285714285,0.0633781763826606,0.3651932521887678
27,288,Naa50,3.7838013,2.6430292,0.0048067413827617,0.8571428571428571,0.2680119581464873,0.5891308989963697
27,289,Pitpnm1,3.7810068,2.887815,0.004851818858429,0.2857142857142857,0.0315396113602391,0.2541746743540465
27,290,Stk33,3.7686694,2.9265425,0.0050691792175855,0.2857142857142857,0.0313901345291479,0.2543241511851377
27,291,Mospd1,3.7660277,3.1581666,0.0051038613516984,0.4285714285714285,0.071150971599402,0.3574204569720264
27,292,Stx7,3.7520459,2.4152195,0.0053769971398595,0.8571428571428571,0.252914798206278,0.604228058936579
27,293,Trafd1,3.7506816,2.3764637,0.0053962516684004,0.7142857142857143,0.1644245142002989,0.5498612000854153
27,294,Impdh2,3.744577,3.0636005,0.0055085998556486,0.2857142857142857,0.0321375186846038,0.2535767670296818
27,295,Tsr2,3.7432761,2.982709,0.0055269377999814,0.4285714285714285,0.0693572496263079,0.3592141789451206
27,296,Cyp51,3.7379723,3.5881646,0.0056239511926383,0.4285714285714285,0.0757847533632287,0.3527866752081998
27,297,Nme1,3.73263,2.2586305,0.0057234610729387,1.0,0.568609865470852,0.431390134529148
27,298,Rnf34,3.7260559,2.6488643,0.0058317794697487,0.5714285714285714,0.1164424514200299,0.4549861200085415
27,299,Kdm6b,3.7212782,2.3597317,0.0059302639728828,0.5714285714285714,0.1098654708520179,0.4615631005765535
27,300,Plekha3,3.7209089,3.2522733,0.0059302639728828,0.2857142857142857,0.0328849028400597,0.2528293828742259
27,301,Fam46a,3.7168262,2.7385833,0.0060159183010955,0.7142857142857143,0.1968609865470852,0.5174247277386291
27,302,Cxx1b,3.7013607,2.503622,0.0063371812815846,0.4285714285714285,0.0663677130044843,0.3622037155669442
27,303,Pold3,3.6844268,2.645884,0.0067493736200872,0.4285714285714285,0.0683109118086696,0.3602605167627589
27,304,Tmem80,3.672373,2.2603178,0.0070632608184426,0.5714285714285714,0.1098654708520179,0.4615631005765535
27,305,Ckb,3.6687436,2.5954905,0.0071514625976425,0.4285714285714285,0.0689088191330343,0.3596626094383942
27,306,Bnip3,3.6581967,2.5736792,0.0074256514460808,0.5714285714285714,0.1180866965620328,0.4533418748665385
27,307,Bin1,3.6570601,3.0275586,0.0074453713532692,0.4285714285714285,0.0736920777279521,0.3548793508434764
27,308,Elmo2,3.6544397,3.4019675,0.0075084636802245,0.2857142857142857,0.0345291479820627,0.2511851377322229
27,309,Whsc1,3.6533637,3.125792,0.0075266396280209,0.2857142857142857,0.0337817638266068,0.2519325218876788
27,310,Ccser1,3.6520557,2.916885,0.0075496857526901,0.2857142857142857,0.0333333333333333,0.2523809523809524
27,311,Map1b,3.6516702,4.461765,0.0075496857526901,0.2857142857142857,0.0352765321375186,0.250437753576767
27,312,Sox15,3.6422784,2.6198812,0.0078007281388085,0.4285714285714285,0.068609865470852,0.3599615631005765
27,313,Tpt1,3.6419024,2.549983,0.0078007281388085,0.5714285714285714,0.118236173393124,0.4531923980354473
27,314,2310033P09Rik,3.6403422,2.3553808,0.0078219073235205,0.7142857142857143,0.1747384155455904,0.5395472987401239
27,315,Pip5k1b,3.6403012,3.7293863,0.0078219073235205,0.2857142857142857,0.0357249626307922,0.2499893230834934
27,316,Sox4,3.6338181,2.766948,0.0080071800308739,0.8571428571428571,0.3028400597907324,0.5543027973521246
27,317,Ssbp3,3.6297803,2.4591126,0.0081192831822755,0.7142857142857143,0.1849028400597907,0.5293828742259236
27,318,Tsnax,3.626274,2.494564,0.0082159301534957,0.7142857142857143,0.1819133034379671,0.5323724108477472
27,319,Gstt1,3.6206427,2.9562225,0.0083677035803746,0.4285714285714285,0.0753363228699551,0.3532351057014734
27,320,Krtap17-1,3.6140227,3.3492527,0.0085546992820134,0.4285714285714285,0.0741405082212257,0.3544309203502028
27,321,Cd200,3.6069956,2.9083743,0.0087744746548319,0.2857142857142857,0.0340807174887892,0.2516335682254965
27,322,Arg1,3.59899,2.9795957,0.0090334318582464,0.2857142857142857,0.0345291479820627,0.2511851377322229
27,323,Gnl3,3.581643,2.2117157,0.0096219244327368,0.5714285714285714,0.1133034379671151,0.4581251334614563
27,324,Tvp23b,3.5691333,2.4221992,0.0100414541753354,1.0,0.388490284005979,0.6115097159940209
27,325,Siah2,3.5592895,3.1826506,0.0103666002838913,0.5714285714285714,0.1470852017937219,0.4243433696348494
27,326,Mrpl28,3.5589855,2.1055741,0.0103666002838913,1.0,0.4771300448430493,0.5228699551569507
27,327,Nrxn1,3.5583098,2.961332,0.0103756902097603,0.2857142857142857,0.0342301943198804,0.2514840913944053
27,328,Dcun1d3,3.5552464,2.7917025,0.0104795766229994,0.2857142857142857,0.0345291479820627,0.2511851377322229
27,329,Fam117b,3.553278,2.9073167,0.0105404722776484,0.2857142857142857,0.0349775784753363,0.2507367072389493
27,330,Mta3,3.5499198,2.2570086,0.0106578380951725,0.7142857142857143,0.1750373692077728,0.5392483450779415
27,331,Lrrc58,3.5407884,2.2478049,0.0109780289785423,0.8571428571428571,0.2506726457399103,0.6064702114029468
27,332,Zscan29,3.5391948,2.830102,0.0110260238526696,0.2857142857142857,0.0349775784753363,0.2507367072389493
27,333,Klhl9,3.527953,3.2750573,0.0114666434235389,0.2857142857142857,0.0364723467862481,0.2492419389280375
27,334,Ring1,3.5272264,2.2022436,0.011478993011736,0.8571428571428571,0.2560538116591928,0.6010890454836643
27,335,Rnpep,3.523889,2.3168051,0.0116052061960982,1.0,0.4077727952167414,0.5922272047832586
27,336,Smarcc1,3.520218,2.7743742,0.0117253132862647,0.4285714285714285,0.0757847533632287,0.3527866752081998
27,337,Ppt2,3.5198572,2.8256893,0.0117253132862647,0.4285714285714285,0.0763826606875934,0.3521887678838351
27,338,Gm4285,3.5198393,2.8560543,0.0117253132862647,0.2857142857142857,0.0354260089686098,0.2502882767456758
27,339,Gatb,3.5184147,3.295742,0.0117689607574393,0.2857142857142857,0.0367713004484304,0.2489429852658552
27,340,Scrn3,3.5133204,2.822238,0.0119771572097753,0.4285714285714285,0.0765321375186846,0.3520392910527439
27,341,Gtf2h3,3.4981642,2.654963,0.0125957715077748,0.5714285714285714,0.1295964125560538,0.4418321588725176
27,342,Elmod3,3.4951205,2.8952565,0.0126986527532379,0.4285714285714285,0.0789237668161434,0.349647661755285
27,343,Prnp,3.492946,2.4549546,0.0127816279365397,0.8571428571428571,0.3659192825112107,0.4912235746316463
27,344,Acot7,3.4905262,2.467356,0.012876935770817,0.7142857142857143,0.191778774289985,0.5225069399957293
27,345,Rasgef1b,3.4838612,3.1880786,0.0131590294190616,0.2857142857142857,0.0369207772795216,0.248793508434764
27,346,Cd24a,3.4829836,2.5487998,0.0131808432600062,1.0,0.6727952167414051,0.3272047832585949
27,347,Adam15,3.4805849,2.5820007,0.013277914451001,0.4285714285714285,0.0754857997010463,0.3530856288703822
27,348,Ywhaq,3.4787838,2.1628997,0.0133458728754025,1.0,0.7641255605381166,0.2358744394618833
27,349,Tm2d2,3.4724243,2.1425452,0.0136367902736633,1.0,0.532286995515695,0.467713004484305
27,350,Yeats2,3.4721346,2.9725597,0.0136367902736633,0.2857142857142857,0.0364723467862481,0.2492419389280375
27,351,Zranb1,3.4632745,2.321355,0.0140486231557466,0.5714285714285714,0.1234678624813154,0.447960708947256
27,352,Ciart,3.4562833,2.8263738,0.0143490201387935,0.2857142857142857,0.0361733931240657,0.2495408925902199
27,353,Sgce,3.4550965,3.429606,0.0143893563711781,0.2857142857142857,0.0382660687593423,0.2474482169549434
27,354,Arid5a,3.4478729,2.7393324,0.0147093525427305,0.4285714285714285,0.0781763826606875,0.3503950459107409
27,355,Snx18,3.4448776,2.84773,0.0148262378390368,0.2857142857142857,0.0367713004484304,0.2489429852658552
27,356,Ubr7,3.4439723,3.1415236,0.0148524703927262,0.2857142857142857,0.0373692077727952,0.2483450779414904
27,357,Rpl12,3.442607,2.679508,0.0149041107916754,0.4285714285714285,0.0771300448430493,0.3514413837283792
27,358,Rfxap,3.4393394,2.354473,0.01506142904685,0.5714285714285714,0.1252615844544095,0.4461669869741618
27,359,Ccdc112,3.4375448,2.9909434,0.0151377503034747,0.2857142857142857,0.0370702541106128,0.2486440316036728
27,360,Cntrl,3.435528,2.8259156,0.0152269317174434,0.2857142857142857,0.0369207772795216,0.248793508434764
27,361,Snhg20,3.4338427,2.8982148,0.0152979056352331,0.4285714285714285,0.0811659192825112,0.3474055092889173
27,362,Wdr89,3.4289203,2.170652,0.015541988616257,1.0,0.4499252615844544,0.5500747384155455
27,363,Tmem41b,3.4285963,3.3125215,0.015541988616257,0.4285714285714285,0.0795216741405082,0.3490497544309203
27,364,Dmtf1,3.428276,3.3206213,0.015541988616257,0.2857142857142857,0.0385650224215246,0.247149263292761
27,365,Npdc1,3.411722,2.3788955,0.0164657640863175,0.8571428571428571,0.4050822122571001,0.4520606448857569
27,366,Mrpl2,3.4023094,2.1487956,0.0169643573306402,0.8571428571428571,0.2807174887892377,0.5764253683536193
27,367,Arhgap27os1,3.399949,2.8474631,0.0170457831837387,0.2857142857142857,0.0378176382660687,0.2478966474482169
27,368,Gm10138,3.3998506,3.3121872,0.0170457831837387,0.2857142857142857,0.0390134529147982,0.2467008327994874
27,369,Fam3a,3.399475,2.3547869,0.0170457831837387,0.5714285714285714,0.1292974588938714,0.4421311125346999
27,370,Hes6,3.399313,2.4755316,0.0170457831837387,1.0,0.5340807174887893,0.4659192825112107
27,371,Igsf8,3.391888,2.2601004,0.0174875521653759,0.5714285714285714,0.1273542600896861,0.4440743113388853
27,372,Caap1,3.3904698,2.4704041,0.0175429399976119,0.4285714285714285,0.0766816143497757,0.3518898142216528
27,373,Exoc2,3.3901446,2.9746182,0.0175429399976119,0.2857142857142857,0.0381165919282511,0.2475976937860345
27,374,2310036O22Rik,3.3897612,2.083568,0.0175429399976119,1.0,0.6189835575485799,0.3810164424514201
27,375,Eya3,3.387965,2.860697,0.0176303332001411,0.2857142857142857,0.0379671150971599,0.2477471706171257
27,376,Zfp772,3.387561,2.892546,0.0176303332001411,0.2857142857142857,0.0378176382660687,0.2478966474482169
27,377,Mllt6,3.3866432,2.78103,0.0176624902626494,0.4285714285714285,0.0817638266068759,0.3468076019645526
27,378,Nudt5,3.3801632,3.129039,0.0180293474430334,0.2857142857142857,0.038863976083707,0.2468503096305787
27,379,Zfp667,3.3699288,3.0384197,0.0186841107939804,0.2857142857142857,0.0384155455904334,0.2472987401238522
27,380,Tgfb1,3.3684547,2.4548626,0.0187282547519224,0.4285714285714285,0.0756352765321375,0.352936152039291
27,381,Spg21,3.36803,2.4741101,0.0187282547519224,0.8571428571428571,0.3521674140508221,0.504975443092035
27,382,Lcmt2,3.3674872,2.7326148,0.0187368029488408,0.4285714285714285,0.0820627802690582,0.3465086483023702
27,383,Pdk3,3.3657334,2.5959094,0.0188215830979385,0.5714285714285714,0.1406576980568012,0.4307708733717702
27,384,Cisd2,3.3654125,2.1074626,0.0188215830979385,0.8571428571428571,0.2665171898355755,0.5906256673072816
27,385,Kif1b,3.361538,2.1162868,0.0190358686497888,0.5714285714285714,0.1254110612855007,0.4460175101430707
27,386,Agpat1,3.36146,3.2238905,0.0190358686497888,0.2857142857142857,0.0396113602391629,0.2461029254751227
27,387,Larp1,3.356293,2.1666784,0.0193661330799869,0.5714285714285714,0.1276532137518684,0.4437753576767029
27,388,Tpd52,3.3483157,2.270355,0.0199025692951448,1.0,0.4775784753363228,0.5224215246636772
27,389,Atg4b,3.3466003,2.2742908,0.0199962915054299,0.5714285714285714,0.1298953662182361,0.4415332052103352
27,390,Fam174a,3.3452115,2.2433949,0.0200667823167961,0.8571428571428571,0.3156950672645739,0.5414477898782831
27,391,Ttr,3.3441663,2.871819,0.0201126092006228,0.2857142857142857,0.0384155455904334,0.2472987401238522
27,392,Atp6v1b2,3.3421986,2.5779998,0.0202256845362599,0.7142857142857143,0.2295964125560538,0.4846893017296605
27,393,Nudt21,3.3405976,2.1637728,0.0202846470648974,0.7142857142857143,0.1904334828101644,0.5238522314755498
27,394,Inip,3.3405678,2.9395685,0.0202846470648974,0.2857142857142857,0.038863976083707,0.2468503096305787
27,395,Tnfaip1,3.3351,2.2143688,0.0205963545148617,0.7142857142857143,0.1994020926756352,0.5148836216100791
27,396,Mageh1,3.3316507,2.3244286,0.020822652951829,0.5714285714285714,0.1312406576980568,0.4401879137305146
27,397,Afg3l2,3.3251073,2.7474022,0.0212514200274171,0.4285714285714285,0.0835575485799701,0.3450138799914584
27,398,Dhx38,3.321967,2.8018262,0.021432866788244,0.2857142857142857,0.0390134529147982,0.2467008327994874
27,399,Atp5sl,3.3170524,2.3575218,0.0217816152625448,0.4285714285714285,0.0781763826606875,0.3503950459107409
27,400,Morc2a,3.3156993,2.8577135,0.0218554429083669,0.2857142857142857,0.0393124065769805,0.2464018791373051
27,401,Wdr46,3.3076084,2.599842,0.0224639550227432,0.4285714285714285,0.08101644245142,0.3475549861200085
27,402,Glt28d2,3.3030562,3.2680948,0.0227325424566607,0.2857142857142857,0.0409566517189835,0.2447576339953021
27,403,Psme2b,3.2980886,3.1222928,0.0231051052433374,0.4285714285714285,0.0923766816143497,0.3361947469570787
27,404,Cnst,3.294425,3.1280487,0.0233745579281661,0.2857142857142857,0.04050822122571,0.2452060644885756
27,405,Asrgl1,3.2938032,2.7270796,0.0233925333310148,0.4285714285714285,0.0853512705530642,0.3432201580183642
27,406,Tmem260,3.2855854,2.6819868,0.024016409192801,0.2857142857142857,0.0393124065769805,0.2464018791373051
27,407,Zdhhc18,3.281475,3.094849,0.0243341900045521,0.2857142857142857,0.0409566517189835,0.2447576339953021
27,408,Upf3a,3.280544,2.4213963,0.0243796250370977,0.5714285714285714,0.1381165919282511,0.4333119795003203
27,409,Zfp746,3.2782066,3.3965087,0.0245471934797599,0.2857142857142857,0.0418535127055306,0.243860773008755
27,410,Rpp40,3.2749555,3.0571434,0.0247604936034767,0.2857142857142857,0.0408071748878923,0.2449071108263933
27,411,H2afy,3.2694,2.1118252,0.0251441203916543,1.0,0.5571001494768311,0.4428998505231689
27,412,Max,3.268696,2.2705095,0.0251709416326181,0.8571428571428571,0.3270553064275037,0.5300875507153533
27,413,Cspp1,3.2677402,2.743565,0.0252202758082693,0.4285714285714285,0.0866965620328849,0.3418748665385436
27,414,Zfp512,3.2597082,3.7319136,0.025835501738393,0.2857142857142857,0.0439461883408071,0.2417680973734785
27,415,Mycl,3.252554,2.5969536,0.026420143500726,0.5714285714285714,0.1399103139013452,0.4315182575272261
27,416,Trmt1,3.2433734,2.186739,0.0272098236110532,0.5714285714285714,0.1348281016442451,0.4366004697843262
27,417,Lpar6,3.2405643,2.4968224,0.0274408214680094,0.5714285714285714,0.147982062780269,0.4234465086483023
27,418,Ap2a1,3.237222,2.3891597,0.0277253795185261,0.4285714285714285,0.0828101644245142,0.3457612641469143
27,419,Hn1,3.2298863,2.047126,0.0283276181725897,1.0,0.5654708520179372,0.4345291479820627
27,420,Grcc10,3.2288892,2.0599997,0.0283474927827355,0.8571428571428571,0.3136023916292975,0.5435404655135596
27,421,AK010878,3.2278242,2.3778787,0.0284137227775887,0.4285714285714285,0.0825112107623318,0.3460602178090967
27,422,Gnptg,3.2251973,2.3355768,0.0286359901001734,0.7142857142857143,0.2343796711509716,0.4799060431347427
27,423,Rpl13a-ps1,3.2227852,2.8436184,0.0287983095165373,0.2857142857142857,0.0411061285500747,0.2446081571642109
27,424,2210018M11Rik,3.2149994,2.3158011,0.029509299397862,0.4285714285714285,0.0831091180866965,0.3454623104847319
27,425,Prkce,3.2135336,3.3174093,0.029619498460592,0.2857142857142857,0.0431988041853512,0.2425154815289344
27,426,Zfp800,3.2099307,2.6445985,0.0299520088875067,0.2857142857142857,0.04050822122571,0.2452060644885756
27,427,Rangap1,3.2089303,2.7817285,0.0300151381812637,0.4285714285714285,0.0887892376681614,0.3397821909032671
27,428,Nudt3,3.20797,2.1537433,0.0300704361766519,0.4285714285714285,0.0811659192825112,0.3474055092889173
27,429,Klhl12,3.207612,2.8468485,0.0300704361766519,0.2857142857142857,0.0415545590433482,0.2441597266709374
27,430,Rbm18,3.2071013,2.5372188,0.0300720786291369,0.5714285714285714,0.145440956651719,0.4259876147768524
27,431,Wdr37,3.2042217,2.5654001,0.0302610019829967,0.2857142857142857,0.04050822122571,0.2452060644885756
27,432,Pigf,3.1946168,2.5060716,0.0311166994825871,0.5714285714285714,0.152914798206278,0.4185137732222934
27,433,Tspan13,3.188965,2.0296004,0.0315989668225639,1.0,0.4402092675635276,0.5597907324364724
27,434,Lamc2,3.1886125,2.421443,0.0315989668225639,0.4285714285714285,0.0849028400597907,0.3436685885116378
27,435,Degs2,3.1880484,2.904219,0.0316180770801458,0.2857142857142857,0.0426008968609865,0.2431133888532991
27,436,Mob3a,3.1870813,2.8066173,0.0316813534427159,0.2857142857142857,0.0420029895366218,0.2437112961776638
27,437,Fyttd1,3.185225,2.1890707,0.0318424953760973,0.5714285714285714,0.1364723467862481,0.4349562246423232
27,438,Mapk6,3.1841466,3.0050561,0.0319093216757501,0.2857142857142857,0.0426008968609865,0.2431133888532991
27,439,Cd164l2,3.1838422,2.7501059,0.0319093216757501,0.2857142857142857,0.0417040358744394,0.2440102498398462
27,440,Tnrc18,3.182194,2.5203543,0.0320057853866108,0.4285714285714285,0.0859491778774289,0.3426222506939995
27,441,C2cd4b,3.176944,2.2606745,0.0324608399908335,1.0,0.4955156950672645,0.5044843049327354
27,442,Mef2a,3.1739852,2.49489,0.032750007002629,0.4285714285714285,0.0869955156950672,0.3415759128763613
27,443,Rnf208,3.1728523,3.4463482,0.032828441594381,0.2857142857142857,0.0445440956651718,0.2411701900491138
27,444,Gm11808,3.1695304,2.1455028,0.0331242738191458,0.7142857142857143,0.2136023916292974,0.5006833226564169
27,445,Vamp4,3.1684015,2.2318494,0.0332074182904302,0.5714285714285714,0.1426008968609865,0.4288276745675848
27,446,Tmeff1,3.1680338,2.7210667,0.0332074182904302,0.2857142857142857,0.0418535127055306,0.243860773008755
27,447,Ppp2ca,3.1675205,2.011276,0.0332222665589082,1.0,0.489237668161435,0.510762331838565
27,448,Efemp2,3.1634967,2.7750192,0.0336406442885152,0.2857142857142857,0.0423019431988041,0.2434123425154815
27,449,Srsf4,3.161447,2.3177311,0.0337893668993801,0.5714285714285714,0.1455904334828101,0.4258381379457612
27,450,4921524J17Rik,3.1567702,2.2816231,0.0342909810266537,0.5714285714285714,0.1403587443946188,0.4310698270339526
27,451,Atxn2l,3.155873,2.2363834,0.034351625969956,0.5714285714285714,0.1448430493273542,0.4265855221012171
27,452,Scrib,3.1550195,2.7309318,0.0343707036522705,0.4285714285714285,0.0910313901345291,0.3375400384368994
27,453,Tnpo2,3.142721,3.1867373,0.0356821121870144,0.2857142857142857,0.0439461883408071,0.2417680973734785
27,454,Gne,3.1424825,2.3458295,0.0356821121870144,0.4285714285714285,0.086846038863976,0.3417253897074525
27,455,Rnaseh1,3.141931,2.791556,0.0357030251814685,0.4285714285714285,0.0952167414050822,0.3333546871663463
27,456,Mtcl1,3.1407924,3.0337813,0.0357663940859544,0.2857142857142857,0.0436472346786248,0.2420670510356609
27,457,Prpf4,3.1406531,3.058406,0.0357663940859544,0.2857142857142857,0.0437967115097159,0.2419175742045697
27,458,Vma21,3.1395042,2.1187525,0.0358605448580426,0.5714285714285714,0.1378176382660687,0.4336109331625026
27,459,Rp2,3.1354167,2.3396497,0.0362236546945909,0.2857142857142857,0.0415545590433482,0.2441597266709374
27,460,Fam134b,3.1331005,2.2169144,0.03637031286581,0.5714285714285714,0.1458893871449925,0.4255391842835788
27,461,Zfp358,3.1290758,2.3680072,0.0366840674673362,0.4285714285714285,0.0862481315396113,0.3423232970318172
27,462,Slc18b1,3.127017,2.96427,0.0368948830190406,0.2857142857142857,0.0436472346786248,0.2420670510356609
27,463,Ovol1,3.1265779,2.3263388,0.0369030050108925,0.5714285714285714,0.1523168908819133,0.4191116805466581
27,464,Spsb3,3.1222448,2.184805,0.0374029377442965,0.5714285714285714,0.1439461883408071,0.4274823830877642
27,465,Vim,3.1212595,2.5126157,0.0374332157196344,0.2857142857142857,0.0427503736920777,0.2429639120222079
27,466,Zfp710,3.1192687,2.6754081,0.0376393881084249,0.2857142857142857,0.04304932735426,0.2426649583600256
27,467,Gins2,3.1148946,2.840139,0.0380574856548187,0.2857142857142857,0.0436472346786248,0.2420670510356609
27,468,Arhgap18,3.114417,2.7246938,0.0380711304402001,0.2857142857142857,0.0431988041853512,0.2425154815289344
27,469,Isl1,3.1138408,2.1937513,0.038087691505446,0.7142857142857143,0.224813153961136,0.4894725603245783
27,470,Gstp1,3.113176,2.4525807,0.038087691505446,0.7142857142857143,0.3367713004484305,0.3775144138372838
27,471,Mapk8,3.1123755,2.970537,0.0380955421430242,0.2857142857142857,0.0442451420029895,0.2414691437112961
27,472,Dlgap4,3.111057,2.5243783,0.0382181956733269,0.5714285714285714,0.1660687593423019,0.4053598120862695
27,473,Irak1bp1,3.1097305,2.2156308,0.0383148756683803,0.4285714285714285,0.084304932735426,0.3442664958360025
27,474,Ndst1,3.1095736,2.5968986,0.0383148756683803,0.2857142857142857,0.0427503736920777,0.2429639120222079
27,475,Nsd1,3.109198,2.3192492,0.0383158074172742,0.4285714285714285,0.0878923766816143,0.3406790518898142
27,476,Fyco1,3.1043446,3.1026297,0.0388532788673672,0.2857142857142857,0.0452914798206278,0.2404228058936579
27,477,Uba1,3.1025484,2.3437457,0.0390413490267333,0.7142857142857143,0.2393124065769805,0.4749733077087337
27,478,Acd,3.1020734,2.234367,0.039055564817735,0.5714285714285714,0.1466367713004484,0.4247918001281229
27,479,Mib2,3.0964987,2.8474247,0.0396990705884513,0.2857142857142857,0.0442451420029895,0.2414691437112961
27,480,Dbr1,3.0945337,2.9398875,0.0399136577881272,0.2857142857142857,0.044693572496263,0.2410207132180226
27,481,Ppp1r13l,3.0940697,2.8207066,0.0399268584778637,0.2857142857142857,0.0440956651718983,0.2416186205423873
27,482,Rufy3,3.0908086,3.0574725,0.0402686492029313,0.2857142857142857,0.0452914798206278,0.2404228058936579
27,483,Abhd17c,3.0836737,2.0773606,0.0411457163579514,0.5714285714285714,0.1411061285500747,0.4303224428784966
27,484,Xbp1,3.0729103,2.0409868,0.0425026930922659,0.8571428571428571,0.5278026905829596,0.3293401665598975
27,485,Upf1,3.0670118,2.7368608,0.0429826238197528,0.4285714285714285,0.0964125560538116,0.3321588725176169
27,486,Phf20l1,3.060329,2.2810054,0.0439002918520669,0.5714285714285714,0.1524663677130044,0.4189622037155669
27,487,Immt,3.0568123,2.1222448,0.0443481129182708,0.7142857142857143,0.229745889387145,0.4845398248985693
27,488,Ptp4a3,3.0551136,2.4596343,0.0445093003811625,0.5714285714285714,0.1641255605381165,0.4073030108904548
27,489,Tfg,3.0463195,2.1313646,0.045610400455466,0.8571428571428571,0.3705530642750373,0.4865897928678197
27,490,Sfxn2,3.0386856,2.6654687,0.0465601684668774,0.2857142857142857,0.044693572496263,0.2410207132180226
27,491,Prpf38a,3.0349329,2.4441345,0.047064910874945,0.5714285714285714,0.1612855007473841,0.4101430706811872
27,492,Krr1,3.0347157,2.1423242,0.047064910874945,0.4285714285714285,0.0874439461883408,0.3411274823830877
27,493,Vti1a,3.0341198,3.0153182,0.0471018244021558,0.2857142857142857,0.0466367713004484,0.2390775144138372
27,494,Znhit6,3.0322971,2.6411176,0.0473308734558372,0.4285714285714285,0.0973094170403587,0.3312620115310698
27,495,Ccdc101,3.0284774,2.0737405,0.0477629485519669,0.5714285714285714,0.146337817638266,0.4250907537903053
27,496,Fbxw7,3.0277414,2.6794372,0.0477914195708607,0.2857142857142857,0.0449925261584454,0.2407217595558402
27,497,Trappc3,3.0275822,2.0306158,0.0477914195708607,0.8571428571428571,0.358744394618834,0.498398462524023
27,498,Kat6a,3.0249064,3.1709828,0.0481593256424306,0.2857142857142857,0.0476831091180866,0.238031176596199
27,499,Thoc7,3.0216663,2.0069845,0.0485857338871621,0.8571428571428571,0.3744394618834081,0.482703395259449
27,500,Aaed1,3.0203362,2.877988,0.048719524572255,0.2857142857142857,0.046337817638266,0.2393764680760196
27,501,Htt,3.0191264,2.4329133,0.0488569859661134,0.2857142857142857,0.0443946188340807,0.2413196668802049
27,502,Cxcl2,3.0186775,3.0445375,0.0488720286208135,0.2857142857142857,0.0464872944693572,0.2392269912449284
27,503,Chd7,3.0138643,2.8812418,0.0495906232013366,0.2857142857142857,0.0464872944693572,0.2392269912449284
27,504,Gadd45g,3.0135407,2.2908945,0.0495906232013366,1.0,0.6699551569506726,0.3300448430493273
28,1,Shisa8,57.86496,11.682601,0.0,1.0,0.0010463378176382,0.9989536621823616
28,2,Foxn4,50.487133,11.883612,0.0,0.5714285714285714,0.0002989536621823,0.571129617766389
28,3,Mcidas,46.60691,11.0793295,0.0,0.7142857142857143,0.000896860986547,0.7133888532991672
28,4,Fbxo43,30.856041,8.919446,1.2705919368760308e-205,0.4285714285714285,0.000896860986547,0.4276745675848815
28,5,E2f7,30.829002,8.384268,2.5095764554518967e-205,0.5714285714285714,0.0017937219730941,0.5696348494554773
28,6,Ccdc150,29.274797,8.767971,4.4519448065646544e-185,0.4285714285714285,0.0010463378176382,0.4275250907537903
28,7,Pbx4,26.00146,7.6134973,8.687890234830876e-146,0.7142857142857143,0.0044843049327354,0.7098014093529789
28,8,Ccdc67,25.281044,9.665156,8.467746554301079e-138,1.0,0.0100149476831091,0.9899850523168908
28,9,1700086L19Rik,23.740114,8.336209,2.0725540285995807e-121,0.5714285714285714,0.0034379671150971,0.5679906043134743
28,10,Lhfpl2,23.315083,8.545209,4.260416386532607e-117,0.2857142857142857,0.0007473841554559,0.2849669015588298
28,11,Cep128,23.26038,8.114247,1.409145939464876e-116,0.7142857142857143,0.005829596412556,0.7084561178731582
28,12,Crocc2,23.25479,8.0759325,1.4905584853598283e-116,0.7142857142857143,0.005829596412556,0.7084561178731582
28,13,Ube2u,21.80272,8.470189,1.792912974965157e-102,0.2857142857142857,0.000896860986547,0.2848174247277386
28,14,Cep76,20.86193,6.9030175,9.27651119270982e-94,0.7142857142857143,0.0073243647234678,0.7069613495622464
28,15,Plvap,20.558878,8.842228,4.7785596599192863e-91,0.2857142857142857,0.0010463378176382,0.2846679478966474
28,16,Hrasls5,19.49216,8.148368,9.124913090900257e-82,0.2857142857142857,0.0011958146487294,0.2845184710655563
28,17,Pld6,19.462915,7.5290065,1.548038556177534e-81,0.2857142857142857,0.0011958146487294,0.2845184710655563
28,18,Chaf1a,18.881575,6.852799,1.0607538891572093e-76,0.7142857142857143,0.009118086696562,0.7051676275891523
28,19,Dtl,18.810753,7.287007,3.8893560969578604e-76,0.4285714285714285,0.0031390134529147,0.4254324151185137
28,20,Agmat,18.554365,7.629608,4.567478202297533e-74,0.2857142857142857,0.0013452914798206,0.284368994234465
28,21,Ccna1,18.456148,7.4689236,2.725910343278684e-73,0.4285714285714285,0.0032884902840059,0.4252829382874226
28,22,Adam5,17.767113,7.715822,6.512373165414306e-68,0.2857142857142857,0.0014947683109118,0.2842195174033738
28,23,Dnah8,17.753763,7.2826114,8.010823757442158e-68,0.2857142857142857,0.0014947683109118,0.2842195174033738
28,24,Efcab11,17.479233,6.5096917,9.949347174367878e-66,0.5714285714285714,0.0067264573991031,0.5647021140294682
28,25,Rptoros,17.148294,6.8936763,3.032996535659954e-63,0.7142857142857143,0.0112107623318385,0.7030749519538757
28,26,1700020N18Rik,17.075214,7.8033223,1.0341351309682163e-62,0.2857142857142857,0.0016442451420029,0.2840700405722827
28,27,Bub1,17.05982,7.479659,1.3096903585345955e-62,0.2857142857142857,0.0016442451420029,0.2840700405722827
28,28,Cdk1,15.800341,6.0855293,1.335552295004285e-53,1.0,0.0261584454409566,0.9738415545590432
28,29,Fam81a,15.462804,6.0298724,2.6008909477629552e-51,0.5714285714285714,0.0086696562032884,0.5627589152252829
28,30,Mtl5,15.365927,7.4053903,9.667847288354357e-51,0.2857142857142857,0.0020926756352765,0.2836216100790091
28,31,Cntd1,15.3062935,6.4985795,2.371579468318374e-50,0.4285714285714285,0.0049327354260089,0.4236386931454196
28,32,Gm14508,14.900397,7.4421716,1.0966049224945087e-47,0.2857142857142857,0.0022421524663677,0.283472133247918
28,33,Mzf1,14.658651,6.0356584,3.890472589055278e-46,0.4285714285714285,0.0053811659192825,0.423190262652146
28,34,Prr7,14.585454,5.6776614,1.1178402232232242e-45,0.8571428571428571,0.0222720478325859,0.8348708093102711
28,35,Plk4,14.261459,6.06527,1.199840713655074e-43,0.5714285714285714,0.0103139013452914,0.5611146700832799
28,36,4930444P10Rik,14.207731,6.394721,2.5387738950743e-43,0.8571428571428571,0.0240657698056801,0.833077087337177
28,37,Tmem67,14.126011,5.489873,7.975888627570169e-43,0.8571428571428571,0.0236173393124065,0.8335255178304505
28,38,Tomm20l,14.098595,7.697961,1.1552474474852989e-42,0.2857142857142857,0.00254110612855,0.2831731795857356
28,39,Rbakdn,14.07524,7.021462,1.579215800706191e-42,0.2857142857142857,0.00254110612855,0.2831731795857356
28,40,Cep152,14.037912,7.04427,2.6289008745891098e-42,0.4285714285714285,0.0059790732436472,0.4225923553277813
28,41,Myb,13.754046,6.448792,1.3164251315963932e-40,1.0,0.0361733931240657,0.9638266068759342
28,42,Gm12974,13.698143,6.644296,2.8003866281071507e-40,0.2857142857142857,0.0026905829596412,0.2830237027546444
28,43,Ccno,13.673521,8.125574,3.866098495459204e-40,1.0,0.0376681614349775,0.9623318385650224
28,44,Ckap2l,13.442238,6.505215,8.901746547190747e-39,0.7142857142857143,0.0186846038863976,0.6956011103993167
28,45,Fam184a,13.384166,6.989218,1.917700138009242e-38,0.2857142857142857,0.0028400597907324,0.2828742259235532
28,46,Stox1,13.300077,5.6732664,5.834435879152631e-38,0.4285714285714285,0.0065769805680119,0.4219944480034165
28,47,Rragd,13.091372,6.4316463,9.166860184319994e-37,0.4285714285714285,0.0068759342301943,0.4216954943412342
28,48,Cep295,13.078401,6.124146,1.0710787352755e-36,0.5714285714285714,0.012406576980568,0.5590219944480034
28,49,Pidd1,12.90567,5.7727995,1.0085723893751826e-35,0.4285714285714285,0.0070254110612855,0.421546017510143
28,50,Lrrc56,12.824199,5.142635,2.8528358916355067e-35,0.8571428571428571,0.0285500747384155,0.8285927824044416
28,51,Dna2,12.787065,6.879454,4.5372254136597285e-35,0.2857142857142857,0.0031390134529147,0.2825752722613709
28,52,Zmynd10,12.771515,5.9869437,5.463296448679697e-35,1.0,0.0402092675635276,0.9597907324364724
28,53,Gm12144,12.765832,6.4974947,5.795424259228293e-35,0.2857142857142857,0.0031390134529147,0.2825752722613709
28,54,Cfap52,12.735366,5.3795824,8.449448565907771e-35,1.0,0.0396113602391629,0.9603886397608372
28,55,Spag6,12.549842,5.2800303,8.375124994180699e-34,1.0,0.0403587443946188,0.9596412556053812
28,56,Ncaph,12.508375,6.8308644,1.394796330926904e-33,0.2857142857142857,0.0032884902840059,0.2824257954302797
28,57,Tekt4,12.455099,5.654019,2.689519104875866e-33,1.0,0.0418535127055306,0.9581464872944694
28,58,Melk,12.336664,5.073286,1.1640392755281595e-32,0.7142857142857143,0.0212257100149476,0.6930600042707666
28,59,Lrrc46,12.050813,5.373787,3.841167052014266e-31,0.8571428571428571,0.0327354260089686,0.8244074311338885
28,60,Wdr63,12.032118,5.3983903,4.760281128546907e-31,0.7142857142857143,0.0227204783258594,0.6915652359598549
28,61,Gm16537,11.974057,6.3247766,9.487734204657041e-31,0.2857142857142857,0.0035874439461883,0.2821268417680974
28,62,Gm3448,11.73239,5.959065,1.678064952714517e-29,0.2857142857142857,0.0037369207772795,0.2819773649370062
28,63,Mdm1,11.64311,6.4520545,4.7443575585728336e-29,0.8571428571428571,0.0369207772795216,0.8202220798633354
28,64,Dcdc2a,11.603884,5.3537936,7.02018138983142e-29,0.5714285714285714,0.0155455904334828,0.5558829809950886
28,65,Ccdc40,11.598645,5.530991,7.383189370760016e-29,0.7142857142857143,0.0246636771300448,0.6896220371556695
28,66,Dnah10,11.458894,5.097989,3.702563770683941e-28,0.7142857142857143,0.024813153961136,0.6894725603245783
28,67,1700003E16Rik,11.363858,5.4599237,1.0925902291325324e-27,0.5714285714285714,0.0162929745889387,0.5551355968396327
28,68,Ccdc176,11.343854,5.463724,1.359265158561389e-27,0.8571428571428571,0.0373692077727952,0.8197736493700619
28,69,Caps2,11.3377695,6.177283,1.4421160404840362e-27,0.2857142857142857,0.0040358744394618,0.2816784112748238
28,70,Ubxn11,11.199134,4.715391,6.890736622304633e-27,1.0,0.0499252615844544,0.9500747384155456
28,71,Zfp474,11.125957,5.5275273,1.5538678453962784e-26,0.5714285714285714,0.0170403587443946,0.5543882126841768
28,72,Tekt1,11.100975,5.099486,2.035076881404124e-26,1.0,0.0509715994020926,0.9490284005979072
28,73,Mns1,11.090135,5.381474,2.2746566880989636e-26,0.8571428571428571,0.0390134529147982,0.8181294042280589
28,74,Tekt2,11.049409,5.7997704,3.5481290499740123e-26,0.5714285714285714,0.0174887892376681,0.5539397821909032
28,75,Ak8,10.993551,5.0777545,6.535756208025482e-26,0.8571428571428571,0.0387144992526158,0.8184283578902413
28,76,Ak9,10.911097,5.341002,1.6088528695716471e-25,0.4285714285714285,0.0098654708520179,0.4187059577194106
28,77,4930427A07Rik,10.899736,5.121066,1.8055482294227683e-25,0.5714285714285714,0.0176382660687593,0.5537903053598121
28,78,Ankrd42,10.793943,4.79612,5.5322070520850715e-25,0.7142857142857143,0.0276532137518684,0.6866325005338458
28,79,Fignl1,10.768637,5.9845667,7.218187941956431e-25,0.2857142857142857,0.0044843049327354,0.2812299807815502
28,80,Hdc,10.657357,6.105415,2.3618049962679423e-24,1.0,0.0593423019431988,0.9406576980568012
28,81,Spag8,10.657257,5.305413,2.3618049962679423e-24,0.7142857142857143,0.0291479820627802,0.6851377322229341
28,82,Lrrc23,10.631909,6.472811,3.0731250104145963e-24,0.8571428571428571,0.0442451420029895,0.8128977151398675
28,83,Lrrc17,10.613883,5.9128594,3.695231142079878e-24,0.2857142857142857,0.0046337817638266,0.2810805039504591
28,84,Morn5,10.600357,6.2997766,4.2335106702245884e-24,0.8571428571428571,0.0442451420029895,0.8128977151398675
28,85,1700013F07Rik,10.587441,5.0416794,4.818217871527658e-24,0.7142857142857143,0.028998505231689,0.6852872090540252
28,86,Ccdc39,10.530479,5.4540925,8.763350274865241e-24,0.5714285714285714,0.0191330343796711,0.5522955370489002
28,87,Mdh1b,10.496361,5.4414816,1.2477916274197379e-23,0.5714285714285714,0.0191330343796711,0.5522955370489002
28,88,2700049A03Rik,10.464578,5.821282,1.7315611372027446e-23,0.5714285714285714,0.0195814648729446,0.5518471065556267
28,89,1700097N02Rik,10.453442,6.372726,1.931257926445469e-23,0.2857142857142857,0.0047832585949177,0.2809310271193679
28,90,Dnaaf3,10.434973,4.2979956,2.326803037078888e-23,0.8571428571428571,0.0411061285500747,0.8160367285927823
28,91,Dnaaf1,10.413656,5.4528093,2.8877691830630603e-23,0.5714285714285714,0.0194319880418535,0.5519965833867179
28,92,Wdr78,10.351338,4.736565,5.502701017141018e-23,0.7142857142857143,0.0300448430493273,0.684240871236387
28,93,Tspan2os,10.292048,6.027468,1.0122394902755504e-22,0.2857142857142857,0.0049327354260089,0.2807815502882767
28,94,Katnal2,10.281875,5.5525994,1.1160087615415526e-22,0.4285714285714285,0.0112107623318385,0.41736066623959
28,95,Nudt11,10.174477,5.319484,3.2522137099855917e-22,0.4285714285714285,0.0113602391629297,0.4172111894084988
28,96,BC051019,10.140985,6.1757784,4.549934969244389e-22,1.0,0.0677130044843049,0.932286995515695
28,97,Lrrc10b,10.052487,4.941273,1.1130005319824324e-21,0.7142857142857143,0.0321375186846038,0.6821481956011104
28,98,Cfap45,10.044213,4.9987307,1.201366398822134e-21,1.0,0.0644245142002989,0.9355754857997012
28,99,Cfap69,9.986505,5.276832,2.137402049753163e-21,0.7142857142857143,0.0336322869955156,0.6806534272901986
28,100,Map1a,9.976479,5.277402,2.3471909435549377e-21,0.2857142857142857,0.0052316890881913,0.2804825966260943
28,101,Efhc1,9.953943,4.890303,2.92304766278903e-21,0.7142857142857143,0.0328849028400597,0.6814008114456545
28,102,6430531B16Rik,9.939665,5.204308,3.349246656099354e-21,0.7142857142857143,0.0333333333333333,0.680952380952381
28,103,Casc1,9.900473,4.917466,4.92402842371387e-21,0.5714285714285714,0.0212257100149476,0.5502028614136237
28,104,Iqca,9.890903,4.963993,5.379222385304908e-21,0.7142857142857143,0.0331838565022421,0.6811018577834721
28,105,Agbl2,9.867675,5.340395,6.733990373073005e-21,0.4285714285714285,0.0121076233183856,0.4164638052530429
28,106,Ccdc151,9.857246,5.181772,7.418146017979123e-21,0.5714285714285714,0.0216741405082212,0.5497544309203501
28,107,Meig1,9.793669,6.5590734,1.3762920829794104e-20,1.0,0.0717488789237668,0.9282511210762332
28,108,1700003M02Rik,9.793557,5.316379,1.3762920829794104e-20,0.8571428571428571,0.0503736920777279,0.8067691650651292
28,109,Pih1d2,9.791805,4.8781204,1.3906304411005717e-20,1.0,0.066965620328849,0.933034379671151
28,110,1700016K19Rik,9.788653,6.1069913,1.4247632428574963e-20,1.0,0.0692077727952167,0.9307922272047832
28,111,Ccdc30,9.739279,4.743275,2.302931418668072e-20,0.7142857142857143,0.033931240657698,0.6803544736280163
28,112,Pifo,9.722974,5.1811814,2.684942806782488e-20,1.0,0.0678624813153961,0.932137518684604
28,113,Smim24,9.719816,5.7331805,2.750810485214165e-20,0.7142857142857143,0.035575485799701,0.6787102284860133
28,114,Tcte3,9.709854,5.5047154,3.013036018704657e-20,0.2857142857142857,0.0055306427503736,0.280183642963912
28,115,Dnaic2,9.677879,4.774833,4.013447858305679e-20,0.7142857142857143,0.0343796711509716,0.6799060431347427
28,116,Fam92b,9.669924,4.57128,4.3098450746203766e-20,0.8571428571428571,0.0484304932735426,0.8087123638693144
28,117,Klhdc9,9.57686,5.3551803,1.0585474113850864e-19,0.5714285714285714,0.023168908819133,0.5482596626094384
28,118,Ccdc14,9.575973,5.3483124,1.0608394826612157e-19,0.2857142857142857,0.0056801195814648,0.2800341661328208
28,119,Slf1,9.574276,5.112931,1.0715337378006292e-19,0.5714285714285714,0.0228699551569506,0.5485586162716207
28,120,Top2a,9.557711,5.943209,1.2496991884423644e-19,0.4285714285714285,0.0131539611360239,0.4154174674354046
28,121,4833427G06Rik,9.535878,4.7745037,1.533059731573342e-19,0.7142857142857143,0.0354260089686098,0.6788597053171044
28,122,Fank1,9.480098,4.8724837,2.604111741572562e-19,0.7142857142857143,0.0360239162929745,0.6782617979927397
28,123,D430042O09Rik,9.431761,4.6430945,4.1079978324203015e-19,1.0,0.0717488789237668,0.9282511210762332
28,124,Ooep,9.388074,5.96673,6.186556444743147e-19,0.2857142857142857,0.0059790732436472,0.2797352124706385
28,125,Hoga1,9.376631,5.9470563,6.853684799563426e-19,0.2857142857142857,0.0059790732436472,0.2797352124706385
28,126,Cntrob,9.365091,5.2202168,7.598914226363381e-19,0.4285714285714285,0.0134529147982062,0.4151185137732223
28,127,Cep78,9.331608,5.4097543,1.0365146021436568e-18,0.5714285714285714,0.024813153961136,0.5466154174674354
28,128,Ppp1r36,9.1957445,5.0084925,3.614092216113588e-18,1.0,0.0772795216741405,0.9227204783258596
28,129,Il3ra,9.177234,5.0528994,4.2544377938509865e-18,0.5714285714285714,0.0251121076233183,0.546316463805253
28,130,Bcas1,9.176926,4.993369,4.2544377938509865e-18,0.4285714285714285,0.0139013452914798,0.4146700832799487
28,131,Dbf4,9.129302,5.2408867,6.573969555357977e-18,0.4285714285714285,0.0142002989536621,0.4143711296177663
28,132,Cdt1,9.124513,4.9010963,6.8314929298240075e-18,0.4285714285714285,0.014050822122571,0.4145206064488575
28,133,Phtf1os,9.1093025,5.210972,7.815304131357443e-18,0.2857142857142857,0.0062780269058295,0.2794362588084561
28,134,Ckap5,9.09507,4.6343474,8.85892787139214e-18,0.7142857142857143,0.0391629297458893,0.6751227845398249
28,135,Rpgr,9.088134,4.5505686,9.388956581849661e-18,0.5714285714285714,0.0246636771300448,0.5467648942985266
28,136,Rad51ap1,9.047587,5.890473,1.3543473619972845e-17,0.2857142857142857,0.0064275037369207,0.2792867819773649
28,137,Spef1,9.027032,5.0752854,1.6252806328667945e-17,1.0,0.0816143497757847,0.9183856502242153
28,138,Timm8a1,8.911774,5.248096,4.6016612023454883e-17,0.2857142857142857,0.0065769805680119,0.2791373051462737
28,139,Zfand4,8.894,5.0406823,5.3711291225615203e-17,0.2857142857142857,0.0065769805680119,0.2791373051462737
28,140,Irak1bp1,8.88477,4.760304,5.804041856723265e-17,1.0,0.0837070254110612,0.9162929745889388
28,141,Ccdc15,8.857023,6.2341433,7.405599180640293e-17,0.2857142857142857,0.0067264573991031,0.2789878283151825
28,142,Atpaf1,8.825911,5.4673457,9.565118364411731e-17,0.2857142857142857,0.0067264573991031,0.2789878283151825
28,143,Lig1,8.80844,5.273441,1.084546971024857e-16,0.5714285714285714,0.0275037369207772,0.5439248345077942
28,144,Iqcg,8.808383,4.6396027,1.084546971024857e-16,0.7142857142857143,0.0411061285500747,0.6731795857356395
28,145,Asrgl1,8.806975,4.887353,1.0925606517684953e-16,1.0,0.0847533632286995,0.9152466367713004
28,146,Hyls1,8.801746,6.9437213,1.1387950402303534e-16,0.2857142857142857,0.0068759342301943,0.2788383514840913
28,147,C530043A13Rik,8.792061,4.8413925,1.2350497424663744e-16,0.4285714285714285,0.0150971599402092,0.4134742686312193
28,148,Ribc1,8.75831,4.3576827,1.6584980476459674e-16,0.5714285714285714,0.026457399103139,0.5449711723254324
28,149,Heatr5a,8.744869,4.9129763,1.8588482741650967e-16,0.5714285714285714,0.0275037369207772,0.5439248345077942
28,150,Fam183b,8.670027,4.5987015,3.5785530235878593e-16,1.0,0.0808669656203288,0.9191330343796712
28,151,Dcun1d4,8.666943,4.5317993,3.657143441445129e-16,0.5714285714285714,0.0275037369207772,0.5439248345077942
28,152,Arhgap11a,8.666409,5.8997273,3.657143441445129e-16,0.2857142857142857,0.0070254110612855,0.2786888746530002
28,153,Enkd1,8.658425,4.6186414,3.903000660090041e-16,0.7142857142857143,0.04304932735426,0.6712363869314542
28,154,1700037C18Rik,8.657268,4.7639127,3.923323959974783e-16,1.0,0.0877428998505231,0.9122571001494768
28,155,Gins2,8.645444,4.54222,4.330216510816013e-16,0.7142857142857143,0.0431988041853512,0.671086910100363
28,156,Dpy19l1,8.562239,5.4326925,8.899666043653227e-16,0.2857142857142857,0.0071748878923766,0.278539397821909
28,157,Nme5,8.473117,4.9301295,1.89295193619133e-15,1.0,0.0907324364723467,0.9092675635276533
28,158,1110017D15Rik,8.458184,5.2083983,2.1311381441648398e-15,1.0,0.0865470852017937,0.9134529147982062
28,159,Dynlrb2,8.455173,6.6633883,2.1764472497348688e-15,1.0,0.0971599402092675,0.9028400597907325
28,160,Ccdc60,8.400071,5.222996,3.4569488158899626e-15,0.4285714285714285,0.0167414050822122,0.4118300234892162
28,161,Ak7,8.399903,4.853406,3.4569488158899626e-15,0.5714285714285714,0.0292974588938714,0.5421311125346999
28,162,Cep135,8.3895035,5.563958,3.759124775773478e-15,0.2857142857142857,0.007473841554559,0.2782404441597266
28,163,Rsph1,8.376747,6.3149915,4.170021825531669e-15,1.0,0.0995515695067264,0.9004484304932735
28,164,Usp43,8.34958,5.1063795,5.225901386144714e-15,0.5714285714285714,0.030642750373692,0.5407858210548793
28,165,Ctxn1,8.290844,4.6469474,8.538197806761374e-15,0.8571428571428571,0.0680119581464872,0.7891308989963698
28,166,Tm4sf1,8.271356,4.4212213,1.0010259567362569e-14,0.8571428571428571,0.0654708520179372,0.7916720051249199
28,167,Cep120,8.265836,4.7857995,1.0436432484330204e-14,0.5714285714285714,0.0304932735426008,0.5409352978859705
28,168,Tcp11,8.24982,4.594491,1.1880095942697466e-14,0.5714285714285714,0.0300448430493273,0.5413837283792441
28,169,Pola2,8.2482,4.6139636,1.1987433537406954e-14,0.4285714285714285,0.0170403587443946,0.4115310698270339
28,170,Ccdc61,8.237033,5.4819784,1.3101088388950358e-14,0.8571428571428571,0.0730941704035874,0.7840486867392696
28,171,Ralgps2,8.222228,4.6137786,1.4757679135014115e-14,0.5714285714285714,0.0304932735426008,0.5409352978859705
28,172,RP23-356N23.5,8.196628,4.538789,1.818270000996916e-14,0.4285714285714285,0.0171898355754858,0.4113815929959427
28,173,Ccdc74a,8.195543,4.512469,1.8265419226601622e-14,0.5714285714285714,0.0304932735426008,0.5409352978859705
28,174,Vwa3b,8.189716,5.0504065,1.9086651301998122e-14,0.2857142857142857,0.0077727952167414,0.2779414904975443
28,175,1700001L19Rik,8.180415,5.486357,2.0527887540581476e-14,0.7142857142857143,0.051270553064275,0.6630151612214392
28,176,Nek2,8.153003,5.0094237,2.5096111613498052e-14,0.4285714285714285,0.0176382660687593,0.4109331625026692
28,177,Ubxn10,8.126349,4.0854836,3.0876612423074555e-14,0.8571428571428571,0.0678624813153961,0.789280375827461
28,178,Ttll9,8.092653,4.377109,4.0570873747110245e-14,0.4285714285714285,0.0174887892376681,0.4110826393337604
28,179,Spag17,8.088503,4.956363,4.18001531921985e-14,0.4285714285714285,0.0179372197309417,0.4106342088404868
28,180,Fhit,8.075472,4.2931113,4.631994913875248e-14,0.7142857142857143,0.0482810164424514,0.6660046978432629
28,181,Cdkl2,8.068668,4.794595,4.8769825914685245e-14,0.5714285714285714,0.0319880418535127,0.5394405295750587
28,182,Ube2t,8.051401,5.0321393,5.593529884928008e-14,0.4285714285714285,0.0180866965620328,0.4104847320093956
28,183,Asf1b,7.9959955,4.3097234,8.747052346562712e-14,0.4285714285714285,0.0179372197309417,0.4106342088404868
28,184,1700007K13Rik,7.993508,5.018191,8.888548550946658e-14,1.0,0.0976083707025411,0.9023916292974588
28,185,Atr,7.944285,4.7986245,1.3182519241018246e-13,0.4285714285714285,0.0185351270553064,0.4100363015161221
28,186,Dnali1,7.8763776,4.16029,2.2468625727998293e-13,0.7142857142857143,0.0499252615844544,0.6643604527012599
28,187,Ttll5,7.8494596,4.325023,2.708648071410101e-13,0.4285714285714285,0.0186846038863976,0.4098868246850309
28,188,1700040L02Rik,7.845728,4.260577,2.779452247353156e-13,0.5714285714285714,0.0327354260089686,0.5386931454196028
28,189,Phf10,7.840126,5.3528633,2.8949002794303493e-13,0.8571428571428571,0.0850523168908819,0.7720905402519752
28,190,9230110C19Rik,7.8145695,4.6512246,3.533340901750382e-13,0.4285714285714285,0.0189835575485799,0.4095878710228485
28,191,Lrriq3,7.8131733,4.9455023,3.5588141145810453e-13,0.2857142857142857,0.0085201793721973,0.2771941063420884
28,192,Gm9530,7.8016996,5.6065955,3.8827667273836697e-13,0.2857142857142857,0.0086696562032884,0.2770446295109972
28,193,Kndc1,7.797382,4.522535,4.002395578049269e-13,0.4285714285714285,0.0189835575485799,0.4095878710228485
28,194,Cntln,7.789185,4.983992,4.254340353664486e-13,0.4285714285714285,0.0194319880418535,0.409139440529575
28,195,Foxj1,7.7878423,6.6890116,4.283317009554266e-13,1.0,0.1285500747384155,0.8714499252615845
28,196,Rrm1,7.7798333,4.580503,4.545971286028838e-13,0.7142857142857143,0.0544095665171898,0.6598761477685244
28,197,Dnajb13,7.7742934,4.3015327,4.731333119506738e-13,0.5714285714285714,0.0334828101644245,0.5379457612641468
28,198,Efcab10,7.762464,4.319238,5.174702608879387e-13,0.5714285714285714,0.0334828101644245,0.5379457612641468
28,199,Hdhd3,7.7416987,4.663012,6.071284915476913e-13,0.5714285714285714,0.0351270553064275,0.5363015161221439
28,200,Mycbpap,7.697894,4.7541547,8.528942854346595e-13,0.5714285714285714,0.0352765321375186,0.5361520392910527
28,201,Sptlc3,7.6763015,4.4842105,1.0058503219730553e-12,0.8571428571428571,0.0781763826606875,0.7789664744821695
28,202,Ocm,7.6582975,5.4784,1.1530527794893626e-12,0.2857142857142857,0.0089686098654708,0.2767456758488148
28,203,2410004P03Rik,7.637884,4.346795,1.3463495455010862e-12,0.7142857142857143,0.0530642750373692,0.6612214392483451
28,204,Cfap126,7.6347275,4.850178,1.3746404781758725e-12,1.0,0.1122571001494768,0.8877428998505231
28,205,Wdr90,7.609983,4.9187913,1.6590543288544926e-12,0.4285714285714285,0.0203288490284005,0.4082425795430279
28,206,Tsga10,7.607541,4.5971994,1.67218380136361e-12,0.4285714285714285,0.0200298953662182,0.4085415332052103
28,207,Rsph4a,7.6019583,4.7142386,1.7395987316713876e-12,0.4285714285714285,0.0201793721973094,0.4083920563741191
28,208,1810041H14Rik,7.5668435,5.012178,2.2723839907085774e-12,0.2857142857142857,0.009118086696562,0.2765961990177236
28,209,Mlf1,7.5634537,5.00067,2.3240009756315774e-12,1.0,0.1128550074738415,0.8871449925261584
28,210,Fam216a,7.55276,5.362614,2.514012018220461e-12,1.0,0.1354260089686098,0.8645739910313901
28,211,Oxsm,7.503849,4.2362065,3.6429491035122495e-12,0.4285714285714285,0.0203288490284005,0.4082425795430279
28,212,Spef2,7.4966626,4.038212,3.834510894800223e-12,0.4285714285714285,0.0200298953662182,0.4085415332052103
28,213,Lrrc48,7.4474344,4.02551,5.544285572861881e-12,0.7142857142857143,0.0553064275037369,0.6589792867819774
28,214,Ccdc113,7.4472184,3.9039268,5.544285572861881e-12,0.7142857142857143,0.0541106128550074,0.6601751014307068
28,215,Cspg5,7.421841,4.8238406,6.693888435439989e-12,0.2857142857142857,0.0094170403587443,0.2762972453555413
28,216,Pcnt,7.4151454,4.5553465,7.004652321870664e-12,0.7142857142857143,0.0585949177877429,0.6556907964979714
28,217,Bbs7,7.4148965,4.556124,7.004652321870664e-12,0.4285714285714285,0.0210762331838565,0.407495195387572
28,218,Gm166,7.3994846,5.0232515,7.840016971736099e-12,1.0,0.1275037369207772,0.8724962630792228
28,219,Gm1661,7.381941,4.165712,8.883788280497712e-12,0.4285714285714285,0.0207772795216741,0.4077941490497544
28,220,Cep126,7.3487267,4.076651,1.1170548010153396e-11,0.4285714285714285,0.0210762331838565,0.407495195387572
28,221,Trmt2a,7.3486357,4.0652404,1.1170548010153396e-11,0.8571428571428571,0.085201793721973,0.771941063420884
28,222,Drc1,7.325838,4.0372686,1.3199185713885574e-11,0.5714285714285714,0.0369207772795216,0.5345077941490497
28,223,Prepl,7.323513,4.5527334,1.3384649893469476e-11,0.5714285714285714,0.0382660687593423,0.533162502669229
28,224,Gm14167,7.3024006,5.4019327,1.561010781089928e-11,0.2857142857142857,0.0098654708520179,0.2758488148622677
28,225,Cep290,7.2804623,4.6104174,1.830958249996228e-11,0.5714285714285714,0.038863976083707,0.5325645953448643
28,226,Cxcr4,7.2697353,5.040598,1.9757590147369182e-11,0.2857142857142857,0.0098654708520179,0.2758488148622677
28,227,Dcaf15,7.196883,4.361869,3.3679124084808526e-11,0.4285714285714285,0.0221225710014947,0.4064488575699337
28,228,Entpd7,7.1832967,4.58839,3.707941921549898e-11,0.2857142857142857,0.0100149476831091,0.2756993380311766
28,229,Dync2h1,7.15628,3.8969111,4.4285690238319197e-11,0.5714285714285714,0.0385650224215246,0.5328635490070467
28,230,Cfap44,7.1388345,4.183172,5.0000461274280176e-11,0.4285714285714285,0.0222720478325859,0.4062993807388426
28,231,Stk36,7.138694,5.3252797,5.0000461274280176e-11,0.2857142857142857,0.0103139013452914,0.2754003843689942
28,232,Ankrd54,7.138278,4.567986,5.0000461274280176e-11,1.0,0.1288490284005979,0.8711509715994021
28,233,Ofd1,7.1130114,4.9148083,5.987584132250256e-11,0.4285714285714285,0.023168908819133,0.4054025197522955
28,234,Pigo,7.0997424,4.4477086,6.570359082533815e-11,0.4285714285714285,0.0228699551569506,0.4057014734144779
28,235,Lrrc6,7.085108,4.1760945,7.280175514469247e-11,0.4285714285714285,0.0225710014947683,0.4060004270766602
28,236,Fam179a,7.067743,4.745361,8.225247247526405e-11,0.5714285714285714,0.0420029895366218,0.5294255818919495
28,237,1110002L01Rik,7.0593653,4.996853,8.708913217785116e-11,0.2857142857142857,0.0104633781763826,0.275250907537903
28,238,Ccdc65,7.0368943,3.888058,1.0202461114875603e-10,0.4285714285714285,0.0225710014947683,0.4060004270766602
28,239,Trmt1l,7.033702,3.6091802,1.0405822846747744e-10,0.8571428571428571,0.0862481315396113,0.7708947256032457
28,240,6820408C15Rik,7.0221314,4.787868,1.1269711118447219e-10,0.5714285714285714,0.042152466367713,0.5292761050608584
28,241,Rad51,7.0108285,5.120428,1.2180496292005256e-10,0.2857142857142857,0.0106128550074738,0.2751014307068118
28,242,H2afx,7.0064006,5.209753,1.2532765570740356e-10,1.0,0.1521674140508221,0.8478325859491779
28,243,Fbxo36,6.9848104,4.0941644,1.4573954609167055e-10,1.0,0.1242152466367713,0.8757847533632287
28,244,Spata24,6.9798455,4.710438,1.5051485444003271e-10,0.7142857142857143,0.0680119581464872,0.646273756139227
28,245,Tbc1d31,6.97929,4.689444,1.5064342030642548e-10,0.2857142857142857,0.0106128550074738,0.2751014307068118
28,246,Ccdc103,6.9740953,4.2687755,1.5583247787444426e-10,0.4285714285714285,0.0234678624813153,0.4051035660901131
28,247,Rnf32,6.9701705,4.099623,1.5925915723212063e-10,0.4285714285714285,0.023168908819133,0.4054025197522955
28,248,Brdt,6.9496946,4.093142,1.8139072496414103e-10,0.4285714285714285,0.0234678624813153,0.4051035660901131
28,249,Ropn1l,6.94668,4.7478385,1.8474945606410035e-10,0.5714285714285714,0.0434977578475336,0.5279308135810378
28,250,Ruvbl1,6.941999,3.9818282,1.9040401319759568e-10,1.0,0.1363228699551569,0.863677130044843
28,251,Cetn4,6.935085,3.9178512,1.99354588739485e-10,0.7142857142857143,0.063677130044843,0.6506085842408713
28,252,Spice1,6.920894,3.9796338,2.1972511563056175e-10,0.5714285714285714,0.0414050822122571,0.5300234892163143
28,253,Tmem212,6.8865004,3.8200173,2.791181026197252e-10,0.8571428571428571,0.0899850523168908,0.7671578048259662
28,254,Cds1,6.883877,4.1730447,2.8346643818621436e-10,0.7142857142857143,0.0675635276532137,0.6467221866325006
28,255,Atp11c,6.8823433,4.632909,2.8568730447379537e-10,0.2857142857142857,0.0109118086696562,0.2748024770446295
28,256,1700088E04Rik,6.878041,4.2394347,2.935792681686665e-10,1.0,0.1366218236173393,0.8633781763826607
28,257,B3glct,6.8723845,4.3038487,3.0456439786297024e-10,0.4285714285714285,0.0242152466367713,0.4043561819346572
28,258,Sepsecs,6.8600016,4.2393675,3.311930691001977e-10,0.4285714285714285,0.0242152466367713,0.4043561819346572
28,259,Tmem232,6.859154,4.0235906,3.321891863252371e-10,0.4285714285714285,0.0239162929745889,0.4046551355968396
28,260,Fam189a2,6.8507533,4.751366,3.5126823993747356e-10,0.2857142857142857,0.0110612855007473,0.2746530002135383
28,261,Hacd1,6.839207,4.1236186,3.796674683144143e-10,0.5714285714285714,0.0427503736920777,0.5286781977364937
28,262,Tctex1d2,6.827489,4.6269507,4.1080316880795744e-10,1.0,0.1548579970104633,0.8451420029895367
28,263,Cacna1b,6.8113995,4.6886964,4.5815615302453164e-10,0.2857142857142857,0.0112107623318385,0.2745035233824471
28,264,Gm11992,6.810471,4.0337014,4.5979384019837126e-10,0.4285714285714285,0.0242152466367713,0.4043561819346572
28,265,Daw1,6.800647,4.355953,4.901585307600496e-10,0.2857142857142857,0.0110612855007473,0.2746530002135383
28,266,Dnah5,6.726453,4.1915116,8.100264249504554e-10,0.4285714285714285,0.0249626307922272,0.4036087977792013
28,267,Cfap70,6.724242,3.7568274,8.200909087152193e-10,0.4285714285714285,0.0245142002989536,0.4040572282724748
28,268,Pla2g2c,6.7135916,5.1900854,8.790999789435186e-10,0.2857142857142857,0.0116591928251121,0.2740550928891735
28,269,Senp2,6.713292,3.4191833,8.790999789435186e-10,0.8571428571428571,0.0926756352765321,0.764467221866325
28,270,Paqr4,6.700678,4.1944613,9.55747951388615e-10,0.5714285714285714,0.0451420029895366,0.5262865684390348
28,271,Lpcat4,6.6923227,3.9703076,1.009124335974844e-09,0.8571428571428571,0.1028400597907324,0.7543027973521247
28,272,Armt1,6.684355,3.964501,1.0626022008380962e-09,0.4285714285714285,0.0251121076233183,0.4034593209481101
28,273,Ccdc114,6.669488,4.5120077,1.1727273529302202e-09,0.4285714285714285,0.0260089686098654,0.4025624599615631
28,274,Trp73,6.6555595,4.1693044,1.285767142702907e-09,0.2857142857142857,0.0115097159940209,0.2742045697202647
28,275,Fbxo16,6.6386247,4.0245857,1.4384899845852195e-09,0.4285714285714285,0.0255605381165919,0.4030108904548366
28,276,Styxl1,6.630682,5.089685,1.509700902561683e-09,0.2857142857142857,0.0118086696562032,0.2739056160580824
28,277,Maz,6.6235723,4.0662565,1.5798131384226655e-09,0.8571428571428571,0.1052316890881913,0.7519111680546657
28,278,Psmg2,6.617726,4.042437,1.6390497960074823e-09,1.0,0.1506726457399103,0.8493273542600897
28,279,Lrwd1,6.6137996,3.9927564,1.6785416325599072e-09,0.7142857142857143,0.070254110612855,0.6440316036728593
28,280,Lmln,6.6120872,4.604194,1.6842754415202075e-09,0.2857142857142857,0.0118086696562032,0.2739056160580824
28,281,Fam229b,6.603062,4.3939567,1.7656946378906923e-09,0.5714285714285714,0.0466367713004484,0.524791800128123
28,282,Wdr31,6.6009336,3.9257054,1.7757153771166465e-09,0.5714285714285714,0.0452914798206278,0.5261370916079436
28,283,Map9,6.590108,4.897228,1.901942179316093e-09,0.2857142857142857,0.0119581464872944,0.2737561392269912
28,284,Bcl2l12,6.5715623,3.7197218,2.1489674341304397e-09,1.0,0.1427503736920777,0.8572496263079223
28,285,Trim37,6.570117,4.1754518,2.164232838508722e-09,0.4285714285714285,0.0263079222720478,0.4022635062993807
28,286,B9d2,6.5659084,3.7786155,2.220425497463079e-09,1.0,0.1418535127055306,0.8581464872944693
28,287,Slc7a7,6.5652313,4.1298637,2.224716498083285e-09,0.5714285714285714,0.0467862481315396,0.5246423232970318
28,288,Ccdc78,6.5522327,3.7469027,2.420991123728105e-09,0.5714285714285714,0.0449925261584454,0.526436045270126
28,289,Iqub,6.545642,5.2165546,2.523638991944226e-09,0.2857142857142857,0.0122571001494768,0.2734571855648088
28,290,Pnpla6,6.54452,4.0190835,2.5360698665121677e-09,0.5714285714285714,0.0464872944693572,0.5249412769592141
28,291,Trp53inp1,6.5370917,4.241299,2.6583461058311142e-09,0.5714285714285714,0.0478325859491778,0.5235959854793936
28,292,Nphp1,6.5258384,3.9416618,2.8584356192580126e-09,1.0,0.1440956651718983,0.8559043348281017
28,293,Oscp1,6.5232697,4.173425,2.9003645259908374e-09,0.7142857142857143,0.0754857997010463,0.638799914584668
28,294,Tcte1,6.522338,4.164726,2.910961254357817e-09,0.2857142857142857,0.0119581464872944,0.2737561392269912
28,295,Chd1l,6.5172715,3.6158798,3.003257724780301e-09,0.5714285714285714,0.0452914798206278,0.5261370916079436
28,296,Ift22,6.4992704,4.9808846,3.3690838301605314e-09,1.0,0.1923766816143498,0.8076233183856503
28,297,Kif6,6.499234,4.3508573,3.3690838301605314e-09,0.2857142857142857,0.0121076233183856,0.2736066623959
28,298,Gatsl2,6.492277,4.288611,3.5194914413303997e-09,0.5714285714285714,0.0491778774289985,0.5222506939995729
28,299,Cfap74,6.471676,4.167733,4.014183770519644e-09,0.2857142857142857,0.0121076233183856,0.2736066623959
28,300,Ift74,6.4613047,3.984947,4.28838455067881e-09,0.8571428571428571,0.1097159940209267,0.7474268631219303
28,301,Smc4,6.4348283,4.2114635,5.068445238760361e-09,0.7142857142857143,0.0759342301943198,0.6383514840913944
28,302,Gm29538,6.4277663,4.4205456,5.296278326550493e-09,0.5714285714285714,0.0494768310911808,0.5219517403373906
28,303,Spa17,6.414251,4.4367137,5.773674513303655e-09,0.8571428571428571,0.116591928251121,0.740550928891736
28,304,Rfwd2,6.4132566,3.2654374,5.797059273973519e-09,0.8571428571428571,0.0998505231689088,0.7572923339739482
28,305,Tkfc,6.394881,3.74379,6.522755074634305e-09,0.5714285714285714,0.047982062780269,0.5234465086483023
28,306,Rpgrip1l,6.381134,4.418483,7.118485837223516e-09,0.4285714285714285,0.0282511210762331,0.4003203074951953
28,307,Smarcc1,6.3608046,3.7280798,8.107574242163952e-09,0.7142857142857143,0.0754857997010463,0.638799914584668
28,308,Senp1,6.323896,3.8721855,1.0269491561847608e-08,0.4285714285714285,0.0279521674140508,0.4006192611573777
28,309,Poc1a,6.323642,5.4799,1.0269491561847608e-08,0.4285714285714285,0.0294469357249626,0.3991244928464659
28,310,Stard4,6.30983,3.8289025,1.1154316409909485e-08,0.4285714285714285,0.028101644245142,0.4004697843262865
28,311,Cep41,6.309731,4.794829,1.1154316409909485e-08,0.2857142857142857,0.0130044843049327,0.2727098014093529
28,312,Fam167a,6.2979016,4.1320796,1.195219827619782e-08,0.2857142857142857,0.0128550074738415,0.2728592782404441
28,313,Ppp4r1,6.296189,3.6290765,1.2055818016729172e-08,0.5714285714285714,0.0485799701046337,0.5228486013239376
28,314,Gpn2,6.2746596,4.3050165,1.3814675978144038e-08,0.7142857142857143,0.08101644245142,0.6332692718342943
28,315,Trim33,6.2682686,3.9955814,1.4359107127282556e-08,0.5714285714285714,0.0509715994020926,0.5204569720264787
28,316,Wdr54,6.265926,4.2677937,1.4541838031175824e-08,0.4285714285714285,0.028998505231689,0.3995729233397395
28,317,Nelfe,6.262411,4.332599,1.4838010047746294e-08,1.0,0.1853512705530642,0.8146487294469358
28,318,Wfdc3,6.25348,5.5359244,1.567490019000753e-08,0.2857142857142857,0.0134529147982062,0.2722613709160794
28,319,D430036J16Rik,6.2527056,4.0167017,1.5715437418092107e-08,0.4285714285714285,0.0286995515695067,0.3998718770019218
28,320,Ttc27,6.248554,4.237739,1.6100558420439343e-08,0.4285714285714285,0.0291479820627802,0.3994234465086482
28,321,Strbp,6.228768,4.1739345,1.8227909283771423e-08,0.7142857142857143,0.082660687593423,0.6316250266922913
28,322,Tmem138,6.2238317,4.331426,1.876665528591813e-08,0.7142857142857143,0.0856502242152466,0.6286354900704677
28,323,Cryaa,6.217678,4.2829375,1.947146099015368e-08,0.2857142857142857,0.0131539611360239,0.2725603245782618
28,324,Dennd5b,6.1913915,4.626703,2.2959622502375423e-08,0.2857142857142857,0.0134529147982062,0.2722613709160794
28,325,Ercc6l2,6.1848803,3.6195843,2.3871596138109785e-08,0.4285714285714285,0.0286995515695067,0.3998718770019218
28,326,Uox,6.1775446,4.207885,2.4948758133155392e-08,0.2857142857142857,0.013303437967115,0.2724108477471706
28,327,Ccdc157,6.1694684,3.9177682,2.6195676431482687e-08,0.4285714285714285,0.0292974588938714,0.3992739696775571
28,328,Ppp1r32,6.128241,3.7910132,3.3578879906467665e-08,0.4285714285714285,0.0292974588938714,0.3992739696775571
28,329,Dmkn,6.1026864,3.376256,3.932483678623853e-08,0.7142857142857143,0.0757847533632287,0.6385009609224856
28,330,Sin3a,6.099023,3.951313,4.014442107357245e-08,0.5714285714285714,0.0535127055306427,0.5179158658979286
28,331,Pknox1,6.090542,3.6920416,4.223317387059675e-08,0.4285714285714285,0.0297458893871449,0.3988255391842835
28,332,Ccnb1,6.0656166,3.8311815,4.922109999877743e-08,0.2857142857142857,0.0137518684603886,0.2719624172538971
28,333,Neurl1a,6.050258,3.991699,5.4027605249597074e-08,0.2857142857142857,0.0137518684603886,0.2719624172538971
28,334,Zbtb11os1,6.042629,3.7110431,5.6517548542886417e-08,0.5714285714285714,0.0530642750373692,0.5183642963912022
28,335,Gnaz,6.024882,4.6932907,6.265454546429632e-08,0.2857142857142857,0.0142002989536621,0.2715139867606235
28,336,Hace1,6.011931,3.957851,6.771930698267382e-08,0.4285714285714285,0.030642750373692,0.3979286781977365
28,337,Acot7,6.0064063,4.38774,6.990898059187224e-08,1.0,0.1914798206278027,0.8085201793721973
28,338,1700010I14Rik,5.997301,4.1331987,7.377647388555777e-08,0.2857142857142857,0.014050822122571,0.2716634635917146
28,339,Mapk15,5.9872975,4.1328783,7.828315083069604e-08,0.5714285714285714,0.0566517189835575,0.5147768524450138
28,340,Cluap1,5.983853,3.491755,7.977910280270953e-08,0.8571428571428571,0.1162929745889387,0.7408498825539184
28,341,Icmt,5.980115,3.6027713,8.144991824328444e-08,0.5714285714285714,0.0538116591928251,0.5176169122357462
28,342,Ccdc153,5.9777107,4.753947,8.247699553466166e-08,0.7142857142857143,0.084304932735426,0.6299807815502882
28,343,Morn2,5.9767466,4.230937,8.278252265239402e-08,1.0,0.2197309417040358,0.7802690582959642
28,344,C030037D09Rik,5.964891,4.361155,8.882564480919356e-08,0.2857142857142857,0.0143497757847533,0.2713645099295323
28,345,Kpna1,5.9548125,3.4982018,9.4267845324682e-08,0.5714285714285714,0.0533632286995515,0.5180653427290198
28,346,Efcab12,5.9412165,4.418357,1.0220463238264587e-07,0.2857142857142857,0.0144992526158445,0.2712150330984411
28,347,Cep83,5.9375563,4.1653295,1.0428211486097017e-07,0.5714285714285714,0.056203288490284,0.5152252829382874
28,348,Agbl5,5.934856,4.3629184,1.0578059072620427e-07,0.4285714285714285,0.0325859491778774,0.3959854793935511
28,349,Erich2,5.9336414,3.9201653,1.0633326933467607e-07,0.5714285714285714,0.0547085201793721,0.5167200512491992
28,350,Antxr2,5.9328284,4.6598907,1.0662802535890152e-07,0.2857142857142857,0.0146487294469357,0.2710655562673499
28,351,Acox2,5.918514,3.9105008,1.1608030654228529e-07,0.5714285714285714,0.0565022421524663,0.514926329276105
28,352,Stk33,5.909021,3.709172,1.227035049435686e-07,0.4285714285714285,0.0312406576980568,0.3973307708733717
28,353,Enkur,5.895382,3.8390374,1.315654318658905e-07,0.5714285714285714,0.0557548579970104,0.515673713431561
28,354,Foxp1,5.89289,3.468786,1.3327986120373142e-07,1.0,0.1750373692077728,0.8249626307922272
28,355,Tex30,5.886887,3.3057652,1.3791462646561628e-07,0.5714285714285714,0.0535127055306427,0.5179158658979286
28,356,Pitx1,5.8677106,3.4185011,1.545169146190501e-07,0.5714285714285714,0.0539611360239162,0.5174674354046551
28,357,Prr29,5.8624277,3.250607,1.5917651517639925e-07,0.7142857142857143,0.0834080717488789,0.6308776425368354
28,358,Inca1,5.861671,4.156315,1.595641976198929e-07,0.2857142857142857,0.0147982062780269,0.2709160794362588
28,359,Ift57,5.845599,3.6971943,1.7538910132347585e-07,1.0,0.1732436472346786,0.8267563527653213
28,360,Usp11,5.809792,4.133882,2.1643266112719886e-07,0.2857142857142857,0.014947683109118,0.2707666026051676
28,361,Dnaaf2,5.807775,3.4064817,2.1859458744849173e-07,0.5714285714285714,0.0553064275037369,0.5161221439248345
28,362,Nln,5.7993894,3.69967,2.2932721824511055e-07,0.5714285714285714,0.0575485799701046,0.5138799914584667
28,363,Ccdc162,5.7964945,3.5165381,2.3234312188050834e-07,0.5714285714285714,0.0575485799701046,0.5138799914584667
28,364,Riiad1,5.792686,4.3614187,2.366852562008342e-07,1.0,0.2116591928251121,0.7883408071748879
28,365,Ccpg1os,5.7918706,3.9455338,2.3734319355469085e-07,1.0,0.2032884902840059,0.796711509715994
28,366,Nxt1,5.7785068,3.3726742,2.543386133502188e-07,1.0,0.1756352765321375,0.8243647234678625
28,367,Tada2b,5.777353,4.32349,2.555627760765175e-07,0.2857142857142857,0.0152466367713004,0.2704676489429852
28,368,Ift46,5.7763424,3.6944306,2.565749881452007e-07,0.8571428571428571,0.1351270553064275,0.7220158018364295
28,369,Hspa4l,5.774247,4.323089,2.592559820325356e-07,0.8571428571428571,0.1508221225710015,0.7063207345718556
28,370,Pcnxl4,5.773301,3.9931748,2.601849491360572e-07,0.5714285714285714,0.0605381165919282,0.5108904548366432
28,371,Tlcd1,5.7721486,4.1619425,2.614374891125572e-07,0.5714285714285714,0.0612855007473841,0.5101430706811872
28,372,Spata18,5.767307,4.2497005,2.685107774303629e-07,0.2857142857142857,0.0152466367713004,0.2704676489429852
28,373,Lrrc34,5.7541647,3.6123147,2.896662794755709e-07,0.4285714285714285,0.0327354260089686,0.3958360025624599
28,374,Morn3,5.7487407,3.9504282,2.985068275077532e-07,0.4285714285714285,0.0334828101644245,0.395088618407004
28,375,Rangap1,5.7467117,3.4159,3.0149904019448226e-07,0.7142857142857143,0.088490284005979,0.6257954302797353
28,376,Rabl2,5.73954,3.6633067,3.139139752854436e-07,0.8571428571428571,0.1337817638266068,0.7233610933162502
28,377,Dyrk3,5.736843,4.0511236,3.1830955775256e-07,0.5714285714285714,0.0614349775784753,0.509993593850096
28,378,Whsc1,5.7278366,3.786545,3.349998585026409e-07,0.4285714285714285,0.0336322869955156,0.3949391415759128
28,379,Ccdc66,5.7234697,3.8323827,3.430409190241529e-07,0.2857142857142857,0.0152466367713004,0.2704676489429852
28,380,Ttc21a,5.7198167,3.791236,3.497972658148435e-07,0.2857142857142857,0.0152466367713004,0.2704676489429852
28,381,Cep131,5.716211,4.3361635,3.565842170862165e-07,0.2857142857142857,0.0155455904334828,0.2701686952808029
28,382,Larp1,5.7138996,3.2749588,3.602664878569144e-07,0.8571428571428571,0.1273542600896861,0.729788597053171
28,383,Fgfr1op,5.7137866,3.221247,3.602664878569144e-07,0.7142857142857143,0.0865470852017937,0.6277386290839206
28,384,Tmem107,5.7116003,5.422399,3.642016935109913e-07,1.0,0.2813153961136024,0.7186846038863977
28,385,Dnaaf5,5.708186,3.7332764,3.708458124857594e-07,0.4285714285714285,0.0334828101644245,0.395088618407004
28,386,Ppm1k,5.6965265,3.9533958,3.9632310430477286e-07,0.4285714285714285,0.0343796711509716,0.394191757420457
28,387,Sntb1,5.6623964,4.0457597,4.809892372547115e-07,0.2857142857142857,0.0156950672645739,0.2700192184497117
28,388,Ccdc96,5.6483545,3.775174,5.209429122778805e-07,0.2857142857142857,0.0155455904334828,0.2701686952808029
28,389,Gm19412,5.640499,4.40997,5.442110613419324e-07,0.2857142857142857,0.0159940209267563,0.2697202647875293
28,390,P4ha1,5.6393886,3.8396773,5.466624870172986e-07,0.5714285714285714,0.0624813153961136,0.5089472560324578
28,391,1500009L16Rik,5.6371803,3.8012273,5.526378748494877e-07,0.2857142857142857,0.0156950672645739,0.2700192184497117
28,392,Ruvbl2,5.618162,4.024768,6.158329621693472e-07,1.0,0.2391629297458893,0.7608370702541106
28,393,Csrp2bp,5.617665,3.529613,6.164077963836179e-07,0.4285714285714285,0.0343796711509716,0.394191757420457
28,394,Bbs5,5.6152434,3.7106354,6.231081855473004e-07,0.5714285714285714,0.0609865470852017,0.5104420243433696
28,395,Itgb3bp,5.615126,3.7914298,6.231081855473004e-07,0.4285714285714285,0.0349775784753363,0.3935938500960922
28,396,Cox6b2,5.606617,4.470413,6.532515492011973e-07,0.5714285714285714,0.0629297458893871,0.5084988255391842
28,397,Pam16,5.6034946,3.59471,6.638540593947863e-07,0.4285714285714285,0.0343796711509716,0.394191757420457
28,398,Odf2l,5.588048,3.19065,7.228902644841983e-07,0.5714285714285714,0.0585949177877429,0.5128336536408284
28,399,Isyna1,5.5638885,4.155752,8.242003976385159e-07,1.0,0.2497757847533632,0.7502242152466367
28,400,Wdr19,5.5584984,3.909605,8.484415957422767e-07,0.4285714285714285,0.035575485799701,0.3929959427717275
28,401,Txndc12,5.5529943,3.5497484,8.739436233072102e-07,0.8571428571428571,0.1500747384155455,0.7070681187273116
28,402,Dnah2,5.5494065,4.3608565,8.90377793586031e-07,0.2857142857142857,0.0164424514200298,0.2692718342942558
28,403,BC023829,5.547596,3.4818995,8.979449955017496e-07,0.4285714285714285,0.0348281016442451,0.3937433269271834
28,404,Ccp110,5.546765,4.307263,9.005187825844635e-07,0.2857142857142857,0.0164424514200298,0.2692718342942558
28,405,Thg1l,5.518636,4.2427735,1.0552240627358964e-06,0.2857142857142857,0.016591928251121,0.2691223574631646
28,406,Cby1,5.514005,4.2295547,1.0805002054624282e-06,0.8571428571428571,0.1614349775784753,0.6957078795643817
28,407,B9d1,5.5138135,4.0244994,1.0805002054624282e-06,1.0,0.2750373692077728,0.7249626307922272
28,408,Pcgf5,5.512766,3.5528908,1.0849168432204676e-06,0.5714285714285714,0.0626307922272047,0.5087977792013666
28,409,Dnaic1,5.5046086,4.1386304,1.1342419005791715e-06,0.2857142857142857,0.016591928251121,0.2691223574631646
28,410,Pced1a,5.5028553,3.9479816,1.1434478689943283e-06,0.2857142857142857,0.016591928251121,0.2691223574631646
28,411,Lrrc74b,5.5019045,3.141268,1.1474905573920729e-06,0.4285714285714285,0.0346786248131539,0.3938928037582745
28,412,Osbpl10,5.490382,4.3933215,1.222652571739424e-06,0.2857142857142857,0.0168908819133034,0.2688234038009822
28,413,Ift43,5.487211,4.272003,1.2401858338410778e-06,1.0,0.256203288490284,0.7437967115097159
28,414,Mrpl39,5.483391,3.6360822,1.26027981309605e-06,1.0,0.2142002989536622,0.7857997010463378
28,415,Xpnpep3,5.4804916,4.5410395,1.2787530485308284e-06,0.2857142857142857,0.0170403587443946,0.268673926969891
28,416,Pik3r4,5.46812,4.315048,1.3637510694764349e-06,0.4285714285714285,0.0382660687593423,0.3903053598120862
28,417,Rsph9,5.4635124,4.4152412,1.3945457429622318e-06,0.8571428571428571,0.1756352765321375,0.6815075806107196
28,418,Ttll4,5.458221,4.0493183,1.4341282298300169e-06,0.2857142857142857,0.0168908819133034,0.2688234038009822
28,419,Wdr92,5.455959,3.53813,1.4498760904748883e-06,0.5714285714285714,0.0638266068759342,0.5076019645526372
28,420,1700026L06Rik,5.452278,2.817031,1.4775342777942698e-06,0.5714285714285714,0.0594917787742899,0.5119367926542814
28,421,Ccdc108,5.4519067,4.0101542,1.4779455583959084e-06,0.4285714285714285,0.0373692077727952,0.3912022207986333
28,422,Prdx4,5.4285464,3.903797,1.6819848022157055e-06,1.0,0.2710014947683109,0.7289985052316891
28,423,Fam161b,5.4251094,4.3570895,1.7115843461509815e-06,0.2857142857142857,0.0171898355754858,0.2685244501387999
28,424,Zfp956,5.4155774,3.8211792,1.802082809795332e-06,0.2857142857142857,0.0170403587443946,0.268673926969891
28,425,Khdrbs3,5.4104576,4.1652417,1.851042632993625e-06,0.2857142857142857,0.0171898355754858,0.2685244501387999
28,426,Rexo4,5.406605,2.9188726,1.8878991204747988e-06,0.7142857142857143,0.0923766816143497,0.6219090326713645
28,427,1700019L03Rik,5.401839,4.073652,1.931838819012993e-06,0.2857142857142857,0.0171898355754858,0.2685244501387999
28,428,Plb1,5.388683,4.389608,2.075004379035178e-06,0.2857142857142857,0.0174887892376681,0.2682254964766175
28,429,Tusc1,5.3856096,3.890961,2.1070196159565988e-06,0.4285714285714285,0.0381165919282511,0.3904548366431774
28,430,Med9os,5.376629,3.546846,2.2069649515876137e-06,0.2857142857142857,0.0170403587443946,0.268673926969891
28,431,Rfx2,5.3753724,3.3086536,2.218476487773372e-06,0.4285714285714285,0.0366218236173393,0.3919496049540892
28,432,Kif3a,5.371257,3.6001055,2.26570478732065e-06,0.5714285714285714,0.0663677130044843,0.5050608584240871
28,433,Trim28,5.355496,3.4140146,2.4680193769781315e-06,1.0,0.2301943198804185,0.7698056801195815
28,434,Orc2,5.343052,3.4616728,2.6390202440316352e-06,0.4285714285714285,0.037219730941704,0.3913516976297245
28,435,Zfp292,5.3409977,3.5111644,2.66441143613025e-06,0.5714285714285714,0.0663677130044843,0.5050608584240871
28,436,Lztfl1,5.3337307,3.3195727,2.768467134217956e-06,0.8571428571428571,0.1514200298953662,0.7057228272474909
28,437,Setdb1,5.33177,3.7464309,2.7936286670803133e-06,0.4285714285714285,0.0384155455904334,0.3901558829809951
28,438,Pex11g,5.3045173,3.5765276,3.239239681980452e-06,0.7142857142857143,0.110762331838565,0.6035233824471493
28,439,Gm26717,5.2974625,4.2054543,3.349311584575862e-06,0.2857142857142857,0.0179372197309417,0.267777065983344
28,440,Exoc2,5.296348,3.411183,3.363959904109412e-06,0.4285714285714285,0.0379671150971599,0.3906043134742686
28,441,Fam193b,5.272519,3.585444,3.818308639077831e-06,0.4285714285714285,0.0390134529147982,0.3895579756566303
28,442,Nudt5,5.270842,3.4450607,3.846708675294448e-06,0.4285714285714285,0.0387144992526158,0.3898569293188127
28,443,Agr3,5.2636886,3.9740014,3.992614348971183e-06,0.2857142857142857,0.0179372197309417,0.267777065983344
28,444,Mphosph8,5.2580543,3.5291631,4.10977798746495e-06,1.0,0.2337817638266068,0.7662182361733931
28,445,Lclat1,5.256963,3.3968964,4.12713170237651e-06,0.4285714285714285,0.0384155455904334,0.3901558829809951
28,446,Rad54l2,5.252712,3.728217,4.216319062048592e-06,0.2857142857142857,0.0179372197309417,0.267777065983344
28,447,Armc4,5.2511687,4.4397697,4.244522090450298e-06,0.2857142857142857,0.018236173393124,0.2674781123211616
28,448,Arhgef39,5.2484903,3.7724876,4.299328097308293e-06,0.2857142857142857,0.0179372197309417,0.267777065983344
28,449,Ift122,5.237416,4.113897,4.5575871816169925e-06,0.4285714285714285,0.0409566517189835,0.387614776852445
28,450,Arvcf,5.2312884,3.8261166,4.703278863793566e-06,0.2857142857142857,0.0180866965620328,0.2676275891522528
28,451,Arhgap39,5.219927,3.557298,4.975718719786838e-06,0.4285714285714285,0.0393124065769805,0.3892590219944479
28,452,Bahd1,5.204411,3.6093385,5.391628130487319e-06,0.4285714285714285,0.0402092675635276,0.3883621610079009
28,453,1110004E09Rik,5.2038407,4.252389,5.399095686371179e-06,1.0,0.3581464872944693,0.6418535127055307
28,454,Cfap36,5.1860023,4.460225,5.9125045614322185e-06,0.8571428571428571,0.2152466367713004,0.6418962203715566
28,455,Sqle,5.1826925,3.5090623,6.002699621736801e-06,0.5714285714285714,0.0715994020926756,0.4998291693358958
28,456,Ift27,5.182556,3.225854,6.002699621736801e-06,1.0,0.228998505231689,0.7710014947683109
28,457,Plet1,5.172957,3.4842753,6.301620494316766e-06,1.0,0.2275037369207772,0.7724962630792227
28,458,Kif19a,5.172864,3.8829572,6.301620494316766e-06,0.4285714285714285,0.0415545590433482,0.3870168695280803
28,459,Cebpz,5.162806,3.0728197,6.6388542460659774e-06,0.7142857142857143,0.1046337817638266,0.6096519325218877
28,460,Eid2,5.1609626,4.6956735,6.682799895852556e-06,0.2857142857142857,0.0192825112107623,0.2664317745035233
28,461,Nup133,5.1609497,4.15166,6.682799895852556e-06,0.2857142857142857,0.0188340807174887,0.2668802049967969
28,462,Mycbp,5.153254,3.650099,6.951544606887429e-06,0.8571428571428571,0.1849028400597907,0.6722400170830664
28,463,Gnl2,5.151665,3.2463639,6.999126134123661e-06,0.8571428571428571,0.1536621823617339,0.7034806747811232
28,464,Rnf138,5.1434507,3.0506456,7.300275247845706e-06,0.8571428571428571,0.1467862481315396,0.7103566090113175
28,465,Basp1,5.1410055,3.806504,7.383743471213297e-06,1.0,0.2677130044843049,0.7322869955156951
28,466,Rrp7a,5.131466,3.112833,7.755247684720643e-06,0.8571428571428571,0.1572496263079222,0.6998932308349348
28,467,1700029J07Rik,5.1275377,3.949208,7.9057628963884e-06,0.4285714285714285,0.0417040358744394,0.3868673926969891
28,468,Tpgs2,5.11987,2.9764774,8.193697411036523e-06,0.5714285714285714,0.0674140508221225,0.5040145206064488
28,469,Josd2,5.115431,3.3465729,8.375099113844836e-06,1.0,0.2795216741405082,0.7204783258594918
28,470,Memo1,5.105681,2.7261786,8.804319619832212e-06,0.8571428571428571,0.1370702541106128,0.7200726030322442
28,471,Mblac1,5.094054,3.8236535,9.346887054792266e-06,0.2857142857142857,0.0189835575485799,0.2667307281657057
28,472,Mum1,5.0887256,3.5157158,9.597714436109378e-06,0.5714285714285714,0.0726457399103139,0.4987828315182575
28,473,Nudcd3,5.079669,3.0175076,1.0041421220251588e-05,0.7142857142857143,0.1071748878923766,0.6071108263933376
28,474,Cetn2,5.079531,3.6548846,1.0041421220251588e-05,1.0,0.330642750373692,0.6693572496263079
28,475,Rangrf,5.071383,2.9003687,1.0464195731733676e-05,0.5714285714285714,0.0680119581464872,0.5034166132820841
28,476,Hps6,5.0601215,3.9721248,1.1083612997180125e-05,0.2857142857142857,0.0194319880418535,0.2662822976724321
28,477,Mfsd12,5.057224,4.0106797,1.1235176799202425e-05,0.2857142857142857,0.0195814648729446,0.266132820841341
28,478,1700026D08Rik,5.0531073,3.1242998,1.1461691887296836e-05,0.4285714285714285,0.0403587443946188,0.3882126841768097
28,479,Prom1,5.051255,3.4081602,1.155482731111502e-05,0.7142857142857143,0.1197309417040358,0.5945547725816784
28,480,Mapre3,5.0452332,3.408989,1.188660387952928e-05,0.8571428571428571,0.1774289985052317,0.6797138586376255
28,481,Marcks,5.0382643,2.9054413,1.2268693226032784e-05,0.5714285714285714,0.0674140508221225,0.5040145206064488
28,482,Dcbld2,5.0370245,3.64271,1.2328762992006174e-05,0.2857142857142857,0.0192825112107623,0.2664317745035233
28,483,Katnb1,5.0367055,3.5841227,1.2329710173537815e-05,0.4285714285714285,0.0423019431988041,0.3862694853726243
28,484,Armc3,5.034939,3.793719,1.242425035467852e-05,0.2857142857142857,0.0194319880418535,0.2662822976724321
28,485,Ccdc121,5.027744,3.3417914,1.2858687580542864e-05,0.2857142857142857,0.0191330343796711,0.2665812513346145
28,486,Arl6,5.022508,3.309232,1.3193500061208098e-05,0.8571428571428571,0.1726457399103139,0.6844971172325431
28,487,Psmc3ip,5.0200315,3.556592,1.3343704769576356e-05,0.4285714285714285,0.0420029895366218,0.3865684390348067
28,488,Cisd3,5.0091205,3.6963515,1.410056682642298e-05,1.0,0.2977578475336322,0.7022421524663678
28,489,Dtymk,4.9936476,3.4715068,1.5255105001515983e-05,1.0,0.3010463378176383,0.6989536621823618
28,490,Etaa1,4.988429,3.521969,1.563196811258937e-05,0.2857142857142857,0.0195814648729446,0.266132820841341
28,491,Ddx6,4.9558244,2.9106352,1.828590348245685e-05,0.8571428571428571,0.1600896860986547,0.6970531710442024
28,492,Gys1,4.954187,3.4930992,1.8412072796013293e-05,0.4285714285714285,0.0434977578475336,0.3850736707238949
28,493,Mok,4.953385,3.271611,1.8459627518533776e-05,0.5714285714285714,0.0742899850523168,0.4971385863762545
28,494,Cep97,4.9484515,3.9177382,1.890443734867581e-05,0.2857142857142857,0.0201793721973094,0.2655349135169763
28,495,Pacrg,4.9448233,3.0201302,1.9230305939822928e-05,0.4285714285714285,0.0415545590433482,0.3870168695280803
28,496,C2cd3,4.938277,3.666234,1.9856539217410896e-05,0.4285714285714285,0.0443946188340807,0.3841768097373478
28,497,Pi16,4.9277406,4.0099845,2.092537154452912e-05,0.4285714285714285,0.0458893871449925,0.382682041426436
28,498,Ccdc181,4.9252405,3.5322695,2.1162240532642345e-05,0.7142857142857143,0.1219730941704035,0.5923126201153107
28,499,Itsn1,4.9242682,4.1719556,2.123517503878769e-05,0.2857142857142857,0.0206278026905829,0.2650864830237027
28,500,Vpreb3,4.921787,3.3564196,2.147345507548868e-05,0.8571428571428571,0.1754857997010463,0.6816570574418108
28,501,Raph1,4.9200144,3.1676068,2.163578538393041e-05,0.4285714285714285,0.0423019431988041,0.3862694853726243
28,502,Lsm11,4.9173417,3.5271823,2.1899808509267316e-05,0.2857142857142857,0.0201793721973094,0.2655349135169763
28,503,Pik3ca,4.911482,3.279251,2.253036285938387e-05,0.4285714285714285,0.0433482810164424,0.3852231475549861
28,504,Rsph3a,4.9061737,3.6161282,2.311326074128473e-05,0.2857142857142857,0.0201793721973094,0.2655349135169763
28,505,Dpcd,4.9051557,3.938654,2.3198281809102025e-05,1.0,0.4097159940209267,0.5902840059790733
28,506,Ube2cbp,4.8926134,3.483603,2.461531108834022e-05,0.2857142857142857,0.0201793721973094,0.2655349135169763
28,507,Trp53bp1,4.882516,3.298756,2.584160815093609e-05,0.4285714285714285,0.0439461883408071,0.3846252402306214
28,508,Cd2bp2,4.8824453,3.2046928,2.584160815093609e-05,0.5714285714285714,0.0765321375186846,0.4948964339098868
28,509,Zfp91,4.88038,3.9400878,2.6074529947194432e-05,0.7142857142857143,0.142152466367713,0.5721332479180012
28,510,Fam47e,4.8795223,2.5388541,2.614894146905147e-05,0.5714285714285714,0.0684603886397608,0.5029681827888106
28,511,Mrps17,4.8734255,3.5543013,2.6928989313591407e-05,1.0,0.3733931240657698,0.6266068759342303
28,512,Psip1,4.870348,3.4137897,2.731094479313676e-05,0.7142857142857143,0.1240657698056801,0.5902199444800342
28,513,Hipk1,4.868651,2.944561,2.749032312500521e-05,0.8571428571428571,0.163677130044843,0.693465727098014
28,514,Asap2,4.8684645,3.527496,2.749032312500521e-05,0.2857142857142857,0.0203288490284005,0.2653854366858851
28,515,Pxk,4.8674917,3.0663586,2.758478135085083e-05,0.7142857142857143,0.1179372197309417,0.5963484945547726
28,516,Cnot6,4.864278,2.993933,2.799512819730966e-05,0.5714285714285714,0.0747384155455904,0.4966901558829809
28,517,Cep95,4.8615255,4.2463465,2.8345175396107263e-05,0.2857142857142857,0.0212257100149476,0.264488575699338
28,518,Rpa3,4.8608665,2.7161,2.8397577103507976e-05,0.8571428571428571,0.1538116591928251,0.703331197950032
28,519,Ccdc77,4.8595595,3.7868564,2.854339643917585e-05,0.2857142857142857,0.0207772795216741,0.2649370061926115
28,520,Bap1,4.8550963,3.5820453,2.915074027031428e-05,0.4285714285714285,0.0454409566517189,0.3831304719197095
28,521,Cnnm2,4.8461885,3.7078962,3.0444905675495546e-05,0.2857142857142857,0.0207772795216741,0.2649370061926115
28,522,Timm23,4.835268,3.1045582,3.207027569686684e-05,0.4285714285714285,0.0440956651718983,0.3844757633995302
28,523,Nudc,4.831159,4.608736,3.269136568167702e-05,1.0,0.5143497757847534,0.4856502242152466
28,524,Mrpl40,4.814902,2.9243119,3.5107705774964494e-05,1.0,0.2759342301943199,0.72406576980568
28,525,5930430L01Rik,4.806415,4.2032614,3.657753295966163e-05,0.2857142857142857,0.02152466367713,0.2641896220371557
28,526,Igsf8,4.7944975,3.2711596,3.8764107693044265e-05,0.7142857142857143,0.1272047832585949,0.5870809310271194
28,527,Cep104,4.7854676,3.3101134,4.048971759499437e-05,0.4285714285714285,0.0454409566517189,0.3831304719197095
28,528,Znhit2,4.7836075,3.0047495,4.0807427156805e-05,0.8571428571428571,0.1780269058295964,0.6791159513132607
28,529,U2af1l4,4.767346,3.5612721,4.411460372513055e-05,0.5714285714285714,0.0846038863976083,0.486824685030963
28,530,H1fx,4.7602077,3.1844232,4.552185603383882e-05,0.4285714285714285,0.0449925261584454,0.3835789024129831
28,531,Mak,4.760143,3.5793014,4.552185603383882e-05,0.2857142857142857,0.0213751868460388,0.2643390988682468
28,532,Trp53bp2,4.7554107,3.0652866,4.653457605618109e-05,0.7142857142857143,0.1218236173393124,0.5924620969464018
28,533,Tacc3,4.748505,3.4760845,4.794557996452784e-05,0.2857142857142857,0.0213751868460388,0.2643390988682468
28,534,Mapkbp1,4.7408648,3.964716,4.9718908084826966e-05,0.2857142857142857,0.0219730941704035,0.2637411915438821
28,535,Med31,4.738944,3.5975146,5.012103972362049e-05,0.8571428571428571,0.2533632286995516,0.6037796284433055
28,536,Utp23,4.725043,3.309129,5.3598435977841215e-05,0.4285714285714285,0.0466367713004484,0.3819346572709801
28,537,Saxo2,4.711521,3.0189884,5.719979223569048e-05,0.4285714285714285,0.0454409566517189,0.3831304719197095
28,538,Lgals3bp,4.710237,3.4016635,5.747995127342935e-05,1.0,0.323168908819133,0.676831091180867
28,539,Calm3,4.7092915,3.6073885,5.766549433591247e-05,1.0,0.3279521674140508,0.6720478325859491
28,540,Tchp,4.7084894,3.625,5.781099677234285e-05,0.2857142857142857,0.0218236173393124,0.2638906683749732
28,541,Mipep,4.706514,3.2778585,5.829157927096428e-05,0.5714285714285714,0.0807174887892376,0.4907110826393337
28,542,Hltf,4.7054305,3.4257164,5.841835175723601e-05,0.4285714285714285,0.0476831091180866,0.3808883194533418
28,543,Sccpdh,4.704995,3.1734996,5.841835175723601e-05,0.5714285714285714,0.08101644245142,0.4904121289771513
28,544,Atp5sl,4.704923,2.911743,5.841835175723601e-05,0.5714285714285714,0.0780269058295964,0.4934016655989749
28,545,Akt2,4.7020187,3.2116404,5.917265375720115e-05,0.5714285714285714,0.0822122571001494,0.4892163143284219
28,546,Magi1,4.699523,3.5985613,5.981656085309834e-05,0.2857142857142857,0.0219730941704035,0.2637411915438821
28,547,Ifnlr1,4.6933985,3.520917,6.146449680614358e-05,0.2857142857142857,0.0219730941704035,0.2637411915438821
28,548,Ankrd39,4.6918263,2.9181523,6.185259611783622e-05,0.4285714285714285,0.0452914798206278,0.3832799487508007
28,549,Dxo,4.6899986,3.6807647,6.229658179187054e-05,0.7142857142857143,0.1509715994020926,0.5633141148836216
28,550,Cdkn1a,4.6886888,3.863966,6.25469328962711e-05,1.0,0.5263079222720478,0.4736920777279522
28,551,2610015P09Rik,4.679845,3.1351275,6.521609912297856e-05,0.5714285714285714,0.0816143497757847,0.4898142216527866
28,552,Pacrgl,4.6730566,2.867541,6.731673541880852e-05,0.5714285714285714,0.0780269058295964,0.4934016655989749
28,553,Opa3,4.6622043,3.0983157,7.086873308186481e-05,0.5714285714285714,0.0817638266068759,0.4896647448216955
28,554,Cenpa,4.6524177,2.72913,7.411296013245521e-05,0.2857142857142857,0.0218236173393124,0.2638906683749732
28,555,Ncoa5,4.64398,3.7472358,7.699471887940104e-05,0.4285714285714285,0.0506726457399103,0.3778987828315182
28,556,Mllt10,4.6427603,2.9653115,7.734451880054642e-05,0.8571428571428571,0.1902840059790732,0.6668588511637839
28,557,Paxip1,4.63846,3.676503,7.886281449431128e-05,0.4285714285714285,0.0490284005979073,0.3795430279735212
28,558,Ccnc,4.6297665,3.183074,8.191060929203032e-05,0.5714285714285714,0.082660687593423,0.4887678838351483
28,559,Dot1l,4.628467,3.2245524,8.231391254103053e-05,0.4285714285714285,0.047982062780269,0.3805893657911595
28,560,Cep19,4.6257586,3.276952,8.328348254922543e-05,0.5714285714285714,0.0844544095665171,0.4869741618620542
28,561,Ppp5c,4.622041,2.9751823,8.467511663557275e-05,1.0,0.2817638266068759,0.7182361733931241
28,562,Cspp1,4.617598,3.2754543,8.639055884622897e-05,0.5714285714285714,0.0865470852017937,0.4848814862267777
28,563,Miip,4.6154723,3.1446583,8.716144412637739e-05,0.4285714285714285,0.0482810164424514,0.3802904121289771
28,564,Wdpcp,4.614134,3.0706193,8.760622857470784e-05,0.5714285714285714,0.0831091180866965,0.4883194533418748
28,565,Dpy30,4.613011,3.5106564,8.79620640834492e-05,1.0,0.5040358744394619,0.4959641255605381
28,566,Slc25a14,4.6126614,3.2895865,8.799111187219271e-05,0.4285714285714285,0.0487294469357249,0.3798419816357036
28,567,Nme7,4.611408,3.5272737,8.840416331511533e-05,0.5714285714285714,0.0902840059790732,0.4811445654494981
28,568,Tmem123,4.6110625,2.5280735,8.843204098780528e-05,1.0,0.2161434977578475,0.7838565022421524
28,569,D930016D06Rik,4.600972,4.167864,9.270166009378414e-05,0.2857142857142857,0.0234678624813153,0.2622464232329703
28,570,Mcat,4.599468,3.0668435,9.324819743383294e-05,0.5714285714285714,0.0844544095665171,0.4869741618620542
28,571,Spata7,4.593423,3.7553902,9.573499465476018e-05,0.2857142857142857,0.0230194319880418,0.2626948537262438
28,572,BC005624,4.591637,2.8445542,9.642872037832636e-05,1.0,0.2765321375186846,0.7234678624813153
28,573,Gemin6,4.5875463,3.0407257,9.794437448503177e-05,0.4285714285714285,0.0481315396113602,0.3804398889600683
28,574,Spc25,4.573128,3.8923864,0.0001046561895996,0.2857142857142857,0.0233183856502242,0.2623959000640615
28,575,Fbln1,4.572072,3.5619872,0.0001050456974455,0.4285714285714285,0.0503736920777279,0.3781977364937006
28,576,Dlec1,4.569725,3.3637755,0.0001060883783338,0.2857142857142857,0.0227204783258594,0.2629938073884262
28,577,Ccar1,4.5690584,3.0038335,0.0001062300098717,0.7142857142857143,0.1324364723467862,0.5818492419389281
28,578,Spata33,4.5688906,4.628059,0.0001062300098717,0.2857142857142857,0.0242152466367713,0.2614990390775144
28,579,Dnajc15,4.5611634,4.0268793,0.0001097237482309,0.8571428571428571,0.2738415545590433,0.5833013025838137
28,580,Nars,4.5609965,2.8874273,0.0001097237482309,1.0,0.2914798206278027,0.7085201793721974
28,581,Drc7,4.5606847,3.246808,0.0001097426001211,0.2857142857142857,0.0227204783258594,0.2629938073884262
28,582,Lars,4.5587234,2.8843508,0.0001106272074863,0.5714285714285714,0.0831091180866965,0.4883194533418748
28,583,Rnf19a,4.552301,3.0460865,0.0001139104799745,0.4285714285714285,0.0488789237668161,0.3796925048046124
28,584,Tuba1b,4.5510273,3.9388046,0.0001144525524243,1.0,0.7880418535127055,0.2119581464872945
28,585,Tuba1a,4.5493956,4.733151,0.0001151927957014,1.0,0.4521674140508221,0.5478325859491779
28,586,Rsph14,4.5463715,3.0246038,0.0001167072497992,0.2857142857142857,0.0227204783258594,0.2629938073884262
28,587,Abhd14a,4.543199,3.159556,0.0001183238879827,0.8571428571428571,0.195067264573991,0.6620755925688661
28,588,Neo1,4.538652,2.7470214,0.0001207467982033,0.5714285714285714,0.0822122571001494,0.4892163143284219
28,589,Nat9,4.5365133,3.101851,0.0001218187986011,0.8571428571428571,0.2067264573991031,0.650416399743754
28,590,Ttc29,4.5344424,3.5994706,0.0001227013342001,0.2857142857142857,0.0233183856502242,0.2623959000640615
28,591,Zfp113,4.5279956,3.2305884,0.0001260873510773,0.2857142857142857,0.023168908819133,0.2625453768951526
28,592,1700007G11Rik,4.527873,2.8045847,0.0001260873510773,0.4285714285714285,0.0482810164424514,0.3802904121289771
28,593,Elof1,4.5259604,4.4626727,0.0001270692502768,1.0,0.5648729446935725,0.4351270553064275
28,594,Pex3,4.5190225,2.805937,0.0001311358540356,0.5714285714285714,0.0829596412556053,0.488468930172966
28,595,Tacc2,4.518038,2.5803618,0.0001315777427792,0.7142857142857143,0.12152466367713,0.5927610506085843
28,596,1110032A03Rik,4.515425,3.2348468,0.0001330394550512,0.8571428571428571,0.2195814648729447,0.6375613922699124
28,597,Kif23,4.507386,3.6532037,0.0001376490841952,0.2857142857142857,0.0237668161434977,0.2619474695707879
28,598,Adcy6,4.5044465,3.0431423,0.0001393901146202,0.4285714285714285,0.0500747384155455,0.3784966901558829
28,599,Coq4,4.4947844,2.8030212,0.0001454997588142,0.7142857142857143,0.1297458893871449,0.5845398248985694
28,600,Arfip1,4.4905977,2.9000754,0.0001482008176251,0.5714285714285714,0.0849028400597907,0.4865257313687806
28,601,Prrc2a,4.4886403,2.7083244,0.0001493788165235,0.8571428571428571,0.1805680119581464,0.6765748451847107
28,602,Spns1,4.4849544,3.1807835,0.0001517619516408,0.7142857142857143,0.1369207772795216,0.5773649370061926
28,603,Nucb2,4.4847255,2.8621376,0.0001517619516408,0.7142857142857143,0.1346786248131539,0.5796070894725603
28,604,Zfp652,4.4823174,3.4349976,0.0001532906498037,0.5714285714285714,0.0958146487294469,0.4756139226991244
28,605,Anapc5,4.4788895,2.9499116,0.0001555758713693,1.0,0.3103139013452914,0.6896860986547085
28,606,Swt1,4.4759116,2.771136,0.0001573628216207,0.7142857142857143,0.1291479820627802,0.5851377322229341
28,607,Kpna6,4.4718204,3.6536658,0.0001602021301021,0.4285714285714285,0.0541106128550074,0.3744608157164211
28,608,Kdm5c,4.4690533,3.425866,0.0001620844362163,0.4285714285714285,0.0527653213751868,0.3758061071962417
28,609,Slc2a12,4.4683166,3.3072789,0.0001624391043805,0.2857142857142857,0.0237668161434977,0.2619474695707879
28,610,Pole3,4.4674892,2.7512834,0.0001628635879752,0.8571428571428571,0.191778774289985,0.6653640828528721
28,611,Adi1,4.4538937,2.915478,0.0001730970581687,0.5714285714285714,0.0877428998505231,0.4836856715780482
28,612,Dnph1,4.4455423,3.0852623,0.0001795111096659,0.4285714285714285,0.0508221225710014,0.377749306000427
28,613,Ccdc134,4.43416,3.2990046,0.0001887890597976,0.2857142857142857,0.0240657698056801,0.2616485159086056
28,614,Gon4l,4.430134,3.381113,0.000192109126708,0.4285714285714285,0.0530642750373692,0.3755071535340593
28,615,AU019823,4.4291053,3.460061,0.0001927878291941,0.4285714285714285,0.0538116591928251,0.3747597693786034
28,616,Dync2li1,4.4280906,2.8669891,0.000193456606234,0.8571428571428571,0.2007473841554559,0.6563954729874012
28,617,4921524J17Rik,4.4273376,3.0206985,0.0001938922711374,0.7142857142857143,0.1402092675635276,0.5740764467221866
28,618,Cramp1l,4.4260845,2.8914013,0.0001947800019667,0.4285714285714285,0.0508221225710014,0.377749306000427
28,619,Swi5,4.4111304,3.3068364,0.0002084737955421,1.0,0.7828101644245142,0.2171898355754857
28,620,Cnnm4,4.4056826,3.3157992,0.0002129932331089,0.2857142857142857,0.0243647234678624,0.2613495622464232
28,621,Vwa9,4.4013276,2.9843857,0.000217046930379,0.4285714285714285,0.0514200298953662,0.3771513986760623
28,622,Dnah7a,4.400157,3.5838327,0.0002179532588434,0.2857142857142857,0.0246636771300448,0.2610506085842408
28,623,Lpgat1,4.396305,2.9580061,0.0002215829087923,0.7142857142857143,0.1461883408071748,0.5680973734785394
28,624,Ccdc58,4.3922744,2.746886,0.0002254552965994,0.7142857142857143,0.1342301943198804,0.5800555199658339
28,625,Dnah12,4.387548,4.3404784,0.0002301273388165,0.2857142857142857,0.0260089686098654,0.2597053171044202
28,626,Gmpr2,4.386058,3.131326,0.0002314251668996,0.5714285714285714,0.0931240657698056,0.4783045056587657
28,627,Rhobtb2,4.3856745,3.3855922,0.0002315504809423,0.2857142857142857,0.0246636771300448,0.2610506085842408
28,628,Chadl,4.384115,3.924796,0.0002329303032129,0.2857142857142857,0.0254110612855007,0.2603032244287849
28,629,Smarca5,4.3820076,2.8983064,0.0002349095135246,0.7142857142857143,0.1352765321375187,0.5790091821481956
28,630,Rexo2,4.3803463,3.0330842,0.0002364196990296,1.0,0.6579970104633782,0.3420029895366218
28,631,Bok,4.377406,3.58949,0.000239339386964,0.7142857142857143,0.1757847533632287,0.5385009609224856
28,632,Rbm24,4.3696823,3.3712363,0.0002476618629464,0.2857142857142857,0.024813153961136,0.2609011317531496
28,633,Prr14l,4.369264,3.8682058,0.0002478358644687,0.2857142857142857,0.0255605381165919,0.2601537475976938
28,634,Casc4,4.3676996,3.0914764,0.0002493149572004,0.4285714285714285,0.0526158445440956,0.3759555840273328
28,635,Rnf166,4.366214,2.6193151,0.0002507049681161,0.7142857142857143,0.1292974588938714,0.5849882553918428
28,636,0610010F05Rik,4.364129,3.8058686,0.0002525044830795,0.2857142857142857,0.0254110612855007,0.2603032244287849
28,637,Dmap1,4.352066,2.6671855,0.0002664876435896,0.5714285714285714,0.0874439461883408,0.4839846252402305
28,638,Slbp,4.350422,2.8829749,0.000268170738708,0.5714285714285714,0.0902840059790732,0.4811445654494981
28,639,Mettl20,4.3457165,2.678566,0.0002730664385311,0.7142857142857143,0.1349775784753363,0.579308135810378
28,640,Eif2b2,4.3456626,2.954959,0.0002730664385311,0.8571428571428571,0.2219730941704036,0.6351697629724535
28,641,Traf5,4.3441715,4.0720606,0.0002744758406505,0.2857142857142857,0.0258594917787742,0.2598547939355114
28,642,Zfp282,4.3437443,3.3389957,0.0002744758406505,0.2857142857142857,0.0249626307922272,0.2607516549220585
28,643,Tex2,4.338511,4.099186,0.0002807574062792,0.2857142857142857,0.0261584454409566,0.259555840273329
28,644,Nelfcd,4.3367906,2.8305824,0.0002826254221846,0.5714285714285714,0.0904334828101644,0.4809950886184069
28,645,Ndufaf3,4.3348823,3.9994903,0.0002847491380797,0.8571428571428571,0.3061285500747384,0.5510143070681186
28,646,Med8,4.332539,2.704195,0.000287455445321,0.8571428571428571,0.2050822122571001,0.6520606448857569
28,647,BC022687,4.3312554,2.9174316,0.000288793346827,0.5714285714285714,0.0908819133034379,0.4805466581251334
28,648,Gar1,4.3282375,3.0481079,0.0002924307434229,0.8571428571428571,0.2191330343796711,0.638009822763186
28,649,E430025E21Rik,4.326792,3.3534102,0.0002936243345425,0.2857142857142857,0.0252615844544095,0.2604527012598761
28,650,Rtca,4.326721,2.7076302,0.0002936243345425,0.7142857142857143,0.1363228699551569,0.5779628443305573
28,651,Lrrc36,4.326557,3.653194,0.0002936243345425,0.2857142857142857,0.0255605381165919,0.2601537475976938
28,652,Ttc5,4.32449,2.9748995,0.0002957376722045,0.7142857142857143,0.1449925261584454,0.5692931881272689
28,653,Lrrc49,4.324456,3.2425442,0.0002957376722045,0.2857142857142857,0.0251121076233183,0.2606021780909673
28,654,Sdhaf4,4.3212037,2.744475,0.0002995928433938,0.8571428571428571,0.2079222720478326,0.6492205850950246
28,655,Cep57,4.32108,3.2447674,0.0002995928433938,0.5714285714285714,0.0977578475336322,0.4736707238949391
28,656,Zfp191,4.316229,3.266316,0.0003058900987984,0.4285714285714285,0.0548579970104633,0.3737134315609651
28,657,Ino80b,4.308935,2.8851783,0.0003146737661815,0.8571428571428571,0.2276532137518684,0.6294896433909887
28,658,Rbm12,4.304492,3.4179323,0.0003206803216086,0.2857142857142857,0.0255605381165919,0.2601537475976938
28,659,Mettl6,4.299061,3.8356352,0.0003279819123646,0.4285714285714285,0.0576980568011958,0.3708733717702327
28,660,Gm867,4.298462,2.4311354,0.0003283777546181,0.4285714285714285,0.0514200298953662,0.3771513986760623
28,661,Natd1,4.2932096,3.5332222,0.0003354655836082,0.2857142857142857,0.0258594917787742,0.2598547939355114
28,662,Fam179b,4.2925014,3.5262077,0.0003361466951106,0.2857142857142857,0.0258594917787742,0.2598547939355114
28,663,Scrib,4.287039,2.7811954,0.0003432747400647,0.5714285714285714,0.0908819133034379,0.4805466581251334
28,664,Odf3b,4.285924,2.8351455,0.0003442529412692,0.4285714285714285,0.0527653213751868,0.3758061071962417
28,665,Dusp14,4.283303,2.9860826,0.0003478044221428,0.8571428571428571,0.2424514200298953,0.6146914371129617
28,666,2610028H24Rik,4.2831297,3.1692848,0.0003478044221428,0.4285714285714285,0.0548579970104633,0.3737134315609651
28,667,Eif4g3,4.274028,2.7536192,0.0003614869482119,0.7142857142857143,0.1437967115097159,0.5704890027759983
28,668,Kif9,4.267316,3.6820738,0.0003721054713489,0.2857142857142857,0.0263079222720478,0.2594063634422379
28,669,Nrtn,4.2625604,2.6870744,0.0003796802579867,0.5714285714285714,0.0910313901345291,0.4803971812940422
28,670,Ccdc180,4.2610736,3.1704476,0.0003817779902871,0.2857142857142857,0.0255605381165919,0.2601537475976938
28,671,Aes,4.2594004,2.6189442,0.0003842070172035,1.0,0.7342301943198805,0.2657698056801195
28,672,Snrnp25,4.2544103,3.7900648,0.0003924267961942,0.5714285714285714,0.1065769805680119,0.4648515908605594
28,673,Peli2,4.2527313,3.3750646,0.0003949314016373,0.2857142857142857,0.0260089686098654,0.2597053171044202
28,674,Glis3,4.250906,3.1253946,0.000397710626253,0.2857142857142857,0.0257100149476831,0.2600042707666026
28,675,Kcnmb2,4.2489734,3.0668814,0.0004002451574667,0.2857142857142857,0.0255605381165919,0.2601537475976938
28,676,Trip4,4.2485814,3.5591202,0.0004004906264567,0.4285714285714285,0.0594917787742899,0.3690796497971386
28,677,Eftud1,4.246556,2.8858962,0.0004036684883548,0.4285714285714285,0.0544095665171898,0.3741618620542387
28,678,Mphosph6,4.245463,2.5091538,0.0004051817115759,0.7142857142857143,0.1337817638266068,0.5805039504591074
28,679,B230118H07Rik,4.243859,2.8835196,0.0004072151761911,0.7142857142857143,0.1530642750373692,0.5612214392483451
28,680,Cib1,4.2432055,2.742732,0.0004074352375213,1.0,0.6158445440956651,0.3841554559043348
28,681,Ttc12,4.242247,3.2602396,0.0004081618625999,0.2857142857142857,0.0258594917787742,0.2598547939355114
28,682,Ift80,4.242247,3.146292,0.0004081618625999,0.2857142857142857,0.0258594917787742,0.2598547939355114
28,683,AU022754,4.2420483,3.5167558,0.0004081618625999,0.2857142857142857,0.026457399103139,0.2592568866111467
28,684,Nav2,4.2382784,3.211905,0.0004144081113399,0.4285714285714285,0.0568011958146487,0.3717702327567798
28,685,Zfp653,4.237558,3.8762214,0.0004150102411942,0.2857142857142857,0.0270553064275037,0.2586589792867819
28,686,Agpat4,4.227294,3.3382647,0.0004329397968262,0.2857142857142857,0.0261584454409566,0.259555840273329
28,687,Tanc2,4.217328,2.956092,0.0004510074043634,0.7142857142857143,0.1566517189835575,0.5576339953021567
28,688,Srd5a3,4.207898,2.5948136,0.0004697187772476,0.7142857142857143,0.1408071748878923,0.5734785393978219
28,689,Ube2s,4.204138,3.171833,0.000477065757333,0.2857142857142857,0.0263079222720478,0.2594063634422379
28,690,Lbr,4.202382,2.7932124,0.0004797176444708,0.5714285714285714,0.0944693572496263,0.4769592141789451
28,691,Rpp38,4.199043,3.0650406,0.0004863067969339,0.4285714285714285,0.0565022421524663,0.3720691864189622
28,692,Psmd9,4.194417,2.9509497,0.000495788743636,0.8571428571428571,0.2466367713004484,0.6105060858424087
28,693,Pkig,4.181939,3.329352,0.000522650017559,0.8571428571428571,0.2804185351270553,0.5767243220158018
28,694,Homez,4.1814585,3.486913,0.0005231791848463,0.2857142857142857,0.0270553064275037,0.2586589792867819
28,695,Zfp688,4.1798677,2.7772684,0.000526273153895,0.4285714285714285,0.0554559043348281,0.3731155242366004
28,696,Scoc,4.178452,2.4959328,0.0005289773735437,0.5714285714285714,0.0896860986547085,0.4817424727738629
28,697,Bphl,4.1745296,3.1179307,0.0005369932864081,1.0,0.4846038863976084,0.5153961136023917
28,698,Psmg3,4.171695,2.261027,0.0005423049435388,0.8571428571428571,0.1792227204783258,0.6779201366645312
28,699,Tefm,4.17154,3.1780074,0.0005423049435388,0.4285714285714285,0.0581464872944693,0.3704249412769592
28,700,Mlst8,4.171138,3.109213,0.0005426695148751,0.2857142857142857,0.0267563527653213,0.2589579329489643
28,701,Xpo1,4.168019,3.0062454,0.0005495469601227,0.4285714285714285,0.0572496263079222,0.3713218022635063
28,702,Klhdc10,4.164817,3.7377384,0.000556709993843,0.4285714285714285,0.06203288490284,0.3665385436685885
28,703,2010300C02Rik,4.163722,3.1653473,0.0005581961951615,0.5714285714285714,0.1046337817638266,0.4667947896647448
28,704,Tagap1,4.1631417,3.4226563,0.0005588666583512,0.2857142857142857,0.0272047832585949,0.2585095024556907
28,705,Gm20604,4.1629424,3.0231047,0.0005588666583512,0.4285714285714285,0.0568011958146487,0.3717702327567798
28,706,Sclt1,4.1624146,3.7710116,0.0005595530920389,0.2857142857142857,0.0276532137518684,0.2580610719624172
28,707,Mrps25,4.1604967,2.5773826,0.0005636621902424,0.8571428571428571,0.2133034379671151,0.643839419175742
28,708,Cep350,4.150764,3.6058874,0.0005867102331951,0.2857142857142857,0.0276532137518684,0.2580610719624172
28,709,Thoc7,4.139056,2.7767065,0.0006156772969155,1.0,0.3742899850523168,0.6257100149476831
28,710,Tppp3,4.1361628,4.20901,0.0006228182548,1.0,0.5436472346786249,0.4563527653213751
28,711,Hsp90aa1,4.1252627,3.639108,0.0006523615181495,1.0,0.752017937219731,0.247982062780269
28,712,Lypla1,4.12371,2.4665022,0.0006560712775623,0.8571428571428571,0.1980568011958146,0.6590860559470424
28,713,4930452B06Rik,4.12333,2.9786484,0.0006564517279395,0.4285714285714285,0.0582959641255605,0.370275464445868
28,714,Akap9,4.1183834,2.2363355,0.0006699817570478,0.8571428571428571,0.1817638266068759,0.6753790305359811
28,715,Ctsh,4.116631,2.4162512,0.0006743713585117,1.0,0.7091180866965621,0.2908819133034379
28,716,Cyth2,4.1115956,3.0390956,0.0006885161924429,0.8571428571428571,0.3225710014947683,0.5345718556480887
28,717,Eml2,4.106694,2.393996,0.0007017841298029,0.8571428571428571,0.1937219730941704,0.6634208840486867
28,718,Zbtb10,4.1061845,3.4657688,0.0007023580406439,0.2857142857142857,0.0279521674140508,0.2577621183002349
28,719,Ppp1r2,4.1060133,2.3913147,0.0007023580406439,1.0,0.2683109118086696,0.7316890881913303
28,720,Cks1b,4.1043577,2.8414052,0.0007066549034666,0.5714285714285714,0.100896860986547,0.4705317104420243
28,721,Gm10260,4.0993633,3.2530015,0.000720545509229,0.2857142857142857,0.0276532137518684,0.2580610719624172
28,722,Snip1,4.098785,2.7286274,0.0007212769518578,0.4285714285714285,0.0568011958146487,0.3717702327567798
28,723,Steap1,4.098638,2.9055545,0.0007212769518578,0.7142857142857143,0.1724962630792227,0.5417894512064916
28,724,Adprm,4.097987,2.6098254,0.0007225431925735,0.8571428571428571,0.2261584454409566,0.6309844117019004
28,725,Pias2,4.0972095,2.6558967,0.0007242076239908,0.4285714285714285,0.0565022421524663,0.3720691864189622
28,726,Mterf4,4.096654,2.9346182,0.0007245998077301,0.5714285714285714,0.1037369207772795,0.4676916506512918
28,727,Kat5,4.096596,2.7493258,0.0007245998077301,0.7142857142857143,0.151270553064275,0.5630151612214392
28,728,Bola1,4.084091,3.158989,0.0007631326162296,0.8571428571428571,0.2947683109118086,0.5623745462310484
28,729,Zcchc3,4.081572,3.007967,0.0007706414488754,0.2857142857142857,0.027354260089686,0.2583600256245996
28,730,Sae1,4.0744357,2.667414,0.0007929911112827,0.8571428571428571,0.2364723467862481,0.620670510356609
28,731,Ikbkap,4.0734577,3.1171637,0.0007954958475907,0.2857142857142857,0.0279521674140508,0.2577621183002349
28,732,Ranbp1,4.072956,2.5529573,0.0007957739144145,1.0,0.6668161434977579,0.3331838565022421
28,733,Klhl2,4.0726905,3.0595317,0.0007957739144145,0.2857142857142857,0.0278026905829596,0.257911595131326
28,734,Phtf1,4.072646,3.1098905,0.0007957739144145,0.4285714285714285,0.060388639760837,0.3681827888105914
28,735,4933434E20Rik,4.0721145,3.3875024,0.0007967612072586,0.7142857142857143,0.1745889387144992,0.539696775571215
28,736,Zfp120,4.068523,3.0143557,0.0008082978128291,0.2857142857142857,0.0276532137518684,0.2580610719624172
28,737,Suclg1,4.0654583,2.6990364,0.0008181405475827,1.0,0.4865470852017937,0.5134529147982063
28,738,Ddx39,4.060524,2.5980937,0.0008338915387326,0.8571428571428571,0.2213751868460388,0.6357676702968182
28,739,Tmprss4,4.0573463,2.625302,0.0008444373938953,0.5714285714285714,0.1,0.4714285714285714
28,740,Tubb6,4.056288,2.7635427,0.000847393459274,0.4285714285714285,0.0578475336322869,0.3707238949391415
28,741,Gm11423,4.0552387,4.037093,0.0008503246160492,0.2857142857142857,0.0294469357249626,0.256267349989323
28,742,Hyou1,4.053909,3.8889527,0.0008535277529084,0.2857142857142857,0.0294469357249626,0.256267349989323
28,743,Fam161a,4.052117,2.702849,0.0008590859693707,0.5714285714285714,0.0989536621823617,0.4724749092462096
28,744,Osbpl1a,4.0511374,3.4601562,0.0008618000804941,0.2857142857142857,0.0285500747384155,0.2571642109758701
28,745,Cnot4,4.042349,2.711849,0.0008906741718135,0.5714285714285714,0.1004484304932735,0.4709801409352978
28,746,Arhgdig,4.042216,2.6925406,0.0008906741718135,0.4285714285714285,0.0581464872944693,0.3704249412769592
28,747,Ammecr1l,4.0343533,2.6629035,0.0009174004920153,0.5714285714285714,0.0998505231689088,0.4715780482596626
28,748,Hipk3,4.0343184,2.7715755,0.0009174004920153,0.5714285714285714,0.1034379671150971,0.4679906043134742
28,749,Mapre1,4.0315022,2.4505732,0.0009265717390403,1.0,0.2841554559043348,0.7158445440956651
28,750,Ppp1r21,4.030637,3.4491844,0.0009290435287832,0.2857142857142857,0.028998505231689,0.2567157804825966
28,751,Trmt10b,4.030178,3.1183183,0.0009299110645019,0.4285714285714285,0.0617339312406577,0.3668374973307708
28,752,Slain2,4.0297737,2.8550482,0.0009305663286902,0.5714285714285714,0.1044843049327354,0.466944266495836
28,753,Mgea5,4.022798,2.6305416,0.0009556584019981,0.7142857142857143,0.1590433482810164,0.5552423660046979
28,754,Bpnt1,4.0191913,2.6729105,0.0009694231154261,0.7142857142857143,0.1635276532137518,0.5507580610719625
28,755,Hspbp1,4.015791,2.7457666,0.0009815218925383,0.7142857142857143,0.1681614349775785,0.5461242793081358
28,756,Tmem230,4.0064306,2.7994106,0.0010171125234969,0.8571428571428571,0.2487294469357249,0.6084134102071321
28,757,Ppp1r14c,4.005622,2.610976,0.0010195736059112,0.7142857142857143,0.1449925261584454,0.5692931881272689
28,758,Cul5,4.0049934,3.087411,0.0010212615508443,0.4285714285714285,0.0621823617339312,0.3663890668374973
28,759,Erlin1,4.004055,3.2264137,0.0010242951112373,0.2857142857142857,0.0288490284005979,0.2568652573136878
28,760,Cdyl,4.003517,3.0003712,0.0010255990457652,0.2857142857142857,0.0284005979073243,0.2573136878069613
28,761,Gfer,4.0005574,2.5725489,0.0010366306563209,0.7142857142857143,0.1521674140508221,0.5621183002348922
28,762,Strap,4.000513,2.5906706,0.0010366306563209,1.0,0.3467862481315396,0.6532137518684604
28,763,Gpd1,3.9997532,3.0071175,0.0010389249982742,0.4285714285714285,0.0627802690582959,0.3657911595131325
28,764,Smarcd2,3.9980934,2.3949196,0.0010444323054643,0.8571428571428571,0.2086696562032884,0.6484732009395686
28,765,Carhsp1,3.9980292,2.5027888,0.0010444323054643,0.8571428571428571,0.2206278026905829,0.6365150544522742
28,766,Slc25a20,3.9967685,2.8020475,0.0010489623356609,0.5714285714285714,0.1047832585949177,0.4666453128336536
28,767,Gng5,3.996336,2.278157,0.0010498342627179,1.0,0.577727952167414,0.422272047832586
28,768,Rbmxl1,3.9959657,2.7085056,0.001050431380213,0.8571428571428571,0.2412556053811659,0.6158872517616911
28,769,Pot1a,3.994199,3.0455594,0.0010572425606981,0.2857142857142857,0.0286995515695067,0.257014734144779
28,770,Zfp644,3.991923,2.4264824,0.0010663839360333,0.5714285714285714,0.0971599402092675,0.4742686312193038
28,771,Ddr1,3.991214,2.5048375,0.001068517642356,0.8571428571428571,0.2207772795216741,0.636365577621183
28,772,Rdx,3.9886785,2.508058,0.0010789325357075,0.8571428571428571,0.2186846038863976,0.6384582532564596
28,773,Mplkip,3.9876504,2.9600594,0.0010825452383268,0.7142857142857143,0.1834080717488789,0.5308776425368353
28,774,Agr2,3.9857767,3.066599,0.0010900461374314,1.0,0.5726457399103139,0.4273542600896861
28,775,Pigk,3.9851747,2.3314807,0.0010917347318712,0.7142857142857143,0.1481315396113602,0.566154174674354
28,776,Haus3,3.9832373,3.161582,0.0010995914701909,0.2857142857142857,0.0288490284005979,0.2568652573136878
28,777,Secisbp2,3.9806068,2.59732,0.0011096430875353,0.4285714285714285,0.0591928251121076,0.3693786034593209
28,778,Drosha,3.974811,2.862185,0.001134780344143,0.4285714285714285,0.0615844544095665,0.366986974161862
28,779,Capsl,3.9745135,2.7668872,0.0011350852778612,1.0,0.3713004484304932,0.6286995515695067
28,780,Pde4d,3.9723725,3.1469889,0.001143095149749,0.4285714285714285,0.0642750373692077,0.3642963912022208
28,781,Poc5,3.9695394,3.757861,0.0011556394790426,0.2857142857142857,0.0300448430493273,0.2556694426649583
28,782,Tmem131,3.968096,3.163146,0.001161522989401,0.4285714285714285,0.0644245142002989,0.3641469143711295
28,783,Gphn,3.9637802,2.9986522,0.0011815799459023,0.4285714285714285,0.0626307922272047,0.3659406363442237
28,784,Gna13,3.9480762,2.4147153,0.0012605846151926,0.7142857142857143,0.1506726457399103,0.563613068545804
28,785,Csrp2,3.9469743,3.1215034,0.0012651633393769,0.7142857142857143,0.187593423019432,0.5266922912662824
28,786,Dhx29,3.9443634,3.8041248,0.0012777812589955,0.2857142857142857,0.0304932735426008,0.2552210121716848
28,787,Sptbn1,3.942614,2.1610236,0.0012846383896563,0.8571428571428571,0.1961136023916293,0.6610292547512278
28,788,Wbscr25,3.942132,3.8610616,0.0012859737946689,0.2857142857142857,0.0310911808669656,0.2546231048473201
28,789,Pfdn6,3.9397583,2.49215,0.0012962464661499,1.0,0.3382660687593423,0.6617339312406577
28,790,Sfmbt1,3.9358625,3.6222386,0.0013149100392202,0.2857142857142857,0.0304932735426008,0.2552210121716848
28,791,Pex13,3.9310675,2.543593,0.0013363804245972,0.7142857142857143,0.1588938714499252,0.555391842835789
28,792,Pebp1,3.9310267,2.7136033,0.0013363804245972,1.0,0.544693572496263,0.4553064275037369
28,793,Sssca1,3.9308121,2.6309073,0.0013363804245972,0.8571428571428571,0.2554559043348281,0.601686952808029
28,794,Bri3bp,3.9305258,3.1341696,0.0013366860875749,0.4285714285714285,0.0651718983557548,0.3633995302156736
28,795,Asb7,3.9267077,3.5140321,0.001354733794713,0.2857142857142857,0.0304932735426008,0.2552210121716848
28,796,Ttc25,3.9260738,3.3559287,0.0013551415172122,0.2857142857142857,0.0300448430493273,0.2556694426649583
28,797,Rprd2,3.9249873,2.970972,0.0013599713114919,0.4285714285714285,0.0638266068759342,0.3647448216954943
28,798,Hspa2,3.9225035,2.3769617,0.001372759493256,0.8571428571428571,0.209118086696562,0.648024770446295
28,799,Pdap1,3.9168818,2.513085,0.0014038146816591,1.0,0.3781763826606876,0.6218236173393124
28,800,Vav2,3.9164536,3.0263042,0.0014049685585286,0.4285714285714285,0.0650224215246636,0.3635490070467648
28,801,Rcor1,3.9149375,3.4854767,0.0014124794392958,0.2857142857142857,0.0304932735426008,0.2552210121716848
28,802,Cfap20,3.9057412,2.493654,0.0014659000056867,1.0,0.3763826606875934,0.6236173393124066
28,803,Kifc3,3.905237,3.1551247,0.0014675634931364,0.2857142857142857,0.0301943198804185,0.2555199658338671
28,804,Stk39,3.9039721,3.121763,0.001473858195849,0.4285714285714285,0.0656203288490284,0.3629510997224001
28,805,Nadk2,3.8982387,2.61769,0.0015063252558707,0.4285714285714285,0.0614349775784753,0.3671364509929532
28,806,Heatr6,3.8971636,2.6477973,0.0015115918802076,0.4285714285714285,0.0617339312406577,0.3668374973307708
28,807,Cog6,3.8952463,2.7593288,0.0015221583831794,0.4285714285714285,0.0629297458893871,0.3656416826820414
28,808,Ewsr1,3.8947816,2.510117,0.0015233889425206,1.0,0.4439461883408072,0.5560538116591929
28,809,Ccdc130,3.8945923,2.6727197,0.0015233889425206,0.4285714285714285,0.0617339312406577,0.3668374973307708
28,810,Snrpa1,3.8923748,2.4028687,0.0015359346178644,0.8571428571428571,0.2209267563527653,0.6362161007900917
28,811,Cit,3.8920324,3.9505317,0.0015366536681224,0.2857142857142857,0.0312406576980568,0.2544736280162289
28,812,Riok1,3.889751,2.6819806,0.0015497108245143,0.4285714285714285,0.0623318385650224,0.3662395900064061
28,813,Qrich1,3.888283,2.885853,0.0015576460515111,0.5714285714285714,0.1147982062780269,0.4566303651505445
28,814,Ripk1,3.8725295,2.581056,0.0016587593265335,0.4285714285714285,0.0623318385650224,0.3662395900064061
28,815,Lsm10,3.872249,2.6087203,0.0016591129709603,0.7142857142857143,0.1687593423019432,0.5455263719837711
28,816,Cct7,3.8711665,2.830918,0.0016649360500573,1.0,0.4759342301943199,0.5240657698056801
28,817,Exoc3,3.8700945,2.6694202,0.0016707085344302,0.5714285714285714,0.1092675635276532,0.4621610079009182
28,818,Lias,3.8661451,3.0510504,0.0016963932512874,0.5714285714285714,0.119880418535127,0.4515481528934443
28,819,Pofut2,3.862203,2.4873226,0.0017223990311966,0.7142857142857143,0.1641255605381165,0.5501601537475977
28,820,A430005L14Rik,3.8591022,2.4718888,0.0017427683598896,0.8571428571428571,0.2115097159940209,0.6456331411488362
28,821,Wdr34,3.8541427,2.472337,0.0017768141003014,0.5714285714285714,0.104185351270553,0.4672432201580183
28,822,Man2a1,3.8458915,3.0924194,0.0018325624895653,0.2857142857142857,0.0307922272047832,0.2549220585095024
28,823,Tcp1,3.8437366,2.4576964,0.0018453039929593,1.0,0.414947683109118,0.5850523168908819
28,824,Stmn1,3.8390172,2.5121875,0.0018776451060881,0.4285714285714285,0.0623318385650224,0.3662395900064061
28,825,Ypel2,3.835634,2.9596634,0.0019019201667367,0.2857142857142857,0.030642750373692,0.2550715353405936
28,826,Cd24a,3.8348956,2.6914039,0.0019058786200274,1.0,0.6727952167414051,0.3272047832585949
28,827,Cfap53,3.8324697,3.4474096,0.0019229973607421,0.2857142857142857,0.0316890881913303,0.2540251975229554
28,828,Rph3al,3.8268952,2.9078856,0.0019652379510862,0.4285714285714285,0.0660687593423019,0.3625026692291266
28,829,Cdc20,3.8260458,3.3024497,0.0019702102927445,0.2857142857142857,0.0315396113602391,0.2541746743540465
28,830,Itpk1,3.8221252,3.150908,0.0019999615955473,0.4285714285714285,0.0681614349775784,0.36040999359385
28,831,Btbd6,3.8200445,3.107737,0.0020131978362253,0.4285714285714285,0.0683109118086696,0.3602605167627589
28,832,Mcm7,3.819102,2.7190976,0.002019046538771,0.4285714285714285,0.0639760837070254,0.3645953448644031
28,833,Aldh3a2,3.817443,2.381798,0.0020295560289358,0.5714285714285714,0.1068759342301943,0.4645526371983771
28,834,Pold3,3.8173678,3.0493374,0.0020295560289358,0.4285714285714285,0.0683109118086696,0.3602605167627589
28,835,Eif3d,3.811805,2.6560922,0.002071987545346,0.8571428571428571,0.2756352765321375,0.5815075806107195
28,836,Ttf1,3.809324,2.912836,0.0020856685132107,0.2857142857142857,0.0310911808669656,0.2546231048473201
28,837,Calm2,3.8092496,2.4354496,0.0020856685132107,1.0,0.7838565022421524,0.2161434977578475
28,838,Chchd10,3.8087294,2.8381321,0.0020856685132107,1.0,0.68101644245142,0.31898355754858
28,839,N4bp1,3.8085985,3.1137807,0.0020856685132107,0.4285714285714285,0.0695067264573991,0.3590647021140294
28,840,Sptssa,3.8065836,2.2351274,0.0021008128433482,1.0,0.5276532137518685,0.4723467862481315
28,841,Ssbp4,3.8061655,2.402022,0.0021024555611153,0.8571428571428571,0.2464872944693572,0.6106555626734999
28,842,Ccdc34,3.8055747,3.6000817,0.0021049683143087,0.7142857142857143,0.1976083707025411,0.5166773435831732
28,843,Iws1,3.8054209,2.9910252,0.0021049683143087,0.2857142857142857,0.0312406576980568,0.2544736280162289
28,844,Lca5,3.8048658,3.2725048,0.002107783066278,0.2857142857142857,0.0316890881913303,0.2540251975229554
28,845,Arl16,3.8026233,2.7681954,0.0021231133858711,0.4285714285714285,0.0656203288490284,0.3629510997224001
28,846,Lrrc73,3.8015583,3.1779006,0.0021303371074655,0.2857142857142857,0.0313901345291479,0.2543241511851377
28,847,Cdk12,3.7992103,3.001392,0.0021486775713498,0.5714285714285714,0.1243647234678624,0.4470638479607089
28,848,Piga,3.7983792,2.850101,0.0021539493283273,0.2857142857142857,0.0307922272047832,0.2549220585095024
28,849,Mif4gd,3.7972534,2.7120533,0.0021618020514341,0.8571428571428571,0.3203288490284006,0.5368140081144566
28,850,Ttc8,3.7937212,2.7921948,0.0021908298943791,0.4285714285714285,0.0659192825112107,0.3626521460602178
28,851,Mapk1ip1l,3.777242,3.2674537,0.002334635847228,0.4285714285714285,0.0720478325859491,0.3565235959854793
28,852,Ago3,3.7754767,3.0261273,0.0023478154137229,0.2857142857142857,0.0318385650224215,0.2538757206918641
28,853,Gm973,3.775216,2.9668746,0.0023478154137229,0.2857142857142857,0.0315396113602391,0.2541746743540465
28,854,Acyp1,3.774254,3.2511168,0.0023543386078516,0.7142857142857143,0.2448430493273542,0.46944266495836
28,855,Znhit1,3.7692127,2.299011,0.0024002522343208,1.0,0.4971599402092675,0.5028400597907324
28,856,Smim13,3.768724,2.6872084,0.0024028090849804,0.4285714285714285,0.0663677130044843,0.3622037155669442
28,857,H2afz,3.7679994,2.7928398,0.00240338821848,1.0,0.4482810164424514,0.5517189835575486
28,858,Glt8d2,3.7679958,3.147508,0.00240338821848,0.2857142857142857,0.0324364723467862,0.2532778133674994
28,859,Scnm1,3.7643394,2.300915,0.0024344907454818,0.8571428571428571,0.2318385650224215,0.6253042921204356
28,860,Unk,3.7619019,3.4652529,0.0024561618391667,0.2857142857142857,0.0328849028400597,0.2528293828742259
28,861,Btbd10,3.758861,2.481678,0.0024795965781235,0.4285714285714285,0.0639760837070254,0.3645953448644031
28,862,Gtf2f2,3.7562702,2.5465848,0.0025009645870126,0.5714285714285714,0.1116591928251121,0.4597693786034593
28,863,Atmin,3.7515385,3.4823396,0.0025463968832976,0.2857142857142857,0.0330343796711509,0.2526799060431347
28,864,Sumo3,3.7511647,2.3137143,0.0025479448546092,1.0,0.4278026905829596,0.5721973094170403
28,865,Ap3d1,3.7497015,2.6680036,0.002558341326193,0.4285714285714285,0.0671150971599402,0.3614563314114883
28,866,Pwwp2a,3.7392118,2.9109993,0.0026627922910296,0.2857142857142857,0.0319880418535127,0.2537262438607729
28,867,Ran,3.7378755,2.2068002,0.0026746292736094,1.0,0.680119581464873,0.319880418535127
28,868,Prpf18,3.7373085,2.855783,0.0026783108029453,0.4285714285714285,0.0684603886397608,0.3601110399316677
28,869,Naf1,3.7350123,2.974175,0.0027004962975053,0.2857142857142857,0.0321375186846038,0.2535767670296818
28,870,Pctp,3.7341528,3.1325948,0.0027073604751999,0.2857142857142857,0.0328849028400597,0.2528293828742259
28,871,Ocel1,3.732607,2.7612498,0.0027216508378551,0.4285714285714285,0.0683109118086696,0.3602605167627589
28,872,Sec11c,3.7303438,2.503607,0.0027438120145831,1.0,0.5167414050822122,0.4832585949177878
28,873,Mt2,3.7261915,2.8100638,0.0027869470829513,1.0,0.4515695067264574,0.5484304932735427
28,874,Dusp18,3.720955,2.7507148,0.0028429011865237,0.4285714285714285,0.0680119581464872,0.3605594704249412
28,875,Bcl9,3.719976,2.4879928,0.0028509863246156,0.4285714285714285,0.0660687593423019,0.3625026692291266
28,876,Asxl2,3.719797,2.5354235,0.0028509863246156,0.4285714285714285,0.0659192825112107,0.3626521460602178
28,877,Mt1,3.7186437,3.0291348,0.0028613095035501,1.0,0.7584454409566517,0.2415545590433483
28,878,Cyb561,3.7175806,2.5481622,0.0028686049714982,0.8571428571428571,0.2887892376681614,0.5683536194746956
28,879,Snapin,3.716852,2.5530732,0.0028743856320473,0.8571428571428571,0.2772795216741405,0.5798633354687166
28,880,Stk4,3.71628,2.5393944,0.0028783968556032,0.4285714285714285,0.0663677130044843,0.3622037155669442
28,881,Mxi1,3.7158523,2.771888,0.0028807705552884,0.5714285714285714,0.1186846038863976,0.4527439675421738
28,882,Eif2d,3.7146626,2.682404,0.0028910925366032,0.5714285714285714,0.1192825112107623,0.452146060217809
28,883,Ppp2r3c,3.7111206,2.682302,0.0029178114528477,0.4285714285714285,0.0680119581464872,0.3605594704249412
28,884,Trap1,3.7108712,2.3829768,0.0029178114528477,0.7142857142857143,0.1656203288490284,0.5486653854366859
28,885,Zfp719,3.7078972,2.7828271,0.0029497445389158,0.2857142857142857,0.0319880418535127,0.2537262438607729
28,886,Atat1,3.7046409,2.4087894,0.0029827628169778,0.4285714285714285,0.0657698056801195,0.3628016228913089
28,887,Ip6k1,3.7016425,2.4189553,0.003013061349426,0.5714285714285714,0.1116591928251121,0.4597693786034593
28,888,Cep63,3.6946137,3.1743796,0.003094986956582,0.4285714285714285,0.0726457399103139,0.3559256886611146
28,889,Plekha3,3.6912677,3.0371852,0.0031333091293802,0.2857142857142857,0.0328849028400597,0.2528293828742259
28,890,Fbrsl1,3.690648,2.6697562,0.0031382652878938,0.4285714285714285,0.0698056801195814,0.358765748451847
28,891,Ttc30b,3.6892126,3.8703818,0.0031533275202177,0.2857142857142857,0.0349775784753363,0.2507367072389493
28,892,Akr7a5,3.6869133,2.3783033,0.0031792262057342,1.0,0.4116591928251121,0.5883408071748879
28,893,Irgq,3.686092,2.922046,0.0031867784381921,0.2857142857142857,0.0330343796711509,0.2526799060431347
28,894,Cactin,3.682576,2.5346117,0.0032255635450213,0.4285714285714285,0.0675635276532137,0.3610079009182148
28,895,Ash2l,3.6790845,2.6636333,0.0032644776299185,0.5714285714285714,0.1195814648729446,0.4518471065556267
28,896,Ophn1,3.6713111,3.5695624,0.003359691321075,0.2857142857142857,0.0348281016442451,0.2508861840700405
28,897,Hnrnpll,3.671003,2.8731222,0.0033608902908731,0.5714285714285714,0.1319880418535127,0.4394405295750587
28,898,Frat2,3.667885,2.336616,0.0033992483392103,0.8571428571428571,0.2427503736920777,0.6143924834507793
28,899,Cript,3.6647573,2.2362049,0.0034352348366887,1.0,0.3379671150971599,0.6620328849028401
28,900,D230025D16Rik,3.663324,2.4182065,0.0034516030564544,0.5714285714285714,0.1142002989536621,0.4572282724749092
28,901,Plekha6,3.6611578,2.5100768,0.0034750478104698,0.5714285714285714,0.1162929745889387,0.4551355968396327
28,902,Rngtt,3.6602907,2.8303607,0.0034838874188754,0.2857142857142857,0.0330343796711509,0.2526799060431347
28,903,Myo18a,3.65953,3.0048454,0.0034913031123033,0.4285714285714285,0.0730941704035874,0.3554772581678411
28,904,Sf3a3,3.6585453,2.4821582,0.0035017913181355,0.7142857142857143,0.1783258594917788,0.5359598547939355
28,905,Adgra3,3.6577246,2.8511019,0.0035100668258381,0.2857142857142857,0.0331838565022421,0.2525304292120435
28,906,Tctex1d4,3.6569462,2.2878354,0.0035177800477519,0.4285714285714285,0.0668161434977578,0.3617552850736707
28,907,Napg,3.6535456,3.186422,0.0035603713527783,0.4285714285714285,0.076083707025411,0.3524877215460175
28,908,1700028P14Rik,3.6534278,2.8107483,0.0035603713527783,0.2857142857142857,0.0328849028400597,0.2528293828742259
28,909,Ap1m1,3.6521132,3.1150415,0.0035756541061817,0.4285714285714285,0.0751868460388639,0.3533845825325645
28,910,Stx18,3.6502335,2.6247897,0.0035985951114764,0.5714285714285714,0.1212257100149476,0.4502028614136237
28,911,Arl4a,3.6500406,2.2249222,0.0035985951114764,1.0,0.3366218236173393,0.6633781763826607
28,912,Sdhd,3.6476798,2.555728,0.0036287765904035,1.0,0.5343796711509716,0.4656203288490284
28,913,Armc9,3.6458054,2.955239,0.0036492328854329,0.2857142857142857,0.0334828101644245,0.2522314755498612
28,914,Wdr73,3.6416445,2.8177736,0.0036987108291112,0.4285714285714285,0.0717488789237668,0.3568225496476617
28,915,Clp1,3.6411366,2.5475879,0.003700615071675,0.7142857142857143,0.1974588938714499,0.5168268204142643
28,916,Ccdc173,3.640777,2.918109,0.0037013999761374,0.2857142857142857,0.0333333333333333,0.2523809523809524
28,917,Ptges3,3.6403892,3.0327291,0.0037013999761374,0.7142857142857143,0.2482810164424514,0.4660046978432628
28,918,Tbx1,3.6402273,2.3458304,0.0037013999761374,0.8571428571428571,0.2559043348281016,0.6012385223147554
28,919,Ogfod2,3.6336453,2.508472,0.0037940190523832,0.7142857142857143,0.1925261584454409,0.5217595558402733
28,920,Rundc1,3.6326118,2.6670845,0.0038029580813933,0.4285714285714285,0.0704035874439461,0.3581678411274823
28,921,Slc38a1,3.6311655,3.0971599,0.0038211776275067,0.4285714285714285,0.0766816143497757,0.3518898142216528
28,922,2610528J11Rik,3.6230073,2.3494494,0.0039405365060464,0.8571428571428571,0.2820627802690583,0.5750800768737988
28,923,Bmi1,3.6180067,3.006331,0.0040141314084923,0.2857142857142857,0.033931240657698,0.2517830450565876
28,924,Smc1a,3.6171641,2.4196205,0.0040238987772371,0.5714285714285714,0.1173393124065769,0.4540892590219944
28,925,Atp5s,3.6167583,2.4906719,0.0040268929181649,0.4285714285714285,0.0689088191330343,0.3596626094383942
28,926,Prkrir,3.6145778,2.9227111,0.0040575966399764,0.4285714285714285,0.0739910313901345,0.354580397181294
28,927,Ccdc17,3.6119514,2.5996678,0.0040955564399093,0.4285714285714285,0.070254110612855,0.3583173179585735
28,928,Fkbpl,3.6107779,2.528855,0.0041107529626498,0.4285714285714285,0.0695067264573991,0.3590647021140294
28,929,Qk,3.6073272,2.562393,0.0041623735260203,0.4285714285714285,0.070254110612855,0.3583173179585735
28,930,March6,3.605786,2.5495465,0.0041803011052281,0.4285714285714285,0.070254110612855,0.3583173179585735
28,931,Fut11,3.6033463,3.115347,0.0042128510618733,0.4285714285714285,0.0771300448430493,0.3514413837283792
28,932,Mmadhc,3.6025229,2.409853,0.0042220759204382,0.8571428571428571,0.2874439461883408,0.5696989109545163
28,933,1810030O07Rik,3.6023073,2.697014,0.0042220759204382,0.4285714285714285,0.0713004484304932,0.3572709801409353
28,934,Chd6,3.6021414,2.404395,0.0042220759204382,0.5714285714285714,0.1173393124065769,0.4540892590219944
28,935,Mthfd2,3.600796,2.7257967,0.0042405277301922,0.2857142857142857,0.0340807174887892,0.2516335682254965
28,936,Endov,3.6005766,3.7875981,0.0042406494145357,0.2857142857142857,0.0364723467862481,0.2492419389280375
28,937,Dnah6,3.599761,2.9225645,0.0042505125563018,0.2857142857142857,0.0342301943198804,0.2514840913944053
28,938,Nudt4,3.5964394,2.2183363,0.0043016308335945,1.0,0.363677130044843,0.636322869955157
28,939,Stk16,3.5922546,2.1455154,0.0043606868112073,0.8571428571428571,0.2316890881913303,0.6254537689515267
28,940,Naaa,3.5916464,2.7296474,0.0043673374439372,0.4285714285714285,0.0721973094170403,0.3563741191543882
28,941,Tars,3.587518,2.4765804,0.0044298722021794,0.5714285714285714,0.1213751868460388,0.4500533845825325
28,942,Zfp655,3.5864935,2.728256,0.004443708406959,0.4285714285714285,0.0723467862481315,0.356224642323297
28,943,Usp47,3.5842438,2.6637468,0.0044785633390257,0.5714285714285714,0.1279521674140508,0.4434764040145206
28,944,Smarca4,3.5824907,2.3467982,0.0045050969147695,0.7142857142857143,0.1825112107623318,0.5317745035233825
28,945,Babam1,3.5808907,2.4718645,0.0045291217196528,0.8571428571428571,0.3088191330343797,0.5483237241084774
28,946,Rnaseh2c,3.5795288,2.5944688,0.0045491198420171,0.8571428571428571,0.3149476831091181,0.542195174033739
28,947,Fto,3.5786338,2.7029886,0.0045610492690457,0.5714285714285714,0.130642750373692,0.4407858210548793
28,948,Immp1l,3.57533,2.3190951,0.0046153220401671,0.8571428571428571,0.2849028400597907,0.5722400170830664
28,949,Myl4,3.5739021,2.2426918,0.0046368488704804,0.2857142857142857,0.0334828101644245,0.2522314755498612
28,950,Fam126a,3.5730495,2.6584065,0.0046482416588988,0.2857142857142857,0.0337817638266068,0.2519325218876788
28,951,Atxn3,3.5678916,2.7789712,0.0047368782859233,0.2857142857142857,0.0346786248131539,0.2510356609011317
28,952,Alkbh6,3.5652819,2.1858764,0.0047727740843905,0.8571428571428571,0.2369207772795216,0.6202220798633354
28,953,Asun,3.5647526,2.336015,0.004778590352593,0.4285714285714285,0.0695067264573991,0.3590647021140294
28,954,Tpr,3.5645046,2.5783794,0.0047792849627504,0.7142857142857143,0.2040358744394619,0.5102498398462524
28,955,Adck5,3.5637488,3.2501535,0.0047892442853821,0.4285714285714285,0.0787742899850523,0.3497971385863762
28,956,Iqck,3.561403,2.7675655,0.004828389451268,0.2857142857142857,0.0342301943198804,0.2514840913944053
28,957,Golga3,3.560894,3.2587068,0.0048339029139465,0.2857142857142857,0.0357249626307922,0.2499893230834934
28,958,Brf2,3.5541003,3.2542515,0.0049526145024859,0.2857142857142857,0.0358744394618834,0.2498398462524023
28,959,Eif2b5,3.552329,2.2857533,0.0049802784909138,0.5714285714285714,0.1179372197309417,0.4534913516976296
28,960,Ctnnbl1,3.5521955,2.4929264,0.0049802784909138,0.5714285714285714,0.1240657698056801,0.4473628016228912
28,961,Slc9a3r1,3.5519626,2.1884208,0.0049802784909138,1.0,0.4590433482810164,0.5409566517189835
28,962,Pacs2,3.548557,3.2918527,0.0050319516204309,0.2857142857142857,0.0360239162929745,0.2496903694213111
28,963,Agpat3,3.547961,2.4499016,0.0050374126810876,0.5714285714285714,0.1228699551569506,0.4485586162716207
28,964,Vrk3,3.5471919,2.423065,0.0050441630749189,0.7142857142857143,0.1946188340807174,0.5196668802049969
28,965,Shq1,3.5429578,3.4191077,0.0051156051483684,0.2857142857142857,0.0364723467862481,0.2492419389280375
28,966,Rbm43,3.5407498,2.6584535,0.0051438502471522,0.4285714285714285,0.0732436472346786,0.3553277813367499
28,967,Ptrhd1,3.538378,2.1942759,0.005182833109831,0.7142857142857143,0.1762331838565022,0.5380525304292121
28,968,Ttr,3.5373862,4.87735,0.0051982607672815,0.2857142857142857,0.0384155455904334,0.2472987401238522
28,969,Haus4,3.53688,3.0112233,0.0052041486073152,0.2857142857142857,0.0354260089686098,0.2502882767456758
28,970,Agtpbp1,3.5357115,2.789137,0.0052231281442818,0.2857142857142857,0.0348281016442451,0.2508861840700405
28,971,C2cd5,3.5303538,3.4496813,0.0053258903510451,0.2857142857142857,0.0364723467862481,0.2492419389280375
28,972,Xaf1,3.5274057,2.1951342,0.0053771358074111,0.5714285714285714,0.1161434977578475,0.4552850736707238
28,973,Ssna1,3.523372,2.4052246,0.0054553864724684,1.0,0.3947683109118087,0.6052316890881912
28,974,Nup188,3.5198393,2.8385127,0.0055242505654476,0.2857142857142857,0.0354260089686098,0.2502882767456758
28,975,H2-Q7,3.519577,2.9561443,0.0055254062527375,0.2857142857142857,0.0360239162929745,0.2496903694213111
28,976,Nedd4l,3.5193267,2.3096921,0.005526315528425,0.5714285714285714,0.1207772795216741,0.4506512919068972
28,977,Med27,3.5182319,2.0952291,0.0055448496492986,0.5714285714285714,0.1144992526158445,0.4569293188127268
28,978,Usp21,3.5161877,2.8408422,0.0055833723765214,0.2857142857142857,0.0354260089686098,0.2502882767456758
28,979,Kctd6,3.5124314,3.0364883,0.0056540990495393,0.4285714285714285,0.0805680119581464,0.348003416613282
28,980,Asb3,3.5116792,2.3581955,0.0056657275741699,0.4285714285714285,0.0717488789237668,0.3568225496476617
28,981,Mrpl28,3.5080812,2.1758642,0.0057384615561838,1.0,0.4771300448430493,0.5228699551569507
28,982,Vrk1,3.5059528,2.834132,0.0057793567655669,0.4285714285714285,0.0766816143497757,0.3518898142216528
28,983,Qser1,3.5057793,2.81035,0.0057793567655669,0.2857142857142857,0.035575485799701,0.2501387999145846
28,984,Pip5k1b,3.500884,2.6489248,0.0058774575536483,0.2857142857142857,0.0357249626307922,0.2499893230834934
28,985,Ahsa1,3.4999151,2.3919575,0.0058943069206062,1.0,0.3965620328849028,0.6034379671150971
28,986,Nek9,3.4979606,3.4773564,0.0059285171424997,0.2857142857142857,0.0373692077727952,0.2483450779414904
28,987,Lsm12,3.4934413,2.3877957,0.0060251257211869,0.5714285714285714,0.1237668161434977,0.4476617552850736
28,988,Ccdc146,3.4863362,2.7824607,0.006173193972968,0.2857142857142857,0.0357249626307922,0.2499893230834934
28,989,Epn1,3.4804966,2.1180482,0.0063044978674898,0.8571428571428571,0.2420029895366218,0.6151398676062353
28,990,Ganc,3.4791806,2.8276172,0.0063246469077942,0.2857142857142857,0.0361733931240657,0.2495408925902199
28,991,Rassf6,3.479132,2.4646702,0.0063246469077942,0.4285714285714285,0.0742899850523168,0.3542814435191116
28,992,Gpx7,3.4790251,2.3413208,0.0063246469077942,0.4285714285714285,0.0729446935724962,0.3556267349989322
28,993,Rprd1b,3.4765549,2.4508128,0.0063734283866826,0.4285714285714285,0.0736920777279521,0.3548793508434764
28,994,Phkg2,3.475057,2.5578616,0.0064042280950732,0.5714285714285714,0.132286995515695,0.4391415759128763
28,995,Ezh2,3.4735882,2.5899405,0.0064344613498402,0.2857142857142857,0.035575485799701,0.2501387999145846
28,996,Rnf25,3.468595,2.717876,0.0065452288455709,0.4285714285714285,0.0768310911808669,0.3517403373905616
28,997,Ppp1r35,3.4669318,2.9694095,0.0065808455374629,0.7142857142857143,0.2560538116591928,0.4582319026265214
28,998,2310030G06Rik,3.4659796,2.520647,0.0065991671956855,0.5714285714285714,0.1334828101644245,0.4379457612641468
28,999,Fmr1,3.461697,2.2914119,0.0066948642870958,0.4285714285714285,0.0718983557548579,0.3566730728165705
28,1000,Hmbox1,3.4608681,2.9468863,0.0067104076893542,0.2857142857142857,0.0366218236173393,0.2490924620969463
28,1001,Ankle2,3.4566026,3.0218735,0.0068123419225104,0.2857142857142857,0.0370702541106128,0.2486440316036728
28,1002,Rnf126,3.454494,2.4084122,0.00686062898407,0.7142857142857143,0.209118086696562,0.5051676275891522
28,1003,Ebp,3.4524038,2.1200764,0.0069087590431104,1.0,0.5083707025411062,0.4916292974588938
28,1004,Hras,3.4490001,2.3509545,0.006991133559798,1.0,0.4968609865470852,0.5031390134529148
28,1005,Dis3l2,3.446884,3.3895643,0.0070407859885425,0.2857142857142857,0.0382660687593423,0.2474482169549434
28,1006,Ikbkg,3.445365,2.4959843,0.0070751197505944,0.4285714285714285,0.0757847533632287,0.3527866752081998
28,1007,Klhdc3,3.438186,2.4654858,0.0072544156901328,0.4285714285714285,0.0762331838565022,0.3523382447149263
28,1008,Sec14l3,3.4366896,2.5727522,0.0072844884711303,0.8571428571428571,0.4693572496263079,0.3877856075165491
28,1009,Exosc3,3.4366567,2.1108792,0.0072844884711303,0.8571428571428571,0.2569506726457399,0.6001921844971172
28,1010,Hmgb2,3.4248595,2.4396608,0.0075853686180941,1.0,0.5869955156950672,0.4130044843049327
28,1011,Akr1b3,3.4228148,2.4323883,0.0076369086984686,0.5714285714285714,0.1324364723467862,0.4389920990817851
28,1012,Rab3ip,3.422069,2.3031306,0.0076521420863101,0.8571428571428571,0.3029895366218236,0.5541533205210335
28,1013,Msl3,3.4211476,2.597961,0.0076699687556001,0.4285714285714285,0.0774289985052316,0.3511424300661968
28,1014,Gmpr,3.4210284,2.9974396,0.0076699687556001,0.5714285714285714,0.1553064275037369,0.4161221439248345
28,1015,Syt5,3.4195273,2.5321834,0.0077066337488331,0.2857142857142857,0.0361733931240657,0.2495408925902199
28,1016,Isca1,3.418487,2.1705153,0.0077287307193589,0.5714285714285714,0.1213751868460388,0.4500533845825325
28,1017,Anks1,3.4183407,3.2320225,0.0077287307193589,0.2857142857142857,0.0385650224215246,0.247149263292761
28,1018,Hspb11,3.417345,2.360608,0.0077512571444702,0.7142857142857143,0.1953662182361734,0.5189194960495409
28,1019,Pop7,3.4113948,2.3668113,0.0079046968532155,0.7142857142857143,0.2125560538116591,0.5017296604740551
28,1020,Exoc5,3.4092367,2.410463,0.0079615682638337,0.4285714285714285,0.0751868460388639,0.3533845825325645
28,1021,Zfp777,3.4072366,3.230621,0.0080141679236929,0.2857142857142857,0.0385650224215246,0.247149263292761
28,1022,Ubr7,3.4036295,2.8379605,0.008108661967075,0.2857142857142857,0.0373692077727952,0.2483450779414904
28,1023,Arhgap27os1,3.4017189,2.8834343,0.0081473898530634,0.2857142857142857,0.0378176382660687,0.2478966474482169
28,1024,Cbfb,3.400057,2.65218,0.0081909905008432,0.5714285714285714,0.1363228699551569,0.4351057014734144
28,1025,AI987944,3.3998506,3.287752,0.0081911094764657,0.2857142857142857,0.0390134529147982,0.2467008327994874
28,1026,Pnkp,3.3945992,2.2457695,0.0083436488554197,0.5714285714285714,0.1266068759342302,0.4448216954943412
28,1027,Hddc2,3.3933423,2.4958382,0.0083696382826011,0.5714285714285714,0.1327354260089686,0.4386931454196028
28,1028,Ppp2r5d,3.3885539,2.8481696,0.0085108626108162,0.2857142857142857,0.0379671150971599,0.2477471706171257
28,1029,Ubl4a,3.387399,2.0932417,0.0085348748589391,0.8571428571428571,0.2660687593423019,0.5910740978005551
28,1030,Wrb,3.3873763,2.9132962,0.0085348748589391,0.2857142857142857,0.0379671150971599,0.2477471706171257
28,1031,Ubfd1,3.383317,2.5394545,0.008642915216982,0.5714285714285714,0.1400597907324364,0.4313687806961349
28,1032,Fam134b,3.3742795,2.7950504,0.0089056266116708,0.5714285714285714,0.1458893871449925,0.4255391842835788
28,1033,Pan3,3.3742766,2.79409,0.0089056266116708,0.2857142857142857,0.0381165919282511,0.2475976937860345
28,1034,K230010J24Rik,3.373834,2.8488026,0.0089134269957733,0.2857142857142857,0.0379671150971599,0.2477471706171257
28,1035,Rab23,3.3718057,2.5197763,0.0089633687913028,0.2857142857142857,0.037219730941704,0.2484945547725816
28,1036,Srrt,3.3716903,2.4660387,0.0089633687913028,0.5714285714285714,0.1366218236173393,0.4348067478112321
28,1037,Pop4,3.3696253,2.2041209,0.0090241977735159,0.4285714285714285,0.0750373692077727,0.3535340593636558
28,1038,Pdss2,3.3690321,3.6865432,0.0090330034244214,0.2857142857142857,0.0400597907324364,0.2456544949818492
28,1039,Znrd1as,3.368954,2.2234852,0.0090330034244214,0.4285714285714285,0.0754857997010463,0.3530856288703822
28,1040,Wdr33,3.365305,2.670295,0.0091351041129092,0.4285714285714285,0.0808669656203288,0.3477044629510997
28,1041,Nhlrc2,3.3653016,2.648252,0.0091351041129092,0.2857142857142857,0.0376681614349775,0.2480461242793081
28,1042,Chtf8,3.3649778,2.1493578,0.0091351041129092,0.5714285714285714,0.123168908819133,0.4482596626094384
28,1043,Snx14,3.360275,2.6808608,0.0092675082488816,0.4285714285714285,0.0816143497757847,0.3469570787956438
28,1044,Tfdp2,3.359717,2.1778808,0.0092795169454782,0.4285714285714285,0.074439461883408,0.3541319666880205
28,1045,Mast2,3.3591423,3.075878,0.0092920935696198,0.2857142857142857,0.0391629297458893,0.2465513559683963
28,1046,Fam210b,3.3567302,2.5257666,0.0093667408481572,0.5714285714285714,0.1409566517189835,0.4304719197095878
28,1047,Ift81,3.3563633,2.6251552,0.0093723951817684,0.4285714285714285,0.0801195814648729,0.3484518471065556
28,1048,Arl3,3.3556998,2.283582,0.0093881131764773,0.8571428571428571,0.4161434977578475,0.4409993593850095
28,1049,Anapc7,3.3548176,2.332586,0.0094112942357805,0.4285714285714285,0.0774289985052316,0.3511424300661968
28,1050,Gas2l1,3.3538814,2.4994845,0.0094274340722727,0.5714285714285714,0.1408071748878923,0.430621396540679
28,1051,Mtg1,3.3537445,2.640113,0.0094274340722727,0.4285714285714285,0.0808669656203288,0.3477044629510997
28,1052,Tmem97,3.3498654,2.8508613,0.0095535591219112,0.2857142857142857,0.0390134529147982,0.2467008327994874
28,1053,Abt1,3.3456466,2.3677068,0.0096861647553646,0.5714285714285714,0.1327354260089686,0.4386931454196028
28,1054,Adgre5,3.345646,2.7904944,0.0096861647553646,0.5714285714285714,0.1563527653213751,0.4150758061071962
28,1055,Tcea3,3.3394496,2.5595386,0.0098693501326866,0.7142857142857143,0.2464872944693572,0.467798419816357
28,1056,Sec24c,3.338973,2.257253,0.0098792241409967,0.5714285714285714,0.1312406576980568,0.4401879137305146
28,1057,Tprkb,3.336361,2.5014408,0.0099511341645046,0.4285714285714285,0.0783258594917787,0.3502455690796497
28,1058,Setd1a,3.3341725,2.8961065,0.0100225998192371,0.2857142857142857,0.0390134529147982,0.2467008327994874
28,1059,Cbx3,3.3327732,3.1310623,0.0100659500902848,0.2857142857142857,0.0399103139013452,0.2458039718129404
28,1060,Ift20,3.3320713,2.6968417,0.0100769914242213,0.8571428571428571,0.510762331838565,0.3463805253042921
28,1061,Zyg11b,3.3318706,2.5944643,0.0100770813560744,0.2857142857142857,0.0384155455904334,0.2472987401238522
28,1062,Ak6,3.3296132,2.262703,0.0101518939833634,0.7142857142857143,0.2071748878923766,0.5071108263933376
28,1063,Fam160b1,3.3289223,2.7586954,0.0101698736404403,0.2857142857142857,0.038863976083707,0.2468503096305787
28,1064,Chchd6,3.3279119,2.12331,0.0101995742648077,0.8571428571428571,0.273542600896861,0.5836002562459961
28,1065,Lyrm4,3.3267024,2.9287755,0.0102294029340927,0.2857142857142857,0.0393124065769805,0.2464018791373051
28,1066,Efcab1,3.324847,2.3991988,0.0102831219670715,0.2857142857142857,0.037219730941704,0.2484945547725816
28,1067,1110059E24Rik,3.3201444,2.124856,0.0104157998959607,0.5714285714285714,0.1252615844544095,0.4461669869741618
28,1068,Ppm1b,3.3200865,2.2347193,0.0104157998959607,0.5714285714285714,0.1292974588938714,0.4421311125346999
28,1069,Acot13,3.316201,2.2903652,0.0105468234075553,0.8571428571428571,0.3206278026905829,0.5365150544522741
28,1070,Erdr1,3.3129923,2.1177459,0.010661052639835,0.5714285714285714,0.1255605381165919,0.4458680333119794
28,1071,Chd4,3.3118296,2.2876806,0.0106979338572271,0.8571428571428571,0.3131539611360239,0.5439888960068332
28,1072,Rdh11,3.3111565,2.880074,0.0107086272145352,0.2857142857142857,0.0394618834080717,0.2462524023062139
28,1073,Lyar,3.3084478,2.7566755,0.0108051576724976,0.5714285714285714,0.1581464872944693,0.413282084134102
28,1074,Trim27,3.3039215,2.8433917,0.0109657288222257,0.5714285714285714,0.1566517189835575,0.4147768524450138
28,1075,Ctdp1,3.3006425,2.7483778,0.0110862795627019,0.2857142857142857,0.0393124065769805,0.2464018791373051
28,1076,Papd7,3.3004618,2.6111538,0.0110862795627019,0.2857142857142857,0.0390134529147982,0.2467008327994874
28,1077,Arih1,3.3000858,2.1914718,0.0110933779903707,0.5714285714285714,0.1303437967115097,0.4410847747170616
28,1078,Gm1673,3.2980611,2.688083,0.0111658624277865,0.2857142857142857,0.038863976083707,0.2468503096305787
28,1079,Ndufaf7,3.2940001,2.0867763,0.0113205264718385,0.7142857142857143,0.1982062780269058,0.5160794362588085
28,1080,Nup93,3.290581,2.6164386,0.0114430118144005,0.2857142857142857,0.0390134529147982,0.2467008327994874
28,1081,Ddb1,3.2845232,2.084959,0.011683718217994,0.8571428571428571,0.2970104633781764,0.5601323937646807
28,1082,Tmem54,3.2818358,3.2180297,0.0117792130807453,0.4285714285714285,0.0941704035874439,0.3344010249839846
28,1083,Hdhd2,3.2812312,2.3291273,0.0117902001816898,0.5714285714285714,0.1366218236173393,0.4348067478112321
28,1084,Stard7,3.2811804,2.87279,0.0117902001816898,0.4285714285714285,0.086846038863976,0.3417253897074525
28,1085,Arl8b,3.278078,2.4861147,0.011907890125326,0.5714285714285714,0.1434977578475336,0.4279308135810378
28,1086,Slc10a7,3.2779856,2.8375964,0.011907890125326,0.2857142857142857,0.0402092675635276,0.245505018150758
28,1087,Fbxl17,3.2759194,2.8492587,0.0119870256754326,0.2857142857142857,0.0403587443946188,0.2453555413196668
28,1088,Vbp1,3.2750757,2.3007715,0.0120145495381076,0.7142857142857143,0.2056801195814648,0.5086055947042494
28,1089,Fam69a,3.2742038,2.8258164,0.012043335361463,0.2857142857142857,0.0403587443946188,0.2453555413196668
28,1090,Stk40,3.2734025,2.738979,0.0120691709521007,0.4285714285714285,0.0846038863976083,0.3439675421738202
28,1091,Pin1,3.2698963,2.1273851,0.012211304300431,1.0,0.419880418535127,0.580119581464873
28,1092,Cog7,3.2675765,2.5929017,0.0123033054854522,0.4285714285714285,0.0850523168908819,0.3435191116805466
28,1093,Ccdc92,3.2671757,3.4409544,0.0123064068144141,0.2857142857142857,0.0417040358744394,0.2440102498398462
28,1094,Gmcl1,3.2668638,2.1843092,0.0123064068144141,0.4285714285714285,0.0775784753363228,0.3509929532351057
28,1095,Lsm3,3.2661781,2.1562235,0.012313136882197,0.7142857142857143,0.1943198804185351,0.5199658338671792
28,1096,Ttc9,3.2655628,2.0185838,0.0123314235146886,0.8571428571428571,0.2747384155455904,0.5824044415972667
28,1097,Cmss1,3.2653089,2.9483917,0.012334002901969,0.2857142857142857,0.04050822122571,0.2452060644885756
28,1098,Flii,3.2642674,2.181631,0.0123709241961756,0.5714285714285714,0.1337817638266068,0.4376468076019645
28,1099,Gtf2b,3.2637334,2.589575,0.0123857481552974,0.8571428571428571,0.3617339312406577,0.4954089259021993
28,1100,Cstf2,3.262549,3.1630352,0.0124205681903124,0.2857142857142857,0.0414050822122571,0.2443092035020286
28,1101,Clk2,3.2599058,2.79498,0.0125282957642494,0.2857142857142857,0.0403587443946188,0.2453555413196668
28,1102,Fam193a,3.2589579,2.594581,0.0125604114995397,0.2857142857142857,0.0397608370702541,0.2459534486440316
28,1103,Mars,3.258791,2.845391,0.0125604114995397,0.4285714285714285,0.0893871449925261,0.3391842835789024
28,1104,Arl6ip4,3.2582614,2.310406,0.0125752728308748,0.7142857142857143,0.2258594917787743,0.48842622250694
28,1105,0610009B22Rik,3.257747,2.053483,0.0125894804602616,0.8571428571428571,0.2847533632286995,0.5723894939141576
28,1106,Cdv3,3.256404,2.455024,0.0126319196940284,0.5714285714285714,0.1448430493273542,0.4265855221012171
28,1107,Hdac10,3.2559338,3.3215585,0.0126442203378187,0.2857142857142857,0.042152466367713,0.2435618193465727
28,1108,Wbp11,3.2529721,2.596168,0.0127680361173616,0.5714285714285714,0.1523168908819133,0.4191116805466581
28,1109,Psmc4,3.252641,2.0739589,0.0127742169127207,1.0,0.543796711509716,0.456203288490284
28,1110,Chchd4,3.248325,2.2136443,0.0129519426509926,0.7142857142857143,0.2179372197309417,0.4963484945547726
28,1111,Ano6,3.2420726,2.1778128,0.0132125202852948,0.4285714285714285,0.0802690582959641,0.3483023702754644
28,1112,Ids,3.2400165,2.8408475,0.0132901210349682,0.2857142857142857,0.0409566517189835,0.2447576339953021
28,1113,Rilpl2,3.2377975,2.2471035,0.0133757877843672,0.7142857142857143,0.2245142002989536,0.4897715139867606
28,1114,Phf3,3.2356143,2.550566,0.0134602730010096,0.5714285714285714,0.1491778774289985,0.4222506939995729
28,1115,Chic2,3.2298038,2.2522345,0.0137275497800257,0.8571428571428571,0.3819133034379671,0.47522955370489
28,1116,Rab15,3.2285657,2.5468333,0.013768507945973,0.5714285714285714,0.1566517189835575,0.4147768524450138
28,1117,Zc2hc1c,3.2262518,2.7034545,0.0138709515605171,0.2857142857142857,0.0406576980568011,0.2450565876574845
28,1118,Yif1b,3.2197082,2.2047844,0.0141532997998731,0.8571428571428571,0.3400597907324365,0.5170830664104207
28,1119,Upp2,3.2150385,3.0158026,0.0143565995952008,0.2857142857142857,0.042152466367713,0.2435618193465727
28,1120,Prkrip1,3.2148163,2.1867604,0.0143580826259387,0.5714285714285714,0.1376681614349775,0.4337604099935938
28,1121,Sos2,3.21446,2.7356424,0.0143662838377046,0.2857142857142857,0.0409566517189835,0.2447576339953021
28,1122,Banf1,3.2103243,2.004192,0.0145648513669633,1.0,0.4617339312406577,0.5382660687593424
28,1123,Ddx41,3.20637,2.538077,0.014746745373456,0.5714285714285714,0.1493273542600897,0.4221012171684817
28,1124,Wdfy1,3.2010658,3.4967139,0.0150008614011166,0.2857142857142857,0.0442451420029895,0.2414691437112961
28,1125,Snx5,3.2005935,2.3320942,0.0150154447957308,0.7142857142857143,0.2206278026905829,0.4936579115951313
28,1126,Triobp,3.197453,2.6726925,0.0151697691706045,0.4285714285714285,0.0878923766816143,0.3406790518898142
28,1127,Tnks2,3.19656,2.4016325,0.0152066779504964,0.4285714285714285,0.0850523168908819,0.3435191116805466
28,1128,B230219D22Rik,3.193287,2.2470589,0.0153698545017298,0.5714285714285714,0.1399103139013452,0.4315182575272261
28,1129,Pim2,3.191421,2.9762273,0.0154591774992963,0.2857142857142857,0.0424514200298953,0.2432628656843903
28,1130,Gse1,3.187255,2.5618594,0.015662750091851,0.4285714285714285,0.0875934230194319,0.3409780055519965
28,1131,Wdyhv1,3.1861367,2.525539,0.0157025349159098,0.4285714285714285,0.0866965620328849,0.3418748665385436
28,1132,Nhp2,3.178913,2.2262592,0.0160778124855889,0.8571428571428571,0.4488789237668161,0.4082639333760409
28,1133,Nbn,3.1782827,2.6589484,0.0160914718389858,0.2857142857142857,0.0415545590433482,0.2441597266709374
28,1134,Tipin,3.1772313,2.6368682,0.0161392410366495,0.4285714285714285,0.0889387144992526,0.3396327140721759
28,1135,Lsm2,3.1747634,2.2341583,0.0162556023618716,0.7142857142857143,0.2266068759342302,0.487678838351484
28,1136,Braf,3.1732063,2.6625226,0.0163214623963414,0.2857142857142857,0.0415545590433482,0.2441597266709374
28,1137,Nudt1,3.1725736,2.068688,0.0163462926491443,0.5714285714285714,0.1352765321375187,0.4361520392910527
28,1138,Mbd1,3.1688373,2.5233378,0.016514304888422,0.2857142857142857,0.0412556053811659,0.2444586803331198
28,1139,Phf21a,3.1656406,2.1358516,0.0166749092535035,0.4285714285714285,0.0825112107623318,0.3460602178090967
28,1140,Ube2m,3.1652887,2.7692134,0.0166841273817718,0.7142857142857143,0.293423019431988,0.4208626948537262
28,1141,Ccl27a,3.1641278,2.5612943,0.0167288551723824,0.4285714285714285,0.0892376681614349,0.3393337604099936
28,1142,Fam122a,3.1571248,2.100652,0.0170910627560703,0.5714285714285714,0.1381165919282511,0.4333119795003203
28,1143,Kif3b,3.1553535,3.1879086,0.0171839361654548,0.2857142857142857,0.0439461883408071,0.2417680973734785
28,1144,Ubn2,3.1548145,2.4072912,0.0172044702270518,0.4285714285714285,0.0869955156950672,0.3415759128763613
28,1145,Iqgap1,3.1535263,2.0223796,0.0172693005695092,0.8571428571428571,0.3200298953662182,0.5371129617766388
28,1146,Rnf26,3.1517327,2.622728,0.0173643913864094,0.2857142857142857,0.0418535127055306,0.243860773008755
28,1147,Coa6,3.1492503,2.4282596,0.0175011594288543,0.5714285714285714,0.1582959641255605,0.4131326073030108
28,1148,Smad5,3.1487987,2.6590548,0.0175076955871924,0.4285714285714285,0.0913303437967115,0.337241084774717
28,1149,Ift172,3.1475403,2.0655062,0.0175694959208291,0.5714285714285714,0.1394618834080717,0.4319666880204996
28,1150,Oxct1,3.1436913,2.549958,0.0177675322008868,0.7142857142857143,0.2490284005979073,0.465257313687807
28,1151,Smim8,3.1427643,2.1119587,0.0178123265049109,0.5714285714285714,0.1399103139013452,0.4315182575272261
28,1152,Hap1,3.1388218,2.3954978,0.0180186355121826,0.2857142857142857,0.0420029895366218,0.2437112961776638
28,1153,Sik3,3.1364622,2.7939034,0.0181407631858799,0.2857142857142857,0.04304932735426,0.2426649583600256
28,1154,Nap1l1,3.1340442,2.4409938,0.0182790965495245,0.7142857142857143,0.2759342301943199,0.4383514840913944
28,1155,Sec23ip,3.1284935,2.5729542,0.0185918392121104,0.2857142857142857,0.0427503736920777,0.2429639120222079
28,1156,Pkd1,3.1282601,2.7612596,0.0185946151949357,0.2857142857142857,0.0431988041853512,0.2425154815289344
28,1157,Dap3,3.1236684,2.3933077,0.0188445899657589,0.7142857142857143,0.2527653213751868,0.4615203929105274
28,1158,Pdlim7,3.1224103,2.3122485,0.018907185580899,0.4285714285714285,0.0857997010463378,0.3427717275250907
28,1159,Zfp110,3.1215515,2.5265143,0.0189399818928177,0.2857142857142857,0.0423019431988041,0.2434123425154815
28,1160,Clasp1,3.1211603,2.5804482,0.0189510870886307,0.2857142857142857,0.0426008968609865,0.2431133888532991
28,1161,Slc35e1,3.1194735,2.867541,0.0190477257137556,0.2857142857142857,0.0437967115097159,0.2419175742045697
28,1162,Capn10,3.1149297,2.4867437,0.0193064622797801,0.2857142857142857,0.0424514200298953,0.2432628656843903
28,1163,Dvl1,3.1070666,2.607283,0.0197894755648964,0.2857142857142857,0.04304932735426,0.2426649583600256
28,1164,Sys1,3.106187,2.0021706,0.0198357585347216,1.0,0.547085201793722,0.452914798206278
28,1165,Tulp3,3.1058547,2.4217286,0.0198454061787854,0.4285714285714285,0.0872944693572496,0.3412769592141789
28,1166,Atp6v0e2,3.1007085,3.247156,0.0201549942580918,0.4285714285714285,0.1035874439461883,0.3249839846252402
28,1167,Nvl,3.0998547,2.419964,0.0202003137249239,0.2857142857142857,0.0424514200298953,0.2432628656843903
28,1168,Ufsp2,3.097842,2.2119675,0.0202735230768308,0.5714285714285714,0.1487294469357249,0.4226991244928464
28,1169,Sdccag8,3.0963845,2.3766682,0.0203605371578925,0.2857142857142857,0.0423019431988041,0.2434123425154815
28,1170,Ldlrad4,3.0928218,2.6052113,0.0205674448445712,0.2857142857142857,0.0431988041853512,0.2425154815289344
28,1171,Sh3bp5l,3.086361,2.9267802,0.0209666623357296,0.2857142857142857,0.044693572496263,0.2410207132180226
28,1172,Setd4,3.0855274,3.2343624,0.0210122540153033,0.2857142857142857,0.0464872944693572,0.2392269912449284
28,1173,Med1,3.0791135,2.933246,0.0214159467547664,0.2857142857142857,0.0451420029895366,0.240572282724749
28,1174,Mapk8,3.0756948,2.7285936,0.0216357882006143,0.2857142857142857,0.0442451420029895,0.2414691437112961
28,1175,Zc3h14,3.0724356,2.4945593,0.0218597202734825,0.5714285714285714,0.1621823617339312,0.4092462096946401
28,1176,Cd320,3.0715425,3.3981197,0.0219114720351418,0.4285714285714285,0.1092675635276532,0.3193038650437753
28,1177,Prpf40b,3.0702622,2.5192835,0.0219918238760928,0.2857142857142857,0.0436472346786248,0.2420670510356609
28,1178,Pfdn2,3.0693042,2.0025966,0.0220486566150691,0.8571428571428571,0.5707025411061285,0.2864403160367286
28,1179,Hdlbp,3.0621545,2.295304,0.0225398290480449,0.7142857142857143,0.2825112107623318,0.4317745035233825
28,1180,Ndufs5,3.0611086,2.379667,0.0225959751730661,0.4285714285714285,0.0910313901345291,0.3375400384368994
28,1181,Rab28,3.0610356,2.1935852,0.0225959751730661,0.7142857142857143,0.2470852017937219,0.4672005124919923
28,1182,Dazap1,3.059926,2.0270648,0.0226515552456856,0.8571428571428571,0.3846038863976084,0.4725389707452487
28,1183,Ppp2cb,3.0566838,2.2411797,0.0228837185733423,0.5714285714285714,0.1485799701046337,0.4228486013239376
28,1184,Exosc9,3.055604,2.4146192,0.0229519651199384,0.4285714285714285,0.0916292974588938,0.3369421311125347
28,1185,Ddx1,3.0532327,2.101745,0.023119729192247,0.7142857142857143,0.2219730941704036,0.4923126201153107
28,1186,Mul1,3.0512846,2.6551125,0.0232268881361971,0.4285714285714285,0.0973094170403587,0.3312620115310698
28,1187,Blzf1,3.0510714,2.0544775,0.0232289415261793,0.4285714285714285,0.0856502242152466,0.3429212043561819
28,1188,Foxa2,3.0486631,3.381372,0.0234014176339188,0.2857142857142857,0.0478325859491778,0.2378816997651078
28,1189,D030056L22Rik,3.0472174,2.8103735,0.0234996843102491,0.4285714285714285,0.10254110612855,0.3260303224428784
28,1190,Qsox2,3.0454917,2.7706068,0.0236203112610382,0.2857142857142857,0.0451420029895366,0.240572282724749
28,1191,Pbrm1,3.0429585,2.3510594,0.0238053009031962,0.5714285714285714,0.1606875934230194,0.410740978005552
28,1192,Daglb,3.04048,2.173901,0.0239724056493969,0.4285714285714285,0.0890881913303437,0.3394832372410847
28,1193,Ep400,3.0393975,2.3466353,0.0240438266900708,0.4285714285714285,0.0913303437967115,0.337241084774717
28,1194,Nup214,3.032245,2.4272716,0.0245339498692961,0.2857142857142857,0.0443946188340807,0.2413196668802049
28,1195,Mlec,3.031476,2.52402,0.0245773902155383,0.5714285714285714,0.1778774289985052,0.3935511424300661
28,1196,Gtf2i,3.0279462,2.1257913,0.0248356993220678,0.7142857142857143,0.2505231689088191,0.4637625453768951
28,1197,Fyco1,3.0269186,2.5823765,0.0249049663064645,0.2857142857142857,0.0452914798206278,0.2404228058936579
28,1198,Brd4,3.0229027,2.2025428,0.0252068677062378,0.5714285714285714,0.1553064275037369,0.4161221439248345
28,1199,Slc25a46,3.0223982,2.1594949,0.0252334265259354,0.4285714285714285,0.088490284005979,0.3400811445654494
28,1200,Gas8,3.01523,2.3775878,0.0257585475309385,0.4285714285714285,0.0931240657698056,0.3354473628016228
28,1201,Nup50,3.0097136,2.3431845,0.0261829339078693,0.4285714285714285,0.0922272047832585,0.3363442237881699
28,1202,Enpp4,3.0069518,3.263225,0.0263897638105566,0.2857142857142857,0.0488789237668161,0.2368353619474695
28,1203,Phf14,3.0052938,2.5141594,0.0264803660113263,0.4285714285714285,0.0970104633781763,0.3315609651932522
28,1204,4932438A13Rik,3.005169,2.4899395,0.0264803660113263,0.2857142857142857,0.0454409566517189,0.2402733290625667
28,1205,Ahcyl1,3.0037775,2.5776584,0.0265856014471562,0.4285714285714285,0.0988041853512705,0.329767243220158
28,1206,Pck2,2.9987054,2.4115324,0.0269665953638681,0.4285714285714285,0.0955156950672645,0.3330557335041639
28,1207,Mtpn,2.9975402,2.2051938,0.0270534894370328,0.5714285714285714,0.1575485799701046,0.4138799914584667
28,1208,2700046G09Rik,2.9968195,3.537599,0.0271011004211943,0.2857142857142857,0.0485799701046337,0.2371343156096519
28,1209,Galk2,2.9953396,2.0350666,0.0272164715375332,0.5714285714285714,0.1472346786248131,0.4241938928037582
28,1210,Bbip1,2.9930265,2.182866,0.0274070025395536,0.5714285714285714,0.1578475336322869,0.4135810377962844
28,1211,Nek5,2.9923475,2.5128925,0.0274514519388096,0.2857142857142857,0.0451420029895366,0.240572282724749
28,1212,Ccdc137,2.9892724,2.3858962,0.0276790516033193,0.2857142857142857,0.0448430493273542,0.2408712363869314
28,1213,Tgfbr2,2.987972,2.1043963,0.0277635980475179,0.5714285714285714,0.1530642750373692,0.4183642963912022
28,1214,Stau2,2.9876678,3.4644775,0.0277744905955703,0.2857142857142857,0.0494768310911808,0.2362374546231048
28,1215,Dek,2.986736,2.1141222,0.0278257426726089,0.7142857142857143,0.2500747384155456,0.4642109758701687
28,1216,Nop58,2.9839244,2.3762498,0.028048972040707,0.5714285714285714,0.1633781763826607,0.4080503950459107
28,1217,Tbl1xr1,2.9823432,2.7603421,0.0281604054519604,0.2857142857142857,0.0467862481315396,0.238928037582746
28,1218,4932443I19Rik,2.9812028,2.2829359,0.0282485405203474,0.2857142857142857,0.044693572496263,0.2410207132180226
28,1219,Pbdc1,2.9807675,2.4150307,0.0282706465959934,0.5714285714285714,0.163677130044843,0.4077514413837283
28,1220,Nus1,2.980596,2.7500865,0.0282706465959934,0.4285714285714285,0.1047832585949177,0.3237881699765108
28,1221,Hgs,2.9800026,2.0790317,0.0283084998355181,0.5714285714285714,0.1521674140508221,0.4192611573777492
28,1222,Lin7c,2.9797664,2.1932156,0.0283133879912496,0.5714285714285714,0.1573991031390134,0.4140294682895579
28,1223,Taf1a,2.9706132,2.6867573,0.0290839583979752,0.2857142857142857,0.0467862481315396,0.238928037582746
28,1224,Pigq,2.9666512,2.116133,0.0294198878969007,0.4285714285714285,0.0916292974588938,0.3369421311125347
28,1225,Asns,2.9665344,2.191206,0.0294198878969007,0.4285714285714285,0.0922272047832585,0.3363442237881699
28,1226,Ncoa1,2.966189,2.3600533,0.029435417805095,0.4285714285714285,0.0965620328849028,0.3320093956865257
28,1227,Actr8,2.9657266,2.5770488,0.0294621597566824,0.4285714285714285,0.100896860986547,0.3276745675848814
28,1228,Mvd,2.9648197,3.2316318,0.0295315980537938,0.2857142857142857,0.0494768310911808,0.2362374546231048
28,1229,Serf1,2.9644086,2.381106,0.0295534936513367,0.5714285714285714,0.1654708520179372,0.4059577194106342
28,1230,Gosr1,2.9635139,2.464267,0.0296219545713583,0.2857142857142857,0.0458893871449925,0.2398248985692931
28,1231,Thyn1,2.9615102,2.2885382,0.0297800080529013,0.4285714285714285,0.0952167414050822,0.3333546871663463
28,1232,Chd7,2.9577103,2.5133915,0.0300960075392428,0.2857142857142857,0.0464872944693572,0.2392269912449284
28,1233,Kpna3,2.957385,2.9278204,0.0301099344030826,0.2857142857142857,0.0484304932735426,0.2372837924407431
28,1234,Mrpl41,2.9499104,2.2974155,0.0307752111265837,0.7142857142857143,0.2805680119581465,0.4337177023275678
28,1235,Gk,2.9489856,2.3444498,0.0308274927889691,0.2857142857142857,0.0458893871449925,0.2398248985692931
28,1236,Toporsos,2.9488392,2.309229,0.0308274927889691,0.5714285714285714,0.1698056801195814,0.4016228913089899
28,1237,Tmprss2,2.9461286,2.0489352,0.031080621939127,0.7142857142857143,0.2451420029895366,0.4691437112961777
28,1238,Txlng,2.9438055,2.48036,0.0312780280510322,0.2857142857142857,0.0464872944693572,0.2392269912449284
28,1239,Dym,2.9430313,2.2215362,0.0313195075495765,0.4285714285714285,0.0956651718983557,0.3329062566730728
28,1240,Timm44,2.9409745,2.3027444,0.0314542965704297,0.5714285714285714,0.172795216741405,0.3986333546871663
28,1241,Kansl1l,2.9383304,2.8383918,0.0316769085128928,0.2857142857142857,0.0482810164424514,0.2374332692718342
28,1242,Otud4,2.9378998,3.0913627,0.031693613921861,0.2857142857142857,0.0491778774289985,0.2365364082852872
28,1243,Trpm7,2.9366581,2.3313243,0.0317836000082224,0.2857142857142857,0.0460388639760837,0.239675421738202
28,1244,Tpd52l2,2.9351954,2.290363,0.031915193889146,0.7142857142857143,0.2865470852017937,0.4277386290839206
28,1245,Ap4m1,2.9349952,2.3021834,0.0319171479040757,0.2857142857142857,0.0458893871449925,0.2398248985692931
28,1246,Zfx,2.932495,2.3593838,0.0321377583799111,0.2857142857142857,0.046337817638266,0.2393764680760196
28,1247,Rassf1,2.9320056,2.0001686,0.0321697111691439,0.7142857142857143,0.2346786248131539,0.4796070894725603
28,1248,Eftud2,2.9302006,2.131088,0.0323383537288822,0.4285714285714285,0.0929745889387145,0.335596839632714
28,1249,Fhdc1,2.928229,2.0218897,0.0325165649230787,0.4285714285714285,0.0914798206278026,0.3370916079436258
28,1250,Pgp,2.9275048,2.7153583,0.0325442564060634,0.7142857142857143,0.3203288490284006,0.3939568652573137
28,1251,Med13,2.9271243,2.5255625,0.032565196207294,0.2857142857142857,0.0470852017937219,0.2386290839205637
28,1252,Tmem194,2.9256592,2.478039,0.0326999581737283,0.2857142857142857,0.0472346786248131,0.2384796070894725
28,1253,Golga4,2.9254022,2.486002,0.0327033280882365,0.5714285714285714,0.1922272047832585,0.3792013666453128
28,1254,Shtn1,2.9252663,2.5993922,0.0327033280882365,0.2857142857142857,0.0473841554559043,0.2383301302583813
28,1255,Appl2,2.924555,2.1340792,0.032759164154135,0.5714285714285714,0.1654708520179372,0.4059577194106342
28,1256,Ctcf,2.9243379,2.342013,0.0327630836958721,0.4285714285714285,0.0974588938714499,0.3311125346999786
28,1257,Gnb1,2.922851,2.0521548,0.032881868252499,0.8571428571428571,0.3923766816143498,0.4647661755285073
28,1258,Plce1,2.921695,2.3392265,0.0329850921335135,0.2857142857142857,0.0461883408071748,0.2395259449071108
28,1259,Eif4enif1,2.9195132,2.8315358,0.0331976900102739,0.2857142857142857,0.0487294469357249,0.2369848387785607
28,1260,Map7d1,2.9163792,2.6623685,0.0335136623893367,0.4285714285714285,0.1020926756352765,0.326478752936152
28,1261,Mynn,2.9137485,2.2410839,0.0337583983108121,0.2857142857142857,0.046337817638266,0.2393764680760196
28,1262,Naglu,2.9132571,2.469321,0.0337921001520773,0.4285714285714285,0.1013452914798206,0.3272261370916079
28,1263,Ctr9,2.9130766,2.4657333,0.0337921831111296,0.2857142857142857,0.0473841554559043,0.2383301302583813
28,1264,Rpp30,2.909722,2.4947166,0.0341135338754219,0.4285714285714285,0.0998505231689088,0.3287209054025197
28,1265,Mavs,2.9072528,2.6825237,0.034328966042358,0.2857142857142857,0.0485799701046337,0.2371343156096519
28,1266,Bms1,2.9041102,2.6852198,0.0346555651537585,0.2857142857142857,0.0485799701046337,0.2371343156096519
28,1267,Nap1l4,2.897356,2.050727,0.0352689455657822,0.7142857142857143,0.2493273542600896,0.4649583600256246
28,1268,Gart,2.8969014,2.4973912,0.0352999308603293,0.4285714285714285,0.1,0.3285714285714285
28,1269,Eif3c,2.8929284,2.2244403,0.0357178032499406,0.7142857142857143,0.3409566517189835,0.3733290625667307
28,1270,Timm21,2.8928487,2.0349996,0.0357178032499406,0.4285714285714285,0.0923766816143497,0.3361947469570787
28,1271,Efr3a,2.8915176,2.7742324,0.0358489987875293,0.4285714285714285,0.1080717488789237,0.3204996796925048
28,1272,Mier2,2.889012,2.5324621,0.0360985102450512,0.2857142857142857,0.047982062780269,0.2377322229340166
28,1273,Srrm1,2.8889792,2.0588193,0.0360985102450512,0.7142857142857143,0.2556053811659193,0.458680333119795
28,1274,Hiat1,2.882108,2.0883677,0.0367278655994271,0.5714285714285714,0.1624813153961136,0.4089472560324578
28,1275,Irf8,2.8813682,2.5511334,0.0367933345169484,0.2857142857142857,0.0490284005979073,0.2366858851163783
28,1276,Acot1,2.8776608,2.166308,0.0371653179886889,0.4285714285714285,0.0974588938714499,0.3311125346999786
28,1277,S100pbp,2.8766549,2.2857678,0.0372629108351798,0.2857142857142857,0.0478325859491778,0.2378816997651078
28,1278,Prdm2,2.87622,3.2372758,0.0372932026575569,0.2857142857142857,0.0518684603886397,0.2338458253256459
28,1279,Mgp,2.8747644,2.2479892,0.0374015085191189,0.4285714285714285,0.1019431988041853,0.3266282297672432
28,1280,Haus1,2.8745918,2.7486298,0.0374015085191189,0.2857142857142857,0.0497757847533632,0.2359385009609224
28,1281,Emc8,2.8732083,2.0094836,0.0375234055348435,0.7142857142857143,0.2656203288490284,0.4486653854366859
28,1282,AI846148,2.87188,2.397487,0.0376602481791824,0.2857142857142857,0.0481315396113602,0.2375827461029254
28,1283,Cnot11,2.8704824,2.2542849,0.0377421752439114,0.4285714285714285,0.099252615844544,0.3293188127268844
28,1284,Ivns1abp,2.8699577,2.078025,0.0377836759792166,0.5714285714285714,0.1608370702541106,0.4105915011744607
28,1285,Hyal3,2.8686507,2.2731462,0.0379188409652412,0.2857142857142857,0.0470852017937219,0.2386290839205637
28,1286,Lrfn4,2.867734,2.4282773,0.0380038993261362,0.2857142857142857,0.0487294469357249,0.2369848387785607
28,1287,Rmnd5b,2.8658428,2.0722923,0.0381711574626289,0.4285714285714285,0.0961136023916292,0.3324578261797992
28,1288,Mlxip,2.8630266,2.4249449,0.0384690298793912,0.2857142857142857,0.0487294469357249,0.2369848387785607
28,1289,Spag9,2.8626199,2.3081546,0.0384969428438388,0.4285714285714285,0.1007473841554559,0.3278240444159726
28,1290,Muc4,2.8587277,2.1086512,0.0389289163098914,0.5714285714285714,0.166965620328849,0.4044629510997223
28,1291,Zmym3,2.8581877,2.2359695,0.0389579026492454,0.2857142857142857,0.0478325859491778,0.2378816997651078
28,1292,Vezf1,2.8581376,2.0430295,0.0389579026492454,0.5714285714285714,0.1579970104633782,0.4134315609651932
28,1293,Tmem33,2.8568742,2.0042105,0.0390915064080405,0.8571428571428571,0.3333333333333333,0.5238095238095237
28,1294,Cklf,2.8528588,2.9507482,0.0395448245944386,0.2857142857142857,0.0518684603886397,0.2338458253256459
28,1295,Fhl1,2.851034,2.889161,0.039706197741168,0.2857142857142857,0.0514200298953662,0.2342942558189195
28,1296,Kin,2.8499007,2.1229534,0.0398258241066468,0.4285714285714285,0.0976083707025411,0.3309630578688874
28,1297,Coprs,2.8490229,2.3936114,0.0398584529238376,0.4285714285714285,0.1046337817638266,0.3239376468076019
28,1298,Abhd8,2.8489344,2.3988945,0.0398584529238376,0.4285714285714285,0.104185351270553,0.3243860773008755
28,1299,Ephx4,2.8474627,2.585861,0.0399988893291579,0.2857142857142857,0.0494768310911808,0.2362374546231048
28,1300,Fas,2.8448868,2.2294269,0.0402569365549096,0.4285714285714285,0.099252615844544,0.3293188127268844
28,1301,Osbpl3,2.8434732,2.3614855,0.040409874286201,0.4285714285714285,0.1044843049327354,0.3240871236386931
28,1302,Foxp4,2.8415096,2.4953732,0.0406184969581133,0.4285714285714285,0.1073243647234678,0.3212470638479607
28,1303,Ssrp1,2.8319037,2.1132789,0.0416065629182819,0.7142857142857143,0.2929745889387145,0.4213111253469998
28,1304,BC005561,2.8240285,2.3313985,0.0426193775810341,0.4285714285714285,0.1032884902840059,0.3252829382874225
28,1305,Msantd3,2.8229196,2.8507488,0.0427436408624214,0.2857142857142857,0.0517189835575485,0.2339953021567371
28,1306,Tada2a,2.8171623,2.2271311,0.0434223519874022,0.2857142857142857,0.0485799701046337,0.2371343156096519
28,1307,Adipor2,2.816738,2.087302,0.0434560099621383,0.5714285714285714,0.1729446935724962,0.3984838778560751
28,1308,Gpatch1,2.8109906,3.3671153,0.0441471718880084,0.2857142857142857,0.0556053811659192,0.2301089045483664
28,1309,Rbmx2,2.8109636,2.2386737,0.0441471718880084,0.2857142857142857,0.0490284005979073,0.2366858851163783
28,1310,Atf1,2.806157,2.6307588,0.0447379893820774,0.4285714285714285,0.1071748878923766,0.3213965406790519
28,1311,Rfc4,2.801525,2.9465163,0.045336018902649,0.2857142857142857,0.0535127055306427,0.2322015801836429
28,1312,Arhgef7,2.8005457,2.29844,0.0454491039050017,0.2857142857142857,0.0497757847533632,0.2359385009609224
28,1313,Fam173b,2.7991393,2.5322673,0.0455854986523565,0.4285714285714285,0.1121076233183856,0.3164638052530429
28,1314,Tmem199,2.7990963,2.4629662,0.0455854986523565,0.4285714285714285,0.1080717488789237,0.3204996796925048
28,1315,2310009B15Rik,2.7990527,2.0194266,0.0455854986523565,0.5714285714285714,0.1662182361733931,0.4052103352551782
28,1316,Kat7,2.79501,2.7174222,0.0460845086336924,0.2857142857142857,0.0521674140508221,0.2335468716634635
28,1317,Mtmr6,2.793549,2.2146459,0.0462681355692587,0.2857142857142857,0.0493273542600896,0.236386931454196
28,1318,Tamm41,2.7832932,3.0135987,0.0476533559578976,0.2857142857142857,0.0550074738415545,0.2307068118727311
28,1319,Brd1,2.782703,2.5266922,0.0477143724739938,0.2857142857142857,0.0514200298953662,0.2342942558189195
28,1320,Cep89,2.7823355,2.932271,0.0477426713616425,0.2857142857142857,0.0539611360239162,0.2317531496903694
28,1321,Sorbs2,2.7729895,2.4696984,0.0490035250275903,0.2857142857142857,0.051270553064275,0.2344437326500106
28,1322,Abcc4,2.7724407,2.3389308,0.0490334818092127,0.4285714285714285,0.1095665171898355,0.319004911381593
28,1323,Rnf8,2.7703755,2.3927114,0.0492660831424266,0.4285714285714285,0.1092675635276532,0.3193038650437753
