group_kind,group_id,row_label,gene,scores,log2fc,pvals,fdr,pct_in,pct_bg,delta_pct
small_cluster,27,cluster_27,Ascl1,27.823666,8.100561,2.2441232730567862e-170,3.6805865801404355e-166,1.0,0.007922272047832586,0.9920777279521674
small_cluster,27,cluster_27,Fmnl1,25.205822,9.422575,3.458236424940696e-140,2.8359267802726177e-136,0.2857142857142857,0.0005979073243647235,0.285116378389921
small_cluster,27,cluster_27,Syt1,24.687304,7.639144,1.4640799290030313e-134,8.004124971859572e-131,0.42857142857142855,0.0016442451420029896,0.42692718342942554
small_cluster,27,cluster_27,Chga,22.215675,6.9034433,2.423090056914343e-109,9.935275005863036e-106,1.0,0.012855007473841554,0.9871449925261584
small_cluster,27,cluster_27,Rtn4rl1,21.80272,8.584461,2.1863459239865336e-105,4.4822824374128924e-102,0.2857142857142857,0.0008968609865470852,0.28481742472773863
small_cluster,27,cluster_27,Rundc3a,20.951103,7.077045,1.833316199704945e-97,3.3409132212623116e-94,0.8571428571428571,0.010612855007473842,0.8465300021353832
small_cluster,27,cluster_27,Cnpy1,20.633099,7.769505,1.3848400802851883e-94,2.2712762156757376e-91,0.42857142857142855,0.0025411061285500747,0.4260303224428785
small_cluster,27,cluster_27,Ngf,20.3361,7.456508,6.16427899639217e-92,9.190939983620726e-89,0.8571428571428571,0.011360239162929745,0.8457826179799274
small_cluster,27,cluster_27,Pkib,20.05256,6.6567726,1.917160988339034e-89,2.6202797808123747e-86,1.0,0.015994020926756353,0.9840059790732436
small_cluster,27,cluster_27,Nefh,19.271803,8.083242,9.265214642490326e-83,1.1689137334729526e-79,0.42857142857142855,0.0029895366218236174,0.42558189194960494
small_cluster,27,cluster_27,B3gat2,18.799414,7.279136,7.635595385152819e-79,8.945099993706527e-76,0.42857142857142855,0.003139013452914798,0.42543241511851376
small_cluster,27,cluster_27,St8sia5,18.791855,6.8834553,8.804812129698776e-79,9.627181582612641e-76,0.42857142857142855,0.003139013452914798,0.42543241511851376
small_cluster,27,cluster_27,Uchl1,18.562944,6.7817087,6.4094666478929436e-77,6.570103905755761e-74,0.7142857142857143,0.009417040358744395,0.70486867392697
small_cluster,27,cluster_27,Kif1a,18.396893,6.843293,1.3911685566934648e-75,1.342150323431148e-72,0.42857142857142855,0.003288490284005979,0.4252829382874226
small_cluster,27,cluster_27,Scg5,18.26045,6.997098,1.7087550303939396e-74,1.5569606251939448e-71,0.8571428571428571,0.014200298953662182,0.842942558189195
small_cluster,27,cluster_27,Tmem163,18.105204,7.327682,2.899410376988799e-73,2.502801557525963e-70,0.5714285714285714,0.006278026905829596,0.5651505445227418
small_cluster,27,cluster_27,Tmem171,18.098366,6.9316707,3.2825863959390964e-73,2.691884973989856e-70,0.5714285714285714,0.006278026905829596,0.5651505445227418
small_cluster,27,cluster_27,Ina,17.748423,7.4160237,1.772637471396913e-70,1.0383223988707418e-67,0.2857142857142857,0.0014947683109118087,0.28421951740337387
small_cluster,27,cluster_27,Slc35d3,17.368477,7.167722,1.4297238067050585e-67,8.085827639230918e-65,0.5714285714285714,0.0068759342301943195,0.5645526371983771
small_cluster,27,cluster_27,Neto1,17.070084,7.7269597,2.4784740759158247e-65,1.3549817773031813e-62,0.2857142857142857,0.0016442451420029896,0.2840700405722827
small_cluster,27,cluster_27,Pex5l,17.041862,7.2176375,4.017378204403981e-65,2.1254522558203126e-62,0.2857142857142857,0.0016442451420029896,0.2840700405722827
small_cluster,27,cluster_27,Scn3a,17.039295,6.7923036,4.197537309691582e-65,2.1513690442578636e-62,0.2857142857142857,0.0016442451420029896,0.2840700405722827
small_cluster,27,cluster_27,Slc38a5,16.795195,6.779991,2.646354967879449e-63,1.315238419036086e-60,0.42857142857142855,0.004035874439461884,0.42453555413196664
small_cluster,27,cluster_27,Resp18,16.513338,6.7142615,2.9415666431322347e-61,1.4189598386474053e-58,0.42857142857142855,0.004185351270553065,0.42438607730087546
small_cluster,27,cluster_27,Dll3,16.503355,6.787054,3.470597421732161e-61,1.6263219518236906e-58,0.42857142857142855,0.004185351270553065,0.42438607730087546
small_cluster,27,cluster_27,Ret,15.855536,7.1028256,1.287232940250789e-56,5.86441873695922e-54,0.2857142857142857,0.0019431988041853513,0.28377108691010033
small_cluster,27,cluster_27,Cxcl13,15.529819,6.97864,2.1799422986984562e-54,9.66303611917659e-52,0.7142857142857143,0.013751868460388639,0.7005338458253256
small_cluster,27,cluster_27,Gdap1l1,15.338169,6.651163,4.25012689408969e-53,1.452215233124271e-50,0.2857142857142857,0.0020926756352765323,0.28362161007900916
small_cluster,27,cluster_27,Col8a1,15.120493,6.9216976,1.1865056892068924e-51,3.971404042588213e-49,0.42857142857142855,0.005082212257100149,0.4234892163143284
small_cluster,27,cluster_27,Snap25,14.874723,6.556652,4.809690748620855e-50,1.5776747593626128e-47,0.42857142857142855,0.00523168908819133,0.4233397394832372
small_cluster,27,cluster_27,Nov,14.751953,6.4492245,2.988859627045454e-49,9.611820930033821e-47,0.8571428571428571,0.02242152466367713,0.83472133247918
small_cluster,27,cluster_27,Syt7,14.631119,6.052359,1.7783938388552173e-48,5.609122567512388e-46,0.7142857142857143,0.01554559043348281,0.6987401238522315
small_cluster,27,cluster_27,Kif5a,14.484938,7.327244,1.50860046897965e-47,4.668406847497215e-45,0.2857142857142857,0.002391629297458894,0.2833226564168268
small_cluster,27,cluster_27,Cbfa2t3,14.445677,6.276962,2.669219503566717e-47,8.1070127922218e-45,0.2857142857142857,0.002391629297458894,0.2833226564168268
small_cluster,27,cluster_27,Chgb,14.274182,5.932785,3.169836866161278e-46,9.45245353489293e-44,0.42857142857142855,0.005680119581464873,0.4228913089899637
small_cluster,27,cluster_27,Phyhipl,13.698143,6.662049,1.0415441520289707e-42,2.669119630847992e-40,0.2857142857142857,0.0026905829596412557,0.28302370275464445
small_cluster,27,cluster_27,Calca,13.661581,6.9634767,1.7220493075231193e-42,4.345127798874874e-40,0.7142857142857143,0.017937219730941704,0.6963484945547725
small_cluster,27,cluster_27,Kcnc1,13.34579,6.1530747,1.2533475415988699e-40,3.1145686408731913e-38,0.2857142857142857,0.0028400597907324364,0.28287422592355327
small_cluster,27,cluster_27,Dner,12.504596,6.9288793,7.045725531293684e-36,1.627562597728841e-33,0.2857142857142857,0.003288490284005979,0.28242579543027974
small_cluster,27,cluster_27,Insm1,12.205648,5.9331694,2.899884872876405e-34,6.605696083339712e-32,0.2857142857142857,0.0034379671150971598,0.28227631859918856
small_cluster,27,cluster_27,Bex4,12.0630865,6.01763,1.6546332271021996e-33,3.717484870918243e-31,0.5714285714285714,0.014648729446935725,0.5567798419816357
small_cluster,27,cluster_27,Scn9a,11.957714,5.8354764,5.916804225101927e-33,1.3113717039986043e-30,0.2857142857142857,0.003587443946188341,0.2821268417680974
small_cluster,27,cluster_27,Rab3b,11.846078,5.1541057,2.2549967880202735e-32,4.931226976042734e-30,0.5714285714285714,0.014798206278026907,0.5566303651505445
small_cluster,27,cluster_27,Slc16a6,11.785853,6.8435535,4.617220214329935e-32,9.964082728319115e-30,0.2857142857142857,0.0037369207772795215,0.2819773649370062
small_cluster,27,cluster_27,Snhg11,11.741301,5.9275117,7.827327517052507e-32,1.667220761132184e-29,0.2857142857142857,0.0037369207772795215,0.2819773649370062
small_cluster,27,cluster_27,1500009L16Rik,11.691779,5.5872655,1.4041409634074226e-31,2.9524764026724537e-29,0.5714285714285714,0.015396113602391629,0.5560324578261797
small_cluster,27,cluster_27,Homer2,11.65232,6.0146985,2.232959560334657e-31,4.6357936391200894e-29,0.8571428571428571,0.03617339312406577,0.8209694640187913
small_cluster,27,cluster_27,Elavl4,11.33261,6.260917,9.04680118818402e-30,1.7876697143060974e-27,0.2857142857142857,0.004035874439461884,0.2816784112748238
small_cluster,27,cluster_27,Pcsk1,11.115064,5.6494713,1.0597487770029907e-28,2.0691594870983395e-26,0.2857142857142857,0.004185351270553065,0.2815289344437326
small_cluster,27,cluster_27,Gzma,10.984903,5.983415,4.517236135802809e-28,8.716139983917867e-26,0.42857142857142855,0.009865470852017937,0.4187059577194106
small_cluster,27,cluster_27,St18,10.604207,6.055335,2.848706238571073e-26,5.191292335422686e-24,0.2857142857142857,0.004633781763826607,0.2810805039504591
small_cluster,27,cluster_27,Tmem45b,10.346889,4.468094,4.323069949352296e-25,7.791502224101869e-23,0.5714285714285714,0.019133034379671152,0.5522955370489002
small_cluster,27,cluster_27,Syp,9.971909,5.6420245,2.023042175305359e-23,3.3515065370892116e-21,0.2857142857142857,0.00523168908819133,0.28048259662609437
small_cluster,27,cluster_27,Espn,9.805792,4.9714675,1.0630948487901823e-22,1.743581861500778e-20,0.8571428571428571,0.04887892376681614,0.808263933376041
small_cluster,27,cluster_27,Upp1,9.70649,5.2037582,2.8291370501615915e-22,4.594126411851511e-20,0.7142857142857143,0.035127055306427506,0.6791586589792868
small_cluster,27,cluster_27,Wnk2,9.60968,5.820562,7.277438462442815e-22,1.1260119643634396e-19,0.2857142857142857,0.005680119581464873,0.28003416613282084
small_cluster,27,cluster_27,G2e3,9.586177,4.5998044,9.14094703233233e-22,1.4011277782923603e-19,0.5714285714285714,0.02242152466367713,0.5490070467648943
small_cluster,27,cluster_27,Meis2,9.440215,5.229685,3.720153408094375e-21,5.6494663005699855e-19,0.7142857142857143,0.03781763826606876,0.6764680760196455
small_cluster,27,cluster_27,Ehd3,9.370909,5.8957157,7.191080850287434e-21,1.0820267617024239e-18,0.2857142857142857,0.005979073243647235,0.2797352124706385
small_cluster,27,cluster_27,Tcerg1l,9.332286,5.25351,1.0361137475305456e-20,1.5448455975680433e-18,0.2857142857142857,0.005979073243647235,0.2797352124706385
small_cluster,27,cluster_27,Hepacam2,9.299197,4.464079,1.4151043195590672e-20,2.090912247305249e-18,0.5714285714285714,0.023617339312406577,0.5478112321161648
small_cluster,27,cluster_27,Aplp1,9.121882,5.4709053,7.383067088810842e-20,1.0261837569795476e-17,0.2857142857142857,0.006278026905829596,0.27943625880845613
small_cluster,27,cluster_27,Ly6h,8.950057,5.932199,3.5529801181497673e-19,4.896842598132297e-17,0.2857142857142857,0.006576980568011958,0.2791373051462737
small_cluster,27,cluster_27,Snca,8.832674,5.587839,1.0220212360952868e-18,1.3853033300164295e-16,0.2857142857142857,0.006726457399103139,0.27898782831518254
small_cluster,27,cluster_27,Eci3,8.758909,5.8297644,1.971486110953897e-18,2.506538271763943e-16,0.2857142857142857,0.0068759342301943195,0.27883835148409136
small_cluster,27,cluster_27,Bex1,8.741261,4.990868,2.305232223133116e-18,2.9083164378158647e-16,0.7142857142857143,0.043647234678624816,0.6706384796070894
small_cluster,27,cluster_27,Grik5,8.622052,5.0169044,6.576452575443345e-18,8.233618220598954e-16,0.42857142857142855,0.015844544095665172,0.4127268844757634
small_cluster,27,cluster_27,Tgfb3,8.602865,5.0163064,7.774998137891552e-18,9.660435186330253e-16,0.42857142857142855,0.015844544095665172,0.4127268844757634
small_cluster,27,cluster_27,Ndn,8.507716,4.724125,1.7739275113059478e-17,2.1875327152578086e-15,0.42857142857142855,0.016143497757847534,0.41242793081358103
small_cluster,27,cluster_27,Tox,8.371492,5.420653,5.689306220862963e-17,6.66502223774096e-15,0.2857142857142857,0.007473841554559043,0.27824044415972665
small_cluster,27,cluster_27,Cplx2,8.324046,5.061966,8.501047331982e-17,9.888345907222467e-15,0.42857142857142855,0.017040358744394617,0.4115310698270339
small_cluster,27,cluster_27,Enho,8.16379,4.641007,3.246747498440247e-16,3.697910119577673e-14,0.7142857142857143,0.04857997010463378,0.6657057441810805
small_cluster,27,cluster_27,Gm29994,7.9613967,4.921067,1.7010829160303792e-15,1.8850987098523144e-13,0.2857142857142857,0.008221225710014948,0.27749306000427076
small_cluster,27,cluster_27,Cited4,7.911891,4.147566,2.53508549372074e-15,2.790465582719051e-13,0.7142857142857143,0.050672645739910316,0.6636130685458039
small_cluster,27,cluster_27,Serpine2,7.8231854,4.3563166,5.150315530683927e-15,5.41476442427866e-13,0.7142857142857143,0.05186846038863976,0.6624172538970745
small_cluster,27,cluster_27,Dmpk,7.774136,5.349216,7.596400057459511e-15,7.935576900789392e-13,0.2857142857142857,0.00866965620328849,0.27704462951099723
small_cluster,27,cluster_27,Vgf,7.727398,4.7766104,1.097671726673796e-14,1.139424936023856e-12,0.2857142857142857,0.00866965620328849,0.27704462951099723
small_cluster,27,cluster_27,Tmem184c,7.5858974,4.2484694,3.3019406739669786e-14,3.3636726083063613e-12,0.5714285714285714,0.035127055306427506,0.5363015161221439
small_cluster,27,cluster_27,Cib3,7.5542626,5.4949975,4.2124011853278194e-14,4.2646661629976275e-12,0.42857142857142855,0.02092675635276532,0.40764467221866324
small_cluster,27,cluster_27,Stmn2,7.417232,4.6998425,1.1959338812438352e-13,1.203344269096941e-11,0.42857142857142855,0.021076233183856503,0.40749519538757206
small_cluster,27,cluster_27,Fam222a,7.3243165,4.482289,2.4011955284298774e-13,2.3582040635795462e-11,0.42857142857142855,0.021524663677130046,0.4070467648942985
small_cluster,27,cluster_27,Arxes2,7.3044147,4.6845093,2.784761468759731e-13,2.7186233838766872e-11,0.42857142857142855,0.021823617339312408,0.4067478112321161
small_cluster,27,cluster_27,Cst6,7.0559998,4.4190545,1.7136383634059474e-12,1.5878747343627652e-10,0.2857142857142857,0.01031390134529148,0.2754003843689942
small_cluster,27,cluster_27,Simc1,7.029801,4.613786,2.068285217680057e-12,1.9057272952343042e-10,0.2857142857142857,0.01046337817638266,0.27525090753790304
small_cluster,27,cluster_27,Igsf9,6.91239,4.9942675,4.765545397759345e-12,4.294489564211594e-10,0.2857142857142857,0.010911808669656204,0.2748024770446295
small_cluster,27,cluster_27,Sv2a,6.8662467,4.456217,6.5912967466120465e-12,5.907314641594763e-10,0.2857142857142857,0.010911808669656204,0.2748024770446295
small_cluster,27,cluster_27,Hoxb5,6.860378,4.5042896,6.867862228665802e-12,6.121728718062381e-10,0.42857142857142855,0.024514200298953664,0.40405722827247487
small_cluster,27,cluster_27,Cdc14b,6.7806816,4.500797,1.1961019842569051e-11,1.054691862569758e-09,0.2857142857142857,0.011210762331838564,0.27450352338244716
small_cluster,27,cluster_27,Gemin8,6.7332506,4.173388,1.6591384520516838e-11,1.4397634789470723e-09,0.5714285714285714,0.044095665171898356,0.5273329062566731
small_cluster,27,cluster_27,Slain1,6.6960793,4.095654,2.140858166059141e-11,1.848011304291367e-09,0.5714285714285714,0.044544095665171896,0.5268844757633995
small_cluster,27,cluster_27,Plxna2,6.570598,4.6397414,5.0113499287489645e-11,4.193426029663866e-09,0.2857142857142857,0.01195814648729447,0.2737561392269912
small_cluster,27,cluster_27,Ssc4d,6.5308757,4.670187,6.538625938535543e-11,5.443655026290428e-09,0.2857142857142857,0.01210762331838565,0.27360666239590004
small_cluster,27,cluster_27,Vwf,6.5101285,4.8443394,7.508655330807834e-11,6.219669499019157e-09,0.2857142857142857,0.012257100149476832,0.27345718556480886
small_cluster,27,cluster_27,Prom2,6.4763083,3.906874,9.399399719353281e-11,7.746711296337346e-09,0.42857142857142855,0.026307922272047833,0.40226350629938074
small_cluster,27,cluster_27,Camkk2,6.438393,4.130269,1.2074493709935343e-10,9.755358193923624e-09,0.42857142857142855,0.027354260089686097,0.40121716848174244
small_cluster,27,cluster_27,Syt11,6.4059906,5.560236,1.4939637301107105e-10,1.1952438603680859e-08,0.2857142857142857,0.012855007473841554,0.27285927824044415
small_cluster,27,cluster_27,Zbtb10,6.393989,4.200595,1.6161314304558138e-10,1.2867073587818352e-08,0.42857142857142855,0.02780269058295964,0.4007687379884689
small_cluster,27,cluster_27,Inpp5f,6.334097,4.0816293,2.3873514027300094e-10,1.8915434954673858e-08,0.42857142857142855,0.02795216741405082,0.4006192611573777
small_cluster,27,cluster_27,Cryba2,6.319058,4.021884,2.631623389348475e-10,2.0651318281676717e-08,0.2857142857142857,0.012705530642750373,0.2730087550715353
small_cluster,27,cluster_27,6330408A02Rik,6.265733,4.6673155,3.7107615211993863e-10,2.8572863713235272e-08,0.2857142857142857,0.013153961136023917,0.2725603245782618
small_cluster,27,cluster_27,Fabp5,6.2152314,3.7470162,5.124906878781206e-10,3.92773821116311e-08,0.42857142857142855,0.028400597907324365,0.4001708306641042
small_cluster,27,cluster_27,Zbtb37,6.2137046,4.830616,5.174978481086537e-10,3.9476661427116414e-08,0.2857142857142857,0.013452914798206279,0.27226137091607944
small_cluster,27,cluster_27,Egr4,6.203033,4.9007044,5.538518505111546e-10,4.2054278704784474e-08,0.2857142857142857,0.013452914798206279,0.27226137091607944
small_cluster,27,cluster_27,Zfp428,6.1796412,3.5241516,6.424749559308463e-10,4.8115213480464884e-08,0.7142857142857143,0.07802690582959641,0.6362588084561179
small_cluster,27,cluster_27,Lrp11,6.1608887,4.690194,7.233777069552163e-10,5.3284587591716505e-08,0.2857142857142857,0.013602391629297458,0.27211189408498826
small_cluster,27,cluster_27,Ints12,6.1394205,3.916113,8.282307360083527e-10,6.064201920211157e-08,0.7142857142857143,0.08146487294469357,0.6328208413410208
small_cluster,27,cluster_27,Kansl3,6.0987954,3.4541233,1.0687063392623552e-09,7.790156742329729e-08,0.5714285714285714,0.051121076233183856,0.5203074951953875
small_cluster,27,cluster_27,Dlg4,6.0517263,4.261065,1.4330181797686457e-09,1.0399527064772371e-07,0.2857142857142857,0.01390134529147982,0.2718129404228059
small_cluster,27,cluster_27,Gch1,6.0105085,3.901858,1.8494235941364501e-09,1.33036826172947e-07,0.8571428571428571,0.12675635276532138,0.7303865043775357
small_cluster,27,cluster_27,Tex30,5.998196,3.720846,1.995217057137523e-09,1.4289761988695423e-07,0.5714285714285714,0.05351270553064275,0.5179158658979286
small_cluster,27,cluster_27,Snx30,5.9561872,4.616345,2.5819020093316873e-09,1.8410168766268487e-07,0.2857142857142857,0.014499252615844544,0.27121503309844114
small_cluster,27,cluster_27,Tekt5,5.9554873,4.4118543,2.5929815163758434e-09,1.8410168766268487e-07,0.2857142857142857,0.014349775784753363,0.2713645099295323
small_cluster,27,cluster_27,B630019K06Rik,5.916358,3.796087,3.2914884731923693e-09,2.316897100808071e-07,0.5714285714285714,0.05605381165919283,0.5153747597693785
small_cluster,27,cluster_27,Hira,5.837274,4.1220646,5.306179014363102e-09,3.719087265579882e-07,0.42857142857142855,0.033183856502242155,0.3953875720691864
small_cluster,27,cluster_27,Rbm4,5.821779,4.219661,5.822465918718655e-09,4.063585682251262e-07,0.2857142857142857,0.014947683109118086,0.2707666026051676
small_cluster,27,cluster_27,Mex3d,5.821015,3.8873796,5.849131960097466e-09,4.0648988676931587e-07,0.42857142857142855,0.03273542600896861,0.39583600256245993
small_cluster,27,cluster_27,Serpinb12,5.7541323,3.8868985,8.708788462934769e-09,5.951368315858048e-07,0.42857142857142855,0.03333333333333333,0.3952380952380952
small_cluster,27,cluster_27,Cep131,5.747877,4.5679097,9.037081615985594e-09,6.150090273185881e-07,0.2857142857142857,0.01554559043348281,0.2701686952808029
small_cluster,27,cluster_27,Nol3,5.723053,5.034839,1.0462670626910892e-08,7.090837229420064e-07,0.2857142857142857,0.015844544095665172,0.26986974161862054
small_cluster,27,cluster_27,Pecam1,5.709758,4.043472,1.1313711396073783e-08,7.636056815103132e-07,0.2857142857142857,0.015396113602391629,0.2703181721118941
small_cluster,27,cluster_27,Fry,5.626823,3.402615,1.8355887682705557e-08,1.2238004629433082e-06,0.5714285714285714,0.059790732436472344,0.511637838992099
small_cluster,27,cluster_27,Myl6b,5.495841,4.1523447,3.888522451293246e-08,2.5307800287166877e-06,0.2857142857142857,0.016591928251121078,0.2691223574631646
small_cluster,27,cluster_27,Ddhd2,5.495841,4.1366854,3.888522426987413e-08,2.5307800287166877e-06,0.2857142857142857,0.016591928251121078,0.2691223574631646
small_cluster,27,cluster_27,Slc35d1,5.467197,3.855573,4.57207640227861e-08,2.8211877474515396e-06,0.42857142857142855,0.03692077727952167,0.3916506512919069
small_cluster,27,cluster_27,Fermt2,5.4181128,3.5077024,6.023139389025222e-08,3.6998318022248187e-06,0.5714285714285714,0.06472346786248132,0.5067051035660901
small_cluster,27,cluster_27,Fgf13,5.393939,3.7797577,6.892954730414022e-08,4.218333975131358e-06,0.2857142857142857,0.017040358744394617,0.26867392696989106
small_cluster,27,cluster_27,Khdrbs3,5.357021,3.7046652,8.46052843464894e-08,5.082825159585247e-06,0.2857142857142857,0.0171898355754858,0.2685244501387999
small_cluster,27,cluster_27,Nyap1,5.357144,3.3433557,8.454786665674079e-08,5.082825159585247e-06,0.42857142857142855,0.037070254110612856,0.39150117446081567
small_cluster,27,cluster_27,Med12,5.352283,3.8350291,8.685138853665623e-08,5.198721253247077e-06,0.42857142857142855,0.03856502242152467,0.3900064061499039
small_cluster,27,cluster_27,Ankrd37,5.344379,3.4852295,9.072751665168515e-08,5.410989093106502e-06,0.5714285714285714,0.06591928251121076,0.5055092889173607
small_cluster,27,cluster_27,Mcf2l,5.343177,4.1879377,9.133148992998073e-08,5.427274515730485e-06,0.2857142857142857,0.01763826606875934,0.26807601964552635
small_cluster,27,cluster_27,Gdap2,5.321045,4.0287166,1.0317286516661967e-07,6.106663774182013e-06,0.2857142857142857,0.01763826606875934,0.26807601964552635
small_cluster,27,cluster_27,Csgalnact2,5.2687545,4.008607,1.373524377205252e-07,7.96013191185277e-06,0.2857142857142857,0.017937219730941704,0.267777065983344
small_cluster,27,cluster_27,Sult2b1,5.2169175,3.6250758,1.8192505285502392e-07,1.0506171802377631e-05,0.5714285714285714,0.07144992526158446,0.49997864616698695
small_cluster,27,cluster_27,Tmem158,5.2045307,3.8555565,1.9448768722929342e-07,1.1192254590342603e-05,1.0,0.2657698056801196,0.7342301943198803
small_cluster,27,cluster_27,Nfkbil1,5.2026715,3.04141,1.964440800462789e-07,1.126531243650007e-05,0.8571428571428571,0.14573991031390135,0.7114029468289558
small_cluster,27,cluster_27,Mctp2,5.1324244,4.571578,2.8603391308249617e-07,1.6253710131083784e-05,0.2857142857142857,0.019282511210762333,0.26643177450352334
small_cluster,27,cluster_27,Fam135a,5.04225,3.799342,4.600897268782662e-07,2.5754032800445205e-05,0.2857142857142857,0.01943198804185351,0.26628229767243217
small_cluster,27,cluster_27,Ttll7,5.040625,3.775256,4.640132781049407e-07,2.5885312157139903e-05,0.2857142857142857,0.01943198804185351,0.26628229767243217
small_cluster,27,cluster_27,Hacd1,4.9955997,3.6076624,5.865325678441477e-07,3.249905623382388e-05,0.42857142857142855,0.04289985052316891,0.38567157804825963
small_cluster,27,cluster_27,Oser1,4.9961095,3.209924,5.849851775384746e-07,3.249905623382388e-05,0.5714285714285714,0.07219730941704036,0.499231262011531
small_cluster,27,cluster_27,Ttc39c,4.9842443,4.270297,6.220450373025693e-07,3.435070928215299e-05,0.42857142857142855,0.04648729446935725,0.3820841341020713
small_cluster,27,cluster_27,Apaf1,4.9535136,4.111833,7.28853125238119e-07,3.9582516910696655e-05,0.2857142857142857,0.020328849028400597,0.2653854366858851
small_cluster,27,cluster_27,Vps37d,4.9320526,3.94899,8.137004729749427e-07,4.404455926489121e-05,0.2857142857142857,0.020328849028400597,0.2653854366858851
small_cluster,27,cluster_27,Ttll3,4.9248986,3.8700655,8.440401747943439e-07,4.553652271974354e-05,0.2857142857142857,0.020328849028400597,0.2653854366858851
small_cluster,27,cluster_27,Akap1,4.9145136,3.4513674,8.900317948505954e-07,4.786036546670366e-05,0.42857142857142855,0.04349775784753363,0.3850736707238949
small_cluster,27,cluster_27,Mfsd2a,4.859634,3.7900326,1.176029373552922e-06,6.221954114723055e-05,0.2857142857142857,0.02092675635276532,0.2647875293615204
small_cluster,27,cluster_27,Uckl1,4.848559,2.942229,1.2436175309311134e-06,6.51647639770006e-05,0.8571428571428571,0.16741405082212257,0.6897288063207345
small_cluster,27,cluster_27,Rab30,4.8429685,3.4587314,1.2791357655558472e-06,6.676477735425256e-05,0.2857142857142857,0.02047832585949178,0.2652359598547939
small_cluster,27,cluster_27,Rbm4b,4.83047,2.982893,1.3621110110513517e-06,7.025809991945191e-05,0.8571428571428571,0.16771300448430493,0.6894298526585522
small_cluster,27,cluster_27,Polr3d,4.812225,3.068046,1.4925920603031316e-06,7.650000744072394e-05,0.5714285714285714,0.07653213751868461,0.4948964339098868
small_cluster,27,cluster_27,Prmt7,4.792766,3.0590177,1.644972500341597e-06,8.378631670218179e-05,0.5714285714285714,0.07653213751868461,0.4948964339098868
small_cluster,27,cluster_27,Zfc3h1,4.7883496,3.697784,1.6815862302380342e-06,8.512251778436419e-05,0.2857142857142857,0.021225710014947684,0.26448857569933804
small_cluster,27,cluster_27,N4bp2l1,4.78741,3.191859,1.6894757389248727e-06,8.525874336648258e-05,0.42857142857142855,0.04514200298953662,0.3834294255818919
small_cluster,27,cluster_27,Tesk1,4.7409897,4.134676,2.1267653148601656e-06,0.0001050634877380168,0.42857142857142855,0.05082212257100149,0.37774930600042705
small_cluster,27,cluster_27,Tma16,4.736068,3.7094574,2.1790493249580807e-06,0.00010732308702293538,0.2857142857142857,0.021674140508221227,0.26404014520606445
small_cluster,27,cluster_27,Foxa2,4.7297015,3.3963923,2.2485005498982127e-06,0.00011008255975785249,0.42857142857142855,0.047683109118086695,0.38088831945334184
small_cluster,27,cluster_27,H1fx,4.7298393,2.9963317,2.2469751847439364e-06,0.00011008255975785249,0.42857142857142855,0.04499252615844544,0.3835789024129831
small_cluster,27,cluster_27,Znrf3,4.7082214,3.871778,2.498877787400834e-06,0.00012197647199750321,0.2857142857142857,0.022122571001494767,0.2635917147127909
small_cluster,27,cluster_27,Bmp3,4.6719623,3.6219504,2.983359153443781e-06,0.00014391198081068073,0.2857142857142857,0.02197309417040359,0.2637411915438821
small_cluster,27,cluster_27,Fhl2,4.672539,3.1442056,2.974989745870656e-06,0.00014391198081068073,0.5714285714285714,0.08221225710014948,0.48921631432842194
small_cluster,27,cluster_27,Tdrd7,4.640004,3.1773052,3.484023960729896e-06,0.00016708034204658196,0.42857142857142855,0.047683109118086695,0.38088831945334184
small_cluster,27,cluster_27,Cdkn2d,4.6255307,2.7879143,3.7364044245546125e-06,0.00017762541729600056,0.8571428571428571,0.17369207772795217,0.683450779414905
small_cluster,27,cluster_27,Smarce1,4.6175127,2.7023253,3.88366730290045e-06,0.00018409256484066554,0.7142857142857143,0.11868460388639761,0.5956011103993167
small_cluster,27,cluster_27,Isca1,4.605146,2.731706,4.12176338056965e-06,0.0001948156807052531,0.7142857142857143,0.12122571001494768,0.5930600042707667
small_cluster,27,cluster_27,Gm10263,4.5908184,3.4974747,4.415117143680954e-06,0.00020808142607330838,0.2857142857142857,0.02272047832585949,0.2629938073884262
small_cluster,27,cluster_27,Ank,4.5880337,3.024447,4.474399888103421e-06,0.00021027115348075707,0.42857142857142855,0.04693572496263079,0.3816357036087977
small_cluster,27,cluster_27,Syap1,4.5867968,2.797079,4.500988597597416e-06,0.00021091632568341495,0.7142857142857143,0.12376681614349776,0.5905188981422166
small_cluster,27,cluster_27,Elovl4,4.580981,3.8178902,4.628003963490628e-06,0.00021502519264931952,0.2857142857142857,0.023168908819133034,0.26254537689515267
small_cluster,27,cluster_27,Rap1gap,4.5671906,3.6776845,4.943040600940191e-06,0.0002290135844520341,0.5714285714285714,0.09327354260089686,0.4781550288276745
small_cluster,27,cluster_27,Gmppa,4.5575905,3.2044299,5.174379386471733e-06,0.00023838482111663734,0.8571428571428571,0.21225710014947682,0.6448857569933802
small_cluster,27,cluster_27,Cacna2d1,4.5390744,3.3244147,5.650170269754881e-06,0.0002588503983079604,0.42857142857142855,0.049626307922272045,0.37894512064915653
small_cluster,27,cluster_27,5430416N02Rik,4.5394316,2.6124759,5.640602328474611e-06,0.0002588503983079604,0.7142857142857143,0.11943198804185351,0.5948537262438608
small_cluster,27,cluster_27,Gpr19,4.530171,3.9637322,5.8936047191371495e-06,0.00026925072701551085,0.2857142857142857,0.02391629297458894,0.2617979927396968
small_cluster,27,cluster_27,Lss,4.5088573,3.8004255,6.5177684232133625e-06,0.0002963331413847238,0.2857142857142857,0.02391629297458894,0.2617979927396968
small_cluster,27,cluster_27,Ddx55,4.506338,3.5586252,6.595598560116482e-06,0.00029882434249853707,0.42857142857142855,0.05291479820627803,0.3756566303651505
small_cluster,27,cluster_27,Parg,4.4985404,3.6249385,6.842164745720022e-06,0.00030914144351116825,0.2857142857142857,0.02376681614349776,0.26194746957078796
small_cluster,27,cluster_27,Zufsp,4.4956546,3.357578,6.935622944670982e-06,0.0003125031646031559,0.2857142857142857,0.023467862481315396,0.2622464232329703
small_cluster,27,cluster_27,Prps1,4.493335,3.2091007,7.011643306188471e-06,0.0003150629092186222,0.5714285714285714,0.0898355754857997,0.4815929959427717
small_cluster,27,cluster_27,Gda,4.4823995,3.650647,7.380837010744032e-06,0.0003307461962109641,0.2857142857142857,0.02391629297458894,0.2617979927396968
small_cluster,27,cluster_27,Oaf,4.472836,3.1116989,7.718905641984023e-06,0.0003449530556789645,0.42857142857142855,0.050373692077727954,0.3781977364937006
small_cluster,27,cluster_27,Dusp3,4.453463,3.4863412,8.449625230952335e-06,0.0003765823462305686,0.2857142857142857,0.0242152466367713,0.2614990390775144
small_cluster,27,cluster_27,Nmral1,4.4283977,3.7519088,9.493567027723192e-06,0.00042082160222077855,0.2857142857142857,0.02466367713004484,0.26105060858424084
small_cluster,27,cluster_27,Stau1,4.388019,2.9014535,1.1438765953376018e-05,0.0005043204311863443,0.5714285714285714,0.08878923766816144,0.48263933376040996
small_cluster,27,cluster_27,Dgkz,4.3739624,3.6093266,1.2201135057955891e-05,0.000536490123553712,0.42857142857142855,0.05650224215246637,0.3720691864189622
small_cluster,27,cluster_27,Slc35g2,4.373028,2.9519782,1.2253516274850625e-05,0.0005373527284059495,0.42857142857142855,0.05246636771300448,0.37610506085842405
small_cluster,27,cluster_27,A130010J15Rik,4.371178,3.2047303,1.2357793478895005e-05,0.0005404804555929519,0.42857142857142855,0.05321375186846039,0.37535767670296816
small_cluster,27,cluster_27,Zfp281,4.361247,4.1928773,1.2932330393456587e-05,0.0005611194465160885,0.42857142857142855,0.05680119581464873,0.37177023275677984
small_cluster,27,cluster_27,Tuba1a,4.3573065,3.9672856,1.316729203128726e-05,0.0005698067456600062,1.0,0.4521674140508221,0.5478325859491779
small_cluster,27,cluster_27,Syne4,4.34795,2.75614,1.3741602592848954e-05,0.0005915381210638207,0.8571428571428571,0.2103139013452915,0.6468289557975656
small_cluster,27,cluster_27,Rnd2,4.3436894,3.0742548,1.4010948993111382e-05,0.0006015538597801565,0.2857142857142857,0.024813153961136022,0.26090113175314966
small_cluster,27,cluster_27,Habp4,4.33968,3.3302076,1.4269014748023332e-05,0.0006110342320687484,0.42857142857142855,0.05530642750373692,0.3732650010676916
small_cluster,27,cluster_27,Pcgf6,4.311178,3.2635608,1.623869271145299e-05,0.0006917683095078974,0.42857142857142855,0.05515695067264574,0.3734144778987828
small_cluster,27,cluster_27,Gna12,4.3095884,3.3563042,1.635586469970125e-05,0.0006931590101803624,0.42857142857142855,0.05605381165919283,0.3725176169122357
small_cluster,27,cluster_27,Mettl17,4.306658,3.566964,1.6573967332257002e-05,0.000696999072349608,0.2857142857142857,0.02585949177877429,0.2598547939355114
small_cluster,27,cluster_27,Ccz1,4.3035393,2.7654507,1.6809093336394313e-05,0.0007014909409928833,0.8571428571428571,0.20956651718983557,0.6475763399530216
small_cluster,27,cluster_27,Aqr,4.298341,3.205487,1.720815545046718e-05,0.0007163222272667822,0.42857142857142855,0.05530642750373692,0.3732650010676916
small_cluster,27,cluster_27,Ttc4,4.2879143,2.7666044,1.803587901088536e-05,0.0007469859890341687,0.5714285714285714,0.09058295964125561,0.4808456117873158
small_cluster,27,cluster_27,Phkg2,4.286893,2.4829676,1.8118949532109944e-05,0.0007485362500658317,0.7142857142857143,0.13213751868460388,0.5821481956011104
small_cluster,27,cluster_27,Smpd4,4.273391,3.3709824,1.925225328385279e-05,0.0007933573017800744,0.2857142857142857,0.02585949177877429,0.2598547939355114
small_cluster,27,cluster_27,Wdr55,4.2718835,2.6601477,1.9382876765846098e-05,0.0007967382502171474,0.5714285714285714,0.0898355754857997,0.4815929959427717
small_cluster,27,cluster_27,Agpat4,4.265305,3.5409873,1.9962947753467313e-05,0.0008185307652615435,0.2857142857142857,0.026158445440956652,0.25955584027332906
small_cluster,27,cluster_27,Mesdc1,4.2629213,2.9925535,2.017716661347958e-05,0.0008252511462036873,0.42857142857142855,0.05440956651718983,0.37416186205423874
small_cluster,27,cluster_27,Enpp1,4.254919,2.8527844,2.0912483124130602e-05,0.0008531980988031493,0.2857142857142857,0.025411061285500747,0.26030322442878495
small_cluster,27,cluster_27,Fem1c,4.250102,3.2302,2.1367323834633412e-05,0.0008674393025045115,0.42857142857142855,0.05635276532137519,0.37221866325005337
small_cluster,27,cluster_27,Unc45a,4.246927,2.8304558,2.1672286079371355e-05,0.0008754856255856395,0.7142857142857143,0.14828101644245142,0.5660046978432629
small_cluster,27,cluster_27,Hspa4l,4.24169,2.8564806,2.2184302964158965e-05,0.0008917763551842431,0.7142857142857143,0.15097159940209268,0.5633141148836216
small_cluster,27,cluster_27,Ak1,4.234426,3.0834208,2.291360368932968e-05,0.0009166000344114538,0.42857142857142855,0.0554559043348281,0.37311552423660044
small_cluster,27,cluster_27,Cnot11,4.2223496,3.0011897,2.417687406785364e-05,0.0009647808067806996,0.5714285714285714,0.09910313901345291,0.4723254324151185
small_cluster,27,cluster_27,Gpm6b,4.217474,3.0091002,2.4705425569280677e-05,0.0009834798173829428,0.2857142857142857,0.02585949177877429,0.2598547939355114
small_cluster,27,cluster_27,Fam220a,4.2049103,2.875587,2.6118570129398888e-05,0.0010372171154776541,0.7142857142857143,0.15366218236173393,0.5606235319239804
small_cluster,27,cluster_27,Zfp768,4.190943,2.8997424,2.7779767982417755e-05,0.0010926042558264595,0.42857142857142855,0.055754857997010465,0.3728165705744181
small_cluster,27,cluster_27,Rasd1,4.1874375,3.0379794,2.8212146326762424e-05,0.0011069555308737572,0.5714285714285714,0.10149476831091181,0.4699338031176596
small_cluster,27,cluster_27,Ppip5k1,4.185716,3.8560371,2.842684572593059e-05,0.0011108849620001652,0.2857142857142857,0.02765321375186846,0.25806107196241723
small_cluster,27,cluster_27,Car8,4.1855493,2.8913069,2.8447758309863382e-05,0.0011108849620001652,1.0,0.49088191330343794,0.5091180866965621
small_cluster,27,cluster_27,Necap1,4.173596,3.020182,2.9982960101368693e-05,0.0011680535121675723,0.42857142857142855,0.05710014947683109,0.37147127909459743
small_cluster,27,cluster_27,Gm26615,4.1550736,4.1089215,3.2518295261866656e-05,0.0012608334765718085,0.2857142857142857,0.028550074738415546,0.25716421097587017
small_cluster,27,cluster_27,Ttc3,4.1499166,3.2761512,3.325966468157717e-05,0.001286537170855064,0.5714285714285714,0.10986547085201794,0.4615631005765535
small_cluster,27,cluster_27,Cry1,4.1442976,3.7914042,3.408568744190712e-05,0.0013153867287875735,0.2857142857142857,0.028101644245142002,0.2576126414691437
small_cluster,27,cluster_27,Bcl7a,4.1437445,2.980521,3.4168067152456775e-05,0.0013154705853695857,0.5714285714285714,0.10044843049327354,0.47098014093529783
small_cluster,27,cluster_27,Atp6v0e2,4.1362476,2.9489589,3.530314614254881e-05,0.0013559880559342928,0.5714285714285714,0.10343796711509716,0.4679906043134742
small_cluster,27,cluster_27,Fam89b,4.1351385,3.4542902,3.547402847782489e-05,0.001359368086600014,0.2857142857142857,0.027503736920777278,0.2582105487935084
small_cluster,27,cluster_27,Upb1,4.131879,3.8925543,3.598097137681098e-05,0.0013751769220808885,0.42857142857142855,0.06502242152466367,0.36354900704676485
small_cluster,27,cluster_27,Abi2,4.1314116,3.6617818,3.6054269647874034e-05,0.0013751769220808885,0.2857142857142857,0.02795216741405082,0.2577621183002349
small_cluster,27,cluster_27,Ythdf1,4.125293,2.988049,3.702630906136459e-05,0.0014089756262539227,0.5714285714285714,0.1031390134529148,0.4682895579756566
small_cluster,27,cluster_27,Slc29a1,4.1211843,3.6295042,3.769297894837979e-05,0.0014310244160471686,0.2857142857142857,0.02795216741405082,0.2577621183002349
small_cluster,27,cluster_27,Tia1,4.116973,3.0123668,3.838812173076652e-05,0.0014540498487443456,0.5714285714285714,0.1031390134529148,0.4682895579756566
small_cluster,27,cluster_27,Cyth1,4.110845,3.0001254,3.94213483632984e-05,0.0014897454712130347,0.42857142857142855,0.05829596412556054,0.370275464445868
small_cluster,27,cluster_27,D030056L22Rik,4.098014,2.941325,4.16710154061347e-05,0.0015711409739678512,0.5714285714285714,0.10239162929745889,0.4690369421311125
small_cluster,27,cluster_27,Foxk2,4.0887704,3.5800624,4.33665741901375e-05,0.0016313192277349659,0.2857142857142857,0.028400597907324365,0.25731368780696134
small_cluster,27,cluster_27,Tspan3,4.0731573,2.800281,4.638008732998142e-05,0.0017327558366720395,1.0,0.4349775784753363,0.5650224215246638
small_cluster,27,cluster_27,Ddx27,4.0652943,2.8881884,4.7971908169932484e-05,0.0017840981086055844,0.5714285714285714,0.10269058295964126,0.4687379884689301
small_cluster,27,cluster_27,Ube2l6,4.0563183,2.6008403,4.985234819161249e-05,0.0018456622182632875,0.7142857142857143,0.1484304932735426,0.5658552210121717
small_cluster,27,cluster_27,Macrod2,4.052335,3.3176231,5.070901314907133e-05,0.0018731498303106281,0.42857142857142855,0.0624813153961136,0.3660901131753149
small_cluster,27,cluster_27,Clns1a,4.0355043,2.3853106,5.448511554160269e-05,0.001999128366885516,1.0,0.27982062780269057,0.7201793721973094
small_cluster,27,cluster_27,Phlpp2,4.033986,3.5218732,5.483852594164751e-05,0.0020076041606450017,0.2857142857142857,0.02899850523168909,0.25671578048259663
small_cluster,27,cluster_27,Tmem180,4.019556,4.016134,5.830796224775527e-05,0.0021251308640565206,0.2857142857142857,0.030194319880418534,0.25551996583386716
small_cluster,27,cluster_27,Crebzf,4.0181575,3.3647408,5.8655004082758633e-05,0.0021330392948144664,0.2857142857142857,0.028849028400597908,0.2568652573136878
small_cluster,27,cluster_27,Aph1b,4.015685,3.458052,5.9273314197238336e-05,0.002150755810063951,0.2857142857142857,0.02914798206278027,0.25656630365150546
small_cluster,27,cluster_27,Cdh13,4.0111246,2.485703,6.043018080941152e-05,0.0021878927051990254,0.5714285714285714,0.09387144992526159,0.4775571215033098
small_cluster,27,cluster_27,Fam53a,4.0045905,2.395041,6.212499949657362e-05,0.002244299816615207,0.7142857142857143,0.14573991031390135,0.568545803971813
small_cluster,27,cluster_27,Fbxl3,4.002365,3.025799,6.271246291955465e-05,0.0022555857551395083,0.5714285714285714,0.1101644245142003,0.4612641469143711
small_cluster,27,cluster_27,Upf2,4.002666,2.6875112,6.263270354771904e-05,0.0022555857551395083,0.42857142857142855,0.05949177877428999,0.3690796497971386
small_cluster,27,cluster_27,Igfbp5,3.9959147,2.7113502,6.444493789745972e-05,0.002312825878460037,1.0,0.4605381165919282,0.5394618834080718
small_cluster,27,cluster_27,Trim32,3.9937704,2.9044633,6.503083253781201e-05,0.002328756952953395,0.2857142857142857,0.028550074738415546,0.25716421097587017
small_cluster,27,cluster_27,Ocrl,3.9853244,3.5424788,6.738803435250547e-05,0.0023974645366929333,0.2857142857142857,0.029895366218236172,0.2558189194960495
small_cluster,27,cluster_27,Extl3,3.9773884,3.574912,6.967632390161958e-05,0.0024628478196346178,0.2857142857142857,0.029745889387144994,0.2559683963271407
small_cluster,27,cluster_27,Adrb1,3.9725559,2.502051,7.110551634896324e-05,0.0025025784842046053,0.5714285714285714,0.09715994020926756,0.47426863121930385
small_cluster,27,cluster_27,Setd1b,3.964896,2.6782842,7.342797364621712e-05,0.0025732739225889038,0.5714285714285714,0.10403587443946188,0.4673926969891095
small_cluster,27,cluster_27,Ccdc86,3.9574645,2.6981416,7.574958366280816e-05,0.0026433381311781203,0.5714285714285714,0.10433482810164424,0.46709374332692716
small_cluster,27,cluster_27,Itpkc,3.9547405,2.3517997,7.661773857872089e-05,0.0026679565401902363,0.5714285714285714,0.09626307922272048,0.4751654922058509
small_cluster,27,cluster_27,Nolc1,3.9494884,2.5845928,7.831837594260832e-05,0.0027213976352430487,0.5714285714285714,0.10373692077727951,0.46769165065129187
small_cluster,27,cluster_27,Vamp7,3.9449844,2.6964495,7.980513100609242e-05,0.0027671965193042745,0.5714285714285714,0.10149476831091181,0.4699338031176596
small_cluster,27,cluster_27,Tiparp,3.94164,2.36748,8.092641769848376e-05,0.002800156490870954,0.7142857142857143,0.14334828101644245,0.5709374332692718
small_cluster,27,cluster_27,Snrpn,3.9375026,3.714773,8.233399904740088e-05,0.0028368905848244154,0.42857142857142855,0.0687593423019432,0.35981208626948535
small_cluster,27,cluster_27,Mettl25,3.9351528,3.3783479,8.314375148549314e-05,0.0028528047450074746,0.2857142857142857,0.029895366218236172,0.2558189194960495
small_cluster,27,cluster_27,Cbfa2t2,3.9333181,3.3429062,8.378126772545319e-05,0.0028686776032675527,0.2857142857142857,0.030044843049327353,0.25566944266495834
small_cluster,27,cluster_27,Acyp2,3.9292665,2.3774545,8.520540880209909e-05,0.002911362312006723,0.7142857142857143,0.1547085201793722,0.5595771941063421
small_cluster,27,cluster_27,Kazn,3.9264343,3.2309732,8.621440701139784e-05,0.0029336151232239333,0.2857142857142857,0.029745889387144994,0.2559683963271407
small_cluster,27,cluster_27,Tmtc4,3.9239938,3.6932714,8.709294980794594e-05,0.002957373643478512,0.2857142857142857,0.030792227204783258,0.25492205850950245
small_cluster,27,cluster_27,Herc1,3.9191208,2.9228091,8.88726032285072e-05,0.003010063102791237,0.42857142857142855,0.06397608370702541,0.36459534486440315
small_cluster,27,cluster_27,Otud6b,3.915672,3.361619,9.015272021294526e-05,0.003036128879286479,0.42857142857142855,0.06621823617339312,0.36235319239803543
small_cluster,27,cluster_27,Gstm5,3.9158094,2.7427838,9.01014083470729e-05,0.003036128879286479,0.7142857142857143,0.1687593423019432,0.5455263719837711
small_cluster,27,cluster_27,Alg2,3.9067428,3.4716167,9.354861654821239e-05,0.003137609120669185,0.2857142857142857,0.030642750373692077,0.2550715353405936
small_cluster,27,cluster_27,Celf4,3.9046538,3.0650928,9.436037621362168e-05,0.0031581775920831315,0.42857142857142855,0.0656203288490284,0.36295109972240014
small_cluster,27,cluster_27,Stk3,3.89459,3.0233512,9.836501684383152e-05,0.0032723826394638555,0.42857142857142855,0.06487294469357249,0.3636984838778561
small_cluster,27,cluster_27,Trove2,3.889938,2.7858346,0.00010026975928943983,0.003328996603453649,0.42857142857142855,0.06263079222720479,0.36594063634422375
small_cluster,27,cluster_27,Dll1,3.8796554,2.882772,0.00010460456630299474,0.003452872386666429,0.42857142857142855,0.06337817638266069,0.36519325218876786
small_cluster,27,cluster_27,Smim13,3.8736117,3.0595279,0.0001072342705073899,0.0035316250413487986,0.42857142857142855,0.06636771300448431,0.36220371556694425
small_cluster,27,cluster_27,Tcp11,3.8668268,3.0912237,0.0001102607312415067,0.00362402054727846,0.2857142857142857,0.030343796711509715,0.255370489002776
small_cluster,27,cluster_27,Msmo1,3.8593853,2.577191,0.00011367259265835393,0.0037212458925941373,0.7142857142857143,0.1657698056801196,0.5485159086055947
small_cluster,27,cluster_27,Bex2,3.8380437,3.322822,0.00012401838547853127,0.004035764960780538,0.5714285714285714,0.12436472346786248,0.4470638479607089
small_cluster,27,cluster_27,Ttc8,3.8372593,2.9581602,0.00012441503324651145,0.004040655366883236,0.42857142857142855,0.06591928251121076,0.3626521460602178
small_cluster,27,cluster_27,Trnp1,3.827871,2.752843,0.0001292563911677821,0.004181329529670205,0.42857142857142855,0.06367713004484304,0.3648942985265855
small_cluster,27,cluster_27,Pfdn2,3.8240962,2.7412102,0.0001312526367816797,0.004237548220189624,1.0,0.5705530642750374,0.4294469357249626
small_cluster,27,cluster_27,Actg1,3.8217096,3.0296712,0.00013252968611405418,0.004270372066712383,0.2857142857142857,0.03094170403587444,0.25477258167841127
small_cluster,27,cluster_27,Tubb2b,3.8158944,3.524972,0.0001356905055917948,0.0043636470239431895,0.42857142857142855,0.07279521674140509,0.35577621183002345
small_cluster,27,cluster_27,Mier3,3.8067136,3.0513194,0.00014082573250681093,0.004486137718166036,0.2857142857142857,0.0312406576980568,0.2544736280162289
small_cluster,27,cluster_27,Tspan17,3.8066409,2.4579544,0.00014086707669383014,0.004486137718166036,0.7142857142857143,0.16278026905829596,0.5515054452274184
small_cluster,27,cluster_27,Atat1,3.8049748,2.775374,0.0001418186194098025,0.004498969394468415,0.42857142857142855,0.06576980568011959,0.36280162289130896
small_cluster,27,cluster_27,Ddx51,3.8041377,3.1198318,0.00014229903731923806,0.00450549519512128,0.2857142857142857,0.03139013452914798,0.25432415118513774
small_cluster,27,cluster_27,Ptpn11,3.7976573,3.1323462,0.0001460700795006867,0.004607106488251467,0.42857142857142855,0.06860986547085202,0.35996156310057653
small_cluster,27,cluster_27,Uck2,3.796188,2.7806058,0.00014693802669006365,0.004625586517742292,0.5714285714285714,0.11763826606875934,0.4537903053598121
small_cluster,27,cluster_27,Dcun1d2,3.7944326,2.9133675,0.00014798139835069156,0.004649507498754199,0.2857142857142857,0.0312406576980568,0.2544736280162289
small_cluster,27,cluster_27,Polr3k,3.7922704,2.4598496,0.00014927616372355386,0.004670694054963406,0.8571428571428571,0.2532137518684604,0.6039291052743967
small_cluster,27,cluster_27,Cirbp,3.7918818,2.1981425,0.00014951005297578123,0.004670694054963406,1.0,0.6579970104633782,0.3420029895366218
small_cluster,27,cluster_27,Zfp36l2,3.785897,2.5363476,0.00015315508684211337,0.004775468781934414,0.42857142857142855,0.06337817638266069,0.36519325218876786
small_cluster,27,cluster_27,Naa50,3.7838013,2.6430292,0.00015445111326842651,0.00480674138276179,0.8571428571428571,0.2680119581464873,0.5891308989963697
small_cluster,27,cluster_27,Pitpnm1,3.7810068,2.887815,0.0001561953757240749,0.004851818858429076,0.2857142857142857,0.03153961136023916,0.25417467435404656
small_cluster,27,cluster_27,Stk33,3.7686694,2.9265425,0.0001641201246593443,0.00506917921758551,0.2857142857142857,0.03139013452914798,0.25432415118513774
small_cluster,27,cluster_27,Mospd1,3.7660277,3.1581666,0.0001658653801875059,0.005103861351698468,0.42857142857142855,0.07115097159940209,0.35742045697202646
small_cluster,27,cluster_27,Stx7,3.7520459,2.4152195,0.00017539744343789192,0.005376997139859561,0.8571428571428571,0.25291479820627805,0.604228058936579
small_cluster,27,cluster_27,Trafd1,3.7506816,2.3764637,0.00017635454510472876,0.0053962516684004785,0.7142857142857143,0.16442451420029897,0.5498612000854153
small_cluster,27,cluster_27,Impdh2,3.744577,3.0636005,0.0001806979283177223,0.005508599855648631,0.2857142857142857,0.032137518684603884,0.2535767670296818
small_cluster,27,cluster_27,Tsr2,3.7432761,2.982709,0.0001816364535205174,0.005526937799981458,0.42857142857142855,0.06935724962630792,0.35921417894512064
small_cluster,27,cluster_27,Cyp51,3.7379723,3.5881646,0.0001855104929709987,0.005623951192638354,0.42857142857142855,0.0757847533632287,0.35278667520819984
small_cluster,27,cluster_27,Nme1,3.73263,2.2586305,0.00018949084583901824,0.0057234610729387445,1.0,0.568609865470852,0.431390134529148
small_cluster,27,cluster_27,Rnf34,3.7260559,2.6488643,0.00019449932137994872,0.0058317794697487005,0.5714285714285714,0.1164424514200299,0.4549861200085415
small_cluster,27,cluster_27,Plekha3,3.7209089,3.2522733,0.00019850709841550556,0.005930263972882891,0.2857142857142857,0.03288490284005979,0.2528293828742259
small_cluster,27,cluster_27,Kdm6b,3.7212782,2.3597317,0.00019821696564208745,0.005930263972882891,0.5714285714285714,0.10986547085201794,0.4615631005765535
small_cluster,27,cluster_27,Fam46a,3.7168262,2.7385833,0.00020174105637476805,0.006015918301095583,0.7142857142857143,0.1968609865470852,0.5174247277386291
small_cluster,27,cluster_27,Cxx1b,3.7013607,2.503622,0.00021444641249188844,0.006337181281584616,0.42857142857142855,0.06636771300448431,0.36220371556694425
small_cluster,27,cluster_27,Pold3,3.6844268,2.645884,0.00022921779808478642,0.006749373620087221,0.42857142857142855,0.06831091180866966,0.3602605167627589
small_cluster,27,cluster_27,Tmem80,3.672373,2.2603178,0.00024030848952448044,0.007063260818442659,0.5714285714285714,0.10986547085201794,0.4615631005765535
small_cluster,27,cluster_27,Ckb,3.6687436,2.5954905,0.00024374535650766393,0.00715146259764257,0.42857142857142855,0.06890881913303439,0.3596626094383942
small_cluster,27,cluster_27,Bnip3,3.6581967,2.5736792,0.0002539961259222832,0.007425651446080868,0.5714285714285714,0.11808669656203288,0.45334187486653854
small_cluster,27,cluster_27,Bin1,3.6570601,3.0275586,0.0002551246082883567,0.0074453713532692855,0.42857142857142855,0.07369207772795217,0.3548793508434764
small_cluster,27,cluster_27,Elmo2,3.6544397,3.4019675,0.0002577443480255133,0.00750846368022459,0.2857142857142857,0.03452914798206278,0.2511851377322229
small_cluster,27,cluster_27,Whsc1,3.6533637,3.125792,0.0002588271904276442,0.007526639628020909,0.2857142857142857,0.03378176382660687,0.25193252188767884
small_cluster,27,cluster_27,Map1b,3.6516702,4.461765,0.0002605403412000858,0.007549685752690118,0.2857142857142857,0.03527653213751868,0.250437753576767
small_cluster,27,cluster_27,Ccser1,3.6520557,2.916885,0.0002601493618094088,0.007549685752690118,0.2857142857142857,0.03333333333333333,0.2523809523809524
small_cluster,27,cluster_27,Sox15,3.6422784,2.6198812,0.00027023562486675964,0.007800728138808528,0.42857142857142855,0.06860986547085202,0.35996156310057653
small_cluster,27,cluster_27,Tpt1,3.6419024,2.549983,0.00027063071221157563,0.007800728138808528,0.5714285714285714,0.11823617339312406,0.4531923980354473
small_cluster,27,cluster_27,Pip5k1b,3.6403012,3.7293863,0.00027231931478143056,0.007821907323520564,0.2857142857142857,0.03572496263079223,0.24998932308349348
small_cluster,27,cluster_27,2310033P09Rik,3.6403422,2.3553808,0.0002722759176348019,0.007821907323520564,0.7142857142857143,0.17473841554559044,0.5395472987401239
small_cluster,27,cluster_27,Sox4,3.6338181,2.766948,0.00027925778779708076,0.008007180030873988,0.8571428571428571,0.3028400597907324,0.5543027973521246
small_cluster,27,cluster_27,Ssbp3,3.6297803,2.4591126,0.000283662536640686,0.008119283182275552,0.7142857142857143,0.18490284005979074,0.5293828742259236
small_cluster,27,cluster_27,Tsnax,3.626274,2.494564,0.00028754002244415464,0.008215930153495785,0.7142857142857143,0.1819133034379671,0.5323724108477472
small_cluster,27,cluster_27,Gstt1,3.6206427,2.9562225,0.0002938721579352359,0.00836770358037466,0.42857142857142855,0.07533632286995516,0.3532351057014734
small_cluster,27,cluster_27,Krtap17-1,3.6140227,3.3492527,0.000301482603804877,0.008554699282013474,0.42857142857142855,0.07414050822122571,0.35443092035020285
small_cluster,27,cluster_27,Cd200,3.6069956,2.9083743,0.000309762869651101,0.008774474654831966,0.2857142857142857,0.034080717488789235,0.2516335682254965
small_cluster,27,cluster_27,Arg1,3.59899,2.9795957,0.00031945555013614677,0.009033431858246455,0.2857142857142857,0.03452914798206278,0.2511851377322229
small_cluster,27,cluster_27,Gnl3,3.581643,2.2117157,0.00034144015729850905,0.00962192443273685,0.5714285714285714,0.1133034379671151,0.4581251334614563
small_cluster,27,cluster_27,Tvp23b,3.5691333,2.4221992,0.0003581641785605298,0.01004145417533547,1.0,0.38849028400597907,0.6115097159940209
small_cluster,27,cluster_27,Siah2,3.5592895,3.1826506,0.00037185963622121616,0.010366600283891336,0.5714285714285714,0.14708520179372198,0.4243433696348494
small_cluster,27,cluster_27,Mrpl28,3.5589855,2.1055741,0.000372289955930248,0.010366600283891336,1.0,0.47713004484304933,0.5228699551569507
small_cluster,27,cluster_27,Nrxn1,3.5583098,2.961332,0.00037324902284973976,0.010375690209760308,0.2857142857142857,0.03423019431988042,0.2514840913944053
small_cluster,27,cluster_27,Dcun1d3,3.5552464,2.7917025,0.00037762513165006225,0.010479576622999445,0.2857142857142857,0.03452914798206278,0.2511851377322229
small_cluster,27,cluster_27,Fam117b,3.553278,2.9073167,0.0003804621418430495,0.010540472277648405,0.2857142857142857,0.03497757847533632,0.25073670723894936
small_cluster,27,cluster_27,Mta3,3.5499198,2.2570086,0.00038534833183569926,0.010657838095172519,0.7142857142857143,0.1750373692077728,0.5392483450779415
small_cluster,27,cluster_27,Lrrc58,3.5407884,2.2478049,0.00039893331328646087,0.010978028978542357,0.8571428571428571,0.2506726457399103,0.6064702114029468
small_cluster,27,cluster_27,Zscan29,3.5391948,2.830102,0.00040134968843630277,0.011026023852669686,0.2857142857142857,0.03497757847533632,0.25073670723894936
small_cluster,27,cluster_27,Klhl9,3.527953,3.2750573,0.0004187866234192932,0.011466643423538944,0.2857142857142857,0.03647234678624813,0.24924193892803756
small_cluster,27,cluster_27,Ring1,3.5272264,2.2022436,0.00041993755301759846,0.011478993011736053,0.8571428571428571,0.25605381165919283,0.6010890454836643
small_cluster,27,cluster_27,Rnpep,3.523889,2.3168051,0.0004252624183802845,0.011605206196098247,1.0,0.4077727952167414,0.5922272047832586
small_cluster,27,cluster_27,Gm4285,3.5198393,2.8560543,0.0004318083790563935,0.011725313286264749,0.2857142857142857,0.03542600896860987,0.25028827674567583
small_cluster,27,cluster_27,Ppt2,3.5198572,2.8256893,0.0004317791497308372,0.011725313286264749,0.42857142857142855,0.07638266068759342,0.35218876788383513
small_cluster,27,cluster_27,Smarcc1,3.520218,2.7743742,0.0004311923414408126,0.011725313286264749,0.42857142857142855,0.0757847533632287,0.35278667520819984
small_cluster,27,cluster_27,Gatb,3.5184147,3.295742,0.00043413336127375176,0.011768960757439342,0.2857142857142857,0.036771300448430494,0.2489429852658552
small_cluster,27,cluster_27,Scrn3,3.5133204,2.822238,0.0004425435808257934,0.011977157209775309,0.42857142857142855,0.07653213751868461,0.35203929105274395
small_cluster,27,cluster_27,Gtf2h3,3.4981642,2.654963,0.00046847269189333944,0.012595771507774852,0.5714285714285714,0.1295964125560538,0.4418321588725176
small_cluster,27,cluster_27,Elmod3,3.4951205,2.8952565,0.00047384766081224634,0.012698652753237994,0.42857142857142855,0.07892376681614349,0.34964766175528506
small_cluster,27,cluster_27,Prnp,3.492946,2.4549546,0.0004777231830436467,0.012781627936539723,0.8571428571428571,0.36591928251121075,0.49122357463164634
small_cluster,27,cluster_27,Acot7,3.4905262,2.467356,0.00048207051785145326,0.012876935770817076,0.7142857142857143,0.19177877428998505,0.5225069399957293
small_cluster,27,cluster_27,Rasgef1b,3.4838612,3.1880786,0.000494235846725321,0.013159029419061672,0.2857142857142857,0.03692077727952167,0.24879350843476403
small_cluster,27,cluster_27,Cd24a,3.4829836,2.5487998,0.0004958588068668881,0.013180843260006212,1.0,0.6727952167414051,0.3272047832585949
small_cluster,27,cluster_27,Adam15,3.4805849,2.5820007,0.0005003201713748319,0.013277914451001,0.42857142857142855,0.07548579970104634,0.3530856288703822
small_cluster,27,cluster_27,Ywhaq,3.4787838,2.1628997,0.0005036946106867976,0.013345872875402533,1.0,0.7641255605381166,0.23587443946188336
small_cluster,27,cluster_27,Yeats2,3.4721346,2.9725597,0.0005163372208978091,0.013636790273663393,0.2857142857142857,0.03647234678624813,0.24924193892803756
small_cluster,27,cluster_27,Tm2d2,3.4724243,2.1425452,0.00051578066901847,0.013636790273663393,1.0,0.532286995515695,0.467713004484305
small_cluster,27,cluster_27,Zranb1,3.4632745,2.321355,0.0005336438159886687,0.014048623155746637,0.5714285714285714,0.1234678624813154,0.447960708947256
small_cluster,27,cluster_27,Ciart,3.4562833,2.8263738,0.0005476792029074286,0.014349020138793508,0.2857142857142857,0.03617339312406577,0.24954089259021994
small_cluster,27,cluster_27,Sgce,3.4550965,3.429606,0.0005500961188176773,0.01438935637117819,0.2857142857142857,0.038266068759342305,0.2474482169549434
small_cluster,27,cluster_27,Arid5a,3.4478729,2.7393324,0.0005650199440229395,0.014709352542730526,0.42857142857142855,0.07817638266068759,0.35039504591074094
small_cluster,27,cluster_27,Snx18,3.4448776,2.84773,0.0005713177436907071,0.014826237839036846,0.2857142857142857,0.036771300448430494,0.2489429852658552
small_cluster,27,cluster_27,Ubr7,3.4439723,3.1415236,0.0005732341783181339,0.014852470392726245,0.2857142857142857,0.03736920777279522,0.24834507794149047
small_cluster,27,cluster_27,Rpl12,3.442607,2.679508,0.0005761359820695216,0.014904110791675432,0.42857142857142855,0.07713004484304933,0.3514413837283792
small_cluster,27,cluster_27,Rfxap,3.4393394,2.354473,0.0005831356286049509,0.015061429046850079,0.5714285714285714,0.12526158445440957,0.4461669869741618
small_cluster,27,cluster_27,Ccdc112,3.4375448,2.9909434,0.0005870135475281956,0.01513775030347474,0.2857142857142857,0.037070254110612856,0.24864403160367285
small_cluster,27,cluster_27,Cntrl,3.435528,2.8259156,0.0005914002502293463,0.015226931717443498,0.2857142857142857,0.03692077727952167,0.24879350843476403
small_cluster,27,cluster_27,Snhg20,3.4338427,2.8982148,0.0005950895552270432,0.015297905635233127,0.42857142857142855,0.08116591928251121,0.34740550928891734
small_cluster,27,cluster_27,Dmtf1,3.428276,3.3206213,0.0006074272729114556,0.015541988616257073,0.2857142857142857,0.03856502242152467,0.24714926329276105
small_cluster,27,cluster_27,Tmem41b,3.4285963,3.3125215,0.0006067111752503862,0.015541988616257073,0.42857142857142855,0.07952167414050822,0.34904975443092034
small_cluster,27,cluster_27,Wdr89,3.4289203,2.170652,0.0006059874037166833,0.015541988616257073,1.0,0.4499252615844544,0.5500747384155455
small_cluster,27,cluster_27,Npdc1,3.411722,2.3788955,0.0006455390712457896,0.01646576408631757,0.8571428571428571,0.40508221225710017,0.4520606448857569
small_cluster,27,cluster_27,Mrpl2,3.4023094,2.1487956,0.0006681894296441431,0.016964357330640233,0.8571428571428571,0.2807174887892377,0.5764253683536193
small_cluster,27,cluster_27,Gm10138,3.3998506,3.3121872,0.0006742270481971129,0.017045783183738734,0.2857142857142857,0.039013452914798206,0.24670083279948749
small_cluster,27,cluster_27,Arhgap27os1,3.399949,2.8474631,0.0006739839202311974,0.017045783183738734,0.2857142857142857,0.03781763826606876,0.24789664744821693
small_cluster,27,cluster_27,Hes6,3.399313,2.4755316,0.000675553872899834,0.017045783183738734,1.0,0.5340807174887893,0.46591928251121073
small_cluster,27,cluster_27,Fam3a,3.399475,2.3547869,0.0006751532040639715,0.017045783183738734,0.5714285714285714,0.12929745889387145,0.44213111253469994
small_cluster,27,cluster_27,Igsf8,3.391888,2.2601004,0.0006941281909432192,0.017487552165375942,0.5714285714285714,0.1273542600896861,0.4440743113388853
small_cluster,27,cluster_27,Exoc2,3.3901446,2.9746182,0.0006985576792447988,0.017542939997611907,0.2857142857142857,0.03811659192825112,0.24759769378603458
small_cluster,27,cluster_27,Caap1,3.3904698,2.4704041,0.000697729726001454,0.017542939997611907,0.42857142857142855,0.07668161434977579,0.3518898142216528
small_cluster,27,cluster_27,2310036O22Rik,3.3897612,2.083568,0.0006995355623704766,0.017542939997611907,1.0,0.6189835575485799,0.3810164424514201
small_cluster,27,cluster_27,Zfp772,3.387561,2.892546,0.0007051703298148029,0.017630333200141134,0.2857142857142857,0.03781763826606876,0.24789664744821693
small_cluster,27,cluster_27,Eya3,3.387965,2.860697,0.0007041323342900507,0.017630333200141134,0.2857142857142857,0.03796711509715994,0.24774717061712576
small_cluster,27,cluster_27,Mllt6,3.3866432,2.78103,0.0007075334493360596,0.01766249026264949,0.42857142857142855,0.08176382660687594,0.3468076019645526
small_cluster,27,cluster_27,Nudt5,3.3801632,3.129039,0.0007244277766574611,0.018029347443033413,0.2857142857142857,0.03886397608370702,0.2468503096305787
small_cluster,27,cluster_27,Zfp667,3.3699288,3.0384197,0.0007518756858744642,0.018684110793980434,0.2857142857142857,0.03841554559043348,0.24729874012385222
small_cluster,27,cluster_27,Spg21,3.36803,2.4741101,0.0007570734480592798,0.01872825475192242,0.8571428571428571,0.35216741405082214,0.504975443092035
small_cluster,27,cluster_27,Tgfb1,3.3684547,2.4548626,0.0007559081153500508,0.01872825475192242,0.42857142857142855,0.07563527653213752,0.352936152039291
small_cluster,27,cluster_27,Lcmt2,3.3674872,2.7326148,0.0007585657678208843,0.01873680294884085,0.42857142857142855,0.08206278026905829,0.34650864830237027
small_cluster,27,cluster_27,Pdk3,3.3657334,2.5959094,0.0007634048213022448,0.018821583097938594,0.5714285714285714,0.1406576980568012,0.4307708733717702
small_cluster,27,cluster_27,Cisd2,3.3654125,2.1074626,0.000764293295727523,0.018821583097938594,0.8571428571428571,0.2665171898355755,0.5906256673072816
small_cluster,27,cluster_27,Agpat1,3.36146,3.2238905,0.0007753161549941433,0.01903586864978884,0.2857142857142857,0.03961136023916293,0.24610292547512277
small_cluster,27,cluster_27,Kif1b,3.361538,2.1162868,0.0007750972294598448,0.01903586864978884,0.5714285714285714,0.12541106128550075,0.4460175101430707
small_cluster,27,cluster_27,Larp1,3.356293,2.1666784,0.0007899483586678432,0.01936613307998699,0.5714285714285714,0.12765321375186847,0.44377535767670295
small_cluster,27,cluster_27,Tpd52,3.3483157,2.270355,0.000813043194180054,0.019902569295144876,1.0,0.47757847533632286,0.5224215246636772
small_cluster,27,cluster_27,Atg4b,3.3466003,2.2742908,0.0008180910676265781,0.019996291505429968,0.5714285714285714,0.12989536621823616,0.44153320521033523
small_cluster,27,cluster_27,Fam174a,3.3452115,2.2433949,0.0008221985072182789,0.02006678231679612,0.8571428571428571,0.31569506726457397,0.5414477898782831
small_cluster,27,cluster_27,Ttr,3.3441663,2.871819,0.0008253024810693962,0.020112609200622834,0.2857142857142857,0.03841554559043348,0.24729874012385222
small_cluster,27,cluster_27,Atp6v1b2,3.3421986,2.5779998,0.0008311756220620201,0.020225684536259926,0.7142857142857143,0.2295964125560538,0.4846893017296605
small_cluster,27,cluster_27,Inip,3.3405678,2.9395685,0.0008360722770483927,0.02028464706489747,0.2857142857142857,0.03886397608370702,0.2468503096305787
small_cluster,27,cluster_27,Nudt21,3.3405976,2.1637728,0.0008359831258653016,0.02028464706489747,0.7142857142857143,0.19043348281016442,0.5238522314755498
small_cluster,27,cluster_27,Tnfaip1,3.3351,2.2143688,0.0008526873187970945,0.020596354514861775,0.7142857142857143,0.19940209267563527,0.5148836216100791
small_cluster,27,cluster_27,Mageh1,3.3316507,2.3244286,0.0008633256513166116,0.02082265295182904,0.5714285714285714,0.1312406576980568,0.4401879137305146
small_cluster,27,cluster_27,Afg3l2,3.3251073,2.7474022,0.0008838447612845267,0.02125142002741718,0.42857142857142855,0.08355754857997011,0.34501387999145844
small_cluster,27,cluster_27,Dhx38,3.321967,2.8018262,0.0008938528677006858,0.02143286678824408,0.2857142857142857,0.039013452914798206,0.24670083279948749
small_cluster,27,cluster_27,Atp5sl,3.3170524,2.3575218,0.0009097254103312733,0.021781615262544837,0.42857142857142855,0.07817638266068759,0.35039504591074094
small_cluster,27,cluster_27,Morc2a,3.3156993,2.8577135,0.0009141414447374986,0.02185544290836693,0.2857142857142857,0.03931240657698057,0.24640187913730513
small_cluster,27,cluster_27,Wdr46,3.3076084,2.599842,0.0009409631791125304,0.02246395502274325,0.42857142857142855,0.08101644245142003,0.3475549861200085
small_cluster,27,cluster_27,Glt28d2,3.3030562,3.2680948,0.0009563718245897167,0.022732542456660787,0.2857142857142857,0.04095665171898356,0.24475763399530215
small_cluster,27,cluster_27,Psme2b,3.2980886,3.1222928,0.0009734545285742425,0.02310510524333741,0.42857142857142855,0.09237668161434978,0.33619474695707874
small_cluster,27,cluster_27,Cnst,3.294425,3.1280487,0.0009862321862259004,0.023374557928166177,0.2857142857142857,0.04050822122571002,0.24520606448857568
small_cluster,27,cluster_27,Asrgl1,3.2938032,2.7270796,0.0009884169013104848,0.023392533331014806,0.42857142857142855,0.08535127055306428,0.34322015801836425
small_cluster,27,cluster_27,Tmem260,3.2855854,2.6819868,0.0010177065050299815,0.02401640919280105,0.2857142857142857,0.03931240657698057,0.24640187913730513
small_cluster,27,cluster_27,Zdhhc18,3.281475,3.094849,0.001032656316271463,0.024334190004552104,0.2857142857142857,0.04095665171898356,0.24475763399530215
small_cluster,27,cluster_27,Upf3a,3.280544,2.4213963,0.0010360708890224469,0.024379625037097778,0.5714285714285714,0.13811659192825113,0.4333119795003203
small_cluster,27,cluster_27,Zfp746,3.2782066,3.3965087,0.0010446888024432928,0.02454719347975995,0.2857142857142857,0.04185351270553064,0.24386077300875506
small_cluster,27,cluster_27,Rpp40,3.2749555,3.0571434,0.0010567858985692162,0.024760493603476735,0.2857142857142857,0.04080717488789238,0.24490711082639333
small_cluster,27,cluster_27,H2afy,3.2694,2.1118252,0.0010777584681015207,0.025144120391654395,1.0,0.5571001494768311,0.44289985052316894
small_cluster,27,cluster_27,Max,3.268696,2.2705095,0.0010804428333249915,0.02517094163261816,0.8571428571428571,0.32705530642750374,0.5300875507153533
small_cluster,27,cluster_27,Cspp1,3.2677402,2.743565,0.0010840981918681717,0.02522027580826934,0.42857142857142855,0.08669656203288491,0.34187486653854365
small_cluster,27,cluster_27,Zfp512,3.2597082,3.7319136,0.0011152695098336867,0.025835501738393073,0.2857142857142857,0.04394618834080718,0.2417680973734785
small_cluster,27,cluster_27,Mycl,3.252554,2.5969536,0.0011437291558755874,0.026420143500726072,0.5714285714285714,0.13991031390134528,0.4315182575272261
small_cluster,27,cluster_27,Trmt1,3.2433734,2.186739,0.001181232510887747,0.027209823611053282,0.5714285714285714,0.13482810164424514,0.43660046978432626
small_cluster,27,cluster_27,Lpar6,3.2405643,2.4968224,0.0011929337056698214,0.02744082146800945,0.5714285714285714,0.14798206278026907,0.42344650864830236
small_cluster,27,cluster_27,Ap2a1,3.237222,2.3891597,0.0012069947549678476,0.027725379518526147,0.42857142857142855,0.08281016442451421,0.3457612641469143
small_cluster,27,cluster_27,Hn1,3.2298863,2.047126,0.0012383941363177167,0.028327618172589778,1.0,0.5654708520179372,0.43452914798206277
small_cluster,27,cluster_27,Grcc10,3.2288892,2.0599997,0.0012427197921338264,0.028347492782735587,0.8571428571428571,0.3136023916292975,0.5435404655135596
small_cluster,27,cluster_27,AK010878,3.2278242,2.3778787,0.00124735567342625,0.028413722777588787,0.42857142857142855,0.08251121076233184,0.3460602178090967
small_cluster,27,cluster_27,Gnptg,3.2251973,2.3355768,0.0012588591465291768,0.02863599010017341,0.7142857142857143,0.2343796711509716,0.4799060431347427
small_cluster,27,cluster_27,Rpl13a-ps1,3.2227852,2.8436184,0.0012695066020642946,0.028798309516537335,0.2857142857142857,0.04110612855007474,0.24460815716421097
small_cluster,27,cluster_27,2210018M11Rik,3.2149994,2.3158011,0.0013044474156118516,0.029509299397862038,0.42857142857142855,0.08310911808669656,0.34546231048473197
small_cluster,27,cluster_27,Prkce,3.2135336,3.3174093,0.0013111246803481382,0.02961949846059203,0.2857142857142857,0.04319880418535127,0.24251548152893443
small_cluster,27,cluster_27,Zfp800,3.2099307,2.6445985,0.0013276696824106708,0.029952008887506758,0.2857142857142857,0.04050822122571002,0.24520606448857568
small_cluster,27,cluster_27,Rangap1,3.2089303,2.7817285,0.0013322980669447009,0.03001513818126379,0.42857142857142855,0.08878923766816144,0.3397821909032671
small_cluster,27,cluster_27,Klhl12,3.207612,2.8468485,0.0013384195115514871,0.030070436176651973,0.2857142857142857,0.04155455904334828,0.2441597266709374
small_cluster,27,cluster_27,Nudt3,3.20797,2.1537433,0.001336754859452409,0.030070436176651973,0.42857142857142855,0.08116591928251121,0.34740550928891734
small_cluster,27,cluster_27,Rbm18,3.2071013,2.5372188,0.0013407980301884455,0.030072078629136974,0.5714285714285714,0.145440956651719,0.42598761477685243
small_cluster,27,cluster_27,Wdr37,3.2042217,2.5654001,0.0013542817788866318,0.030261001982996794,0.2857142857142857,0.04050822122571002,0.24520606448857568
small_cluster,27,cluster_27,Pigf,3.1946168,2.5060716,0.0014001661007346695,0.03111669948258715,0.5714285714285714,0.152914798206278,0.4185137732222934
small_cluster,27,cluster_27,Lamc2,3.1886125,2.421443,0.0014295734029841141,0.03159896682256396,0.42857142857142855,0.08490284005979074,0.34366858851163784
small_cluster,27,cluster_27,Tspan13,3.188965,2.0296004,0.0014278312701394024,0.03159896682256396,1.0,0.44020926756352763,0.5597907324364724
small_cluster,27,cluster_27,Degs2,3.1880484,2.904219,0.0014323657868757001,0.03161807708014584,0.2857142857142857,0.042600896860986545,0.24311338885329914
small_cluster,27,cluster_27,Mob3a,3.1870813,2.8066173,0.0014371640120346748,0.03168135344271599,0.2857142857142857,0.04200298953662182,0.24371129617766388
small_cluster,27,cluster_27,Fyttd1,3.185225,2.1890707,0.0014464154048650993,0.031842495376097305,0.5714285714285714,0.13647234678624814,0.43495622464232325
small_cluster,27,cluster_27,Mapk6,3.1841466,3.0050561,0.001451814847564533,0.03190932167575019,0.2857142857142857,0.042600896860986545,0.24311338885329914
small_cluster,27,cluster_27,Cd164l2,3.1838422,2.7501059,0.0014533420701045906,0.03190932167575019,0.2857142857142857,0.04170403587443946,0.24401024983984623
small_cluster,27,cluster_27,Tnrc18,3.182194,2.5203543,0.001461638513174288,0.032005785386610815,0.42857142857142855,0.08594917787742899,0.34262225069399954
small_cluster,27,cluster_27,C2cd4b,3.176944,2.2606745,0.0014883575192431457,0.03246083999083355,1.0,0.49551569506726456,0.5044843049327354
small_cluster,27,cluster_27,Mef2a,3.1739852,2.49489,0.0015036129061020463,0.032750007002629034,0.42857142857142855,0.08699551569506726,0.3415759128763613
small_cluster,27,cluster_27,Rnf208,3.1728523,3.4463482,0.001509492885221222,0.03282844159438109,0.2857142857142857,0.044544095665171896,0.2411701900491138
small_cluster,27,cluster_27,Gm11808,3.1695304,2.1455028,0.0015268551312282359,0.03312427381914589,0.7142857142857143,0.21360239162929745,0.5006833226564169
small_cluster,27,cluster_27,Tmeff1,3.1680338,2.7210667,0.0015347370931129887,0.033207418290430245,0.2857142857142857,0.04185351270553064,0.24386077300875506
small_cluster,27,cluster_27,Vamp4,3.1684015,2.2318494,0.0015327964028641334,0.033207418290430245,0.5714285714285714,0.14260089686098654,0.42882767456758486
small_cluster,27,cluster_27,Ppp2ca,3.1675205,2.011276,0.0015374489554424344,0.03322226655890826,1.0,0.489237668161435,0.510762331838565
small_cluster,27,cluster_27,Efemp2,3.1634967,2.7750192,0.0015588616340022913,0.03364064428851524,0.2857142857142857,0.04230194319880418,0.24341234251548152
small_cluster,27,cluster_27,Srsf4,3.161447,2.3177311,0.00156987364046873,0.033789366899380106,0.5714285714285714,0.14559043348281017,0.4258381379457612
small_cluster,27,cluster_27,4921524J17Rik,3.1567702,2.2816231,0.0015952697105869663,0.03429098102665378,0.5714285714285714,0.14035874439461885,0.4310698270339526
small_cluster,27,cluster_27,Atxn2l,3.155873,2.2363834,0.00160018549119239,0.03435162596995601,0.5714285714285714,0.14484304932735426,0.42658552210121714
small_cluster,27,cluster_27,Scrib,3.1550195,2.7309318,0.0016048736919188102,0.03437070365227053,0.42857142857142855,0.09103139013452914,0.3375400384368994
small_cluster,27,cluster_27,Tnpo2,3.142721,3.1867373,0.0016738527183818373,0.03568211218701444,0.2857142857142857,0.04394618834080718,0.2417680973734785
small_cluster,27,cluster_27,Gne,3.1424825,2.3458295,0.0016752165346016169,0.03568211218701444,0.42857142857142855,0.08684603886397609,0.3417253897074525
small_cluster,27,cluster_27,Rnaseh1,3.141931,2.791556,0.0016783752463210913,0.035703025181468506,0.42857142857142855,0.09521674140508221,0.3333546871663463
small_cluster,27,cluster_27,Prpf4,3.1406531,3.058406,0.0016857156654132535,0.035766394085954424,0.2857142857142857,0.043796711509715994,0.24191757420456972
small_cluster,27,cluster_27,Mtcl1,3.1407924,3.0337813,0.0016849143992763258,0.035766394085954424,0.2857142857142857,0.043647234678624816,0.2420670510356609
small_cluster,27,cluster_27,Vma21,3.1395042,2.1187525,0.0016923395963736993,0.035860544858042694,0.5714285714285714,0.13781763826606877,0.43361093316250265
small_cluster,27,cluster_27,Rp2,3.1354167,2.3396497,0.001716101438796243,0.03622365469459097,0.2857142857142857,0.04155455904334828,0.2441597266709374
small_cluster,27,cluster_27,Fam134b,3.1331005,2.2169144,0.0017297020934901423,0.03637031286581003,0.5714285714285714,0.14588938714499253,0.42553918428357884
small_cluster,27,cluster_27,Zfp358,3.1290758,2.3680072,0.0017535704465820165,0.03668406746733629,0.42857142857142855,0.08624813153961136,0.3423232970318172
small_cluster,27,cluster_27,Slc18b1,3.127017,2.96427,0.001765897394667821,0.036894883019040675,0.2857142857142857,0.043647234678624816,0.2420670510356609
small_cluster,27,cluster_27,Ovol1,3.1265779,2.3263388,0.0017685361830718593,0.03690300501089258,0.5714285714285714,0.1523168908819133,0.4191116805466581
small_cluster,27,cluster_27,Spsb3,3.1222448,2.184805,0.0017947754408122274,0.0374029377442965,0.5714285714285714,0.14394618834080716,0.4274823830877642
small_cluster,27,cluster_27,Vim,3.1212595,2.5126157,0.0018007930737632804,0.03743321571963443,0.2857142857142857,0.04275037369207773,0.24296391202220796
small_cluster,27,cluster_27,Zfp710,3.1192687,2.6754081,0.001813006317032847,0.037639388108424966,0.2857142857142857,0.04304932735426009,0.2426649583600256
small_cluster,27,cluster_27,Gins2,3.1148946,2.840139,0.0018401064645004106,0.0380574856548187,0.2857142857142857,0.043647234678624816,0.2420670510356609
small_cluster,27,cluster_27,Arhgap18,3.114417,2.7246938,0.001843087468417712,0.038071130440200114,0.2857142857142857,0.04319880418535127,0.24251548152893443
small_cluster,27,cluster_27,Gstp1,3.113176,2.4525807,0.0018508560532797072,0.03808769150544602,0.7142857142857143,0.3367713004484305,0.3775144138372838
small_cluster,27,cluster_27,Isl1,3.1138408,2.1937513,0.001846691250369268,0.03808769150544602,0.7142857142857143,0.22481315396113602,0.4894725603245783
small_cluster,27,cluster_27,Mapk8,3.1123755,2.970537,0.001855883066415239,0.0380955421430242,0.2857142857142857,0.04424514200298953,0.24146914371129616
small_cluster,27,cluster_27,Dlgap4,3.111057,2.5243783,0.0018641885579331482,0.03821819567332695,0.5714285714285714,0.16606875934230195,0.4053598120862695
small_cluster,27,cluster_27,Ndst1,3.1095736,2.5968986,0.0018735766286227063,0.03831487566838031,0.2857142857142857,0.04275037369207773,0.24296391202220796
small_cluster,27,cluster_27,Irak1bp1,3.1097305,2.2156308,0.0018725816516720782,0.03831487566838031,0.42857142857142855,0.08430493273542601,0.34426649583600255
small_cluster,27,cluster_27,Nsd1,3.109198,2.3192492,0.0018759583779081285,0.03831580741727424,0.42857142857142855,0.08789237668161436,0.3406790518898142
small_cluster,27,cluster_27,Fyco1,3.1043446,3.1026297,0.0019070111266526835,0.03885327886736728,0.2857142857142857,0.045291479820627804,0.2404228058936579
small_cluster,27,cluster_27,Uba1,3.1025484,2.3437457,0.0019186224812845012,0.03904134902673338,0.7142857142857143,0.23931240657698058,0.4749733077087337
small_cluster,27,cluster_27,Acd,3.1020734,2.234367,0.001921702384483396,0.03905556481773504,0.5714285714285714,0.14663677130044844,0.42479180012812295
small_cluster,27,cluster_27,Mib2,3.0964987,2.8474247,0.001958206701180241,0.03969907058845134,0.2857142857142857,0.04424514200298953,0.24146914371129616
small_cluster,27,cluster_27,Dbr1,3.0945337,2.9398875,0.0019712250965418605,0.03991365778812723,0.2857142857142857,0.04469357249626308,0.24102071321802263
small_cluster,27,cluster_27,Ppp1r13l,3.0940697,2.8207066,0.001974311458176179,0.039926858477863765,0.2857142857142857,0.044095665171898356,0.24161862054238734
small_cluster,27,cluster_27,Rufy3,3.0908086,3.0574725,0.001996122907260725,0.0402686492029313,0.2857142857142857,0.045291479820627804,0.2404228058936579
small_cluster,27,cluster_27,Abhd17c,3.0836737,2.0773606,0.0020446167204274416,0.041145716357951494,0.5714285714285714,0.14110612855007473,0.43032244287849664
small_cluster,27,cluster_27,Xbp1,3.0729103,2.0409868,0.0021198221419104677,0.042502693092265995,0.8571428571428571,0.5278026905829596,0.3293401665598975
small_cluster,27,cluster_27,Upf1,3.0670118,2.7368608,0.002162103813870867,0.04298262381975283,0.42857142857142855,0.09641255605381166,0.3321588725176169
small_cluster,27,cluster_27,Phf20l1,3.060329,2.2810054,0.002210940861521086,0.04390029185206699,0.5714285714285714,0.15246636771300448,0.4189622037155669
small_cluster,27,cluster_27,Immt,3.0568123,2.1222448,0.0022370424817896493,0.044348112918270816,0.7142857142857143,0.229745889387145,0.4845398248985693
small_cluster,27,cluster_27,Ptp4a3,3.0551136,2.4596343,0.0022497536745310505,0.04450930038116256,0.5714285714285714,0.16412556053811658,0.40730301089045484
small_cluster,27,cluster_27,Tfg,3.0463195,2.1313646,0.002316615652369885,0.045610400455466056,0.8571428571428571,0.37055306427503737,0.4865897928678197
small_cluster,27,cluster_27,Sfxn2,3.0386856,2.6654687,0.0023761271268079053,0.04656016846687749,0.2857142857142857,0.04469357249626308,0.24102071321802263
small_cluster,27,cluster_27,Prpf38a,3.0349329,2.4441345,0.002405892443861696,0.047064910874945,0.5714285714285714,0.16128550074738415,0.41014307068118727
small_cluster,27,cluster_27,Krr1,3.0347157,2.1423242,0.0024076251584707552,0.047064910874945,0.42857142857142855,0.08744394618834081,0.34112748238308777
small_cluster,27,cluster_27,Vti1a,3.0341198,3.0153182,0.0024123853727096452,0.04710182440215582,0.2857142857142857,0.04663677130044843,0.23907751441383726
small_cluster,27,cluster_27,Znhit6,3.0322971,2.6411176,0.0024270022911017084,0.047330873455837245,0.42857142857142855,0.09730941704035874,0.3312620115310698
small_cluster,27,cluster_27,Ccdc101,3.0284774,2.0737405,0.002457894553860135,0.04776294855196691,0.5714285714285714,0.14633781763826606,0.42509075379030536
small_cluster,27,cluster_27,Fbxw7,3.0277414,2.6794372,0.0024638874217655245,0.047791419570860784,0.2857142857142857,0.04499252615844544,0.24072175955584024
small_cluster,27,cluster_27,Trappc3,3.0275822,2.0306158,0.002465187546914714,0.047791419570860784,0.8571428571428571,0.35874439461883406,0.49839846252402303
small_cluster,27,cluster_27,Kat6a,3.0249064,3.1709828,0.0024871013242569813,0.04815932564243063,0.2857142857142857,0.047683109118086695,0.238031176596199
small_cluster,27,cluster_27,Thoc7,3.0216663,2.0069845,0.00251387490925068,0.048585733887162114,0.8571428571428571,0.3744394618834081,0.482703395259449
small_cluster,27,cluster_27,Aaed1,3.0203362,2.877988,0.0025249433501869888,0.04871952457225506,0.2857142857142857,0.04633781763826607,0.23937646807601964
small_cluster,27,cluster_27,Htt,3.0191264,2.4329133,0.002535046342123198,0.04885698596611348,0.2857142857142857,0.04439461883408072,0.24131966688020498
small_cluster,27,cluster_27,Cxcl2,3.0186775,3.0445375,0.002538806681600706,0.048872028620813586,0.2857142857142857,0.04648729446935725,0.23922699124492844
small_cluster,27,cluster_27,Chd7,3.0138643,2.8812418,0.002579431885657548,0.049590623201336614,0.2857142857142857,0.04648729446935725,0.23922699124492844
small_cluster,27,cluster_27,Gadd45g,3.0135407,2.2908945,0.002582183538439209,0.049590623201336614,1.0,0.6699551569506726,0.33004484304932735
small_cluster,28,cluster_28,Foxn4,50.487133,11.883612,0.0,0.0,0.5714285714285714,0.00029895366218236175,0.571129617766389
small_cluster,28,cluster_28,Shisa8,57.86496,11.682601,0.0,0.0,1.0,0.0010463378176382662,0.9989536621823617
small_cluster,28,cluster_28,Mcidas,46.60691,11.0793295,0.0,0.0,0.7142857142857143,0.0008968609865470852,0.7133888532991672
small_cluster,28,cluster_28,Fbxo43,30.856041,8.919446,4.648223657859999e-209,1.2705919368760308e-205,0.42857142857142855,0.0008968609865470852,0.4276745675848815
small_cluster,28,cluster_28,E2f7,30.829002,8.384268,1.071095371511693e-208,2.5095764554518967e-205,0.5714285714285714,0.0017937219730941704,0.5696348494554773
small_cluster,28,cluster_28,Ccdc150,29.274797,8.767971,2.1715479819838567e-188,4.4519448065646544e-185,0.42857142857142855,0.0010463378176382662,0.4275250907537903
small_cluster,28,cluster_28,Pbx4,26.00146,7.6134973,4.767453942654587e-149,8.687890234830876e-146,0.7142857142857143,0.004484304932735426,0.7098014093529789
small_cluster,28,cluster_28,Ccdc67,25.281044,9.665156,5.1629452803494175e-141,8.46774655430108e-138,1.0,0.010014947683109118,0.9899850523168909
small_cluster,28,cluster_28,1700086L19Rik,23.740114,8.336209,1.3900429433934143e-124,2.0725540285995807e-121,0.5714285714285714,0.0034379671150971598,0.5679906043134743
small_cluster,28,cluster_28,Lhfpl2,23.315083,8.545209,3.1171877713792624e-120,4.260416386532607e-117,0.2857142857142857,0.0007473841554559044,0.2849669015588298
small_cluster,28,cluster_28,Cep128,23.26038,8.114247,1.1169378216598616e-119,1.409145939464876e-116,0.7142857142857143,0.005829596412556054,0.7084561178731582
small_cluster,28,cluster_28,Crocc2,23.25479,8.0759325,1.272350392966136e-119,1.4905584853598283e-116,0.7142857142857143,0.005829596412556054,0.7084561178731582
small_cluster,28,cluster_28,Ube2u,21.80272,8.470189,2.1863459239865336e-105,1.792912974965157e-102,0.2857142857142857,0.0008968609865470852,0.28481742472773863
small_cluster,28,cluster_28,Cep76,20.86193,6.9030175,1.1877735201933187e-96,9.27651119270982e-94,0.7142857142857143,0.007324364723467863,0.7069613495622464
small_cluster,28,cluster_28,Plvap,20.558878,8.842228,6.409872112567789e-94,4.778559659919287e-91,0.2857142857142857,0.0010463378176382662,0.28466794789664746
small_cluster,28,cluster_28,Hrasls5,19.49216,8.148368,1.2796353947363328e-84,9.124913090900258e-82,0.2857142857142857,0.001195814648729447,0.2845184710655563
small_cluster,28,cluster_28,Pld6,19.462915,7.5290065,2.2652841502506443e-84,1.548038556177534e-81,0.2857142857142857,0.001195814648729447,0.2845184710655563
small_cluster,28,cluster_28,Chaf1a,18.881575,6.852799,1.616904288087936e-79,1.0607538891572094e-76,0.7142857142857143,0.009118086696562033,0.7051676275891523
small_cluster,28,cluster_28,Dtl,18.810753,7.287007,6.165676392958012e-79,3.88935609695786e-76,0.42857142857142855,0.003139013452914798,0.42543241511851376
small_cluster,28,cluster_28,Agmat,18.554365,7.629608,7.519170261693396e-77,4.567478202297533e-74,0.2857142857142857,0.0013452914798206279,0.28436899423446504
small_cluster,28,cluster_28,Ccna1,18.456148,7.4689236,4.6537095062376166e-76,2.7259103432786838e-73,0.42857142857142855,0.003288490284005979,0.4252829382874226
small_cluster,28,cluster_28,Adam5,17.767113,7.715822,1.2706294816978099e-70,6.512373165414306e-68,0.2857142857142857,0.0014947683109118087,0.28421951740337387
small_cluster,28,cluster_28,Dnah8,17.753763,7.2826114,1.6118357660849414e-70,8.010823757442158e-68,0.2857142857142857,0.0014947683109118087,0.28421951740337387
small_cluster,28,cluster_28,Efcab11,17.479233,6.5096917,2.0625437712853354e-68,9.949347174367878e-66,0.5714285714285714,0.006726457399103139,0.5647021140294682
small_cluster,28,cluster_28,Rptoros,17.148294,6.8936763,6.472463797823206e-66,3.032996535659954e-63,0.7142857142857143,0.011210762331838564,0.7030749519538757
small_cluster,28,cluster_28,1700020N18Rik,17.075214,7.8033223,2.269914317106017e-65,1.0341351309682163e-62,0.2857142857142857,0.0016442451420029896,0.2840700405722827
small_cluster,28,cluster_28,Bub1,17.05982,7.479659,2.954609064433878e-65,1.3096903585345957e-62,0.2857142857142857,0.0016442451420029896,0.2840700405722827
small_cluster,28,cluster_28,Cdk1,15.800341,6.0855293,3.094383708930116e-56,1.335552295004285e-53,1.0,0.026158445440956652,0.9738415545590433
small_cluster,28,cluster_28,Fam81a,15.462804,6.0298724,6.18466843258065e-54,2.6008909477629552e-51,0.5714285714285714,0.00866965620328849,0.5627589152252829
small_cluster,28,cluster_28,Mtl5,15.365927,7.4053903,2.7704946195515805e-53,9.667847288354356e-51,0.2857142857142857,0.0020926756352765323,0.28362161007900916
small_cluster,28,cluster_28,Cntd1,15.3062935,6.4985795,6.940784981359793e-53,2.371579468318374e-50,0.42857142857142855,0.004932735426008968,0.4236386931454196
small_cluster,28,cluster_28,Gm14508,14.900397,7.4421716,3.276241765882015e-50,1.0966049224945087e-47,0.2857142857142857,0.002242152466367713,0.283472133247918
small_cluster,28,cluster_28,Mzf1,14.658651,6.0356584,1.1860473718234493e-48,3.890472589055278e-46,0.42857142857142855,0.0053811659192825115,0.42319026265214604
small_cluster,28,cluster_28,Prr7,14.585454,5.6776614,3.475998499139347e-48,1.1178402232232242e-45,0.8571428571428571,0.022272047832585948,0.8348708093102711
small_cluster,28,cluster_28,Plk4,14.261459,6.06527,3.8041410346968996e-46,1.199840713655074e-43,0.5714285714285714,0.01031390134529148,0.5611146700832799
small_cluster,28,cluster_28,4930444P10Rik,14.207731,6.394721,8.204073924695926e-46,2.5387738950742998e-43,0.8571428571428571,0.02406576980568012,0.833077087337177
small_cluster,28,cluster_28,Tmem67,14.126011,5.489873,2.6260471062056524e-45,7.975888627570168e-43,0.8571428571428571,0.023617339312406577,0.8335255178304505
small_cluster,28,cluster_28,Tomm20l,14.098595,7.697961,3.874069240393356e-45,1.1552474474852987e-42,0.2857142857142857,0.0025411061285500747,0.2831731795857356
small_cluster,28,cluster_28,Rbakdn,14.07524,7.021462,5.392115410008335e-45,1.579215800706191e-42,0.2857142857142857,0.0025411061285500747,0.2831731795857356
small_cluster,28,cluster_28,Cep152,14.037912,7.04427,9.136476425314266e-45,2.62890087458911e-42,0.42857142857142855,0.005979073243647235,0.42259235532778133
small_cluster,28,cluster_28,Myb,13.754046,6.448792,4.815895853654264e-43,1.3164251315963932e-40,1.0,0.03617339312406577,0.9638266068759342
small_cluster,28,cluster_28,Gm12974,13.698143,6.644296,1.0415437126671311e-42,2.8003866281071507e-40,0.2857142857142857,0.0026905829596412557,0.28302370275464445
small_cluster,28,cluster_28,Ccno,13.673521,8.125574,1.4614847065329592e-42,3.866098495459204e-40,1.0,0.03766816143497758,0.9623318385650225
small_cluster,28,cluster_28,Ckap2l,13.442238,6.505215,3.4193648708799285e-41,8.901746547190748e-39,0.7142857142857143,0.01868460388639761,0.6956011103993167
small_cluster,28,cluster_28,Fam184a,13.384166,6.989218,7.483251559819004e-41,1.917700138009242e-38,0.2857142857142857,0.0028400597907324364,0.28287422592355327
small_cluster,28,cluster_28,Stox1,13.300077,5.6732664,2.3122878613799217e-40,5.834435879152631e-38,0.42857142857142855,0.006576980568011958,0.42199444800341657
small_cluster,28,cluster_28,Rragd,13.091372,6.4316463,3.688877337754525e-39,9.166860184319994e-37,0.42857142857142855,0.0068759342301943195,0.4216954943412342
small_cluster,28,cluster_28,Cep295,13.078401,6.124146,4.375481694010029e-39,1.0710787352754999e-36,0.5714285714285714,0.012406576980568011,0.5590219944480034
small_cluster,28,cluster_28,Pidd1,12.90567,5.7727995,4.1816305394495715e-38,1.0085723893751826e-35,0.42857142857142855,0.007025411061285501,0.42154601751014303
small_cluster,28,cluster_28,Lrrc56,12.824199,5.142635,1.2002053321312724e-37,2.852835891635507e-35,0.8571428571428571,0.028550074738415546,0.8285927824044416
small_cluster,28,cluster_28,Dna2,12.787065,6.879454,1.936502523969155e-37,4.537225413659729e-35,0.2857142857142857,0.003139013452914798,0.2825752722613709
small_cluster,28,cluster_28,Zmynd10,12.771515,5.9869437,2.3650633976968386e-37,5.463296448679697e-35,1.0,0.040209267563527655,0.9597907324364724
small_cluster,28,cluster_28,Gm12144,12.765832,6.4974947,2.5441774688399313e-37,5.795424259228294e-35,0.2857142857142857,0.003139013452914798,0.2825752722613709
small_cluster,28,cluster_28,Cfap52,12.735366,5.3795824,3.7608057149641313e-37,8.44944856590777e-35,1.0,0.03961136023916293,0.9603886397608371
small_cluster,28,cluster_28,Spag6,12.549842,5.2800303,3.983048286970883e-36,8.375124994180699e-34,1.0,0.04035874439461883,0.9596412556053812
small_cluster,28,cluster_28,Ncaph,12.508375,6.8308644,6.718426324201292e-36,1.3947963309269038e-33,0.2857142857142857,0.003288490284005979,0.28242579543027974
small_cluster,28,cluster_28,Tekt4,12.455099,5.654019,1.3118805462476023e-35,2.689519104875866e-33,1.0,0.04185351270553064,0.9581464872944694
small_cluster,28,cluster_28,Melk,12.336664,5.073286,5.74886783231394e-35,1.1640392755281595e-32,0.7142857142857143,0.021225710014947684,0.6930600042707666
small_cluster,28,cluster_28,Lrrc46,12.050813,5.373787,1.9204664243958894e-33,3.841167052014266e-31,0.8571428571428571,0.03273542600896861,0.8244074311338885
small_cluster,28,cluster_28,Wdr63,12.032118,5.3983903,2.4090197772659794e-33,4.760281128546907e-31,0.7142857142857143,0.02272047832585949,0.6915652359598549
small_cluster,28,cluster_28,Gm16537,11.974057,6.3247766,4.859274880746243e-33,9.48773420465704e-31,0.2857142857142857,0.003587443946188341,0.2821268417680974
small_cluster,28,cluster_28,Gm3448,11.73239,5.959065,8.696757574582889e-32,1.678064952714517e-29,0.2857142857142857,0.0037369207772795215,0.2819773649370062
small_cluster,28,cluster_28,Mdm1,11.64311,6.4520545,2.4877431256463857e-31,4.744357558572834e-29,0.8571428571428571,0.03692077727952167,0.8202220798633354
small_cluster,28,cluster_28,Dcdc2a,11.603884,5.3537936,3.93791041927011e-31,7.020181389831421e-29,0.5714285714285714,0.01554559043348281,0.5558829809950886
small_cluster,28,cluster_28,Ccdc40,11.598645,5.530991,4.186553328947512e-31,7.383189370760016e-29,0.7142857142857143,0.02466367713004484,0.6896220371556695
small_cluster,28,cluster_28,Dnah10,11.458894,5.097989,2.1220717910145144e-30,3.7025637706839416e-28,0.7142857142857143,0.024813153961136022,0.6894725603245783
small_cluster,28,cluster_28,1700003E16Rik,11.363858,5.4599237,6.32864287345836e-30,1.0925902291325323e-27,0.5714285714285714,0.016292974588938716,0.5551355968396327
small_cluster,28,cluster_28,Ccdc176,11.343854,5.463724,7.956188965422433e-30,1.359265158561389e-27,0.8571428571428571,0.03736920777279522,0.8197736493700619
small_cluster,28,cluster_28,Caps2,11.3377695,6.177283,8.529068710868332e-30,1.4421160404840362e-27,0.2857142857142857,0.004035874439461884,0.2816784112748238
small_cluster,28,cluster_28,Ubxn11,11.199134,4.715391,4.117384238679678e-29,6.890736622304633e-27,1.0,0.04992526158445441,0.9500747384155456
small_cluster,28,cluster_28,Zfp474,11.125957,5.5275273,9.37948397623508e-29,1.5538678453962784e-26,0.5714285714285714,0.017040358744394617,0.5543882126841768
small_cluster,28,cluster_28,Tekt1,11.100975,5.099486,1.2408248773880395e-28,2.0350768814041236e-26,1.0,0.05097159940209268,0.9490284005979073
small_cluster,28,cluster_28,Mns1,11.090135,5.381474,1.4007702304615284e-28,2.2746566880989633e-26,0.8571428571428571,0.039013452914798206,0.8181294042280589
small_cluster,28,cluster_28,Tekt2,11.049409,5.7997704,2.2066286390912093e-28,3.5481290499740123e-26,0.5714285714285714,0.01748878923766816,0.5539397821909032
small_cluster,28,cluster_28,Ak8,10.993551,5.0777545,4.10452344019648e-28,6.535756208025482e-26,0.8571428571428571,0.038714499252615844,0.8184283578902413
small_cluster,28,cluster_28,Ak9,10.911097,5.341002,1.020185954731122e-27,1.6088528695716471e-25,0.42857142857142855,0.009865470852017937,0.4187059577194106
small_cluster,28,cluster_28,4930427A07Rik,10.899736,5.121066,1.1559207614742436e-27,1.8055482294227685e-25,0.5714285714285714,0.01763826606875934,0.5537903053598121
small_cluster,28,cluster_28,Ankrd42,10.793943,4.79612,3.676669524280671e-27,5.532207052085072e-25,0.7142857142857143,0.02765321375186846,0.6866325005338458
small_cluster,28,cluster_28,Fignl1,10.768637,5.9845667,4.8411723286092765e-27,7.218187941956431e-25,0.2857142857142857,0.004484304932735426,0.28122998078155026
small_cluster,28,cluster_28,Hdc,10.657357,6.105415,1.6111035158163004e-26,2.3618049962679426e-24,1.0,0.059342301943198804,0.9406576980568012
small_cluster,28,cluster_28,Spag8,10.657257,5.305413,1.612841653448019e-26,2.3618049962679426e-24,0.7142857142857143,0.02914798206278027,0.6851377322229341
small_cluster,28,cluster_28,Lrrc23,10.631909,6.472811,2.1173289810185317e-26,3.0731250104145963e-24,0.8571428571428571,0.04424514200298953,0.8128977151398675
small_cluster,28,cluster_28,Lrrc17,10.613883,5.9128594,2.5684796670758255e-26,3.695231142079878e-24,0.2857142857142857,0.004633781763826607,0.2810805039504591
small_cluster,28,cluster_28,Morn5,10.600357,6.2997766,2.968439284652324e-26,4.2335106702245884e-24,0.8571428571428571,0.04424514200298953,0.8128977151398675
small_cluster,28,cluster_28,1700013F07Rik,10.587441,5.0416794,3.407799970106752e-26,4.818217871527658e-24,0.7142857142857143,0.02899850523168909,0.6852872090540252
small_cluster,28,cluster_28,Ccdc39,10.530479,5.4540925,6.251521139925817e-26,8.763350274865241e-24,0.5714285714285714,0.019133034379671152,0.5522955370489002
small_cluster,28,cluster_28,Mdh1b,10.496361,5.4414816,8.977465522561372e-26,1.2477916274197378e-23,0.5714285714285714,0.019133034379671152,0.5522955370489002
small_cluster,28,cluster_28,2700049A03Rik,10.464578,5.821282,1.256361047052781e-25,1.7315611372027446e-23,0.5714285714285714,0.019581464872944692,0.5518471065556267
small_cluster,28,cluster_28,1700097N02Rik,10.453442,6.372726,1.4130293956067085e-25,1.931257926445469e-23,0.2857142857142857,0.004783258594917788,0.2809310271193679
small_cluster,28,cluster_28,Dnaaf3,10.434973,4.2979956,1.7166219589448535e-25,2.3268030370788879e-23,0.8571428571428571,0.04110612855007474,0.8160367285927823
small_cluster,28,cluster_28,Dnaaf1,10.413656,5.4528093,2.148087557671442e-25,2.88776918306306e-23,0.5714285714285714,0.01943198804185351,0.5519965833867179
small_cluster,28,cluster_28,Wdr78,10.351338,4.736565,4.1267741302868435e-25,5.502701017141018e-23,0.7142857142857143,0.030044843049327353,0.684240871236387
small_cluster,28,cluster_28,Tspan2os,10.292048,6.027468,7.65305144772686e-25,1.0122394902755503e-22,0.2857142857142857,0.004932735426008968,0.2807815502882767
small_cluster,28,cluster_28,Katnal2,10.281875,5.5525994,8.505645704084755e-25,1.1160087615415526e-22,0.42857142857142855,0.011210762331838564,0.41736066623959
small_cluster,28,cluster_28,Nudt11,10.174477,5.319484,2.577817098336241e-24,3.2522137099855913e-22,0.42857142857142855,0.011360239162929745,0.41721118940849883
small_cluster,28,cluster_28,BC051019,10.140985,6.1757784,3.634177678013628e-24,4.54993496924439e-22,1.0,0.06771300448430494,0.932286995515695
small_cluster,28,cluster_28,Lrrc10b,10.052487,4.941273,8.957750760421991e-24,1.1130005319824324e-21,0.7142857142857143,0.032137518684603884,0.6821481956011104
small_cluster,28,cluster_28,Cfap45,10.044213,4.9987307,9.742194442006207e-24,1.201366398822134e-21,1.0,0.06442451420029896,0.9355754857997011
small_cluster,28,cluster_28,Cfap69,9.986505,5.276832,1.746307387762477e-23,2.137402049753163e-21,0.7142857142857143,0.033632286995515695,0.6806534272901986
small_cluster,28,cluster_28,Map1a,9.976479,5.277402,1.9320210802994736e-23,2.347190943554938e-21,0.2857142857142857,0.00523168908819133,0.28048259662609437
small_cluster,28,cluster_28,Efhc1,9.953943,4.890303,2.4238429494500832e-23,2.92304766278903e-21,0.7142857142857143,0.03288490284005979,0.6814008114456545
small_cluster,28,cluster_28,6430531B16Rik,9.939665,5.204308,2.797675702003606e-23,3.349246656099354e-21,0.7142857142857143,0.03333333333333333,0.680952380952381
small_cluster,28,cluster_28,Casc1,9.900473,4.917466,4.143137140860399e-23,4.92402842371387e-21,0.5714285714285714,0.021225710014947684,0.5502028614136237
small_cluster,28,cluster_28,Iqca,9.890903,4.963993,4.558940988704239e-23,5.379222385304908e-21,0.7142857142857143,0.033183856502242155,0.6811018577834721
small_cluster,28,cluster_28,Agbl2,9.867675,5.340395,5.748177868606919e-23,6.733990373073005e-21,0.42857142857142855,0.01210762331838565,0.4164638052530429
small_cluster,28,cluster_28,Ccdc151,9.857246,5.181772,6.377407405250023e-23,7.418146017979123e-21,0.5714285714285714,0.021674140508221227,0.5497544309203501
small_cluster,28,cluster_28,Meig1,9.793669,6.5590734,1.198657598073125e-22,1.3762920829794104e-20,1.0,0.07174887892376682,0.9282511210762332
small_cluster,28,cluster_28,1700003M02Rik,9.793557,5.316379,1.1999863902570314e-22,1.3762920829794104e-20,0.8571428571428571,0.050373692077727954,0.8067691650651292
small_cluster,28,cluster_28,Pih1d2,9.791805,4.8781204,1.2209669137155193e-22,1.3906304411005717e-20,1.0,0.06696562032884903,0.933034379671151
small_cluster,28,cluster_28,1700016K19Rik,9.788653,6.1069913,1.2596224023799583e-22,1.4247632428574963e-20,1.0,0.06920777279521674,0.9307922272047833
small_cluster,28,cluster_28,Ccdc30,9.739279,4.743275,2.050045650420941e-22,2.302931418668072e-20,0.7142857142857143,0.03393124065769806,0.6803544736280163
small_cluster,28,cluster_28,Pifo,9.722974,5.1811814,2.406478828102102e-22,2.6849428067824877e-20,1.0,0.06786248131539611,0.9321375186846039
small_cluster,28,cluster_28,Smim24,9.719816,5.7331805,2.4822873715730527e-22,2.750810485214165e-20,0.7142857142857143,0.035575485799701045,0.6787102284860133
small_cluster,28,cluster_28,Tcte3,9.709854,5.5047154,2.7372865483018954e-22,3.013036018704657e-20,0.2857142857142857,0.005530642750373692,0.280183642963912
small_cluster,28,cluster_28,Dnaic2,9.677879,4.774833,3.744024890682085e-22,4.0134478583056785e-20,0.7142857142857143,0.0343796711509716,0.6799060431347427
small_cluster,28,cluster_28,Fam92b,9.669924,4.57128,4.04680288696749e-22,4.3098450746203766e-20,0.8571428571428571,0.0484304932735426,0.8087123638693144
small_cluster,28,cluster_28,Klhdc9,9.57686,5.3551803,1.0003953951874178e-21,1.0585474113850863e-19,0.5714285714285714,0.023168908819133034,0.5482596626094384
small_cluster,28,cluster_28,Ccdc14,9.575973,5.3483124,1.0090296890137774e-21,1.0608394826612157e-19,0.2857142857142857,0.005680119581464873,0.28003416613282084
small_cluster,28,cluster_28,Slf1,9.574276,5.112931,1.0257349968581111e-21,1.0715337378006293e-19,0.5714285714285714,0.022869955156950672,0.5485586162716207
small_cluster,28,cluster_28,Top2a,9.557711,5.943209,1.2039050775799866e-21,1.2496991884423644e-19,0.42857142857142855,0.013153961136023917,0.41541746743540464
small_cluster,28,cluster_28,4833427G06Rik,9.535878,4.7745037,1.4862294818618463e-21,1.533059731573342e-19,0.7142857142857143,0.03542600896860987,0.6788597053171044
small_cluster,28,cluster_28,Fank1,9.480098,4.8724837,2.5404419160515208e-21,2.604111741572562e-19,0.7142857142857143,0.03602391629297459,0.6782617979927397
small_cluster,28,cluster_28,D430042O09Rik,9.431761,4.6430945,4.032605640019928e-21,4.107997832420301e-19,1.0,0.07174887892376682,0.9282511210762332
small_cluster,28,cluster_28,Ooep,9.388074,5.96673,6.1107380284640565e-21,6.186556444743147e-19,0.2857142857142857,0.005979073243647235,0.2797352124706385
small_cluster,28,cluster_28,Hoga1,9.376631,5.9470563,6.811478704523129e-21,6.853684799563425e-19,0.2857142857142857,0.005979073243647235,0.2797352124706385
small_cluster,28,cluster_28,Cntrob,9.365091,5.2202168,7.598450906186174e-21,7.598914226363381e-19,0.42857142857142855,0.013452914798206279,0.4151185137732223
small_cluster,28,cluster_28,Cep78,9.331608,5.4097543,1.0427712295207814e-20,1.0365146021436568e-18,0.5714285714285714,0.024813153961136022,0.5466154174674354
small_cluster,28,cluster_28,Ppp1r36,9.1957445,5.0084925,3.7240508781366764e-20,3.614092216113588e-18,1.0,0.07727952167414051,0.9227204783258595
small_cluster,28,cluster_28,Il3ra,9.177234,5.0528994,4.42306419339204e-20,4.2544377938509865e-18,0.5714285714285714,0.025112107623318385,0.546316463805253
small_cluster,28,cluster_28,Bcas1,9.176926,4.993369,4.4357591777850046e-20,4.2544377938509865e-18,0.42857142857142855,0.01390134529147982,0.41467008327994875
small_cluster,28,cluster_28,Dbf4,9.129302,5.2408867,6.894230617167074e-20,6.573969555357976e-18,0.42857142857142855,0.014200298953662182,0.41437112961776634
small_cluster,28,cluster_28,Cdt1,9.124513,4.9010963,7.205952544720158e-20,6.831492929824007e-18,0.42857142857142855,0.014050822122571001,0.4145206064488575
small_cluster,28,cluster_28,Phtf1os,9.1093025,5.210972,8.29134149659286e-20,7.815304131357442e-18,0.2857142857142857,0.006278026905829596,0.27943625880845613
small_cluster,28,cluster_28,Ckap5,9.09507,4.6343474,9.452547878139284e-20,8.858927871392138e-18,0.7142857142857143,0.039162929745889384,0.6751227845398249
small_cluster,28,cluster_28,Rpgr,9.088134,4.5505686,1.0075339054969455e-19,9.388956581849661e-18,0.5714285714285714,0.02466367713004484,0.5467648942985266
small_cluster,28,cluster_28,Rad51ap1,9.047587,5.890473,1.4616150422140074e-19,1.3543473619972845e-17,0.2857142857142857,0.006427503736920777,0.2792867819773649
small_cluster,28,cluster_28,Spef1,9.027032,5.0752854,1.763916545639226e-19,1.6252806328667945e-17,1.0,0.08161434977578476,0.9183856502242153
small_cluster,28,cluster_28,Timm8a1,8.911774,5.248096,5.022238614839597e-19,4.6016612023454883e-17,0.2857142857142857,0.006576980568011958,0.2791373051462737
small_cluster,28,cluster_28,Zfand4,8.894,5.0406823,5.894782281940574e-19,5.37112912256152e-17,0.2857142857142857,0.006576980568011958,0.2791373051462737
small_cluster,28,cluster_28,Irak1bp1,8.88477,4.760304,6.4052897754216895e-19,5.804041856723266e-17,1.0,0.08370702541106129,0.9162929745889388
small_cluster,28,cluster_28,Ccdc15,8.857023,6.2341433,8.21790775487186e-19,7.405599180640294e-17,0.2857142857142857,0.006726457399103139,0.27898782831518254
small_cluster,28,cluster_28,Atpaf1,8.825911,5.4673457,1.0857252824811782e-18,9.565118364411732e-17,0.2857142857142857,0.006726457399103139,0.27898782831518254
small_cluster,28,cluster_28,Lig1,8.80844,5.273441,1.268988529282537e-18,1.084546971024857e-16,0.5714285714285714,0.027503736920777278,0.5439248345077942
small_cluster,28,cluster_28,Iqcg,8.808383,4.6396027,1.2696361102175022e-18,1.084546971024857e-16,0.7142857142857143,0.04110612855007474,0.6731795857356395
small_cluster,28,cluster_28,Asrgl1,8.806975,4.887353,1.2856789573277217e-18,1.0925606517684954e-16,1.0,0.08475336322869956,0.9152466367713005
small_cluster,28,cluster_28,Hyls1,8.801746,6.9437213,1.3470290702072346e-18,1.1387950402303534e-16,0.2857142857142857,0.0068759342301943195,0.27883835148409136
small_cluster,28,cluster_28,C530043A13Rik,8.792061,4.8413925,1.4684147294734652e-18,1.2350497424663744e-16,0.42857142857142855,0.015097159940209267,0.4134742686312193
small_cluster,28,cluster_28,Ribc1,8.75831,4.3576827,1.981986569956769e-18,1.6584980476459677e-16,0.5714285714285714,0.026457399103139014,0.5449711723254324
small_cluster,28,cluster_28,Heatr5a,8.744869,4.9129763,2.2327486739255177e-18,1.8588482741650972e-16,0.5714285714285714,0.027503736920777278,0.5439248345077942
small_cluster,28,cluster_28,Fam183b,8.670027,4.5987015,4.320184736725785e-18,3.578553023587859e-16,1.0,0.08086696562032884,0.9191330343796712
small_cluster,28,cluster_28,Arhgap11a,8.666409,5.8997273,4.459659095719931e-18,3.6571434414451293e-16,0.2857142857142857,0.007025411061285501,0.2786888746530002
small_cluster,28,cluster_28,Dcun1d4,8.666943,4.5317993,4.438800428419161e-18,3.6571434414451293e-16,0.5714285714285714,0.027503736920777278,0.5439248345077942
small_cluster,28,cluster_28,Enkd1,8.658425,4.6186414,4.78326402462105e-18,3.9030006600900417e-16,0.7142857142857143,0.04304932735426009,0.6712363869314542
small_cluster,28,cluster_28,1700037C18Rik,8.657268,4.7639127,4.8320921889818064e-18,3.9233239599747825e-16,1.0,0.08774289985052316,0.9122571001494768
small_cluster,28,cluster_28,Gins2,8.645444,4.54222,5.359636313003174e-18,4.330216510816013e-16,0.7142857142857143,0.04319880418535127,0.671086910100363
small_cluster,28,cluster_28,Dpy19l1,8.562239,5.4326925,1.1069641320073522e-17,8.899666043653227e-16,0.2857142857142857,0.007174887892376682,0.278539397821909
small_cluster,28,cluster_28,Nme5,8.473117,4.9301295,2.38912902134995e-17,1.89295193619133e-15,1.0,0.09073243647234679,0.9092675635276533
small_cluster,28,cluster_28,1110017D15Rik,8.458184,5.2083983,2.7157360656694802e-17,2.1311381441648394e-15,1.0,0.08654708520179372,0.9134529147982062
small_cluster,28,cluster_28,Dynlrb2,8.455173,6.6633883,2.786744237816734e-17,2.176447249734869e-15,1.0,0.09715994020926756,0.9028400597907325
small_cluster,28,cluster_28,Ccdc60,8.400071,5.222996,4.462065093473576e-17,3.4569488158899626e-15,0.42857142857142855,0.01674140508221226,0.41183002348921627
small_cluster,28,cluster_28,Ak7,8.399903,4.853406,4.4684662457696e-17,3.4569488158899626e-15,0.5714285714285714,0.02929745889387145,0.5421311125346999
small_cluster,28,cluster_28,Cep135,8.3895035,5.563958,4.8819802282772453e-17,3.759124775773478e-15,0.2857142857142857,0.007473841554559043,0.27824044415972665
small_cluster,28,cluster_28,Rsph1,8.376747,6.3149915,5.4410381724515407e-17,4.170021825531669e-15,1.0,0.09955156950672646,0.9004484304932735
small_cluster,28,cluster_28,Usp43,8.34958,5.1063795,6.850611536010692e-17,5.225901386144714e-15,0.5714285714285714,0.030642750373692077,0.5407858210548793
small_cluster,28,cluster_28,Ctxn1,8.290844,4.6469474,1.124474560246605e-16,8.538197806761374e-15,0.8571428571428571,0.06801195814648729,0.7891308989963698
small_cluster,28,cluster_28,Tm4sf1,8.271356,4.4212213,1.3244474886395204e-16,1.0010259567362569e-14,0.8571428571428571,0.06547085201793722,0.7916720051249199
small_cluster,28,cluster_28,Cep120,8.265836,4.7857995,1.3871972938137822e-16,1.0436432484330204e-14,0.5714285714285714,0.030493273542600896,0.5409352978859705
small_cluster,28,cluster_28,Tcp11,8.24982,4.594491,1.5863307185237152e-16,1.1880095942697466e-14,0.5714285714285714,0.030044843049327353,0.5413837283792441
small_cluster,28,cluster_28,Pola2,8.2482,4.6139636,1.6079723054871836e-16,1.1987433537406954e-14,0.42857142857142855,0.017040358744394617,0.4115310698270339
small_cluster,28,cluster_28,Ccdc61,8.237033,5.4819784,1.7653439021754948e-16,1.3101088388950358e-14,0.8571428571428571,0.07309417040358744,0.7840486867392696
small_cluster,28,cluster_28,Ralgps2,8.222228,4.6137786,1.997564031445115e-16,1.4757679135014115e-14,0.5714285714285714,0.030493273542600896,0.5409352978859705
small_cluster,28,cluster_28,RP23-356N23.5,8.196628,4.538789,2.472252973735213e-16,1.818270000996916e-14,0.42857142857142855,0.0171898355754858,0.41138159299594274
small_cluster,28,cluster_28,Ccdc74a,8.195543,4.512469,2.4946368555324456e-16,1.8265419226601625e-14,0.5714285714285714,0.030493273542600896,0.5409352978859705
small_cluster,28,cluster_28,Vwa3b,8.189716,5.0504065,2.6184357922989917e-16,1.908665130199812e-14,0.2857142857142857,0.007772795216741405,0.2779414904975443
small_cluster,28,cluster_28,1700001L19Rik,8.180415,5.486357,2.828670559216763e-16,2.0527887540581473e-14,0.7142857142857143,0.05127055306427504,0.6630151612214392
small_cluster,28,cluster_28,Nek2,8.153003,5.0094237,3.5499651815935296e-16,2.509611161349805e-14,0.42857142857142855,0.01763826606875934,0.4109331625026692
small_cluster,28,cluster_28,Ubxn10,8.126349,4.0854836,4.4241228702045723e-16,3.087661242307455e-14,0.8571428571428571,0.06786248131539611,0.789280375827461
small_cluster,28,cluster_28,Ttll9,8.092653,4.377109,5.83789171655266e-16,4.057087374711024e-14,0.42857142857142855,0.01748878923766816,0.4110826393337604
small_cluster,28,cluster_28,Spag17,8.088503,4.956363,6.040263585483229e-16,4.18001531921985e-14,0.42857142857142855,0.017937219730941704,0.41063420884048685
small_cluster,28,cluster_28,Fhit,8.075472,4.2931113,6.721631543822382e-16,4.6319949138752475e-14,0.7142857142857143,0.04828101644245142,0.6660046978432629
small_cluster,28,cluster_28,Cdkl2,8.068668,4.794595,7.106876649966328e-16,4.8769825914685245e-14,0.5714285714285714,0.03198804185351271,0.5394405295750587
small_cluster,28,cluster_28,Ube2t,8.051401,5.0321393,8.185154395358342e-16,5.593529884928007e-14,0.42857142857142855,0.018086696562032885,0.41048473200939567
small_cluster,28,cluster_28,Asf1b,7.9959955,4.3097234,1.2853116368036177e-15,8.747052346562711e-14,0.42857142857142855,0.017937219730941704,0.41063420884048685
small_cluster,28,cluster_28,1700007K13Rik,7.993508,5.018191,1.31152292502231e-15,8.888548550946657e-14,1.0,0.09760837070254111,0.9023916292974589
small_cluster,28,cluster_28,Atr,7.944285,4.7986245,1.9531444275150503e-15,1.3182519241018246e-13,0.42857142857142855,0.018535127055306428,0.41003630151612214
small_cluster,28,cluster_28,Dnali1,7.8763776,4.16029,3.370088366006695e-15,2.2468625727998295e-13,0.7142857142857143,0.04992526158445441,0.6643604527012599
small_cluster,28,cluster_28,Ttll5,7.8494596,4.325023,4.178330358312027e-15,2.708648071410101e-13,0.42857142857142855,0.01868460388639761,0.40988682468503096
small_cluster,28,cluster_28,1700040L02Rik,7.845728,4.260577,4.3044989380385445e-15,2.779452247353156e-13,0.5714285714285714,0.03273542600896861,0.5386931454196028
small_cluster,28,cluster_28,Phf10,7.840126,5.3528633,4.500942450184374e-15,2.8949002794303493e-13,0.8571428571428571,0.08505231689088191,0.7720905402519752
small_cluster,28,cluster_28,9230110C19Rik,7.8145695,4.6512246,5.5151226806176314e-15,3.533340901750382e-13,0.42857142857142855,0.01898355754857997,0.40958787102284855
small_cluster,28,cluster_28,Lrriq3,7.8131733,4.9455023,5.5765820830884e-15,3.558814114581045e-13,0.2857142857142857,0.008520179372197309,0.2771941063420884
small_cluster,28,cluster_28,Gm9530,7.8016996,5.6065955,6.107882541704694e-15,3.88276672738367e-13,0.2857142857142857,0.00866965620328849,0.27704462951099723
small_cluster,28,cluster_28,Kndc1,7.797382,4.522535,6.3204710366121624e-15,4.002395578049269e-13,0.42857142857142855,0.01898355754857997,0.40958787102284855
small_cluster,28,cluster_28,Cntln,7.789185,4.983992,6.744274690279656e-15,4.254340353664486e-13,0.42857142857142855,0.01943198804185351,0.409139440529575
small_cluster,28,cluster_28,Foxj1,7.7878423,6.6890116,6.816326684309881e-15,4.283317009554266e-13,1.0,0.12855007473841554,0.8714499252615845
small_cluster,28,cluster_28,Rrm1,7.7798333,4.580503,7.262023516490186e-15,4.5459712860288377e-13,0.7142857142857143,0.05440956651718983,0.6598761477685244
small_cluster,28,cluster_28,Dnajb13,7.7742934,4.3015327,7.586980125786672e-15,4.731333119506738e-13,0.5714285714285714,0.03348281016442452,0.5379457612641468
small_cluster,28,cluster_28,Efcab10,7.762464,4.319238,8.32950118129479e-15,5.174702608879387e-13,0.5714285714285714,0.03348281016442452,0.5379457612641468
small_cluster,28,cluster_28,Hdhd3,7.7416987,4.663012,9.809709789655399e-15,6.071284915476913e-13,0.5714285714285714,0.035127055306427506,0.5363015161221439
small_cluster,28,cluster_28,Mycbpap,7.697894,4.7541547,1.3832685807305616e-14,8.528942854346595e-13,0.5714285714285714,0.03527653213751868,0.5361520392910527
small_cluster,28,cluster_28,Sptlc3,7.6763015,4.4842105,1.637473544093688e-14,1.0058503219730553e-12,0.8571428571428571,0.07817638266068759,0.7789664744821695
small_cluster,28,cluster_28,Ocm,7.6582975,5.4784,1.88414209440369e-14,1.1530527794893626e-12,0.2857142857142857,0.008968609865470852,0.2767456758488148
small_cluster,28,cluster_28,2410004P03Rik,7.637884,4.346795,2.2082069857922818e-14,1.3463495455010862e-12,0.7142857142857143,0.053064275037369206,0.6612214392483451
small_cluster,28,cluster_28,Cfap126,7.6347275,4.850178,2.262989629336538e-14,1.3746404781758725e-12,1.0,0.11225710014947683,0.8877428998505231
small_cluster,28,cluster_28,Wdr90,7.609983,4.9187913,2.7413189629874245e-14,1.6590543288544926e-12,0.42857142857142855,0.020328849028400597,0.40824257954302795
small_cluster,28,cluster_28,Tsga10,7.607541,4.5971994,2.793600155927255e-14,1.6721838013636099e-12,0.42857142857142855,0.020029895366218235,0.4085415332052103
small_cluster,28,cluster_28,Rsph4a,7.6019583,4.7142386,2.916832212728685e-14,1.7395987316713876e-12,0.42857142857142855,0.020179372197309416,0.40839205637411913
small_cluster,28,cluster_28,1810041H14Rik,7.5668435,5.012178,3.824022812240518e-14,2.2723839907085774e-12,0.2857142857142857,0.009118086696562033,0.27659619901772364
small_cluster,28,cluster_28,Mlf1,7.5634537,5.00067,3.925054998170519e-14,2.3240009756315774e-12,1.0,0.11285500747384156,0.8871449925261584
small_cluster,28,cluster_28,Fam216a,7.55276,5.362614,4.2612971225247736e-14,2.514012018220461e-12,1.0,0.13542600896860987,0.8645739910313901
small_cluster,28,cluster_28,Oxsm,7.503849,4.2362065,6.197078226205217e-14,3.6429491035122495e-12,0.42857142857142855,0.020328849028400597,0.40824257954302795
small_cluster,28,cluster_28,Spef2,7.4966626,4.038212,6.546326751686254e-14,3.834510894800223e-12,0.42857142857142855,0.020029895366218235,0.4085415332052103
small_cluster,28,cluster_28,Lrrc48,7.4474344,4.02551,9.517282452704854e-14,5.544285572861881e-12,0.7142857142857143,0.05530642750373692,0.6589792867819774
small_cluster,28,cluster_28,Ccdc113,7.4472184,3.9039268,9.532885382275779e-14,5.544285572861881e-12,0.7142857142857143,0.05411061285500748,0.6601751014307068
small_cluster,28,cluster_28,Cspg5,7.421841,4.8238406,1.1550334901710365e-13,6.6938884354399884e-12,0.2857142857142857,0.009417040358744395,0.2762972453555413
small_cluster,28,cluster_28,Bbs7,7.4148965,4.556124,1.217197678027644e-13,7.004652321870664e-12,0.42857142857142855,0.021076233183856503,0.40749519538757206
small_cluster,28,cluster_28,Pcnt,7.4151454,4.5553465,1.2149161552456702e-13,7.004652321870664e-12,0.7142857142857143,0.0585949177877429,0.6556907964979714
small_cluster,28,cluster_28,Gm166,7.3994846,5.0232515,1.3671391097594806e-13,7.840016971736099e-12,1.0,0.12750373692077727,0.8724962630792228
small_cluster,28,cluster_28,Gm1661,7.381941,4.165712,1.5599847721378823e-13,8.883788280497712e-12,0.42857142857142855,0.02077727952167414,0.4077941490497544
small_cluster,28,cluster_28,Cep126,7.3487267,4.076651,2.001035839802782e-13,1.1170548010153396e-11,0.42857142857142855,0.021076233183856503,0.40749519538757206
small_cluster,28,cluster_28,Trmt2a,7.3486357,4.0652404,2.0024029723706472e-13,1.1170548010153396e-11,0.8571428571428571,0.08520179372197309,0.771941063420884
small_cluster,28,cluster_28,Drc1,7.325838,4.0372686,2.3740990095702973e-13,1.3199185713885574e-11,0.5714285714285714,0.03692077727952167,0.5345077941490497
small_cluster,28,cluster_28,Prepl,7.323513,4.5527334,2.4156187845051915e-13,1.3384649893469476e-11,0.5714285714285714,0.038266068759342305,0.533162502669229
small_cluster,28,cluster_28,Gm14167,7.3024006,5.4019327,2.826780086480755e-13,1.561010781089928e-11,0.2857142857142857,0.009865470852017937,0.27584881486226775
small_cluster,28,cluster_28,Cep290,7.2804623,4.6104174,3.3267822602211805e-13,1.8309582499962277e-11,0.5714285714285714,0.03886397608370702,0.5325645953448643
small_cluster,28,cluster_28,Cxcr4,7.2697353,5.040598,3.601926378917984e-13,1.9757590147369182e-11,0.2857142857142857,0.009865470852017937,0.27584881486226775
small_cluster,28,cluster_28,Dcaf15,7.196883,4.361869,6.16043974479761e-13,3.367912408480853e-11,0.42857142857142855,0.022122571001494767,0.40644885756993376
small_cluster,28,cluster_28,Entpd7,7.1832967,4.58839,6.805015050219617e-13,3.7079419215498984e-11,0.2857142857142857,0.010014947683109118,0.2756993380311766
small_cluster,28,cluster_28,Dync2h1,7.15628,3.8969111,8.289559723897319e-13,4.4285690238319197e-11,0.5714285714285714,0.03856502242152467,0.5328635490070467
small_cluster,28,cluster_28,Stk36,7.138694,5.3252797,9.422185493503778e-13,5.0000461274280176e-11,0.2857142857142857,0.01031390134529148,0.2754003843689942
small_cluster,28,cluster_28,Ankrd54,7.138278,4.567986,9.450730440233435e-13,5.0000461274280176e-11,1.0,0.12884902840059792,0.8711509715994021
small_cluster,28,cluster_28,Cfap44,7.1388345,4.183172,9.412549140147043e-13,5.0000461274280176e-11,0.42857142857142855,0.022272047832585948,0.4062993807388426
small_cluster,28,cluster_28,Ofd1,7.1130114,4.9148083,1.1353811750075178e-12,5.987584132250257e-11,0.42857142857142855,0.023168908819133034,0.4054025197522955
small_cluster,28,cluster_28,Pigo,7.0997424,4.4477086,1.249894539205262e-12,6.570359082533815e-11,0.42857142857142855,0.022869955156950672,0.4057014734144779
small_cluster,28,cluster_28,Lrrc6,7.085108,4.1760945,1.389363414443555e-12,7.280175514469247e-11,0.42857142857142855,0.02257100149476831,0.40600042707666023
small_cluster,28,cluster_28,Fam179a,7.067743,4.745361,1.5747379036176399e-12,8.225247247526405e-11,0.5714285714285714,0.04200298953662182,0.5294255818919495
small_cluster,28,cluster_28,1110002L01Rik,7.0593653,4.996853,1.6726465847218531e-12,8.708913217785116e-11,0.2857142857142857,0.01046337817638266,0.27525090753790304
small_cluster,28,cluster_28,Ccdc65,7.0368943,3.888058,1.9657202074877697e-12,1.0202461114875604e-10,0.42857142857142855,0.02257100149476831,0.40600042707666023
small_cluster,28,cluster_28,Trmt1l,7.033702,3.6091802,2.011246779110441e-12,1.0405822846747743e-10,0.8571428571428571,0.08624813153961136,0.7708947256032457
small_cluster,28,cluster_28,6820408C15Rik,7.0221314,4.787868,2.1850912356967356e-12,1.126971111844722e-10,0.5714285714285714,0.042152466367713005,0.5292761050608584
small_cluster,28,cluster_28,Rad51,7.0108285,5.120428,2.3691106134684937e-12,1.2180496292005256e-10,0.2857142857142857,0.010612855007473842,0.27510143070681187
small_cluster,28,cluster_28,H2afx,7.0064006,5.209753,2.445268570597472e-12,1.2532765570740356e-10,1.0,0.15216741405082213,0.8478325859491779
small_cluster,28,cluster_28,Fbxo36,6.9848104,4.0941644,2.8524110905082775e-12,1.4573954609167057e-10,1.0,0.1242152466367713,0.8757847533632287
small_cluster,28,cluster_28,Spata24,6.9798455,4.710438,2.9550504926340183e-12,1.5051485444003271e-10,0.7142857142857143,0.06801195814648729,0.646273756139227
small_cluster,28,cluster_28,Tbc1d31,6.97929,4.689444,2.966759634106178e-12,1.5064342030642548e-10,0.2857142857142857,0.010612855007473842,0.27510143070681187
small_cluster,28,cluster_28,Ccdc103,6.9740953,4.2687755,3.078453925450884e-12,1.5583247787444429e-10,0.42857142857142855,0.023467862481315396,0.40510356609011317
small_cluster,28,cluster_28,Rnf32,6.9701705,4.099623,3.1655682737437554e-12,1.5925915723212063e-10,0.42857142857142855,0.023168908819133034,0.4054025197522955
small_cluster,28,cluster_28,Brdt,6.9496946,4.093142,3.660772511623113e-12,1.8139072496414103e-10,0.42857142857142855,0.023467862481315396,0.40510356609011317
small_cluster,28,cluster_28,Ropn1l,6.94668,4.7478385,3.739821926302135e-12,1.8474945606410035e-10,0.5714285714285714,0.04349775784753363,0.5279308135810378
small_cluster,28,cluster_28,Ruvbl1,6.941999,3.9818282,3.8658945426985765e-12,1.9040401319759566e-10,1.0,0.13632286995515694,0.863677130044843
small_cluster,28,cluster_28,Cetn4,6.935085,3.9178512,4.0597788329362834e-12,1.99354588739485e-10,0.7142857142857143,0.06367713004484304,0.6506085842408713
small_cluster,28,cluster_28,Spice1,6.920894,3.9796338,4.488013763565526e-12,2.1972511563056178e-10,0.5714285714285714,0.041405082212257104,0.5300234892163143
small_cluster,28,cluster_28,Tmem212,6.8865004,3.8200173,5.71816855558976e-12,2.791181026197252e-10,0.8571428571428571,0.08998505231689088,0.7671578048259662
small_cluster,28,cluster_28,Cds1,6.883877,4.1730447,5.824534459408223e-12,2.834664381862144e-10,0.7142857142857143,0.06756352765321375,0.6467221866325006
small_cluster,28,cluster_28,Atp11c,6.8823433,4.632909,5.887586666187602e-12,2.856873044737954e-10,0.2857142857142857,0.010911808669656204,0.2748024770446295
small_cluster,28,cluster_28,1700088E04Rik,6.878041,4.2394347,6.0681282793230875e-12,2.9357926816866657e-10,1.0,0.13662182361733932,0.8633781763826607
small_cluster,28,cluster_28,B3glct,6.8723845,4.3038487,6.31375497063654e-12,3.0456439786297024e-10,0.42857142857142855,0.0242152466367713,0.4043561819346572
small_cluster,28,cluster_28,Sepsecs,6.8600016,4.2393675,6.885972596986002e-12,3.311930691001977e-10,0.42857142857142855,0.0242152466367713,0.4043561819346572
small_cluster,28,cluster_28,Tmem232,6.859154,4.0235906,6.926937486935618e-12,3.321891863252371e-10,0.42857142857142855,0.02391629297458894,0.40465513559683963
small_cluster,28,cluster_28,Fam189a2,6.8507533,4.751366,7.346198786571151e-12,3.512682399374736e-10,0.2857142857142857,0.011061285500747383,0.27465300021353833
small_cluster,28,cluster_28,Hacd1,6.839207,4.1236186,7.963271087138497e-12,3.7966746831441425e-10,0.5714285714285714,0.04275037369207773,0.5286781977364937
small_cluster,28,cluster_28,Tctex1d2,6.827489,4.6269507,8.641369016446884e-12,4.108031688079575e-10,1.0,0.15485799701046338,0.8451420029895367
small_cluster,28,cluster_28,Cacna1b,6.8113995,4.6886964,9.66538802185769e-12,4.581561530245317e-10,0.2857142857142857,0.011210762331838564,0.27450352338244716
small_cluster,28,cluster_28,Gm11992,6.810471,4.0337014,9.727971620561846e-12,4.597938401983713e-10,0.42857142857142855,0.0242152466367713,0.4043561819346572
small_cluster,28,cluster_28,Daw1,6.800647,4.355953,1.0415042949862262e-11,4.901585307600496e-10,0.2857142857142857,0.011061285500747383,0.27465300021353833
small_cluster,28,cluster_28,Dnah5,6.726453,4.1915116,1.7384872970096966e-11,8.100264249504555e-10,0.42857142857142855,0.024962630792227204,0.40360879777920133
small_cluster,28,cluster_28,Cfap70,6.724242,3.7568274,1.7650880481462863e-11,8.200909087152193e-10,0.42857142857142855,0.024514200298953664,0.40405722827247487
small_cluster,28,cluster_28,Pla2g2c,6.7135916,5.1900854,1.898914717887828e-11,8.790999789435187e-10,0.2857142857142857,0.011659192825112108,0.27405509288917357
small_cluster,28,cluster_28,Senp2,6.713292,3.4191833,1.9028138072370535e-11,8.790999789435187e-10,0.8571428571428571,0.09267563527653214,0.764467221866325
small_cluster,28,cluster_28,Paqr4,6.700678,4.1944613,2.0745458855822634e-11,9.55747951388615e-10,0.5714285714285714,0.04514200298953662,0.5262865684390348
small_cluster,28,cluster_28,Lpcat4,6.6923227,3.9703076,2.1965574534663702e-11,1.0091243359748442e-09,0.8571428571428571,0.10284005979073244,0.7543027973521247
small_cluster,28,cluster_28,Armt1,6.684355,3.964501,2.319441423693912e-11,1.0626022008380964e-09,0.42857142857142855,0.025112107623318385,0.40345932094811016
small_cluster,28,cluster_28,Ccdc114,6.669488,4.5120077,2.5669722559718868e-11,1.1727273529302204e-09,0.42857142857142855,0.02600896860986547,0.4025624599615631
small_cluster,28,cluster_28,Trp73,6.6555595,4.1693044,2.822243591080096e-11,1.285767142702907e-09,0.2857142857142857,0.011509715994020927,0.27420456972026475
small_cluster,28,cluster_28,Fbxo16,6.6386247,4.0245857,3.166239158802904e-11,1.4384899845852197e-09,0.42857142857142855,0.025560538116591928,0.4030108904548366
small_cluster,28,cluster_28,Styxl1,6.630682,5.089685,3.3413903276013105e-11,1.5097009025616832e-09,0.2857142857142857,0.011808669656203289,0.2739056160580824
small_cluster,28,cluster_28,Maz,6.6235723,4.0662565,3.506200734015306e-11,1.5798131384226655e-09,0.8571428571428571,0.10523168908819133,0.7519111680546657
small_cluster,28,cluster_28,Psmg2,6.617726,4.042437,3.647662798260661e-11,1.6390497960074823e-09,1.0,0.15067264573991032,0.8493273542600897
small_cluster,28,cluster_28,Lrwd1,6.6137996,3.9927564,3.745785241856753e-11,1.6785416325599074e-09,0.7142857142857143,0.07025411061285501,0.6440316036728593
small_cluster,28,cluster_28,Lmln,6.6120872,4.604194,3.78938868313491e-11,1.6842754415202075e-09,0.2857142857142857,0.011808669656203289,0.2739056160580824
small_cluster,28,cluster_28,Fam229b,6.603062,4.3939567,4.027499654633258e-11,1.7656946378906925e-09,0.5714285714285714,0.04663677130044843,0.524791800128123
small_cluster,28,cluster_28,Wdr31,6.6009336,3.9257054,4.085763159866073e-11,1.7757153771166467e-09,0.5714285714285714,0.045291479820627804,0.5261370916079436
small_cluster,28,cluster_28,Map9,6.590108,4.897228,4.3950739952490657e-11,1.9019421793160932e-09,0.2857142857142857,0.01195814648729447,0.2737561392269912
small_cluster,28,cluster_28,Bcl2l12,6.5715623,3.7197218,4.979011188156618e-11,2.1489674341304397e-09,1.0,0.14275037369207771,0.8572496263079223
small_cluster,28,cluster_28,Trim37,6.570117,4.1754518,5.0275758275216335e-11,2.164232838508722e-09,0.42857142857142855,0.026307922272047833,0.40226350629938074
small_cluster,28,cluster_28,B9d2,6.5659084,3.7786155,5.171651362910165e-11,2.220425497463079e-09,1.0,0.14185351270553065,0.8581464872944693
small_cluster,28,cluster_28,Slc7a7,6.5652313,4.1298637,5.1952101625870265e-11,2.224716498083285e-09,0.5714285714285714,0.04678624813153961,0.5246423232970318
small_cluster,28,cluster_28,Ccdc78,6.5522327,3.7469027,5.6683165143076186e-11,2.4209911237281055e-09,0.5714285714285714,0.04499252615844544,0.526436045270126
small_cluster,28,cluster_28,Iqub,6.545642,5.2165546,5.924035192357339e-11,2.5236389919442264e-09,0.2857142857142857,0.012257100149476832,0.27345718556480886
small_cluster,28,cluster_28,Pnpla6,6.54452,4.0190835,5.968678546879439e-11,2.5360698665121677e-09,0.5714285714285714,0.04648729446935725,0.5249412769592141
small_cluster,28,cluster_28,Trp53inp1,6.5370917,4.241299,6.272665953031165e-11,2.6583461058311146e-09,0.5714285714285714,0.04783258594917788,0.5235959854793936
small_cluster,28,cluster_28,Nphp1,6.5258384,3.9416618,6.762228036535021e-11,2.8584356192580126e-09,1.0,0.14409566517189837,0.8559043348281017
small_cluster,28,cluster_28,Oscp1,6.5232697,4.173425,6.879103716910163e-11,2.9003645259908378e-09,0.7142857142857143,0.07548579970104634,0.638799914584668
small_cluster,28,cluster_28,Tcte1,6.522338,4.164726,6.921985788668672e-11,2.9109612543578175e-09,0.2857142857142857,0.01195814648729447,0.2737561392269912
small_cluster,28,cluster_28,Chd1l,6.5172715,3.6158798,7.159769345705128e-11,3.0032577247803016e-09,0.5714285714285714,0.045291479820627804,0.5261370916079436
small_cluster,28,cluster_28,Ift22,6.4992704,4.9808846,8.071058413488983e-11,3.3690838301605314e-09,1.0,0.1923766816143498,0.8076233183856503
small_cluster,28,cluster_28,Kif6,6.499234,4.3508573,8.07298302087122e-11,3.3690838301605314e-09,0.2857142857142857,0.01210762331838565,0.27360666239590004
small_cluster,28,cluster_28,Gatsl2,6.492277,4.288611,8.454848045144671e-11,3.5194914413303997e-09,0.5714285714285714,0.049177877428998505,0.5222506939995729
small_cluster,28,cluster_28,Cfap74,6.471676,4.167733,9.692194214534351e-11,4.014183770519644e-09,0.2857142857142857,0.01210762331838565,0.27360666239590004
small_cluster,28,cluster_28,Ift74,6.4613047,3.984947,1.0380395504051508e-10,4.28838455067881e-09,0.8571428571428571,0.10971599402092676,0.7474268631219303
small_cluster,28,cluster_28,Smc4,6.4348283,4.2114635,1.2361307819670412e-10,5.068445238760361e-09,0.7142857142857143,0.07593423019431988,0.6383514840913944
small_cluster,28,cluster_28,Gm29538,6.4277663,4.4205456,1.2949256807187046e-10,5.296278326550493e-09,0.5714285714285714,0.04947683109118087,0.5219517403373906
small_cluster,28,cluster_28,Spa17,6.414251,4.4367137,1.415168071671282e-10,5.773674513303655e-09,0.8571428571428571,0.11659192825112108,0.740550928891736
small_cluster,28,cluster_28,Rfwd2,6.4132566,3.2654374,1.424434417054648e-10,5.797059273973519e-09,0.8571428571428571,0.09985052316890881,0.7572923339739482
small_cluster,28,cluster_28,Tkfc,6.394881,3.74379,1.606727059418486e-10,6.522755074634305e-09,0.5714285714285714,0.04798206278026906,0.5234465086483023
small_cluster,28,cluster_28,Rpgrip1l,6.381134,4.418483,1.7578115749500179e-10,7.118485837223516e-09,0.42857142857142855,0.028251121076233184,0.40032030749519537
small_cluster,28,cluster_28,Smarcc1,6.3608046,3.7280798,2.0069966113764797e-10,8.107574242163952e-09,0.7142857142857143,0.07548579970104634,0.638799914584668
small_cluster,28,cluster_28,Poc1a,6.323642,5.4799,2.5546933462799975e-10,1.0269491561847607e-08,0.42857142857142855,0.029446935724962632,0.3991244928464659
small_cluster,28,cluster_28,Senp1,6.323896,3.8721855,2.550491373752535e-10,1.0269491561847607e-08,0.42857142857142855,0.02795216741405082,0.4006192611573777
small_cluster,28,cluster_28,Cep41,6.309731,4.794829,2.795210075283701e-10,1.1154316409909483e-08,0.2857142857142857,0.013004484304932735,0.27270980140935297
small_cluster,28,cluster_28,Stard4,6.30983,3.8289025,2.7934191697713097e-10,1.1154316409909483e-08,0.42857142857142855,0.028101644245142002,0.40046978432628655
small_cluster,28,cluster_28,Fam167a,6.2979016,4.1320796,3.0170173076921516e-10,1.195219827619782e-08,0.2857142857142857,0.012855007473841554,0.27285927824044415
small_cluster,28,cluster_28,Ppp4r1,6.296189,3.6290765,3.050524039352848e-10,1.2055818016729172e-08,0.5714285714285714,0.04857997010463378,0.5228486013239376
small_cluster,28,cluster_28,Gpn2,6.2746596,4.3050165,3.5039968336735076e-10,1.3814675978144038e-08,0.7142857142857143,0.08101644245142003,0.6332692718342943
small_cluster,28,cluster_28,Trim33,6.2682686,3.9955814,3.6508430413248124e-10,1.4359107127282555e-08,0.5714285714285714,0.05097159940209268,0.5204569720264787
small_cluster,28,cluster_28,Wdr54,6.265926,4.2677937,3.706169317134013e-10,1.4541838031175824e-08,0.42857142857142855,0.02899850523168909,0.3995729233397395
small_cluster,28,cluster_28,Nelfe,6.262411,4.332599,3.790699475645203e-10,1.4838010047746294e-08,1.0,0.18535127055306427,0.8146487294469358
small_cluster,28,cluster_28,Wfdc3,6.25348,5.5359244,4.0140589475051295e-10,1.567490019000753e-08,0.2857142857142857,0.013452914798206279,0.27226137091607944
small_cluster,28,cluster_28,D430036J16Rik,6.2527056,4.0167017,4.034021799290761e-10,1.5715437418092107e-08,0.42857142857142855,0.028699551569506727,0.39987187700192184
small_cluster,28,cluster_28,Ttc27,6.248554,4.237739,4.142695965749285e-10,1.610055842043934e-08,0.42857142857142855,0.02914798206278027,0.39942344650864825
small_cluster,28,cluster_28,Strbp,6.228768,4.1739345,4.701180188424676e-10,1.8227909283771423e-08,0.7142857142857143,0.08266068759342302,0.6316250266922913
small_cluster,28,cluster_28,Tmem138,6.2238317,4.331426,4.851571148850245e-10,1.8766655285918126e-08,0.7142857142857143,0.08565022421524664,0.6286354900704677
small_cluster,28,cluster_28,Cryaa,6.217678,4.2829375,5.045650216947328e-10,1.9471460990153676e-08,0.2857142857142857,0.013153961136023917,0.2725603245782618
small_cluster,28,cluster_28,Dennd5b,6.1913915,4.626703,5.963538312305304e-10,2.295962250237542e-08,0.2857142857142857,0.013452914798206279,0.27226137091607944
small_cluster,28,cluster_28,Ercc6l2,6.1848803,3.6195843,6.214969545133149e-10,2.3871596138109785e-08,0.42857142857142855,0.028699551569506727,0.39987187700192184
small_cluster,28,cluster_28,Uox,6.1775446,4.207885,6.510620377410223e-10,2.494875813315539e-08,0.2857142857142857,0.013303437967115098,0.2724108477471706
small_cluster,28,cluster_28,Ccdc157,6.1694684,3.9177682,6.851987798979375e-10,2.6195676431482687e-08,0.42857142857142855,0.02929745889387145,0.3992739696775571
small_cluster,28,cluster_28,Ppp1r32,6.128241,3.7910132,8.885576415710606e-10,3.3578879906467665e-08,0.42857142857142855,0.02929745889387145,0.3992739696775571
small_cluster,28,cluster_28,Dmkn,6.1026864,3.376256,1.0430037194081922e-09,3.932483678623853e-08,0.7142857142857143,0.0757847533632287,0.6385009609224856
small_cluster,28,cluster_28,Sin3a,6.099023,3.951313,1.0671890487212723e-09,4.0144421073572445e-08,0.5714285714285714,0.05351270553064275,0.5179158658979286
small_cluster,28,cluster_28,Pknox1,6.090542,3.6920416,1.1252909567374418e-09,4.223317387059675e-08,0.42857142857142855,0.029745889387144994,0.39882553918428354
small_cluster,28,cluster_28,Ccnb1,6.0656166,3.8311815,1.3144833729324133e-09,4.922109999877742e-08,0.2857142857142857,0.013751868460388639,0.2719624172538971
small_cluster,28,cluster_28,Neurl1a,6.050258,3.991699,1.4461385710976837e-09,5.402760524959707e-08,0.2857142857142857,0.013751868460388639,0.2719624172538971
small_cluster,28,cluster_28,Zbtb11os1,6.042629,3.7110431,1.5162320199298838e-09,5.6517548542886417e-08,0.5714285714285714,0.053064275037369206,0.5183642963912022
small_cluster,28,cluster_28,Gnaz,6.024882,4.6932907,1.6923336162845724e-09,6.265454546429632e-08,0.2857142857142857,0.014200298953662182,0.2715139867606235
small_cluster,28,cluster_28,Hace1,6.011931,3.957851,1.8332645753495017e-09,6.771930698267382e-08,0.42857142857142855,0.030642750373692077,0.3979286781977365
small_cluster,28,cluster_28,Acot7,6.0064063,4.38774,1.8968048511300013e-09,6.990898059187224e-08,1.0,0.1914798206278027,0.8085201793721973
small_cluster,28,cluster_28,1700010I14Rik,5.997301,4.1331987,2.006237872871091e-09,7.377647388555777e-08,0.2857142857142857,0.014050822122571001,0.27166346359171467
small_cluster,28,cluster_28,Mapk15,5.9872975,4.1328783,2.1335631011109763e-09,7.828315083069603e-08,0.5714285714285714,0.05665171898355755,0.5147768524450138
small_cluster,28,cluster_28,Cluap1,5.983853,3.491755,2.179198710786773e-09,7.977910280270952e-08,0.8571428571428571,0.11629297458893871,0.7408498825539184
small_cluster,28,cluster_28,Icmt,5.980115,3.6027713,2.2298038711807035e-09,8.144991824328444e-08,0.5714285714285714,0.053811659192825115,0.5176169122357462
small_cluster,28,cluster_28,Ccdc153,5.9777107,4.753947,2.2629503073347813e-09,8.247699553466166e-08,0.7142857142857143,0.08430493273542601,0.6299807815502882
small_cluster,28,cluster_28,Morn2,5.9767466,4.230937,2.2763805692475885e-09,8.278252265239401e-08,1.0,0.21973094170403587,0.7802690582959642
small_cluster,28,cluster_28,C030037D09Rik,5.964891,4.361155,2.4479721635117054e-09,8.882564480919355e-08,0.2857142857142857,0.014349775784753363,0.2713645099295323
small_cluster,28,cluster_28,Kpna1,5.9548125,3.4982018,2.603703062745012e-09,9.4267845324682e-08,0.5714285714285714,0.05336322869955157,0.5180653427290198
small_cluster,28,cluster_28,Efcab12,5.9412165,4.418357,2.829150850662839e-09,1.0220463238264586e-07,0.2857142857142857,0.014499252615844544,0.27121503309844114
small_cluster,28,cluster_28,Cep83,5.9375563,4.1653295,2.893016417397806e-09,1.0428211486097016e-07,0.5714285714285714,0.056203288490284005,0.5152252829382874
small_cluster,28,cluster_28,Agbl5,5.934856,4.3629184,2.9410370935399758e-09,1.0578059072620426e-07,0.42857142857142855,0.03258594917787743,0.3959854793935511
small_cluster,28,cluster_28,Erich2,5.9336414,3.9201653,2.962886658493199e-09,1.0633326933467606e-07,0.5714285714285714,0.054708520179372194,0.5167200512491992
small_cluster,28,cluster_28,Antxr2,5.9328284,4.6598907,2.9776010983706412e-09,1.0662802535890151e-07,0.2857142857142857,0.014648729446935725,0.27106555626734996
small_cluster,28,cluster_28,Acox2,5.918514,3.9105008,3.2486348821967527e-09,1.1608030654228527e-07,0.5714285714285714,0.05650224215246637,0.514926329276105
small_cluster,28,cluster_28,Stk33,5.909021,3.709172,3.441473829281236e-09,1.227035049435686e-07,0.42857142857142855,0.0312406576980568,0.39733077087337176
small_cluster,28,cluster_28,Enkur,5.895382,3.8390374,3.738155676452958e-09,1.315654318658905e-07,0.5714285714285714,0.055754857997010465,0.515673713431561
small_cluster,28,cluster_28,Foxp1,5.89289,3.468786,3.7949939139163815e-09,1.3327986120373142e-07,1.0,0.1750373692077728,0.8249626307922272
small_cluster,28,cluster_28,Tex30,5.886887,3.3057652,3.935372549595049e-09,1.3791462646561626e-07,0.5714285714285714,0.05351270553064275,0.5179158658979286
small_cluster,28,cluster_28,Pitx1,5.8677106,3.4185011,4.41853746456524e-09,1.545169146190501e-07,0.5714285714285714,0.05396113602391629,0.5174674354046551
small_cluster,28,cluster_28,Prr29,5.8624277,3.250607,4.561487844211185e-09,1.5917651517639925e-07,0.7142857142857143,0.08340807174887892,0.6308776425368354
small_cluster,28,cluster_28,Inca1,5.861671,4.156315,4.582326509296356e-09,1.5956419761989287e-07,0.2857142857142857,0.014798206278026907,0.2709160794362588
small_cluster,28,cluster_28,Ift57,5.845599,3.6971943,5.0474761188147425e-09,1.7538910132347583e-07,1.0,0.17324364723467864,0.8267563527653213
small_cluster,28,cluster_28,Usp11,5.809792,4.133882,6.255050385604064e-09,2.1643266112719884e-07,0.2857142857142857,0.014947683109118086,0.2707666026051676
small_cluster,28,cluster_28,Dnaaf2,5.807775,3.4064817,6.330859645023693e-09,2.1859458744849173e-07,0.5714285714285714,0.05530642750373692,0.5161221439248345
small_cluster,28,cluster_28,Nln,5.7993894,3.69967,6.655676841940895e-09,2.2932721824511053e-07,0.5714285714285714,0.05754857997010463,0.5138799914584667
small_cluster,28,cluster_28,Ccdc162,5.7964945,3.5165381,6.771539068281384e-09,2.3234312188050832e-07,0.5714285714285714,0.05754857997010463,0.5138799914584667
small_cluster,28,cluster_28,Riiad1,5.792686,4.3614187,6.926950977159954e-09,2.366852562008342e-07,1.0,0.2116591928251121,0.7883408071748879
small_cluster,28,cluster_28,Ccpg1os,5.7918706,3.9455338,6.960677769636382e-09,2.3734319355469085e-07,1.0,0.20328849028400597,0.796711509715994
small_cluster,28,cluster_28,Nxt1,5.7785068,3.3726742,7.536648136589617e-09,2.5433861335021873e-07,1.0,0.1756352765321375,0.8243647234678625
small_cluster,28,cluster_28,Tada2b,5.777353,4.32349,7.58850508805951e-09,2.5556277607651747e-07,0.2857142857142857,0.015246636771300448,0.27046764894298525
small_cluster,28,cluster_28,Ift46,5.7763424,3.6944306,7.634204878657271e-09,2.5657498814520063e-07,0.8571428571428571,0.1351270553064275,0.7220158018364295
small_cluster,28,cluster_28,Hspa4l,5.774247,4.323089,7.729783257966581e-09,2.592559820325356e-07,0.8571428571428571,0.1508221225710015,0.7063207345718556
small_cluster,28,cluster_28,Pcnxl4,5.773301,3.9931748,7.773344617807938e-09,2.6018494913605715e-07,0.5714285714285714,0.06053811659192825,0.5108904548366432
small_cluster,28,cluster_28,Tlcd1,5.7721486,4.1619425,7.826706124886627e-09,2.6143748911255717e-07,0.5714285714285714,0.061285500747384154,0.5101430706811872
small_cluster,28,cluster_28,Spata18,5.767307,4.2497005,8.054832174607556e-09,2.6851077743036286e-07,0.2857142857142857,0.015246636771300448,0.27046764894298525
small_cluster,28,cluster_28,Lrrc34,5.7541647,3.6123147,8.707120040330251e-09,2.896662794755709e-07,0.42857142857142855,0.03273542600896861,0.39583600256245993
small_cluster,28,cluster_28,Morn3,5.7487407,3.9504282,8.991059861522471e-09,2.9850682750775313e-07,0.42857142857142855,0.03348281016442452,0.39508861840700404
small_cluster,28,cluster_28,Rangap1,5.7467117,3.4159,9.099568617539707e-09,3.0149904019448226e-07,0.7142857142857143,0.08849028400597907,0.6257954302797353
small_cluster,28,cluster_28,Rabl2,5.73954,3.6633067,9.49340477663435e-09,3.1391397528544354e-07,0.8571428571428571,0.13378176382660686,0.7233610933162502
small_cluster,28,cluster_28,Dyrk3,5.736843,4.0511236,9.64574417432e-09,3.1830955775255995e-07,0.5714285714285714,0.06143497757847534,0.509993593850096
small_cluster,28,cluster_28,Whsc1,5.7278366,3.786545,1.0171936438894894e-08,3.349998585026409e-07,0.42857142857142855,0.033632286995515695,0.39493914157591287
small_cluster,28,cluster_28,Ccdc66,5.7234697,3.8323827,1.0437011072071963e-08,3.4304091902415286e-07,0.2857142857142857,0.015246636771300448,0.27046764894298525
small_cluster,28,cluster_28,Ttc21a,5.7198167,3.791236,1.0663900549199545e-08,3.4979726581484347e-07,0.2857142857142857,0.015246636771300448,0.27046764894298525
small_cluster,28,cluster_28,Cep131,5.716211,4.3361635,1.0892548793378115e-08,3.565842170862165e-07,0.2857142857142857,0.01554559043348281,0.2701686952808029
small_cluster,28,cluster_28,Larp1,5.7138996,3.2749588,1.1041605504530813e-08,3.602664878569144e-07,0.8571428571428571,0.1273542600896861,0.729788597053171
small_cluster,28,cluster_28,Fgfr1op,5.7137866,3.221247,1.1048963074936158e-08,3.602664878569144e-07,0.7142857142857143,0.08654708520179372,0.6277386290839206
small_cluster,28,cluster_28,Tmem107,5.7116003,5.422399,1.1191857419031741e-08,3.6420169351099125e-07,1.0,0.2813153961136024,0.7186846038863977
small_cluster,28,cluster_28,Dnaaf5,5.708186,3.7332764,1.1418641260002958e-08,3.7084581248575944e-07,0.42857142857142855,0.03348281016442452,0.39508861840700404
small_cluster,28,cluster_28,Ppm1k,5.6965265,3.9533958,1.2227272165003049e-08,3.9632310430477275e-07,0.42857142857142855,0.0343796711509716,0.394191757420457
small_cluster,28,cluster_28,Sntb1,5.6623964,4.0457597,1.4927353317642105e-08,4.809892372547115e-07,0.2857142857142857,0.01569506726457399,0.2700192184497117
small_cluster,28,cluster_28,Ccdc96,5.6483545,3.775174,1.619906623143217e-08,5.209429122778805e-07,0.2857142857142857,0.01554559043348281,0.2701686952808029
small_cluster,28,cluster_28,Gm19412,5.640499,4.40997,1.6955786375570238e-08,5.442110613419324e-07,0.2857142857142857,0.015994020926756353,0.26972026478752936
small_cluster,28,cluster_28,P4ha1,5.6393886,3.8396773,1.7065495601052184e-08,5.466624870172986e-07,0.5714285714285714,0.0624813153961136,0.5089472560324578
small_cluster,28,cluster_28,1500009L16Rik,5.6371803,3.8012273,1.728572829692014e-08,5.526378748494877e-07,0.2857142857142857,0.01569506726457399,0.2700192184497117
small_cluster,28,cluster_28,Ruvbl2,5.618162,4.024768,1.9299929428391226e-08,6.158329621693472e-07,1.0,0.23916292974588937,0.7608370702541106
small_cluster,28,cluster_28,Csrp2bp,5.617665,3.529613,1.935552802497184e-08,6.164077963836179e-07,0.42857142857142855,0.0343796711509716,0.394191757420457
small_cluster,28,cluster_28,Itgb3bp,5.615126,3.7914298,1.9641907928050386e-08,6.231081855473004e-07,0.42857142857142855,0.03497757847533632,0.3935938500960922
small_cluster,28,cluster_28,Bbs5,5.6152434,3.7106354,1.962856974157669e-08,6.231081855473004e-07,0.5714285714285714,0.06098654708520179,0.5104420243433696
small_cluster,28,cluster_28,Cox6b2,5.606617,4.470413,2.0631931131407855e-08,6.532515492011973e-07,0.5714285714285714,0.06292974588938714,0.5084988255391842
small_cluster,28,cluster_28,Pam16,5.6034946,3.59471,2.1007271314303646e-08,6.638540593947863e-07,0.42857142857142855,0.0343796711509716,0.394191757420457
small_cluster,28,cluster_28,Odf2l,5.588048,3.19065,2.2963589280913803e-08,7.228902644841983e-07,0.5714285714285714,0.0585949177877429,0.5128336536408284
small_cluster,28,cluster_28,Isyna1,5.5638885,4.155752,2.6382855238108703e-08,8.242003976385159e-07,1.0,0.24977578475336323,0.7502242152466367
small_cluster,28,cluster_28,Wdr19,5.5584984,3.909605,2.7210552976064723e-08,8.484415957422767e-07,0.42857142857142855,0.035575485799701045,0.3929959427717275
small_cluster,28,cluster_28,Txndc12,5.5529943,3.5497484,2.808171998554355e-08,8.739436233072102e-07,0.8571428571428571,0.15007473841554558,0.7070681187273116
small_cluster,28,cluster_28,Dnah2,5.5494065,4.3608565,2.8664073837779673e-08,8.90377793586031e-07,0.2857142857142857,0.016442451420029897,0.26927183429425583
small_cluster,28,cluster_28,BC023829,5.547596,3.4818995,2.8962435377137096e-08,8.979449955017496e-07,0.42857142857142855,0.034828101644245144,0.3937433269271834
small_cluster,28,cluster_28,Ccp110,5.546765,4.307263,2.910035697638959e-08,9.005187825844635e-07,0.2857142857142857,0.016442451420029897,0.26927183429425583
small_cluster,28,cluster_28,Thg1l,5.518636,4.2427735,3.416401300608262e-08,1.0552240627358964e-06,0.2857142857142857,0.016591928251121078,0.2691223574631646
small_cluster,28,cluster_28,Cby1,5.514005,4.2295547,3.5075839409961155e-08,1.0805002054624282e-06,0.8571428571428571,0.16143497757847533,0.6957078795643817
small_cluster,28,cluster_28,B9d1,5.5138135,4.0244994,3.5114115572920816e-08,1.0805002054624282e-06,1.0,0.2750373692077728,0.7249626307922272
small_cluster,28,cluster_28,Pcgf5,5.512766,3.5528908,3.532379698065543e-08,1.0849168432204676e-06,0.5714285714285714,0.06263079222720479,0.5087977792013666
small_cluster,28,cluster_28,Dnaic1,5.5046086,4.1386304,3.699892791963032e-08,1.1342419005791717e-06,0.2857142857142857,0.016591928251121078,0.2691223574631646
small_cluster,28,cluster_28,Pced1a,5.5028553,3.9479816,3.736894444125115e-08,1.1434478689943285e-06,0.2857142857142857,0.016591928251121078,0.2691223574631646
small_cluster,28,cluster_28,Lrrc74b,5.5019045,3.141268,3.757102794460966e-08,1.1474905573920727e-06,0.42857142857142855,0.03467862481315396,0.39389280375827457
small_cluster,28,cluster_28,Osbpl10,5.490382,4.3933215,4.010652299224498e-08,1.222652571739424e-06,0.2857142857142857,0.016890881913303436,0.26882340380098224
small_cluster,28,cluster_28,Ift43,5.487211,4.272003,4.083289740102323e-08,1.2401858338410778e-06,1.0,0.256203288490284,0.7437967115097159
small_cluster,28,cluster_28,Mrpl39,5.483391,3.6360822,4.1725013018179086e-08,1.2602798130960501e-06,1.0,0.2142002989536622,0.7857997010463378
small_cluster,28,cluster_28,Xpnpep3,5.4804916,4.5410395,4.241458803736179e-08,1.2787530485308284e-06,0.2857142857142857,0.017040358744394617,0.26867392696989106
small_cluster,28,cluster_28,Pik3r4,5.46812,4.315048,4.5483314127407465e-08,1.3637510694764349e-06,0.42857142857142855,0.038266068759342305,0.39030535981208625
small_cluster,28,cluster_28,Rsph9,5.4635124,4.4152412,4.6680422711192315e-08,1.3945457429622318e-06,0.8571428571428571,0.1756352765321375,0.6815075806107196
small_cluster,28,cluster_28,Ttll4,5.458221,4.0493183,4.80928313155606e-08,1.4341282298300169e-06,0.2857142857142857,0.016890881913303436,0.26882340380098224
small_cluster,28,cluster_28,Wdr92,5.455959,3.53813,4.870933027569438e-08,1.4498760904748883e-06,0.5714285714285714,0.06382660687593424,0.5076019645526372
small_cluster,28,cluster_28,1700026L06Rik,5.452278,2.817031,4.972860931299536e-08,1.4775342777942698e-06,0.5714285714285714,0.05949177877428999,0.5119367926542814
small_cluster,28,cluster_28,Ccdc108,5.4519067,4.0101542,4.983256470903831e-08,1.4779455583959084e-06,0.42857142857142855,0.03736920777279522,0.3912022207986333
small_cluster,28,cluster_28,Prdx4,5.4285464,3.903797,5.6814802781995044e-08,1.6819848022157055e-06,1.0,0.2710014947683109,0.7289985052316891
small_cluster,28,cluster_28,Fam161b,5.4251094,4.3570895,5.791898738575665e-08,1.7115843461509815e-06,0.2857142857142857,0.0171898355754858,0.2685244501387999
small_cluster,28,cluster_28,Zfp956,5.4155774,3.8211792,6.109127749809185e-08,1.8020828097953316e-06,0.2857142857142857,0.017040358744394617,0.26867392696989106
small_cluster,28,cluster_28,Khdrbs3,5.4104576,4.1652417,6.286389528549778e-08,1.851042632993625e-06,0.2857142857142857,0.0171898355754858,0.2685244501387999
small_cluster,28,cluster_28,Rexo4,5.406605,2.9188726,6.423069991006266e-08,1.8878991204747988e-06,0.7142857142857143,0.09237668161434978,0.6219090326713645
small_cluster,28,cluster_28,1700019L03Rik,5.401839,4.073652,6.596120594154478e-08,1.931838819012993e-06,0.2857142857142857,0.0171898355754858,0.2685244501387999
small_cluster,28,cluster_28,Plb1,5.388683,4.389608,7.097600491669623e-08,2.075004379035178e-06,0.2857142857142857,0.01748878923766816,0.26822549647661753
small_cluster,28,cluster_28,Tusc1,5.3856096,3.890961,7.219956247592272e-08,2.1070196159565988e-06,0.42857142857142855,0.03811659192825112,0.3904548366431774
small_cluster,28,cluster_28,Med9os,5.376629,3.546846,7.58934353207374e-08,2.2069649515876137e-06,0.2857142857142857,0.017040358744394617,0.26867392696989106
small_cluster,28,cluster_28,Rfx2,5.3753724,3.3086536,7.64245604287516e-08,2.218476487773372e-06,0.42857142857142855,0.03662182361733931,0.39194960495408926
small_cluster,28,cluster_28,Kif3a,5.371257,3.6001055,7.818967804545381e-08,2.26570478732065e-06,0.5714285714285714,0.06636771300448431,0.5050608584240871
small_cluster,28,cluster_28,Trim28,5.355496,3.4140146,8.53220527252363e-08,2.4680193769781315e-06,1.0,0.23019431988041852,0.7698056801195815
small_cluster,28,cluster_28,Orc2,5.343052,3.4616728,9.139464048594408e-08,2.6390202440316352e-06,0.42857142857142855,0.037219730941704034,0.3913516976297245
small_cluster,28,cluster_28,Zfp292,5.3409977,3.5111644,9.243644333626684e-08,2.6644114361302506e-06,0.5714285714285714,0.06636771300448431,0.5050608584240871
small_cluster,28,cluster_28,Lztfl1,5.3337307,3.3195727,9.621524702787846e-08,2.768467134217956e-06,0.8571428571428571,0.1514200298953662,0.7057228272474909
small_cluster,28,cluster_28,Setdb1,5.33177,3.7464309,9.726004322314852e-08,2.7936286670803133e-06,0.42857142857142855,0.03841554559043348,0.3901558829809951
small_cluster,28,cluster_28,Pex11g,5.3045173,3.5765276,1.1297147113546848e-07,3.2392396819804517e-06,0.7142857142857143,0.11076233183856503,0.6035233824471493
small_cluster,28,cluster_28,Gm26717,5.2974625,4.2054543,1.1742297183898058e-07,3.349311584575862e-06,0.2857142857142857,0.017937219730941704,0.267777065983344
small_cluster,28,cluster_28,Exoc2,5.296348,3.411183,1.1814163189848306e-07,3.3639599041094114e-06,0.42857142857142855,0.03796711509715994,0.3906043134742686
small_cluster,28,cluster_28,Fam193b,5.272519,3.585444,1.3456389204237464e-07,3.818308639077831e-06,0.42857142857142855,0.039013452914798206,0.38955797565663036
small_cluster,28,cluster_28,Nudt5,5.270842,3.4450607,1.3579930022532073e-07,3.8467086752944475e-06,0.42857142857142855,0.038714499252615844,0.3898569293188127
small_cluster,28,cluster_28,Agr3,5.2636886,3.9740014,1.4119360541450437e-07,3.992614348971183e-06,0.2857142857142857,0.017937219730941704,0.267777065983344
small_cluster,28,cluster_28,Mphosph8,5.2580543,3.5291631,1.4558752580434947e-07,4.10977798746495e-06,1.0,0.23378176382660687,0.7662182361733931
small_cluster,28,cluster_28,Lclat1,5.256963,3.3968964,1.4645391444321256e-07,4.12713170237651e-06,0.42857142857142855,0.03841554559043348,0.3901558829809951
small_cluster,28,cluster_28,Rad54l2,5.252712,3.728217,1.498758620312377e-07,4.216319062048592e-06,0.2857142857142857,0.017937219730941704,0.267777065983344
small_cluster,28,cluster_28,Armc4,5.2511687,4.4397697,1.5113718070989416e-07,4.244522090450298e-06,0.2857142857142857,0.018236173393124066,0.26747811232116164
small_cluster,28,cluster_28,Arhgef39,5.2484903,3.7724876,1.5335082842054457e-07,4.299328097308293e-06,0.2857142857142857,0.017937219730941704,0.267777065983344
small_cluster,28,cluster_28,Ift122,5.237416,4.113897,1.628404419503419e-07,4.5575871816169925e-06,0.42857142857142855,0.04095665171898356,0.387614776852445
small_cluster,28,cluster_28,Arvcf,5.2312884,3.8261166,1.6833270489889785e-07,4.703278863793566e-06,0.2857142857142857,0.018086696562032885,0.2676275891522528
small_cluster,28,cluster_28,Arhgap39,5.219927,3.557298,1.7899360067521702e-07,4.975718719786838e-06,0.42857142857142855,0.03931240657698057,0.38925902199444795
small_cluster,28,cluster_28,Bahd1,5.204411,3.6093385,1.9461275856645891e-07,5.391628130487319e-06,0.42857142857142855,0.040209267563527655,0.3883621610079009
small_cluster,28,cluster_28,1110004E09Rik,5.2038407,4.252389,1.9521149576355765e-07,5.399095686371179e-06,1.0,0.35814648729446935,0.6418535127055307
small_cluster,28,cluster_28,Cfap36,5.1860023,4.460225,2.1485596723453462e-07,5.9125045614322185e-06,0.8571428571428571,0.21524663677130046,0.6418962203715566
small_cluster,28,cluster_28,Sqle,5.1826925,3.5090623,2.1870555799640504e-07,6.002699621736801e-06,0.5714285714285714,0.07159940209267564,0.4998291693358958
small_cluster,28,cluster_28,Ift27,5.182556,3.225854,2.1886557976944135e-07,6.002699621736801e-06,1.0,0.22899850523168908,0.7710014947683109
small_cluster,28,cluster_28,Kif19a,5.172864,3.8829572,2.3053303436315223e-07,6.301620494316766e-06,0.42857142857142855,0.04155455904334828,0.3870168695280803
small_cluster,28,cluster_28,Plet1,5.172957,3.4842753,2.3041802983605862e-07,6.301620494316766e-06,1.0,0.22750373692077727,0.7724962630792227
small_cluster,28,cluster_28,Cebpz,5.162806,3.0728197,2.4327488579267436e-07,6.6388542460659774e-06,0.7142857142857143,0.10463378176382661,0.6096519325218877
small_cluster,28,cluster_28,Eid2,5.1609626,4.6956735,2.4568326996253146e-07,6.6827998958525555e-06,0.2857142857142857,0.019282511210762333,0.26643177450352334
small_cluster,28,cluster_28,Nup133,5.1609497,4.15166,2.45700160795018e-07,6.6827998958525555e-06,0.2857142857142857,0.01883408071748879,0.26688020499679693
small_cluster,28,cluster_28,Mycbp,5.153254,3.650099,2.5600469133345573e-07,6.951544606887429e-06,0.8571428571428571,0.18490284005979074,0.6722400170830664
small_cluster,28,cluster_28,Gnl2,5.151665,3.2463639,2.581837272815569e-07,6.999126134123661e-06,0.8571428571428571,0.15366218236173393,0.7034806747811232
small_cluster,28,cluster_28,Rnf138,5.1434507,3.0506456,2.697376257663861e-07,7.300275247845706e-06,0.8571428571428571,0.14678624813153962,0.7103566090113175
small_cluster,28,cluster_28,Basp1,5.1410055,3.806504,2.7327189116678686e-07,7.383743471213297e-06,1.0,0.2677130044843049,0.7322869955156951
small_cluster,28,cluster_28,Rrp7a,5.131466,3.112833,2.8749409135480464e-07,7.755247684720643e-06,0.8571428571428571,0.15724962630792227,0.6998932308349348
small_cluster,28,cluster_28,1700029J07Rik,5.1275377,3.949208,2.935558565880456e-07,7.9057628963884e-06,0.42857142857142855,0.04170403587443946,0.3868673926969891
small_cluster,28,cluster_28,Tpgs2,5.11987,2.9764774,3.057461627677795e-07,8.193697411036523e-06,0.5714285714285714,0.06741405082212257,0.5040145206064488
small_cluster,28,cluster_28,Josd2,5.115431,3.3465729,3.1302577628113433e-07,8.375099113844836e-06,1.0,0.2795216741405082,0.7204783258594918
small_cluster,28,cluster_28,Memo1,5.105681,2.7261786,3.296050391181622e-07,8.804319619832212e-06,0.8571428571428571,0.13707025411061285,0.7200726030322442
small_cluster,28,cluster_28,Mblac1,5.094054,3.8236535,3.5048689340267323e-07,9.346887054792266e-06,0.2857142857142857,0.01898355754857997,0.26673072816570575
small_cluster,28,cluster_28,Mum1,5.0887256,3.5157158,3.604775375064555e-07,9.597714436109378e-06,0.5714285714285714,0.0726457399103139,0.49878283151825753
small_cluster,28,cluster_28,Cetn2,5.079531,3.6548846,3.783670699418012e-07,1.0041421220251588e-05,1.0,0.33064275037369206,0.6693572496263079
small_cluster,28,cluster_28,Nudcd3,5.079669,3.0175076,3.7809305196360106e-07,1.0041421220251588e-05,0.7142857142857143,0.10717488789237668,0.6071108263933376
small_cluster,28,cluster_28,Rangrf,5.071383,2.9003687,3.94935501368401e-07,1.0464195731733676e-05,0.5714285714285714,0.06801195814648729,0.5034166132820841
small_cluster,28,cluster_28,Hps6,5.0601215,3.9721248,4.189890895830545e-07,1.1083612997180123e-05,0.2857142857142857,0.01943198804185351,0.26628229767243217
small_cluster,28,cluster_28,Mfsd12,5.057224,4.0106797,4.2540362126118556e-07,1.1235176799202423e-05,0.2857142857142857,0.019581464872944692,0.266132820841341
small_cluster,28,cluster_28,1700026D08Rik,5.0531073,3.1242998,4.3467912651049525e-07,1.1461691887296837e-05,0.42857142857142855,0.04035874439461883,0.3882126841768097
small_cluster,28,cluster_28,Prom1,5.051255,3.4081602,4.389157621379585e-07,1.1554827311115019e-05,0.7142857142857143,0.11973094170403588,0.5945547725816784
small_cluster,28,cluster_28,Mapre3,5.0452332,3.408989,4.529679546799464e-07,1.188660387952928e-05,0.8571428571428571,0.1774289985052317,0.6797138586376255
small_cluster,28,cluster_28,Marcks,5.0382643,2.9054413,4.6977253496424535e-07,1.2268693226032784e-05,0.5714285714285714,0.06741405082212257,0.5040145206064488
small_cluster,28,cluster_28,Dcbld2,5.0370245,3.64271,4.7282433522174764e-07,1.2328762992006174e-05,0.2857142857142857,0.019282511210762333,0.26643177450352334
small_cluster,28,cluster_28,Katnb1,5.0367055,3.5841227,4.7361242664037705e-07,1.2329710173537817e-05,0.42857142857142855,0.04230194319880418,0.38626948537262434
small_cluster,28,cluster_28,Armc3,5.034939,3.793719,4.780014617280743e-07,1.242425035467852e-05,0.2857142857142857,0.01943198804185351,0.26628229767243217
small_cluster,28,cluster_28,Ccdc121,5.027744,3.3417914,4.96283716754078e-07,1.2858687580542864e-05,0.2857142857142857,0.019133034379671152,0.2665812513346145
small_cluster,28,cluster_28,Arl6,5.022508,3.309232,5.100103066158121e-07,1.3193500061208098e-05,0.8571428571428571,0.1726457399103139,0.6844971172325431
small_cluster,28,cluster_28,Psmc3ip,5.0200315,3.556592,5.166302377099558e-07,1.3343704769576355e-05,0.42857142857142855,0.04200298953662182,0.38656843903480675
small_cluster,28,cluster_28,Cisd3,5.0091205,3.6963515,5.467935187857458e-07,1.4100566826422981e-05,1.0,0.29775784753363227,0.7022421524663678
small_cluster,28,cluster_28,Dtymk,4.9936476,3.4715068,5.924944750908897e-07,1.5255105001515983e-05,1.0,0.3010463378176383,0.6989536621823618
small_cluster,28,cluster_28,Etaa1,4.988429,3.521969,6.087222155700076e-07,1.563196811258937e-05,0.2857142857142857,0.019581464872944692,0.266132820841341
small_cluster,28,cluster_28,Ddx6,4.9558244,2.9106352,7.20242280938182e-07,1.828590348245685e-05,0.8571428571428571,0.1600896860986547,0.6970531710442024
small_cluster,28,cluster_28,Gys1,4.954187,3.4930992,7.26334436864862e-07,1.8412072796013293e-05,0.42857142857142855,0.04349775784753363,0.3850736707238949
small_cluster,28,cluster_28,Mok,4.953385,3.271611,7.293359326876341e-07,1.8459627518533776e-05,0.5714285714285714,0.07428998505231689,0.4971385863762545
small_cluster,28,cluster_28,Cep97,4.9484515,3.9177382,7.480629131937442e-07,1.8904437348675806e-05,0.2857142857142857,0.020179372197309416,0.2655349135169763
small_cluster,28,cluster_28,Pacrg,4.9448233,3.0201302,7.621302884510032e-07,1.9230305939822928e-05,0.42857142857142855,0.04155455904334828,0.3870168695280803
small_cluster,28,cluster_28,C2cd3,4.938277,3.666234,7.881596872467833e-07,1.9856539217410896e-05,0.42857142857142855,0.04439461883408072,0.3841768097373478
small_cluster,28,cluster_28,Pi16,4.9277406,4.0099845,8.318603894294852e-07,2.092537154452912e-05,0.42857142857142855,0.04588938714499253,0.382682041426436
small_cluster,28,cluster_28,Ccdc181,4.9252405,3.5322695,8.42567103701936e-07,2.1162240532642345e-05,0.7142857142857143,0.12197309417040358,0.5923126201153107
small_cluster,28,cluster_28,Itsn1,4.9242682,4.1719556,8.467657140032405e-07,2.1235175038787686e-05,0.2857142857142857,0.02062780269058296,0.26508648302370275
small_cluster,28,cluster_28,Vpreb3,4.921787,3.3564196,8.575765547494108e-07,2.147345507548868e-05,0.8571428571428571,0.17548579970104633,0.6816570574418108
small_cluster,28,cluster_28,Raph1,4.9200144,3.1676068,8.653786483664624e-07,2.1635785383930412e-05,0.42857142857142855,0.04230194319880418,0.38626948537262434
small_cluster,28,cluster_28,Lsm11,4.9173417,3.5271823,8.772742022186832e-07,2.1899808509267313e-05,0.2857142857142857,0.020179372197309416,0.2655349135169763
small_cluster,28,cluster_28,Pik3ca,4.911482,3.279251,9.039070033214186e-07,2.253036285938387e-05,0.42857142857142855,0.043348281016442454,0.3852231475549861
small_cluster,28,cluster_28,Rsph3a,4.9061737,3.6161282,9.287018369920518e-07,2.3113260741284734e-05,0.2857142857142857,0.020179372197309416,0.2655349135169763
small_cluster,28,cluster_28,Dpcd,4.9051557,3.938654,9.335324671670835e-07,2.3198281809102025e-05,1.0,0.40971599402092673,0.5902840059790733
small_cluster,28,cluster_28,Ube2cbp,4.8926134,3.483603,9.95058304467384e-07,2.461531108834022e-05,0.2857142857142857,0.020179372197309416,0.2655349135169763
small_cluster,28,cluster_28,Trp53bp1,4.882516,3.298756,1.0474079031230443e-06,2.5841608150936086e-05,0.42857142857142855,0.04394618834080718,0.3846252402306214
small_cluster,28,cluster_28,Cd2bp2,4.8824453,3.2046928,1.0477818072295895e-06,2.5841608150936086e-05,0.5714285714285714,0.07653213751868461,0.4948964339098868
small_cluster,28,cluster_28,Zfp91,4.88038,3.9400878,1.0588157395787752e-06,2.6074529947194432e-05,0.7142857142857143,0.142152466367713,0.5721332479180012
small_cluster,28,cluster_28,Fam47e,4.8795223,2.5388541,1.0634317395193787e-06,2.614894146905147e-05,0.5714285714285714,0.06846038863976084,0.5029681827888106
small_cluster,28,cluster_28,Mrps17,4.8734255,3.5543013,1.0967968332101127e-06,2.6928989313591407e-05,1.0,0.3733931240657698,0.6266068759342303
small_cluster,28,cluster_28,Psip1,4.870348,3.4137897,1.1140187834039688e-06,2.7310944793136756e-05,0.7142857142857143,0.12406576980568013,0.5902199444800342
small_cluster,28,cluster_28,Asap2,4.8684645,3.527496,1.1246879346916954e-06,2.749032312500521e-05,0.2857142857142857,0.020328849028400597,0.2653854366858851
small_cluster,28,cluster_28,Hipk1,4.868651,2.944561,1.123626278365911e-06,2.749032312500521e-05,0.8571428571428571,0.16367713004484305,0.693465727098014
small_cluster,28,cluster_28,Pxk,4.8674917,3.0663586,1.1302343191129661e-06,2.758478135085083e-05,0.7142857142857143,0.1179372197309417,0.5963484945547726
small_cluster,28,cluster_28,Cnot6,4.864278,2.993933,1.1487544220955673e-06,2.799512819730966e-05,0.5714285714285714,0.07473841554559044,0.49669015588298093
small_cluster,28,cluster_28,Cep95,4.8615255,4.2463465,1.1648465469773976e-06,2.8345175396107266e-05,0.2857142857142857,0.021225710014947684,0.26448857569933804
small_cluster,28,cluster_28,Rpa3,4.8608665,2.7161,1.1687314520375516e-06,2.8397577103507976e-05,0.8571428571428571,0.1538116591928251,0.703331197950032
small_cluster,28,cluster_28,Ccdc77,4.8595595,3.7868564,1.1764731414476482e-06,2.8543396439175854e-05,0.2857142857142857,0.02077727952167414,0.26493700619261157
small_cluster,28,cluster_28,Bap1,4.8550963,3.5820453,1.203283407292407e-06,2.915074027031428e-05,0.42857142857142855,0.04544095665171898,0.38313047191970956
small_cluster,28,cluster_28,Cnnm2,4.8461885,3.7078962,1.2585602126691041e-06,3.0444905675495542e-05,0.2857142857142857,0.02077727952167414,0.26493700619261157
small_cluster,28,cluster_28,Timm23,4.835268,3.1045582,1.329662061695595e-06,3.207027569686684e-05,0.42857142857142855,0.044095665171898356,0.3844757633995302
small_cluster,28,cluster_28,Nudc,4.831159,4.608736,1.3574062574978386e-06,3.269136568167702e-05,1.0,0.5143497757847534,0.4856502242152466
small_cluster,28,cluster_28,Mrpl40,4.814902,2.9243119,1.472721271457568e-06,3.5107705774964494e-05,1.0,0.2759342301943199,0.72406576980568
small_cluster,28,cluster_28,5930430L01Rik,4.806415,4.2032614,1.536608756125045e-06,3.657753295966163e-05,0.2857142857142857,0.021524663677130046,0.2641896220371557
small_cluster,28,cluster_28,Igsf8,4.7944975,3.2711596,1.6308294804097642e-06,3.8764107693044265e-05,0.7142857142857143,0.1272047832585949,0.5870809310271194
small_cluster,28,cluster_28,Cep104,4.7854676,3.3101134,1.7058956684434554e-06,4.048971759499437e-05,0.42857142857142855,0.04544095665171898,0.38313047191970956
small_cluster,28,cluster_28,Znhit2,4.7836075,3.0047495,1.7217693794591217e-06,4.0807427156804995e-05,0.8571428571428571,0.1780269058295964,0.6791159513132607
small_cluster,28,cluster_28,U2af1l4,4.767346,3.5612721,1.866687091350564e-06,4.411460372513055e-05,0.5714285714285714,0.08460388639760837,0.48682468503096304
small_cluster,28,cluster_28,Mak,4.760143,3.5793014,1.9345609204064176e-06,4.552185603383882e-05,0.2857142857142857,0.021375186846038865,0.26433909886824686
small_cluster,28,cluster_28,H1fx,4.7602077,3.1844232,1.933939790965872e-06,4.552185603383882e-05,0.42857142857142855,0.04499252615844544,0.3835789024129831
small_cluster,28,cluster_28,Trp53bp2,4.7554107,3.0652866,1.9804361982326934e-06,4.6534576056181094e-05,0.7142857142857143,0.1218236173393124,0.5924620969464018
small_cluster,28,cluster_28,Tacc3,4.748505,3.4760845,2.049256237737578e-06,4.794557996452784e-05,0.2857142857142857,0.021375186846038865,0.26433909886824686
small_cluster,28,cluster_28,Mapkbp1,4.7408648,3.964716,2.128082036189777e-06,4.9718908084826966e-05,0.2857142857142857,0.02197309417040359,0.2637411915438821
small_cluster,28,cluster_28,Med31,4.738944,3.5975146,2.1483501570456195e-06,5.012103972362049e-05,0.8571428571428571,0.2533632286995516,0.6037796284433055
small_cluster,28,cluster_28,Utp23,4.725043,3.309129,2.3006706254740694e-06,5.3598435977841215e-05,0.42857142857142855,0.04663677130044843,0.38193465727098014
small_cluster,28,cluster_28,Saxo2,4.711521,3.0189884,2.458743584303505e-06,5.719979223569048e-05,0.42857142857142855,0.04544095665171898,0.38313047191970956
small_cluster,28,cluster_28,Lgals3bp,4.710237,3.4016635,2.4742909334212013e-06,5.747995127342935e-05,1.0,0.323168908819133,0.676831091180867
small_cluster,28,cluster_28,Calm3,4.7092915,3.6073885,2.4857938232723687e-06,5.766549433591247e-05,1.0,0.3279521674140508,0.6720478325859491
small_cluster,28,cluster_28,Tchp,4.7084894,3.625,2.495590861216922e-06,5.7810996772342844e-05,0.2857142857142857,0.021823617339312408,0.26389066837497327
small_cluster,28,cluster_28,Mipep,4.706514,3.2778585,2.5198908422116746e-06,5.829157927096428e-05,0.5714285714285714,0.08071748878923767,0.4907110826393337
small_cluster,28,cluster_28,Hltf,4.7054305,3.4257164,2.5333079166738e-06,5.841835175723601e-05,0.42857142857142855,0.047683109118086695,0.38088831945334184
small_cluster,28,cluster_28,Sccpdh,4.704995,3.1734996,2.5387211586203083e-06,5.841835175723601e-05,0.5714285714285714,0.08101644245142003,0.49041212897715136
small_cluster,28,cluster_28,Atp5sl,4.704923,2.911743,2.5396186087988096e-06,5.841835175723601e-05,0.5714285714285714,0.07802690582959641,0.49340166559897497
small_cluster,28,cluster_28,Akt2,4.7020187,3.2116404,2.5760182173429436e-06,5.917265375720115e-05,0.5714285714285714,0.08221225710014948,0.48921631432842194
small_cluster,28,cluster_28,Magi1,4.699523,3.5985613,2.6076971532202495e-06,5.981656085309834e-05,0.2857142857142857,0.02197309417040359,0.2637411915438821
small_cluster,28,cluster_28,Ifnlr1,4.6933985,3.520917,2.68703397414822e-06,6.146449680614358e-05,0.2857142857142857,0.02197309417040359,0.2637411915438821
small_cluster,28,cluster_28,Ankrd39,4.6918263,2.9181523,2.707771722005147e-06,6.185259611783622e-05,0.42857142857142855,0.045291479820627804,0.38327994875080074
small_cluster,28,cluster_28,Dxo,4.6899986,3.6807647,2.732068765521796e-06,6.229658179187054e-05,0.7142857142857143,0.15097159940209268,0.5633141148836216
small_cluster,28,cluster_28,Cdkn1a,4.6886888,3.863966,2.7496090859222894e-06,6.25469328962711e-05,1.0,0.5263079222720478,0.4736920777279522
small_cluster,28,cluster_28,2610015P09Rik,4.679845,3.1351275,2.870923941637127e-06,6.521609912297856e-05,0.5714285714285714,0.08161434977578476,0.48981422165278665
small_cluster,28,cluster_28,Pacrgl,4.6730566,2.867541,2.967501963770414e-06,6.731673541880852e-05,0.5714285714285714,0.07802690582959641,0.49340166559897497
small_cluster,28,cluster_28,Opa3,4.6622043,3.0983157,3.128404533337609e-06,7.086873308186481e-05,0.5714285714285714,0.08176382660687594,0.4896647448216955
small_cluster,28,cluster_28,Cenpa,4.6524177,2.72913,3.2806541708531483e-06,7.411296013245521e-05,0.2857142857142857,0.021823617339312408,0.26389066837497327
small_cluster,28,cluster_28,Ncoa5,4.64398,3.7472358,3.4176059596490435e-06,7.699471887940104e-05,0.42857142857142855,0.050672645739910316,0.37789878283151823
small_cluster,28,cluster_28,Mllt10,4.6427603,2.9653115,3.437848558356097e-06,7.734451880054642e-05,0.8571428571428571,0.19028400597907325,0.6668588511637839
small_cluster,28,cluster_28,Paxip1,4.63846,3.676503,3.5101429535301036e-06,7.886281449431128e-05,0.42857142857142855,0.04902840059790733,0.37954302797352124
small_cluster,28,cluster_28,Ccnc,4.6297665,3.183074,3.6607814530247077e-06,8.191060929203032e-05,0.5714285714285714,0.08266068759342302,0.48876788383514835
small_cluster,28,cluster_28,Dot1l,4.628467,3.2245524,3.683824876843876e-06,8.231391254103053e-05,0.42857142857142855,0.04798206278026906,0.3805893657911595
small_cluster,28,cluster_28,Cep19,4.6257586,3.276952,3.7322943523980666e-06,8.328348254922543e-05,0.5714285714285714,0.08445440956651719,0.4869741618620542
small_cluster,28,cluster_28,Ppp5c,4.622041,2.9751823,3.7998223183819004e-06,8.467511663557275e-05,1.0,0.28176382660687593,0.7182361733931241
small_cluster,28,cluster_28,Cspp1,4.617598,3.2754543,3.88207071944825e-06,8.639055884622897e-05,0.5714285714285714,0.08654708520179372,0.4848814862267777
small_cluster,28,cluster_28,Miip,4.6154723,3.1446583,3.922025837770045e-06,8.716144412637739e-05,0.42857142857142855,0.04828101644245142,0.38029041212897713
small_cluster,28,cluster_28,Wdpcp,4.614134,3.0706193,3.947381435077684e-06,8.760622857470784e-05,0.5714285714285714,0.08310911808669656,0.4883194533418748
small_cluster,28,cluster_28,Dpy30,4.613011,3.5106564,3.968777966084532e-06,8.79620640834492e-05,1.0,0.5040358744394619,0.49596412556053815
small_cluster,28,cluster_28,Slc25a14,4.6126614,3.2895865,3.975453563642144e-06,8.799111187219271e-05,0.42857142857142855,0.048729446935724965,0.3798419816357036
small_cluster,28,cluster_28,Nme7,4.611408,3.5272737,3.9995054679480256e-06,8.840416331511533e-05,0.5714285714285714,0.09028400597907324,0.48114456544949813
small_cluster,28,cluster_28,Tmem123,4.6110625,2.5280735,4.00615855459663e-06,8.843204098780528e-05,1.0,0.21614349775784752,0.7838565022421524
small_cluster,28,cluster_28,D930016D06Rik,4.600972,4.167864,4.205233529039412e-06,9.270166009378414e-05,0.2857142857142857,0.023467862481315396,0.2622464232329703
small_cluster,28,cluster_28,Mcat,4.599468,3.0668435,4.2357116693009904e-06,9.324819743383294e-05,0.5714285714285714,0.08445440956651719,0.4869741618620542
small_cluster,28,cluster_28,Spata7,4.593423,3.7553902,4.36034638175147e-06,9.573499465476018e-05,0.2857142857142857,0.023019431988041853,0.26269485372624385
small_cluster,28,cluster_28,BC005624,4.591637,2.8445542,4.397822257361632e-06,9.642872037832637e-05,1.0,0.2765321375186846,0.7234678624813153
small_cluster,28,cluster_28,Gemin6,4.5875463,3.0407257,4.484862218051268e-06,9.794437448503175e-05,0.42857142857142855,0.04813153961136024,0.3804398889600683
small_cluster,28,cluster_28,Spc25,4.573128,3.8923864,4.804957671395821e-06,0.00010465618959968508,0.2857142857142857,0.023318385650224215,0.2623959000640615
small_cluster,28,cluster_28,Fbln1,4.572072,3.5619872,4.829245526121202e-06,0.00010504569744550908,0.42857142857142855,0.050373692077727954,0.3781977364937006
small_cluster,28,cluster_28,Dlec1,4.569725,3.3637755,4.883648902019794e-06,0.00010608837833381011,0.2857142857142857,0.02272047832585949,0.2629938073884262
small_cluster,28,cluster_28,Spata33,4.5688906,4.628059,4.903122826226811e-06,0.00010623000987179119,0.2857142857142857,0.0242152466367713,0.2614990390775144
small_cluster,28,cluster_28,Ccar1,4.5690584,3.0038335,4.899204404417216e-06,0.00010623000987179119,0.7142857142857143,0.13243647234678624,0.5818492419389281
small_cluster,28,cluster_28,Dnajc15,4.5611634,4.0268793,5.087097759108037e-06,0.00010972374823094388,0.8571428571428571,0.27384155455904335,0.5833013025838137
small_cluster,28,cluster_28,Nars,4.5609965,2.8874273,5.0911391015028535e-06,0.00010972374823094388,1.0,0.2914798206278027,0.7085201793721974
small_cluster,28,cluster_28,Drc7,4.5606847,3.246808,5.0987050358084656e-06,0.00010974260012112157,0.2857142857142857,0.02272047832585949,0.2629938073884262
small_cluster,28,cluster_28,Lars,4.5587234,2.8843508,5.146549558689631e-06,0.00011062720748632849,0.5714285714285714,0.08310911808669656,0.4883194533418748
small_cluster,28,cluster_28,Rnf19a,4.552301,3.0460865,5.306237833092273e-06,0.00011391047997453714,0.42857142857142855,0.04887892376681614,0.3796925048046124
small_cluster,28,cluster_28,Tuba1b,4.5510273,3.9388046,5.3384673254467054e-06,0.00011445255242438095,1.0,0.7880418535127055,0.2119581464872945
small_cluster,28,cluster_28,Tuba1a,4.5493956,4.733151,5.380018383471648e-06,0.00011519279570146017,1.0,0.4521674140508221,0.5478325859491779
small_cluster,28,cluster_28,Rsph14,4.5463715,3.0246038,5.457866020123851e-06,0.00011670724979928459,0.2857142857142857,0.02272047832585949,0.2629938073884262
small_cluster,28,cluster_28,Abhd14a,4.543199,3.159556,5.540683249239893e-06,0.000118323887982791,0.8571428571428571,0.19506726457399104,0.6620755925688661
small_cluster,28,cluster_28,Neo1,4.538652,2.7470214,5.66150160467918e-06,0.0001207467982033072,0.5714285714285714,0.08221225710014948,0.48921631432842194
small_cluster,28,cluster_28,Nat9,4.5365133,3.101851,5.7191924225901084e-06,0.00012181879860116932,0.8571428571428571,0.20672645739910314,0.650416399743754
small_cluster,28,cluster_28,Ttc29,4.5344424,3.5994706,5.775588683771895e-06,0.00012270133420018504,0.2857142857142857,0.023318385650224215,0.2623959000640615
small_cluster,28,cluster_28,Zfp113,4.5279956,3.2305884,5.954582838819511e-06,0.0001260873510773596,0.2857142857142857,0.023168908819133034,0.26254537689515267
small_cluster,28,cluster_28,1700007G11Rik,4.527873,2.8045847,5.958032869029552e-06,0.0001260873510773596,0.42857142857142855,0.04828101644245142,0.38029041212897713
small_cluster,28,cluster_28,Elof1,4.5259604,4.4626727,6.012178416856711e-06,0.00012706925027689038,1.0,0.5648729446935725,0.4351270553064275
small_cluster,28,cluster_28,Pex3,4.5190225,2.805937,6.212582073394207e-06,0.00013113585403569934,0.5714285714285714,0.08295964125560538,0.488468930172966
small_cluster,28,cluster_28,Tacc2,4.518038,2.5803618,6.241539167263388e-06,0.00013157774277928897,0.7142857142857143,0.12152466367713005,0.5927610506085843
small_cluster,28,cluster_28,1110032A03Rik,4.515425,3.2348468,6.318988810737646e-06,0.00013303945505122996,0.8571428571428571,0.2195814648729447,0.6375613922699124
small_cluster,28,cluster_28,Kif23,4.507386,3.6532037,6.563111020099908e-06,0.00013764908419521557,0.2857142857142857,0.02376681614349776,0.26194746957078796
small_cluster,28,cluster_28,Adcy6,4.5044465,3.0431423,6.6546222637451795e-06,0.00013939011462028695,0.42857142857142855,0.05007473841554559,0.37849669015588294
small_cluster,28,cluster_28,Coq4,4.4947844,2.8030212,6.964045525831944e-06,0.00014549975881422895,0.7142857142857143,0.12974588938714499,0.5845398248985694
small_cluster,28,cluster_28,Arfip1,4.4905977,2.9000754,7.102362212875965e-06,0.00014820081762516375,0.5714285714285714,0.08490284005979074,0.48652573136878063
small_cluster,28,cluster_28,Prrc2a,4.4886403,2.7083244,7.167924431684878e-06,0.0001493788165235879,0.8571428571428571,0.18056801195814648,0.6765748451847107
small_cluster,28,cluster_28,Spns1,4.4849544,3.1807835,7.292953791769426e-06,0.0001517619516408868,0.7142857142857143,0.13692077727952168,0.5773649370061926
small_cluster,28,cluster_28,Nucb2,4.4847255,2.8621376,7.300785308497024e-06,0.0001517619516408868,0.7142857142857143,0.13467862481315396,0.5796070894725603
small_cluster,28,cluster_28,Zfp652,4.4823174,3.4349976,7.383672540998934e-06,0.00015329064980370067,0.5714285714285714,0.09581464872944694,0.47561392269912445
small_cluster,28,cluster_28,Anapc5,4.4788895,2.9499116,7.503232379316362e-06,0.00015557587136936493,1.0,0.31031390134529147,0.6896860986547085
small_cluster,28,cluster_28,Swt1,4.4759116,2.771136,7.608604203720226e-06,0.0001573628216207004,0.7142857142857143,0.12914798206278028,0.5851377322229341
small_cluster,28,cluster_28,Kpna6,4.4718204,3.6536658,7.75565461259353e-06,0.0001602021301021996,0.42857142857142855,0.05411061285500748,0.3744608157164211
small_cluster,28,cluster_28,Kdm5c,4.4690533,3.425866,7.856662812756583e-06,0.00016208443621637826,0.42857142857142855,0.052765321375186844,0.3758061071962417
small_cluster,28,cluster_28,Slc2a12,4.4683166,3.3072789,7.88375873952503e-06,0.00016243910438059047,0.2857142857142857,0.02376681614349776,0.26194746957078796
small_cluster,28,cluster_28,Pole3,4.4674892,2.7512834,7.914290568639405e-06,0.0001628635879752257,0.8571428571428571,0.19177877428998505,0.6653640828528721
small_cluster,28,cluster_28,Adi1,4.4538937,2.915478,8.432690047976077e-06,0.00017309705816878052,0.5714285714285714,0.08774289985052316,0.4836856715780482
small_cluster,28,cluster_28,Dnph1,4.4455423,3.0852623,8.7670507190042e-06,0.00017951110966590248,0.42857142857142855,0.05082212257100149,0.37774930600042705
small_cluster,28,cluster_28,Ccdc134,4.43416,3.2990046,9.243193403908648e-06,0.000188789059797641,0.2857142857142857,0.02406576980568012,0.2616485159086056
small_cluster,28,cluster_28,Gon4l,4.430134,3.381113,9.417458561871416e-06,0.00019210912670802622,0.42857142857142855,0.053064275037369206,0.37550715353405933
small_cluster,28,cluster_28,AU019823,4.4291053,3.460061,9.462484147385067e-06,0.00019278782919411488,0.42857142857142855,0.053811659192825115,0.37475976937860345
small_cluster,28,cluster_28,Dync2li1,4.4280906,2.8669891,9.507104726826482e-06,0.0001934566062340957,0.8571428571428571,0.2007473841554559,0.6563954729874012
small_cluster,28,cluster_28,4921524J17Rik,4.4273376,3.0206985,9.540336736045506e-06,0.00019389227113740068,0.7142857142857143,0.14020926756352764,0.5740764467221866
small_cluster,28,cluster_28,Cramp1l,4.4260845,2.8914013,9.595893030251483e-06,0.00019478000196677549,0.42857142857142855,0.05082212257100149,0.37774930600042705
small_cluster,28,cluster_28,Swi5,4.4111304,3.3068364,1.0283232765906025e-05,0.00020847379554218135,1.0,0.7828101644245142,0.21718983557548577
small_cluster,28,cluster_28,Cnnm4,4.4056826,3.3157992,1.0545119522251769e-05,0.00021299323310893013,0.2857142857142857,0.024364723467862483,0.2613495622464232
small_cluster,28,cluster_28,Vwa9,4.4013276,2.9843857,1.0759048496930963e-05,0.0002170469303790464,0.42857142857142855,0.05142002989536622,0.37715139867606234
small_cluster,28,cluster_28,Dnah7a,4.400157,3.5838327,1.0817264355745068e-05,0.00021795325884345807,0.2857142857142857,0.02466367713004484,0.26105060858424084
small_cluster,28,cluster_28,Lpgat1,4.396305,2.9580061,1.101091827728776e-05,0.0002215829087923884,0.7142857142857143,0.14618834080717488,0.5680973734785394
small_cluster,28,cluster_28,Ccdc58,4.3922744,2.746886,1.1217091764233032e-05,0.0002254552965994926,0.7142857142857143,0.13423019431988042,0.5800555199658339
small_cluster,28,cluster_28,Dnah12,4.387548,4.3404784,1.1463571478149976e-05,0.00023012733881657007,0.2857142857142857,0.02600896860986547,0.25970531710442024
small_cluster,28,cluster_28,Gmpr2,4.386058,3.131326,1.1542331962923424e-05,0.0002314251668996419,0.5714285714285714,0.09312406576980568,0.4783045056587657
small_cluster,28,cluster_28,Rhobtb2,4.3856745,3.3855922,1.1562700072667075e-05,0.00023155048094238427,0.2857142857142857,0.02466367713004484,0.26105060858424084
small_cluster,28,cluster_28,Chadl,4.384115,3.924796,1.164580505058337e-05,0.00023293030321294857,0.2857142857142857,0.025411061285500747,0.26030322442878495
small_cluster,28,cluster_28,Smarca5,4.3820076,2.8983064,1.1759082409838048e-05,0.0002349095135246697,0.7142857142857143,0.1352765321375187,0.5790091821481956
small_cluster,28,cluster_28,Rexo2,4.3803463,3.0330842,1.1849094116355915e-05,0.00023641969902962696,1.0,0.6579970104633782,0.3420029895366218
small_cluster,28,cluster_28,Bok,4.377406,3.58949,1.2010018625168851e-05,0.00023933938696402713,0.7142857142857143,0.1757847533632287,0.5385009609224856
small_cluster,28,cluster_28,Rbm24,4.3696823,3.3712363,1.2442739776105378e-05,0.00024766186294648585,0.2857142857142857,0.024813153961136022,0.26090113175314966
small_cluster,28,cluster_28,Prr14l,4.369264,3.8682058,1.2466592780118247e-05,0.0002478358644687507,0.2857142857142857,0.025560538116591928,0.2601537475976938
small_cluster,28,cluster_28,Casc4,4.3676996,3.0914764,1.2556195027592616e-05,0.0002493149572004195,0.42857142857142855,0.052615844544095666,0.37595558402733287
small_cluster,28,cluster_28,Rnf166,4.366214,2.6193151,1.2641880448764278e-05,0.0002507049681161163,0.7142857142857143,0.12929745889387145,0.5849882553918428
small_cluster,28,cluster_28,0610010F05Rik,4.364129,3.8058686,1.2763015454726508e-05,0.0002525044830795772,0.2857142857142857,0.025411061285500747,0.26030322442878495
small_cluster,28,cluster_28,Dmap1,4.352066,2.6671855,1.348605232482278e-05,0.00026648764358966077,0.5714285714285714,0.08744394618834081,0.48398462524023056
small_cluster,28,cluster_28,Slbp,4.350422,2.8829749,1.3587579041913233e-05,0.00026817073870808535,0.5714285714285714,0.09028400597907324,0.48114456544949813
small_cluster,28,cluster_28,Eif2b2,4.3456626,2.954959,1.3885580741109936e-05,0.000273066438531108,0.8571428571428571,0.2219730941704036,0.6351697629724535
small_cluster,28,cluster_28,Mettl20,4.3457165,2.678566,1.3882180196814381e-05,0.000273066438531108,0.7142857142857143,0.1349775784753363,0.579308135810378
small_cluster,28,cluster_28,Traf5,4.3441715,4.0720606,1.3980216155293895e-05,0.0002744758406505712,0.2857142857142857,0.02585949177877429,0.2598547939355114
small_cluster,28,cluster_28,Zfp282,4.3437443,3.3389957,1.4007455559083478e-05,0.0002744758406505712,0.2857142857142857,0.024962630792227204,0.2607516549220585
small_cluster,28,cluster_28,Tex2,4.338511,4.099186,1.43451439828067e-05,0.0002807574062792514,0.2857142857142857,0.026158445440956652,0.25955584027332906
small_cluster,28,cluster_28,Nelfcd,4.3367906,2.8305824,1.445782142630826e-05,0.0002826254221846028,0.5714285714285714,0.09043348281016443,0.48099508861840695
small_cluster,28,cluster_28,Ndufaf3,4.3348823,3.9994903,1.4583822692947332e-05,0.00028474913807979667,0.8571428571428571,0.30612855007473844,0.5510143070681186
small_cluster,28,cluster_28,Med8,4.332539,2.704195,1.4739956680384943e-05,0.0002874554453210386,0.8571428571428571,0.20508221225710016,0.6520606448857569
small_cluster,28,cluster_28,BC022687,4.3312554,2.9174316,1.4826169015814582e-05,0.0002887933468270486,0.5714285714285714,0.09088191330343796,0.4805466581251334
small_cluster,28,cluster_28,Gar1,4.3282375,3.0481079,1.5030736949303614e-05,0.0002924307434229283,0.8571428571428571,0.21913303437967116,0.638009822763186
small_cluster,28,cluster_28,Lrrc36,4.326557,3.653194,1.5145795196817409e-05,0.00029362433454255596,0.2857142857142857,0.025560538116591928,0.2601537475976938
small_cluster,28,cluster_28,E430025E21Rik,4.326792,3.3534102,1.5129676156832595e-05,0.00029362433454255596,0.2857142857142857,0.025261584454409566,0.26045270125987613
small_cluster,28,cluster_28,Rtca,4.326721,2.7076302,1.513452636052725e-05,0.00029362433454255596,0.7142857142857143,0.13632286995515694,0.5779628443305573
small_cluster,28,cluster_28,Lrrc49,4.324456,3.2425442,1.5290869217089867e-05,0.00029573767220458834,0.2857142857142857,0.025112107623318385,0.2606021780909673
small_cluster,28,cluster_28,Ttc5,4.32449,2.9748995,1.5288503860869538e-05,0.00029573767220458834,0.7142857142857143,0.14499252615844543,0.5692931881272689
small_cluster,28,cluster_28,Cep57,4.32108,3.2447674,1.552673110692871e-05,0.00029959284339380916,0.5714285714285714,0.09775784753363229,0.47367072389493914
small_cluster,28,cluster_28,Sdhaf4,4.3212037,2.744475,1.5518017148515402e-05,0.00029959284339380916,0.8571428571428571,0.2079222720478326,0.6492205850950246
small_cluster,28,cluster_28,Zfp191,4.316229,3.266316,1.587174404472052e-05,0.00030589009879842686,0.42857142857142855,0.05485799701046338,0.37371343156096515
small_cluster,28,cluster_28,Ino80b,4.308935,2.8851783,1.6404247916908086e-05,0.0003146737661815316,0.8571428571428571,0.22765321375186845,0.6294896433909887
small_cluster,28,cluster_28,Rbm12,4.304492,3.4179323,1.673692794933347e-05,0.0003206803216086662,0.2857142857142857,0.025560538116591928,0.2601537475976938
small_cluster,28,cluster_28,Mettl6,4.299061,3.8356352,1.715234576044076e-05,0.00032798191236469706,0.42857142857142855,0.057698056801195816,0.3708733717702327
small_cluster,28,cluster_28,Gm867,4.298462,2.4311354,1.719873734631886e-05,0.0003283777546181323,0.42857142857142855,0.05142002989536622,0.37715139867606234
small_cluster,28,cluster_28,Natd1,4.2932096,3.5332222,1.7610869305940203e-05,0.0003354655836082756,0.2857142857142857,0.02585949177877429,0.2598547939355114
small_cluster,28,cluster_28,Fam179b,4.2925014,3.5262077,1.766712097953457e-05,0.0003361466951106108,0.2857142857142857,0.02585949177877429,0.2598547939355114
small_cluster,28,cluster_28,Scrib,4.287039,2.7811954,1.8107067775360256e-05,0.0003432747400647478,0.5714285714285714,0.09088191330343796,0.4805466581251334
small_cluster,28,cluster_28,Odf3b,4.285924,2.8351455,1.8198115973444143e-05,0.00034425294126927034,0.42857142857142855,0.052765321375186844,0.3758061071962417
small_cluster,28,cluster_28,2610028H24Rik,4.2831297,3.1692848,1.8428269181277885e-05,0.0003478044221428522,0.42857142857142855,0.05485799701046338,0.37371343156096515
small_cluster,28,cluster_28,Dusp14,4.283303,2.9860826,1.8413926230905546e-05,0.0003478044221428522,0.8571428571428571,0.24245142002989536,0.6146914371129617
small_cluster,28,cluster_28,Eif4g3,4.274028,2.7536192,1.9197313084116242e-05,0.0003614869482119294,0.7142857142857143,0.14379671150971599,0.5704890027759983
small_cluster,28,cluster_28,Kif9,4.267316,3.6820738,1.9783913847707868e-05,0.0003721054713489183,0.2857142857142857,0.026307922272047833,0.2594063634422379
small_cluster,28,cluster_28,Nrtn,4.2625604,2.6870744,2.0209796062580952e-05,0.00037968025798670125,0.5714285714285714,0.09103139013452914,0.48039718129404224
small_cluster,28,cluster_28,Ccdc180,4.2610736,3.1704476,2.0344732852322407e-05,0.00038177799028711644,0.2857142857142857,0.025560538116591928,0.2601537475976938
small_cluster,28,cluster_28,Aes,4.2594004,2.6189442,2.0497600149569022e-05,0.0003842070172035217,1.0,0.7342301943198805,0.26576980568011954
small_cluster,28,cluster_28,Snrnp25,4.2544103,3.7900648,2.0960055695760184e-05,0.00039242679619424977,0.5714285714285714,0.10657698056801196,0.46485159086055944
small_cluster,28,cluster_28,Peli2,4.2527313,3.3750646,2.1117909836957434e-05,0.00039493140163733055,0.2857142857142857,0.02600896860986547,0.25970531710442024
small_cluster,28,cluster_28,Glis3,4.250906,3.1253946,2.129077067557688e-05,0.00039771062625300276,0.2857142857142857,0.02571001494768311,0.2600042707666026
small_cluster,28,cluster_28,Kcnmb2,4.2489734,3.0668814,2.1475259957973232e-05,0.0004002451574667261,0.2857142857142857,0.025560538116591928,0.2601537475976938
small_cluster,28,cluster_28,Trip4,4.2485814,3.5591202,2.1512849332870632e-05,0.00040049062645676644,0.42857142857142855,0.05949177877428999,0.3690796497971386
small_cluster,28,cluster_28,Eftud1,4.246556,2.8858962,2.170816454661156e-05,0.00040366848835484824,0.42857142857142855,0.05440956651718983,0.37416186205423874
small_cluster,28,cluster_28,Mphosph6,4.245463,2.5091538,2.181424616313635e-05,0.00040518171157599014,0.7142857142857143,0.13378176382660686,0.5805039504591074
small_cluster,28,cluster_28,B230118H07Rik,4.243859,2.8835196,2.1970861037955275e-05,0.0004072151761911476,0.7142857142857143,0.15306427503736922,0.5612214392483451
small_cluster,28,cluster_28,Cib1,4.2432055,2.742732,2.2034940289092356e-05,0.00040743523752131196,1.0,0.6158445440956651,0.38415545590433486
small_cluster,28,cluster_28,AU022754,4.2420483,3.5167558,2.2148896879088184e-05,0.00040816186259991607,0.2857142857142857,0.026457399103139014,0.2592568866111467
small_cluster,28,cluster_28,Ttc12,4.242247,3.2602396,2.2129263247896817e-05,0.00040816186259991607,0.2857142857142857,0.02585949177877429,0.2598547939355114
small_cluster,28,cluster_28,Ift80,4.242247,3.146292,2.2129263302625015e-05,0.00040816186259991607,0.2857142857142857,0.02585949177877429,0.2598547939355114
small_cluster,28,cluster_28,Nav2,4.2382784,3.211905,2.2524020730107958e-05,0.00041440811133994107,0.42857142857142855,0.05680119581464873,0.37177023275677984
small_cluster,28,cluster_28,Zfp653,4.237558,3.8762214,2.259643591161877e-05,0.0004150102411942435,0.2857142857142857,0.02705530642750374,0.25865897928678194
small_cluster,28,cluster_28,Agpat4,4.227294,3.3382647,2.365185403062576e-05,0.00043293979682621994,0.2857142857142857,0.026158445440956652,0.25955584027332906
small_cluster,28,cluster_28,Tanc2,4.217328,2.956092,2.4721398483186653e-05,0.00045100740436345305,0.7142857142857143,0.15665171898355754,0.5576339953021567
small_cluster,28,cluster_28,Srd5a3,4.207898,2.5948136,2.5775678283209306e-05,0.0004697187772476843,0.7142857142857143,0.14080717488789238,0.5734785393978219
small_cluster,28,cluster_28,Ube2s,4.204138,3.171833,2.6207929233406467e-05,0.00047706575733307374,0.2857142857142857,0.026307922272047833,0.2594063634422379
small_cluster,28,cluster_28,Lbr,4.202382,2.7932124,2.6412111027202606e-05,0.00047971764447081943,0.5714285714285714,0.09446935724962631,0.4769592141789451
small_cluster,28,cluster_28,Rpp38,4.199043,3.0650406,2.680454511482954e-05,0.0004863067969339815,0.42857142857142855,0.05650224215246637,0.3720691864189622
small_cluster,28,cluster_28,Psmd9,4.194417,2.9509497,2.7357405828342766e-05,0.000495788743636077,0.8571428571428571,0.24663677130044842,0.6105060858424087
small_cluster,28,cluster_28,Pkig,4.181939,3.329352,2.890333308493748e-05,0.0005226500175590514,0.8571428571428571,0.2804185351270553,0.5767243220158018
small_cluster,28,cluster_28,Homez,4.1814585,3.486913,2.896449605758861e-05,0.0005231791848463775,0.2857142857142857,0.02705530642750374,0.25865897928678194
small_cluster,28,cluster_28,Zfp688,4.1798677,2.7772684,2.9167873720543673e-05,0.00052627315389509,0.42857142857142855,0.0554559043348281,0.37311552423660044
small_cluster,28,cluster_28,Scoc,4.178452,2.4959328,2.9350003653729038e-05,0.0005289773735437472,0.5714285714285714,0.08968609865470852,0.4817424727738629
small_cluster,28,cluster_28,Bphl,4.1745296,3.1179307,2.9860244936540955e-05,0.000536993286408123,1.0,0.4846038863976084,0.5153961136023917
small_cluster,28,cluster_28,Tefm,4.17154,3.1780074,3.0254802959457278e-05,0.0005423049435388621,0.42857142857142855,0.058146487294469355,0.3704249412769592
small_cluster,28,cluster_28,Psmg3,4.171695,2.261027,3.023419448096565e-05,0.0005423049435388621,0.8571428571428571,0.17922272047832585,0.6779201366645312
small_cluster,28,cluster_28,Mlst8,4.171138,3.109213,3.030822971926501e-05,0.0005426695148751805,0.2857142857142857,0.026756352765321376,0.2589579329489643
small_cluster,28,cluster_28,Xpo1,4.168019,3.0062454,3.072584369444136e-05,0.0005495469601227183,0.42857142857142855,0.05724962630792227,0.3713218022635063
small_cluster,28,cluster_28,Klhdc10,4.164817,3.7377384,3.1160281345524216e-05,0.0005567099938430747,0.42857142857142855,0.06203288490284006,0.3665385436685885
small_cluster,28,cluster_28,2010300C02Rik,4.163722,3.1653473,3.131010362439112e-05,0.0005581961951615483,0.5714285714285714,0.10463378176382661,0.4667947896647448
small_cluster,28,cluster_28,Tagap1,4.1631417,3.4226563,3.13898262458864e-05,0.0005588666583512404,0.2857142857142857,0.027204783258594916,0.25850950245569077
small_cluster,28,cluster_28,Gm20604,4.1629424,3.0231047,3.141729522589132e-05,0.0005588666583512404,0.42857142857142855,0.05680119581464873,0.37177023275677984
small_cluster,28,cluster_28,Sclt1,4.1624146,3.7710116,3.149000085067468e-05,0.0005595530920389116,0.2857142857142857,0.02765321375186846,0.25806107196241723
small_cluster,28,cluster_28,Mrps25,4.1604967,2.5773826,3.175561635168549e-05,0.0005636621902424175,0.8571428571428571,0.2133034379671151,0.643839419175742
small_cluster,28,cluster_28,Cep350,4.150764,3.6058874,3.3136766362267024e-05,0.0005867102331951456,0.2857142857142857,0.02765321375186846,0.25806107196241723
small_cluster,28,cluster_28,Thoc7,4.139056,2.7767065,3.487373994479263e-05,0.0006156772969155478,1.0,0.37428998505231686,0.6257100149476831
small_cluster,28,cluster_28,Tppp3,4.1361628,4.20901,3.531619882714521e-05,0.0006228182548000092,1.0,0.5436472346786249,0.45635276532137514
small_cluster,28,cluster_28,Hsp90aa1,4.1252627,3.639108,3.7031191597903204e-05,0.0006523615181495279,1.0,0.752017937219731,0.24798206278026902
small_cluster,28,cluster_28,Lypla1,4.12371,2.4665022,3.728177737260356e-05,0.000656071277562308,0.8571428571428571,0.19805680119581465,0.6590860559470424
small_cluster,28,cluster_28,4930452B06Rik,4.12333,2.9786484,3.7343421874741905e-05,0.0006564517279395948,0.42857142857142855,0.05829596412556054,0.370275464445868
small_cluster,28,cluster_28,Akap9,4.1183834,2.2363355,3.8153951654331305e-05,0.0006699817570478455,0.8571428571428571,0.18176382660687593,0.6753790305359811
small_cluster,28,cluster_28,Ctsh,4.116631,2.4162512,3.8445047265929955e-05,0.0006743713585117831,1.0,0.7091180866965621,0.29088191330343793
small_cluster,28,cluster_28,Cyth2,4.1115956,3.0390956,3.9293406263432656e-05,0.000688516192442905,0.8571428571428571,0.3225710014947683,0.5345718556480887
small_cluster,28,cluster_28,Eml2,4.106694,2.393996,4.0136181559368725e-05,0.000701784129802992,0.8571428571428571,0.1937219730941704,0.6634208840486867
small_cluster,28,cluster_28,Zbtb10,4.1061845,3.4657688,4.022482271216441e-05,0.000702358040643904,0.2857142857142857,0.02795216741405082,0.2577621183002349
small_cluster,28,cluster_28,Ppp1r2,4.1060133,2.3913147,4.02546526556472e-05,0.000702358040643904,1.0,0.26831091180866967,0.7316890881913303
small_cluster,28,cluster_28,Cks1b,4.1043577,2.8414052,4.0544007326513646e-05,0.0007066549034666847,0.5714285714285714,0.10089686098654709,0.4705317104420243
small_cluster,28,cluster_28,Gm10260,4.0993633,3.2530015,4.142884063185235e-05,0.0007205455092290673,0.2857142857142857,0.02765321375186846,0.25806107196241723
small_cluster,28,cluster_28,Steap1,4.098638,2.9055545,4.155885125941348e-05,0.0007212769518578206,0.7142857142857143,0.17249626307922272,0.5417894512064916
small_cluster,28,cluster_28,Snip1,4.098785,2.7286274,4.1532506080505636e-05,0.0007212769518578206,0.42857142857142855,0.05680119581464873,0.37177023275677984
small_cluster,28,cluster_28,Adprm,4.097987,2.6098254,4.1675864896931685e-05,0.0007225431925735481,0.8571428571428571,0.22615844544095665,0.6309844117019004
small_cluster,28,cluster_28,Pias2,4.0972095,2.6558967,4.181602462772526e-05,0.0007242076239908364,0.42857142857142855,0.05650224215246637,0.3720691864189622
small_cluster,28,cluster_28,Mterf4,4.096654,2.9346182,4.1916507237989977e-05,0.0007245998077301055,0.5714285714285714,0.10373692077727951,0.46769165065129187
small_cluster,28,cluster_28,Kat5,4.096596,2.7493258,4.192702990890007e-05,0.0007245998077301055,0.7142857142857143,0.15127055306427503,0.5630151612214392
small_cluster,28,cluster_28,Bola1,4.084091,3.158989,4.424968709434583e-05,0.0007631326162296172,0.8571428571428571,0.29476831091180866,0.5623745462310484
small_cluster,28,cluster_28,Zcchc3,4.081572,3.007967,4.473206873540605e-05,0.0007706414488754146,0.2857142857142857,0.027354260089686097,0.2583600256245996
small_cluster,28,cluster_28,Sae1,4.0744357,2.667414,4.612606061604349e-05,0.000792991111282735,0.8571428571428571,0.23647234678624812,0.620670510356609
small_cluster,28,cluster_28,Ikbkap,4.0734577,3.1171637,4.6320256962937714e-05,0.000795495847590724,0.2857142857142857,0.02795216741405082,0.2577621183002349
small_cluster,28,cluster_28,Phtf1,4.072646,3.1098905,4.648200780496095e-05,0.0007957739144145768,0.42857142857142855,0.06038863976083707,0.36818278881059147
small_cluster,28,cluster_28,Klhl2,4.0726905,3.0595317,4.6473178290851816e-05,0.0007957739144145768,0.2857142857142857,0.02780269058295964,0.25791159513132605
small_cluster,28,cluster_28,Ranbp1,4.072956,2.5529573,4.642018907956689e-05,0.0007957739144145768,1.0,0.6668161434977579,0.33318385650224214
small_cluster,28,cluster_28,4933434E20Rik,4.0721145,3.3875024,4.658825667709748e-05,0.0007967612072586818,0.7142857142857143,0.17458893871449926,0.539696775571215
small_cluster,28,cluster_28,Zfp120,4.068523,3.0143557,4.7312109037007786e-05,0.00080829781282913,0.2857142857142857,0.02765321375186846,0.25806107196241723
small_cluster,28,cluster_28,Suclg1,4.0654583,2.6990364,4.793811756765014e-05,0.0008181405475827575,1.0,0.48654708520179374,0.5134529147982063
small_cluster,28,cluster_28,Ddx39,4.060524,2.5980937,4.896271884638362e-05,0.0008338915387326456,0.8571428571428571,0.22137518684603885,0.6357676702968182
small_cluster,28,cluster_28,Tmprss4,4.0573463,2.625302,4.9633415506071204e-05,0.0008444373938953048,0.5714285714285714,0.1,0.4714285714285714
small_cluster,28,cluster_28,Tubb6,4.056288,2.7635427,4.985883105905029e-05,0.0008473934592740764,0.42857142857142855,0.05784753363228699,0.37072389493914154
small_cluster,28,cluster_28,Gm11423,4.0552387,4.037093,5.0083139997777715e-05,0.0008503246160492259,0.2857142857142857,0.029446935724962632,0.25626734998932305
small_cluster,28,cluster_28,Hyou1,4.053909,3.8889527,5.036887064043653e-05,0.0008535277529084339,0.2857142857142857,0.029446935724962632,0.25626734998932305
small_cluster,28,cluster_28,Fam161a,4.052117,2.702849,5.075631390282632e-05,0.0008590859693707476,0.5714285714285714,0.09895366218236173,0.47247490924620966
small_cluster,28,cluster_28,Osbpl1a,4.0511374,3.4601562,5.0969213955206836e-05,0.0008618000804941725,0.2857142857142857,0.028550074738415546,0.25716421097587017
small_cluster,28,cluster_28,Cnot4,4.042349,2.711849,5.29184204526302e-05,0.0008906741718135777,0.5714285714285714,0.10044843049327354,0.47098014093529783
small_cluster,28,cluster_28,Arhgdig,4.042216,2.6925406,5.294843713909141e-05,0.0008906741718135777,0.42857142857142855,0.058146487294469355,0.3704249412769592
small_cluster,28,cluster_28,Hipk3,4.0343184,2.7715755,5.476099516389225e-05,0.0009174004920153184,0.5714285714285714,0.10343796711509716,0.4679906043134742
small_cluster,28,cluster_28,Ammecr1l,4.0343533,2.6629035,5.475288658532832e-05,0.0009174004920153184,0.5714285714285714,0.09985052316890881,0.4715780482596626
small_cluster,28,cluster_28,Mapre1,4.0315022,2.4505732,5.542143015661253e-05,0.0009265717390403691,1.0,0.28415545590433483,0.7158445440956651
small_cluster,28,cluster_28,Ppp1r21,4.030637,3.4491844,5.562592191117045e-05,0.0009290435287832041,0.2857142857142857,0.02899850523168909,0.25671578048259663
small_cluster,28,cluster_28,Trmt10b,4.030178,3.1183183,5.5734563526946974e-05,0.0009299110645019912,0.42857142857142855,0.0617339312406577,0.36683749733077087
small_cluster,28,cluster_28,Slain2,4.0297737,2.8550482,5.5830575418037375e-05,0.0009305663286902754,0.5714285714285714,0.10448430493273543,0.466944266495836
small_cluster,28,cluster_28,Mgea5,4.022798,2.6305416,5.75108129243447e-05,0.0009556584019981535,0.7142857142857143,0.15904334828101643,0.5552423660046979
small_cluster,28,cluster_28,Bpnt1,4.0191913,2.6729105,5.839827071770031e-05,0.0009694231154261161,0.7142857142857143,0.16352765321375187,0.5507580610719625
small_cluster,28,cluster_28,Hspbp1,4.015791,2.7457666,5.924679431820769e-05,0.0009815218925383075,0.7142857142857143,0.1681614349775785,0.5461242793081358
small_cluster,28,cluster_28,Tmem230,4.0064306,2.7994106,6.164318324224239e-05,0.0010171125234969994,0.8571428571428571,0.24872944693572496,0.6084134102071321
small_cluster,28,cluster_28,Ppp1r14c,4.005622,2.610976,6.185450508393824e-05,0.0010195736059112272,0.7142857142857143,0.14499252615844543,0.5692931881272689
small_cluster,28,cluster_28,Cul5,4.0049934,3.087411,6.201917594298733e-05,0.0010212615508443125,0.42857142857142855,0.06218236173393124,0.3663890668374973
small_cluster,28,cluster_28,Erlin1,4.004055,3.2264137,6.226585122270956e-05,0.0010242951112373717,0.2857142857142857,0.028849028400597908,0.2568652573136878
small_cluster,28,cluster_28,Cdyl,4.003517,3.0003712,6.240764878200876e-05,0.0010255990457652563,0.2857142857142857,0.028400597907324365,0.25731368780696134
small_cluster,28,cluster_28,Strap,4.000513,2.5906706,6.320533237735447e-05,0.0010366306563209906,1.0,0.34678624813153963,0.6532137518684604
small_cluster,28,cluster_28,Gfer,4.0005574,2.5725489,6.31934549943691e-05,0.0010366306563209906,0.7142857142857143,0.15216741405082213,0.5621183002348922
small_cluster,28,cluster_28,Gpd1,3.9997532,3.0071175,6.340856796979254e-05,0.0010389249982742932,0.42857142857142855,0.06278026905829596,0.36579115951313257
small_cluster,28,cluster_28,Carhsp1,3.9980292,2.5027888,6.387205672707477e-05,0.0010444323054643603,0.8571428571428571,0.22062780269058296,0.6365150544522742
small_cluster,28,cluster_28,Smarcd2,3.9980934,2.3949196,6.385479584313428e-05,0.0010444323054643603,0.8571428571428571,0.20866965620328848,0.6484732009395686
small_cluster,28,cluster_28,Slc25a20,3.9967685,2.8020475,6.42130470705215e-05,0.0010489623356609791,0.5714285714285714,0.10478325859491779,0.4666453128336536
small_cluster,28,cluster_28,Gng5,3.996336,2.278157,6.433043314624388e-05,0.001049834262717956,1.0,0.577727952167414,0.422272047832586
small_cluster,28,cluster_28,Rbmxl1,3.9959657,2.7085056,6.44310693551807e-05,0.0010504313802130404,0.8571428571428571,0.24125560538116592,0.6158872517616911
small_cluster,28,cluster_28,Pot1a,3.994199,3.0455594,6.491331373836887e-05,0.0010572425606981011,0.2857142857142857,0.028699551569506727,0.257014734144779
small_cluster,28,cluster_28,Zfp644,3.991923,2.4264824,6.553960170243526e-05,0.0010663839360333736,0.5714285714285714,0.09715994020926756,0.47426863121930385
small_cluster,28,cluster_28,Ddr1,3.991214,2.5048375,6.573588812494562e-05,0.0010685176423560288,0.8571428571428571,0.22077727952167414,0.636365577621183
small_cluster,28,cluster_28,Rdx,3.9886785,2.508058,6.644240357689289e-05,0.0010789325357075448,0.8571428571428571,0.2186846038863976,0.6384582532564596
small_cluster,28,cluster_28,Mplkip,3.9876504,2.9600594,6.673088445512056e-05,0.001082545238326837,0.7142857142857143,0.18340807174887894,0.5308776425368353
small_cluster,28,cluster_28,Agr2,3.9857767,3.066599,6.725972142434294e-05,0.0010900461374314708,1.0,0.5726457399103139,0.42735426008968613
small_cluster,28,cluster_28,Pigk,3.9851747,2.3314807,6.743047883577925e-05,0.0010917347318712889,0.7142857142857143,0.14813153961136025,0.566154174674354
small_cluster,28,cluster_28,Haus3,3.9832373,3.161582,6.798279073066604e-05,0.0010995914701909801,0.2857142857142857,0.028849028400597908,0.2568652573136878
small_cluster,28,cluster_28,Secisbp2,3.9806068,2.59732,6.873955106005422e-05,0.001109643087535383,0.42857142857142855,0.059192825112107626,0.36937860345932094
small_cluster,28,cluster_28,Drosha,3.974811,2.862185,7.043511922063674e-05,0.0011347803441430877,0.42857142857142855,0.061584454409566516,0.36698697416186205
small_cluster,28,cluster_28,Capsl,3.9745135,2.7668872,7.052325456621979e-05,0.0011350852778612079,1.0,0.37130044843049326,0.6286995515695067
small_cluster,28,cluster_28,Pde4d,3.9723725,3.1469889,7.11603041213234e-05,0.001143095149749094,0.42857142857142855,0.06427503736920777,0.3642963912022208
small_cluster,28,cluster_28,Poc5,3.9695394,3.757861,7.201167901844932e-05,0.001155639479042649,0.2857142857142857,0.030044843049327353,0.25566944266495834
small_cluster,28,cluster_28,Tmem131,3.968096,3.163146,7.244912006324457e-05,0.00116152298940105,0.42857142857142855,0.06442451420029896,0.36414691437112956
small_cluster,28,cluster_28,Gphn,3.9637802,2.9986522,7.377220075629639e-05,0.0011815799459023604,0.42857142857142855,0.06263079222720479,0.36594063634422375
small_cluster,28,cluster_28,Gna13,3.9480762,2.4147153,7.878173468522924e-05,0.0012605846151926292,0.7142857142857143,0.15067264573991032,0.563613068545804
small_cluster,28,cluster_28,Csrp2,3.9469743,3.1215034,7.914502690084153e-05,0.0012651633393769024,0.7142857142857143,0.187593423019432,0.5266922912662824
small_cluster,28,cluster_28,Dhx29,3.9443634,3.8041248,8.001227687265777e-05,0.0012777812589955793,0.2857142857142857,0.030493273542600896,0.2552210121716848
small_cluster,28,cluster_28,Sptbn1,3.942614,2.1610236,8.059831125884708e-05,0.001284638389656318,0.8571428571428571,0.1961136023916293,0.6610292547512278
small_cluster,28,cluster_28,Wbscr25,3.942132,3.8610616,8.076050292719782e-05,0.0012859737946689044,0.2857142857142857,0.03109118086696562,0.2546231048473201
small_cluster,28,cluster_28,Pfdn6,3.9397583,2.49215,8.156370666829971e-05,0.0012962464661499843,1.0,0.3382660687593423,0.6617339312406577
small_cluster,28,cluster_28,Sfmbt1,3.9358625,3.6222386,8.289841964232468e-05,0.0013149100392202775,0.2857142857142857,0.030493273542600896,0.2552210121716848
small_cluster,28,cluster_28,Pebp1,3.9310267,2.7136033,8.45838878790423e-05,0.0013363804245972637,1.0,0.544693572496263,0.45530642750373695
small_cluster,28,cluster_28,Sssca1,3.9308121,2.6309073,8.465942693473307e-05,0.0013363804245972637,0.8571428571428571,0.2554559043348281,0.601686952808029
small_cluster,28,cluster_28,Pex13,3.9310675,2.543593,8.456956719658675e-05,0.0013363804245972637,0.7142857142857143,0.15889387144992526,0.555391842835789
small_cluster,28,cluster_28,Bri3bp,3.9305258,3.1341696,8.476029090165011e-05,0.0013366860875749648,0.42857142857142855,0.06517189835575486,0.36339953021567367
small_cluster,28,cluster_28,Asb7,3.9267077,3.5140321,8.611648129196982e-05,0.0013547337947130208,0.2857142857142857,0.030493273542600896,0.2552210121716848
small_cluster,28,cluster_28,Ttc25,3.9260738,3.3559287,8.634369157287779e-05,0.0013551415172122186,0.2857142857142857,0.030044843049327353,0.25566944266495834
small_cluster,28,cluster_28,Rprd2,3.9249873,2.970972,8.673434496802322e-05,0.0013599713114919203,0.42857142857142855,0.06382660687593424,0.3647448216954943
small_cluster,28,cluster_28,Hspa2,3.9225035,2.3769617,8.763363145168592e-05,0.0013727594932560656,0.8571428571428571,0.20911808669656204,0.648024770446295
small_cluster,28,cluster_28,Pdap1,3.9168818,2.513085,8.970171247965367e-05,0.00140381468165916,1.0,0.3781763826606876,0.6218236173393124
small_cluster,28,cluster_28,Vav2,3.9164536,3.0263042,8.986110712130494e-05,0.0014049685585286198,0.42857142857142855,0.06502242152466367,0.36354900704676485
small_cluster,28,cluster_28,Rcor1,3.9149375,3.4854767,9.042762095364261e-05,0.0014124794392958975,0.2857142857142857,0.030493273542600896,0.2552210121716848
small_cluster,28,cluster_28,Cfap20,3.9057412,2.493654,9.393701030283118e-05,0.001465900005686712,1.0,0.3763826606875934,0.6236173393124066
small_cluster,28,cluster_28,Kifc3,3.905237,3.1551247,9.413308912746131e-05,0.0014675634931364003,0.2857142857142857,0.030194319880418534,0.25551996583386716
small_cluster,28,cluster_28,Stk39,3.9039721,3.121763,9.462671058039312e-05,0.0014738581958490293,0.42857142857142855,0.0656203288490284,0.36295109972240014
small_cluster,28,cluster_28,Nadk2,3.8982387,2.61769,9.689489329575567e-05,0.0015063252558707948,0.42857142857142855,0.06143497757847534,0.3671364509929532
small_cluster,28,cluster_28,Heatr6,3.8971636,2.6477973,9.73258353453608e-05,0.001511591880207635,0.42857142857142855,0.0617339312406577,0.36683749733077087
small_cluster,28,cluster_28,Cog6,3.8952463,2.7593288,9.809898244135287e-05,0.0015221583831794025,0.42857142857142855,0.06292974588938714,0.3656416826820414
small_cluster,28,cluster_28,Ccdc130,3.8945923,2.6727197,9.836405646785994e-05,0.0015233889425206523,0.42857142857142855,0.0617339312406577,0.36683749733077087
small_cluster,28,cluster_28,Ewsr1,3.8947816,2.510117,9.828722675927411e-05,0.0015233889425206523,1.0,0.4439461883408072,0.5560538116591929
small_cluster,28,cluster_28,Snrpa1,3.8923748,2.4028687,9.926776994916749e-05,0.0015359346178644303,0.8571428571428571,0.22092675635276532,0.6362161007900917
small_cluster,28,cluster_28,Cit,3.8920324,3.9505317,9.94079349965188e-05,0.0015366536681224363,0.2857142857142857,0.0312406576980568,0.2544736280162289
small_cluster,28,cluster_28,Riok1,3.889751,2.6819806,0.0001003471066175357,0.0015497108245143155,0.42857142857142855,0.06233183856502242,0.36623959000640616
small_cluster,28,cluster_28,Qrich1,3.888283,2.885853,0.00010095590224719857,0.0015576460515111042,0.5714285714285714,0.1147982062780269,0.4566303651505445
small_cluster,28,cluster_28,Ripk1,3.8725295,2.581056,0.00010771164458010035,0.0016587593265335455,0.42857142857142855,0.06233183856502242,0.36623959000640616
small_cluster,28,cluster_28,Lsm10,3.872249,2.6087203,0.00010783576776073231,0.001659112970960385,0.7142857142857143,0.1687593423019432,0.5455263719837711
small_cluster,28,cluster_28,Cct7,3.8711665,2.830918,0.00010831575912512778,0.0016649360500573765,1.0,0.4759342301943199,0.5240657698056801
small_cluster,28,cluster_28,Exoc3,3.8700945,2.6694202,0.00010879316595155695,0.0016707085344302298,0.5714285714285714,0.10926756352765321,0.4621610079009182
small_cluster,28,cluster_28,Lias,3.8661451,3.0510504,0.00011056913515189558,0.0016963932512874082,0.5714285714285714,0.11988041853512706,0.45154815289344435
small_cluster,28,cluster_28,Pofut2,3.862203,2.4873226,0.00011236918257303623,0.0017223990311966049,0.7142857142857143,0.16412556053811658,0.5501601537475977
small_cluster,28,cluster_28,A430005L14Rik,3.8591022,2.4718888,0.00011380433592108989,0.0017427683598896316,0.8571428571428571,0.21150971599402094,0.6456331411488362
small_cluster,28,cluster_28,Wdr34,3.8541427,2.472337,0.00011613588900208423,0.001776814100301477,0.5714285714285714,0.10418535127055306,0.46724322015801834
small_cluster,28,cluster_28,Man2a1,3.8458915,3.0924194,0.00012011491227868883,0.0018325624895653727,0.2857142857142857,0.030792227204783258,0.25492205850950245
small_cluster,28,cluster_28,Tcp1,3.8437366,2.4576964,0.00012117507471600726,0.0018453039929593638,1.0,0.41494768310911806,0.5850523168908819
small_cluster,28,cluster_28,Stmn1,3.8390172,2.5121875,0.0001235277769324484,0.0018776451060881242,0.42857142857142855,0.06233183856502242,0.36623959000640616
small_cluster,28,cluster_28,Ypel2,3.835634,2.9596634,0.0001252407645921387,0.0019019201667367285,0.2857142857142857,0.030642750373692077,0.2550715353405936
small_cluster,28,cluster_28,Cd24a,3.8348956,2.6914039,0.00012561763235471353,0.0019058786200274343,1.0,0.6727952167414051,0.3272047832585949
small_cluster,28,cluster_28,Cfap53,3.8324697,3.4474096,0.00012686318787409137,0.001922997360742119,0.2857142857142857,0.031689088191330345,0.2540251975229554
small_cluster,28,cluster_28,Rph3al,3.8268952,2.9078856,0.00012976969093509197,0.001965237951086282,0.42857142857142855,0.06606875934230194,0.3625026692291266
small_cluster,28,cluster_28,Cdc20,3.8260458,3.3024497,0.00013021815482806655,0.001970210292744575,0.2857142857142857,0.03153961136023916,0.25417467435404656
small_cluster,28,cluster_28,Itpk1,3.8221252,3.150908,0.0001323064649209757,0.001999961595547394,0.42857142857142855,0.06816143497757847,0.36040999359385006
small_cluster,28,cluster_28,Btbd6,3.8200445,3.107737,0.00013342759880354316,0.0020131978362253095,0.42857142857142855,0.06831091180866966,0.3602605167627589
small_cluster,28,cluster_28,Mcm7,3.819102,2.7190976,0.00013393833511266858,0.002019046538771027,0.42857142857142855,0.06397608370702541,0.36459534486440315
small_cluster,28,cluster_28,Pold3,3.8173678,3.0493374,0.000134882999301265,0.002029556028935823,0.42857142857142855,0.06831091180866966,0.3602605167627589
small_cluster,28,cluster_28,Aldh3a2,3.817443,2.381798,0.0001348419404759308,0.002029556028935823,0.5714285714285714,0.10687593423019431,0.4645526371983771
small_cluster,28,cluster_28,Eif3d,3.811805,2.6560922,0.000137955636822015,0.002071987545346033,0.8571428571428571,0.27563527653213754,0.5815075806107195
small_cluster,28,cluster_28,N4bp1,3.8085985,3.1137807,0.00013975670361677037,0.002085668513210783,0.42857142857142855,0.06950672645739911,0.3590647021140294
small_cluster,28,cluster_28,Ttf1,3.809324,2.912836,0.00013934728741736693,0.002085668513210783,0.2857142857142857,0.03109118086696562,0.2546231048473201
small_cluster,28,cluster_28,Chchd10,3.8087294,2.8381321,0.00013968272953422935,0.002085668513210783,1.0,0.68101644245142,0.31898355754858
small_cluster,28,cluster_28,Calm2,3.8092496,2.4354496,0.0001393891992346215,0.002085668513210783,1.0,0.7838565022421524,0.21614349775784758
small_cluster,28,cluster_28,Sptssa,3.8065836,2.2351274,0.00014089958707902214,0.00210081284334822,1.0,0.5276532137518685,0.47234678624813153
small_cluster,28,cluster_28,Ssbp4,3.8061655,2.402022,0.00014113795334357403,0.0021024555611153114,0.8571428571428571,0.24648729446935724,0.6106555626734999
small_cluster,28,cluster_28,Ccdc34,3.8055747,3.6000817,0.00014147534846523018,0.0021049683143087336,0.7142857142857143,0.19760837070254111,0.5166773435831732
small_cluster,28,cluster_28,Iws1,3.8054209,2.9910252,0.00014156332240000813,0.0021049683143087336,0.2857142857142857,0.0312406576980568,0.2544736280162289
small_cluster,28,cluster_28,Lca5,3.8048658,3.2725048,0.0001418811356119101,0.0021077830662780232,0.2857142857142857,0.031689088191330345,0.2540251975229554
small_cluster,28,cluster_28,Arl16,3.8026233,2.7681954,0.00014317196541512598,0.0021231133858711404,0.42857142857142855,0.0656203288490284,0.36295109972240014
small_cluster,28,cluster_28,Lrrc73,3.8015583,3.1779006,0.00014378898713275767,0.0021303371074655455,0.2857142857142857,0.03139013452914798,0.25432415118513774
small_cluster,28,cluster_28,Cdk12,3.7992103,3.001392,0.00014515790189962026,0.0021486775713498844,0.5714285714285714,0.12436472346786248,0.4470638479607089
small_cluster,28,cluster_28,Piga,3.7983792,2.850101,0.00014564537559386947,0.0021539493283273697,0.2857142857142857,0.030792227204783258,0.25492205850950245
small_cluster,28,cluster_28,Mif4gd,3.7972534,2.7120533,0.00014630816883677426,0.002161802051434175,0.8571428571428571,0.3203288490284006,0.5368140081144566
small_cluster,28,cluster_28,Ttc8,3.7937212,2.7921948,0.00014840631745961834,0.002190829894379118,0.42857142857142855,0.06591928251121076,0.3626521460602178
small_cluster,28,cluster_28,Mapk1ip1l,3.777242,3.2674537,0.00015857474140674834,0.0023346358472280783,0.42857142857142855,0.07204783258594918,0.35652359598547934
small_cluster,28,cluster_28,Ago3,3.7754767,3.0261273,0.00015970188227210495,0.002347815413722958,0.2857142857142857,0.03183856502242152,0.25387572069186415
small_cluster,28,cluster_28,Gm973,3.775216,2.9668746,0.00015986897822992203,0.002347815413722958,0.2857142857142857,0.03153961136023916,0.25417467435404656
small_cluster,28,cluster_28,Acyp1,3.774254,3.2511168,0.00016048719977916734,0.002354338607851631,0.7142857142857143,0.24484304932735426,0.46944266495836007
small_cluster,28,cluster_28,Znhit1,3.7692127,2.299011,0.00016376332237089667,0.0024002522343208907,1.0,0.49715994020926757,0.5028400597907324
small_cluster,28,cluster_28,Smim13,3.768724,2.6872084,0.00016408427383562385,0.0024028090849804165,0.42857142857142855,0.06636771300448431,0.36220371556694425
small_cluster,28,cluster_28,Glt8d2,3.7679958,3.147508,0.00016456343938498538,0.0024033882184800936,0.2857142857142857,0.032436472346786246,0.25327781336749944
small_cluster,28,cluster_28,H2afz,3.7679994,2.7928398,0.00016456109035057468,0.0024033882184800936,1.0,0.44828101644245144,0.5517189835575486
small_cluster,28,cluster_28,Scnm1,3.7643394,2.300915,0.00016698994504402793,0.0024344907454818686,0.8571428571428571,0.23183856502242153,0.6253042921204356
small_cluster,28,cluster_28,Unk,3.7619019,3.4652529,0.00016862619540892123,0.0024561618391667115,0.2857142857142857,0.03288490284005979,0.2528293828742259
small_cluster,28,cluster_28,Btbd10,3.758861,2.481678,0.00017068864927147784,0.002479596578123568,0.42857142857142855,0.06397608370702541,0.36459534486440315
small_cluster,28,cluster_28,Gtf2f2,3.7562702,2.5465848,0.00017246454166888148,0.0025009645870126655,0.5714285714285714,0.11165919282511211,0.4597693786034593
small_cluster,28,cluster_28,Atmin,3.7515385,3.4823396,0.00017575277555593788,0.0025463968832976475,0.2857142857142857,0.03303437967115097,0.2526799060431347
small_cluster,28,cluster_28,Sumo3,3.7511647,2.3137143,0.00017601496983551352,0.0025479448546092296,1.0,0.42780269058295967,0.5721973094170403
small_cluster,28,cluster_28,Ap3d1,3.7497015,2.6680036,0.0001770451439076367,0.0025583413261930834,0.42857142857142855,0.06711509715994021,0.36145633141148836
small_cluster,28,cluster_28,Pwwp2a,3.7392118,2.9109993,0.00018459818516558323,0.0026627922910296663,0.2857142857142857,0.03198804185351271,0.25372624386077297
small_cluster,28,cluster_28,Ran,3.7378755,2.2068002,0.00018558186167719028,0.0026746292736094883,1.0,0.680119581464873,0.31988041853512705
small_cluster,28,cluster_28,Prpf18,3.7373085,2.855783,0.00018600060999663106,0.002678310802945343,0.42857142857142855,0.06846038863976084,0.3601110399316677
small_cluster,28,cluster_28,Naf1,3.7350123,2.974175,0.0001877059800717064,0.002700496297505313,0.2857142857142857,0.032137518684603884,0.2535767670296818
small_cluster,28,cluster_28,Pctp,3.7341528,3.1325948,0.00018834816792897584,0.0027073604751999413,0.2857142857142857,0.03288490284005979,0.2528293828742259
small_cluster,28,cluster_28,Ocel1,3.732607,2.7612498,0.00018950827735080816,0.00272165083785517,0.42857142857142855,0.06831091180866966,0.3602605167627589
small_cluster,28,cluster_28,Sec11c,3.7303438,2.503607,0.00019121865329361145,0.0027438120145831333,1.0,0.5167414050822122,0.4832585949177878
small_cluster,28,cluster_28,Mt2,3.7261915,2.8100638,0.00019439469928031055,0.002786947082951375,1.0,0.4515695067264574,0.5484304932735427
small_cluster,28,cluster_28,Dusp18,3.720955,2.7507148,0.0001984709382702095,0.0028429011865237605,0.42857142857142855,0.06801195814648729,0.36055947042494124
small_cluster,28,cluster_28,Asxl2,3.719797,2.5354235,0.00019938304459082907,0.0028509863246156822,0.42857142857142855,0.06591928251121076,0.3626521460602178
small_cluster,28,cluster_28,Bcl9,3.719976,2.4879928,0.00019924172558073198,0.0028509863246156822,0.42857142857142855,0.06606875934230194,0.3625026692291266
small_cluster,28,cluster_28,Mt1,3.7186437,3.0291348,0.00020029541106001095,0.002861309503550143,1.0,0.7584454409566517,0.24155455904334833
small_cluster,28,cluster_28,Cyb561,3.7175806,2.5481622,0.00020113991325059518,0.002868604971498271,0.8571428571428571,0.28878923766816145,0.5683536194746956
small_cluster,28,cluster_28,Snapin,3.716852,2.5530732,0.00020172049646280534,0.0028743856320473248,0.8571428571428571,0.2772795216741405,0.5798633354687166
small_cluster,28,cluster_28,Stk4,3.71628,2.5393944,0.00020217750000944742,0.002878396855603253,0.42857142857142855,0.06636771300448431,0.36220371556694425
small_cluster,28,cluster_28,Mxi1,3.7158523,2.771888,0.00020251987380328276,0.0028807705552884996,0.5714285714285714,0.11868460388639761,0.4527439675421738
small_cluster,28,cluster_28,Eif2d,3.7146626,2.682404,0.0002034749554544379,0.0028910925366032354,0.5714285714285714,0.11928251121076233,0.45214606021780906
small_cluster,28,cluster_28,Ppp2r3c,3.7111206,2.682302,0.00020634384532165913,0.002917811452847773,0.42857142857142855,0.06801195814648729,0.36055947042494124
small_cluster,28,cluster_28,Trap1,3.7108712,2.3829768,0.00020654710668594988,0.002917811452847773,0.7142857142857143,0.16562032884902841,0.5486653854366859
small_cluster,28,cluster_28,Zfp719,3.7078972,2.7828271,0.00020898744919335853,0.0029497445389158983,0.2857142857142857,0.03198804185351271,0.25372624386077297
small_cluster,28,cluster_28,Atat1,3.7046409,2.4087894,0.0002116905017353954,0.002982762816977852,0.42857142857142855,0.06576980568011959,0.36280162289130896
small_cluster,28,cluster_28,Ip6k1,3.7016425,2.4189553,0.00021420825153531682,0.003013061349426013,0.5714285714285714,0.11165919282511211,0.4597693786034593
small_cluster,28,cluster_28,Cep63,3.6946137,3.1743796,0.00022022131445224313,0.003094986956582039,0.42857142857142855,0.0726457399103139,0.3559256886611146
small_cluster,28,cluster_28,Plekha3,3.6912677,3.0371852,0.00022313914170576113,0.003133309129380298,0.2857142857142857,0.03288490284005979,0.2528293828742259
small_cluster,28,cluster_28,Fbrsl1,3.690648,2.6697562,0.0002236834413479612,0.003138265287893851,0.42857142857142855,0.06980568011958146,0.35876574845184706
small_cluster,28,cluster_28,Ttc30b,3.6892126,3.8703818,0.00022494928349824788,0.0031533275202177465,0.2857142857142857,0.03497757847533632,0.25073670723894936
small_cluster,28,cluster_28,Akr7a5,3.6869133,2.3783033,0.00022699066440551126,0.003179226205734236,1.0,0.4116591928251121,0.5883408071748879
small_cluster,28,cluster_28,Irgq,3.686092,2.922046,0.00022772418325474954,0.0031867784381921054,0.2857142857142857,0.03303437967115097,0.2526799060431347
small_cluster,28,cluster_28,Cactin,3.682576,2.5346117,0.0002308890678528818,0.003225563545021392,0.42857142857142855,0.06756352765321375,0.3610079009182148
small_cluster,28,cluster_28,Ash2l,3.6790845,2.6636333,0.00023407265976368904,0.0032644776299185917,0.5714285714285714,0.11958146487294469,0.4518471065556267
small_cluster,28,cluster_28,Ophn1,3.6713111,3.5695624,0.00024130945529092436,0.003359691321075085,0.2857142857142857,0.034828101644245144,0.25088618407004054
small_cluster,28,cluster_28,Hnrnpll,3.671003,2.8731222,0.0002416004910029528,0.0033608902908731373,0.5714285714285714,0.1319880418535127,0.4394405295750587
small_cluster,28,cluster_28,Frat2,3.667885,2.336616,0.00024456515092178475,0.0033992483392103322,0.8571428571428571,0.24275037369207772,0.6143924834507793
small_cluster,28,cluster_28,Cript,3.6647573,2.2362049,0.00024757317096311797,0.003435234836688746,1.0,0.33796711509715993,0.6620328849028401
small_cluster,28,cluster_28,D230025D16Rik,3.663324,2.4182065,0.0002489632593003822,0.0034516030564544116,0.5714285714285714,0.11420029895366218,0.4572282724749092
small_cluster,28,cluster_28,Plekha6,3.6611578,2.5100768,0.00025107808398309994,0.003475047810469892,0.5714285714285714,0.11629297458893871,0.4551355968396327
small_cluster,28,cluster_28,Rngtt,3.6602907,2.8303607,0.0002519291798540495,0.0034838874188754345,0.2857142857142857,0.03303437967115097,0.2526799060431347
small_cluster,28,cluster_28,Myo18a,3.65953,3.0048454,0.0002526782997563597,0.0034913031123033323,0.42857142857142855,0.07309417040358744,0.3554772581678411
small_cluster,28,cluster_28,Sf3a3,3.6585453,2.4821582,0.0002536508801868826,0.0035017913181355736,0.7142857142857143,0.1783258594917788,0.5359598547939355
small_cluster,28,cluster_28,Adgra3,3.6577246,2.8511019,0.0002544643287556622,0.003510066825838197,0.2857142857142857,0.033183856502242155,0.25253042921204355
small_cluster,28,cluster_28,Tctex1d4,3.6569462,2.2878354,0.00025523798895340675,0.003517780047751953,0.42857142857142855,0.06681614349775784,0.3617552850736707
small_cluster,28,cluster_28,Napg,3.6535456,3.186422,0.00025864375572714284,0.0035603713527783145,0.42857142857142855,0.07608370702541106,0.3524877215460175
small_cluster,28,cluster_28,1700028P14Rik,3.6534278,2.8107483,0.0002587624323219164,0.0035603713527783145,0.2857142857142857,0.03288490284005979,0.2528293828742259
small_cluster,28,cluster_28,Ap1m1,3.6521132,3.1150415,0.00026009117423784155,0.0035756541061817597,0.42857142857142855,0.07518684603886397,0.35338458253256455
small_cluster,28,cluster_28,Stx18,3.6502335,2.6247897,0.0002620019500900631,0.0035985951114764635,0.5714285714285714,0.12122571001494768,0.4502028614136237
small_cluster,28,cluster_28,Arl4a,3.6500406,2.2249222,0.0002621987170425202,0.0035985951114764635,1.0,0.33662182361733933,0.6633781763826607
small_cluster,28,cluster_28,Sdhd,3.6476798,2.555728,0.0002646190355540901,0.0036287765904035383,1.0,0.5343796711509716,0.4656203288490284
small_cluster,28,cluster_28,Armc9,3.6458054,2.955239,0.00026655575859695335,0.0036492328854329146,0.2857142857142857,0.03348281016442452,0.2522314755498612
small_cluster,28,cluster_28,Wdr73,3.6416445,2.8177736,0.0002709020676818057,0.003698710829111261,0.42857142857142855,0.07174887892376682,0.35682254964766175
small_cluster,28,cluster_28,Clp1,3.6411366,2.5475879,0.000271437103300108,0.0037006150716750387,0.7142857142857143,0.19745889387144994,0.5168268204142643
small_cluster,28,cluster_28,Ptges3,3.6403892,3.0327291,0.0002722262928311726,0.0037013999761374124,0.7142857142857143,0.24828101644245143,0.46600469784326287
small_cluster,28,cluster_28,Ccdc173,3.640777,2.918109,0.00027181625075897703,0.0037013999761374124,0.2857142857142857,0.03333333333333333,0.2523809523809524
small_cluster,28,cluster_28,Tbx1,3.6402273,2.3458304,0.00027239740084128146,0.0037013999761374124,0.8571428571428571,0.25590433482810165,0.6012385223147554
small_cluster,28,cluster_28,Ogfod2,3.6336453,2.508472,0.00027944485185530814,0.0037940190523832024,0.7142857142857143,0.19252615844544096,0.5217595558402733
small_cluster,28,cluster_28,Rundc1,3.6326118,2.6670845,0.0002805669946031309,0.0038029580813933473,0.42857142857142855,0.07040358744394619,0.35816784112748234
small_cluster,28,cluster_28,Slc38a1,3.6311655,3.0971599,0.0002821441440711308,0.0038211776275067022,0.42857142857142855,0.07668161434977579,0.3518898142216528
small_cluster,28,cluster_28,2610528J11Rik,3.6230073,2.3494494,0.00029119750291618063,0.0039405365060464345,0.8571428571428571,0.2820627802690583,0.5750800768737988
small_cluster,28,cluster_28,Bmi1,3.6180067,3.006331,0.0002968807632767049,0.004014131408492364,0.2857142857142857,0.03393124065769806,0.25178304505658766
small_cluster,28,cluster_28,Smc1a,3.6171641,2.4196205,0.00029784849189475943,0.004023898777237191,0.5714285714285714,0.11733931240657698,0.45408925902199443
small_cluster,28,cluster_28,Atp5s,3.6167583,2.4906719,0.00029831564511739907,0.00402689291816499,0.42857142857142855,0.06890881913303439,0.3596626094383942
small_cluster,28,cluster_28,Prkrir,3.6145778,2.9227111,0.00030083760223226463,0.004057596639976457,0.42857142857142855,0.07399103139013453,0.354580397181294
small_cluster,28,cluster_28,Ccdc17,3.6119514,2.5996678,0.00030390172473444995,0.004095556439909379,0.42857142857142855,0.07025411061285501,0.3583173179585735
small_cluster,28,cluster_28,Fkbpl,3.6107779,2.528855,0.00030527998954377585,0.004110752962649809,0.42857142857142855,0.06950672645739911,0.3590647021140294
small_cluster,28,cluster_28,Qk,3.6073272,2.562393,0.0003093673146892744,0.004162373526020335,0.42857142857142855,0.07025411061285501,0.3583173179585735
small_cluster,28,cluster_28,March6,3.605786,2.5495465,0.00031120953902101034,0.004180301105228166,0.42857142857142855,0.07025411061285501,0.3583173179585735
small_cluster,28,cluster_28,Fut11,3.6033463,3.115347,0.00031414650622956853,0.004212851061873388,0.42857142857142855,0.07713004484304933,0.3514413837283792
small_cluster,28,cluster_28,1810030O07Rik,3.6023073,2.697014,0.0003154052964038695,0.004222075920438267,0.42857142857142855,0.07130044843049327,0.3572709801409353
small_cluster,28,cluster_28,Mmadhc,3.6025229,2.409853,0.00031514369839245567,0.004222075920438267,0.8571428571428571,0.2874439461883408,0.5696989109545163
small_cluster,28,cluster_28,Chd6,3.6021414,2.404395,0.00031560667510867113,0.004222075920438267,0.5714285714285714,0.11733931240657698,0.45408925902199443
small_cluster,28,cluster_28,Mthfd2,3.600796,2.7257967,0.00031724452929369346,0.0042405277301922305,0.2857142857142857,0.034080717488789235,0.2516335682254965
small_cluster,28,cluster_28,Endov,3.6005766,3.7875981,0.00031751219322296545,0.004240649414535713,0.2857142857142857,0.03647234678624813,0.24924193892803756
small_cluster,28,cluster_28,Dnah6,3.599761,2.9225645,0.0003185098427958649,0.004250512556301855,0.2857142857142857,0.03423019431988042,0.2514840913944053
small_cluster,28,cluster_28,Nudt4,3.5964394,2.2183363,0.00032260264162680893,0.004301630833594547,1.0,0.36367713004484303,0.636322869955157
small_cluster,28,cluster_28,Stk16,3.5922546,2.1455154,0.0003278292078665096,0.004360686811207319,0.8571428571428571,0.23168908819133036,0.6254537689515267
small_cluster,28,cluster_28,Naaa,3.5916464,2.7296474,0.00032859547624038274,0.0043673374439372106,0.42857142857142855,0.07219730941704036,0.3563741191543882
small_cluster,28,cluster_28,Tars,3.587518,2.4765804,0.0003338407439725491,0.0044298722021794325,0.5714285714285714,0.12137518684603886,0.4500533845825325
small_cluster,28,cluster_28,Zfp655,3.5864935,2.728256,0.0003351543990859331,0.0044437084069590856,0.42857142857142855,0.07234678624813154,0.356224642323297
small_cluster,28,cluster_28,Usp47,3.5842438,2.6637468,0.0003380563022811969,0.004478563339025777,0.5714285714285714,0.12795216741405083,0.4434764040145206
small_cluster,28,cluster_28,Smarca4,3.5824907,2.3467982,0.00034033382582766093,0.004505096914769545,0.7142857142857143,0.18251121076233184,0.5317745035233825
small_cluster,28,cluster_28,Babam1,3.5808907,2.4718645,0.0003424249089914958,0.0045291217196528405,0.8571428571428571,0.3088191330343797,0.5483237241084774
small_cluster,28,cluster_28,Rnaseh2c,3.5795288,2.5944688,0.0003442142383966387,0.004549119842017141,0.8571428571428571,0.3149476831091181,0.542195174033739
small_cluster,28,cluster_28,Fto,3.5786338,2.7029886,0.0003453949876321425,0.004561049269045708,0.5714285714285714,0.13064275037369208,0.4407858210548793
small_cluster,28,cluster_28,Immp1l,3.57533,2.3190951,0.0003497863115619667,0.004615322040167189,0.8571428571428571,0.2849028400597907,0.5722400170830664
small_cluster,28,cluster_28,Myl4,3.5739021,2.2426918,0.0003517005057543845,0.004636848870480434,0.2857142857142857,0.03348281016442452,0.2522314755498612
small_cluster,28,cluster_28,Fam126a,3.5730495,2.6584065,0.0003528480498341011,0.0046482416588988695,0.2857142857142857,0.03378176382660687,0.25193252188767884
small_cluster,28,cluster_28,Atxn3,3.5678916,2.7789712,0.00035986527310898325,0.004736878285923302,0.2857142857142857,0.03467862481315396,0.2510356609011317
small_cluster,28,cluster_28,Alkbh6,3.5652819,2.1858764,0.0003634653271997921,0.004772774084390545,0.8571428571428571,0.23692077727952168,0.6202220798633354
small_cluster,28,cluster_28,Asun,3.5647526,2.336015,0.0003641996183611583,0.004778590352593085,0.42857142857142855,0.06950672645739911,0.3590647021140294
small_cluster,28,cluster_28,Tpr,3.5645046,2.5783794,0.00036454396002687706,0.004779284962750448,0.7142857142857143,0.2040358744394619,0.5102498398462524
small_cluster,28,cluster_28,Adck5,3.5637488,3.2501535,0.0003655956249800869,0.004789244285382113,0.42857142857142855,0.07877428998505231,0.34979713858637623
small_cluster,28,cluster_28,Iqck,3.561403,2.7675655,0.00036887823806102445,0.004828389451268046,0.2857142857142857,0.03423019431988042,0.2514840913944053
small_cluster,28,cluster_28,Golga3,3.560894,3.2587068,0.00036959418657941094,0.004833902913946506,0.2857142857142857,0.03572496263079223,0.24998932308349348
small_cluster,28,cluster_28,Brf2,3.5541003,3.2542515,0.0003792746671009292,0.004952614502485939,0.2857142857142857,0.03587443946188341,0.2498398462524023
small_cluster,28,cluster_28,Ctnnbl1,3.5521955,2.4929264,0.00038203070009256714,0.004980278490913817,0.5714285714285714,0.12406576980568013,0.44736280162289127
small_cluster,28,cluster_28,Eif2b5,3.552329,2.2857533,0.0003818368625985342,0.004980278490913817,0.5714285714285714,0.1179372197309417,0.45349135169762966
small_cluster,28,cluster_28,Slc9a3r1,3.5519626,2.1884208,0.00038236932653476247,0.004980278490913817,1.0,0.45904334828101645,0.5409566517189835
small_cluster,28,cluster_28,Pacs2,3.548557,3.2918527,0.00038734800854105743,0.005031951620430925,0.2857142857142857,0.03602391629297459,0.24969036942131112
small_cluster,28,cluster_28,Agpat3,3.547961,2.4499016,0.0003882256953170399,0.005037412681087636,0.5714285714285714,0.12286995515695068,0.44855861627162075
small_cluster,28,cluster_28,Vrk3,3.5471919,2.423065,0.00038936104218324574,0.005044163074918968,0.7142857142857143,0.19461883408071748,0.5196668802049969
small_cluster,28,cluster_28,Shq1,3.5429578,3.4191077,0.00039566596635267856,0.005115605148368487,0.2857142857142857,0.03647234678624813,0.24924193892803756
small_cluster,28,cluster_28,Rbm43,3.5407498,2.6584535,0.0003989919096319917,0.005143850247152276,0.42857142857142855,0.07324364723467862,0.3553277813367499
small_cluster,28,cluster_28,Ptrhd1,3.538378,2.1942759,0.00040259309687974877,0.005182833109831051,0.7142857142857143,0.17623318385650225,0.5380525304292121
small_cluster,28,cluster_28,Ttr,3.5373862,4.87735,0.00040410843718578185,0.005198260767281575,0.2857142857142857,0.03841554559043348,0.24729874012385222
small_cluster,28,cluster_28,Haus4,3.53688,3.0112233,0.0004048834597240599,0.005204148607315287,0.2857142857142857,0.03542600896860987,0.25028827674567583
small_cluster,28,cluster_28,Agtpbp1,3.5357115,2.789137,0.0004066785342508319,0.005223128144281827,0.2857142857142857,0.034828101644245144,0.25088618407004054
small_cluster,28,cluster_28,C2cd5,3.5303538,3.4496813,0.00041500444293858627,0.005325890351045191,0.2857142857142857,0.03647234678624813,0.24924193892803756
small_cluster,28,cluster_28,Xaf1,3.5274057,2.1951342,0.0004196533036696696,0.005377135807411134,0.5714285714285714,0.11614349775784753,0.45528507367072385
small_cluster,28,cluster_28,Ssna1,3.523372,2.4052246,0.00042609292550649597,0.005455386472468416,1.0,0.3947683109118087,0.6052316890881912
small_cluster,28,cluster_28,Nup188,3.5198393,2.8385127,0.0004318083790563935,0.0055242505654476675,0.2857142857142857,0.03542600896860987,0.25028827674567583
small_cluster,28,cluster_28,H2-Q7,3.519577,2.9561443,0.0004322356089422754,0.005525406252737536,0.2857142857142857,0.03602391629297459,0.24969036942131112
small_cluster,28,cluster_28,Nedd4l,3.5193267,2.3096921,0.0004326436887078672,0.005526315528425023,0.5714285714285714,0.12077727952167414,0.45065129190689723
small_cluster,28,cluster_28,Med27,3.5182319,2.0952291,0.00043443276625503284,0.005544849649298672,0.5714285714285714,0.11449925261584454,0.45692931881272686
small_cluster,28,cluster_28,Usp21,3.5161877,2.8408422,0.0004377914076096972,0.005583372376521496,0.2857142857142857,0.03542600896860987,0.25028827674567583
small_cluster,28,cluster_28,Kctd6,3.5124314,3.0364883,0.00044402655788102754,0.005654099049539389,0.42857142857142855,0.08056801195814649,0.34800341661328205
small_cluster,28,cluster_28,Asb3,3.5116792,2.3581955,0.0004452852169443943,0.005665727574169908,0.42857142857142855,0.07174887892376682,0.35682254964766175
small_cluster,28,cluster_28,Mrpl28,3.5080812,2.1758642,0.00045135146682989994,0.0057384615561838674,1.0,0.47713004484304933,0.5228699551569507
small_cluster,28,cluster_28,Vrk1,3.5059528,2.834132,0.00045497568081520975,0.005779356765566951,0.42857142857142855,0.07668161434977579,0.3518898142216528
small_cluster,28,cluster_28,Qser1,3.5057793,2.81035,0.00045527278465413697,0.005779356765566951,0.2857142857142857,0.035575485799701045,0.25013879991458465
small_cluster,28,cluster_28,Pip5k1b,3.500884,2.6489248,0.0004637174607902575,0.005877457553648387,0.2857142857142857,0.03572496263079223,0.24998932308349348
small_cluster,28,cluster_28,Ahsa1,3.4999151,2.3919575,0.00046540622292452364,0.005894306920606264,1.0,0.3965620328849028,0.6034379671150971
small_cluster,28,cluster_28,Nek9,3.4979606,3.4773564,0.0004688303599672094,0.00592851714249977,0.2857142857142857,0.03736920777279522,0.24834507794149047
small_cluster,28,cluster_28,Lsm12,3.4934413,2.3877957,0.00047683758222673457,0.00602512572118696,0.5714285714285714,0.12376681614349776,0.4476617552850736
small_cluster,28,cluster_28,Ccdc146,3.4863362,2.7824607,0.0004896851020566724,0.006173193972968089,0.2857142857142857,0.03572496263079223,0.24998932308349348
small_cluster,28,cluster_28,Epn1,3.4804966,2.1180482,0.0005004851059979138,0.006304497867489851,0.8571428571428571,0.24200298953662183,0.6151398676062353
small_cluster,28,cluster_28,Ganc,3.4791806,2.8276172,0.0005029494031908737,0.0063246469077942605,0.2857142857142857,0.03617339312406577,0.24954089259021994
small_cluster,28,cluster_28,Rassf6,3.479132,2.4646702,0.0005030407934423171,0.0063246469077942605,0.42857142857142855,0.07428998505231689,0.35428144351911167
small_cluster,28,cluster_28,Gpx7,3.4790251,2.3413208,0.000503241522752973,0.0063246469077942605,0.42857142857142855,0.07294469357249626,0.35562673499893227
small_cluster,28,cluster_28,Rprd1b,3.4765549,2.4508128,0.0005079001830006819,0.0063734283866826195,0.42857142857142855,0.07369207772795217,0.3548793508434764
small_cluster,28,cluster_28,Phkg2,3.475057,2.5578616,0.0005107450977596369,0.006404228095073246,0.5714285714285714,0.13228699551569506,0.43914157591287634
small_cluster,28,cluster_28,Ezh2,3.4735882,2.5899405,0.0005135485584379532,0.0064344613498402365,0.2857142857142857,0.035575485799701045,0.25013879991458465
small_cluster,28,cluster_28,Rnf25,3.468595,2.717876,0.0005231873066607814,0.006545228845570921,0.42857142857142855,0.07683109118086696,0.3517403373905616
small_cluster,28,cluster_28,Ppp1r35,3.4669318,2.9694095,0.0005264355432687866,0.0065808455374629345,0.7142857142857143,0.25605381165919283,0.45823190262652147
small_cluster,28,cluster_28,2310030G06Rik,3.4659796,2.520647,0.0005283035502673693,0.006599167195685547,0.5714285714285714,0.1334828101644245,0.43794576126414686
small_cluster,28,cluster_28,Fmr1,3.461697,2.2914119,0.0005367810827102661,0.006694864287095874,0.42857142857142855,0.07189835575485799,0.35667307281657057
small_cluster,28,cluster_28,Hmbox1,3.4608681,2.9468863,0.0005384364684586433,0.006710407689354261,0.2857142857142857,0.03662182361733931,0.24909246209694638
small_cluster,28,cluster_28,Ankle2,3.4566026,3.0218735,0.0005470309317691732,0.00681234192251041,0.2857142857142857,0.037070254110612856,0.24864403160367285
small_cluster,28,cluster_28,Rnf126,3.454494,2.4084122,0.0005513266874583418,0.006860628984070002,0.7142857142857143,0.20911808669656204,0.5051676275891522
small_cluster,28,cluster_28,Ebp,3.4524038,2.1200764,0.0005556157050096122,0.006908759043110424,1.0,0.5083707025411062,0.49162929745889383
small_cluster,28,cluster_28,Hras,3.4490001,2.3509545,0.0005626666848932071,0.006991133559798099,1.0,0.4968609865470852,0.5031390134529148
small_cluster,28,cluster_28,Dis3l2,3.446884,3.3895643,0.000567092146263322,0.007040785988542578,0.2857142857142857,0.038266068759342305,0.2474482169549434
small_cluster,28,cluster_28,Ikbkg,3.445365,2.4959843,0.0005702889037428117,0.007075119750594444,0.42857142857142855,0.0757847533632287,0.35278667520819984
small_cluster,28,cluster_28,Klhdc3,3.438186,2.4654858,0.0005856256553707637,0.007254415690132852,0.42857142857142855,0.07623318385650224,0.3523382447149263
small_cluster,28,cluster_28,Sec14l3,3.4366896,2.5727522,0.0005888700183514319,0.007284488471130333,0.8571428571428571,0.4693572496263079,0.38778560751654917
small_cluster,28,cluster_28,Exosc3,3.4366567,2.1108792,0.0005889416323833195,0.007284488471130333,0.8571428571428571,0.2569506726457399,0.6001921844971172
small_cluster,28,cluster_28,Hmgb2,3.4248595,2.4396608,0.0006151173868706295,0.007585368618094131,1.0,0.5869955156950672,0.41300448430493275
small_cluster,28,cluster_28,Akr1b3,3.4228148,2.4323883,0.0006197625436047667,0.007636908698468654,0.5714285714285714,0.13243647234678624,0.43899209908178516
small_cluster,28,cluster_28,Rab3ip,3.422069,2.3031306,0.0006214653532690144,0.007652142086310139,0.8571428571428571,0.3029895366218236,0.5541533205210335
small_cluster,28,cluster_28,Gmpr,3.4210284,2.9974396,0.0006238484433858027,0.007669968755600112,0.5714285714285714,0.1553064275037369,0.4161221439248345
small_cluster,28,cluster_28,Msl3,3.4211476,2.597961,0.0006235748328539635,0.007669968755600112,0.42857142857142855,0.07742899850523169,0.35114243006619683
small_cluster,28,cluster_28,Syt5,3.4195273,2.5321834,0.00062730053379015,0.007706633748833147,0.2857142857142857,0.03617339312406577,0.24954089259021994
small_cluster,28,cluster_28,Anks1,3.4183407,3.2320225,0.0006300416420817599,0.00772873071935897,0.2857142857142857,0.03856502242152467,0.24714926329276105
small_cluster,28,cluster_28,Isca1,3.418487,2.1705153,0.000629703188707021,0.00772873071935897,0.5714285714285714,0.12137518684603886,0.4500533845825325
small_cluster,28,cluster_28,Hspb11,3.417345,2.360608,0.0006323505919944625,0.007751257144470239,0.7142857142857143,0.1953662182361734,0.5189194960495409
small_cluster,28,cluster_28,Pop7,3.4113948,2.3668113,0.000646314156463756,0.007904696853215556,0.7142857142857143,0.21255605381165918,0.5017296604740551
small_cluster,28,cluster_28,Exoc5,3.4092367,2.410463,0.0006514495829562185,0.007961568263833785,0.42857142857142855,0.07518684603886397,0.35338458253256455
small_cluster,28,cluster_28,Zfp777,3.4072366,3.230621,0.0006562421511810049,0.008014167923692972,0.2857142857142857,0.03856502242152467,0.24714926329276105
small_cluster,28,cluster_28,Ubr7,3.4036295,2.8379605,0.0006649686205545982,0.008108661967075067,0.2857142857142857,0.03736920777279522,0.24834507794149047
small_cluster,28,cluster_28,Arhgap27os1,3.4017189,2.8834343,0.0006696348711620977,0.008147389853063474,0.2857142857142857,0.03781763826606876,0.24789664744821693
small_cluster,28,cluster_28,Cbfb,3.400057,2.65218,0.0006737178334026926,0.008190990500843261,0.5714285714285714,0.13632286995515694,0.43510570147341443
small_cluster,28,cluster_28,AI987944,3.3998506,3.287752,0.0006742270467184161,0.008191109476465735,0.2857142857142857,0.039013452914798206,0.24670083279948749
small_cluster,28,cluster_28,Pnkp,3.3945992,2.2457695,0.0006872916043943708,0.008343648855419746,0.5714285714285714,0.1266068759342302,0.4448216954943412
small_cluster,28,cluster_28,Hddc2,3.3933423,2.4958382,0.0006904530575184061,0.008369638282601167,0.5714285714285714,0.13273542600896862,0.4386931454196028
small_cluster,28,cluster_28,Ppp2r5d,3.3885539,2.8481696,0.0007026222776077782,0.008510862610816227,0.2857142857142857,0.03796711509715994,0.24774717061712576
small_cluster,28,cluster_28,Wrb,3.3873763,2.9132962,0.0007056454062997027,0.008534874858939103,0.2857142857142857,0.03796711509715994,0.24774717061712576
small_cluster,28,cluster_28,Ubl4a,3.387399,2.0932417,0.0007055870232426951,0.008534874858939103,0.8571428571428571,0.26606875934230195,0.5910740978005551
small_cluster,28,cluster_28,Ubfd1,3.383317,2.5394545,0.0007161588793292257,0.008642915216982067,0.5714285714285714,0.14005979073243646,0.43136878069613493
small_cluster,28,cluster_28,Fam134b,3.3742795,2.7950504,0.0007400916748380082,0.008905626611670854,0.5714285714285714,0.14588938714499253,0.42553918428357884
small_cluster,28,cluster_28,Pan3,3.3742766,2.79409,0.0007400993275841336,0.008905626611670854,0.2857142857142857,0.03811659192825112,0.24759769378603458
small_cluster,28,cluster_28,K230010J24Rik,3.373834,2.8488026,0.0007412910445847736,0.008913426995773367,0.2857142857142857,0.03796711509715994,0.24774717061712576
small_cluster,28,cluster_28,Rab23,3.3718057,2.5197763,0.0007467714536375041,0.008963368791302877,0.2857142857142857,0.037219730941704034,0.24849455477258167
small_cluster,28,cluster_28,Srrt,3.3716903,2.4660387,0.00074708402766362,0.008963368791302877,0.5714285714285714,0.13662182361733932,0.4348067478112321
small_cluster,28,cluster_28,Pop4,3.3696253,2.2041209,0.0007527042591408923,0.009024197773515917,0.42857142857142855,0.07503736920777279,0.3535340593636558
small_cluster,28,cluster_28,Pdss2,3.3690321,3.6865432,0.0007543264109873547,0.009033003424421466,0.2857142857142857,0.04005979073243647,0.24565449498184921
small_cluster,28,cluster_28,Znrd1as,3.368954,2.2234852,0.0007545402531222127,0.009033003424421466,0.42857142857142855,0.07548579970104634,0.3530856288703822
small_cluster,28,cluster_28,Wdr33,3.365305,2.670295,0.0007645912326847071,0.009135104112909262,0.42857142857142855,0.08086696562032884,0.3477044629510997
small_cluster,28,cluster_28,Nhlrc2,3.3653016,2.648252,0.0007646005687765315,0.009135104112909262,0.2857142857142857,0.03766816143497758,0.2480461242793081
small_cluster,28,cluster_28,Chtf8,3.3649778,2.1493578,0.0007654983807348306,0.009135104112909262,0.5714285714285714,0.12316890881913303,0.4482596626094384
small_cluster,28,cluster_28,Snx14,3.360275,2.6808608,0.000778649251079748,0.009267508248881675,0.42857142857142855,0.08161434977578476,0.3469570787956438
small_cluster,28,cluster_28,Tfdp2,3.359717,2.1778808,0.0007802240026714511,0.009279516945478223,0.42857142857142855,0.07443946188340807,0.3541319666880205
small_cluster,28,cluster_28,Mast2,3.3591423,3.075878,0.0007818480047604056,0.009292093569619863,0.2857142857142857,0.039162929745889384,0.2465513559683963
small_cluster,28,cluster_28,Fam210b,3.3567302,2.5257666,0.0007887000250780514,0.00936674084815722,0.5714285714285714,0.14095665171898356,0.43047191970958787
small_cluster,28,cluster_28,Ift81,3.3563633,2.6251552,0.0007897475849767715,0.009372395181768472,0.42857142857142855,0.08011958146487294,0.34845184710655563
small_cluster,28,cluster_28,Arl3,3.3556998,2.283582,0.0007916444438185619,0.009388113176477392,0.8571428571428571,0.41614349775784754,0.44099935938500956
small_cluster,28,cluster_28,Anapc7,3.3548176,2.332586,0.0007941729908127686,0.009411294235780505,0.42857142857142855,0.07742899850523169,0.35114243006619683
small_cluster,28,cluster_28,Mtg1,3.3537445,2.640113,0.0007972593779795279,0.009427434072272702,0.42857142857142855,0.08086696562032884,0.3477044629510997
small_cluster,28,cluster_28,Gas2l1,3.3538814,2.4994845,0.0007968655284586754,0.009427434072272702,0.5714285714285714,0.14080717488789238,0.430621396540679
small_cluster,28,cluster_28,Tmem97,3.3498654,2.8508613,0.0008085080215360569,0.00955355912191129,0.2857142857142857,0.039013452914798206,0.24670083279948749
small_cluster,28,cluster_28,Adgre5,3.345646,2.7904944,0.0008209114694199619,0.009686164755364601,0.5714285714285714,0.15635276532137518,0.4150758061071962
small_cluster,28,cluster_28,Abt1,3.3456466,2.3677068,0.0008209092236792701,0.009686164755364601,0.5714285714285714,0.13273542600896862,0.4386931454196028
small_cluster,28,cluster_28,Tcea3,3.3394496,2.5595386,0.000839445365227599,0.009869350132686631,0.7142857142857143,0.24648729446935724,0.46779841981635706
small_cluster,28,cluster_28,Sec24c,3.338973,2.257253,0.0008408875617847373,0.00987922414099676,0.5714285714285714,0.1312406576980568,0.4401879137305146
small_cluster,28,cluster_28,Tprkb,3.336361,2.5014408,0.0008488285285130143,0.00995113416450461,0.42857142857142855,0.07832585949177877,0.35024556907964977
small_cluster,28,cluster_28,Setd1a,3.3341725,2.8961065,0.0008555356226408111,0.010022599819237104,0.2857142857142857,0.039013452914798206,0.24670083279948749
small_cluster,28,cluster_28,Cbx3,3.3327732,3.1310623,0.0008598497699218985,0.010065950090284837,0.2857142857142857,0.03991031390134529,0.2458039718129404
small_cluster,28,cluster_28,Ift20,3.3320713,2.6968417,0.0008620217650254563,0.010076991424221318,0.8571428571428571,0.510762331838565,0.3463805253042921
small_cluster,28,cluster_28,Zyg11b,3.3318706,2.5944643,0.0008626438768324178,0.01007708135607442,0.2857142857142857,0.03841554559043348,0.24729874012385222
small_cluster,28,cluster_28,Ak6,3.3296132,2.262703,0.0008696671572846542,0.010151893983363426,0.7142857142857143,0.20717488789237667,0.5071108263933376
small_cluster,28,cluster_28,Fam160b1,3.3289223,2.7586954,0.000871827470182256,0.010169873640440384,0.2857142857142857,0.03886397608370702,0.2468503096305787
small_cluster,28,cluster_28,Chchd6,3.3279119,2.12331,0.0008749954875059147,0.010199574264807752,0.8571428571428571,0.273542600896861,0.5836002562459961
small_cluster,28,cluster_28,Lyrm4,3.3267024,2.9287755,0.000878801825140951,0.010229402934092788,0.2857142857142857,0.03931240657698057,0.24640187913730513
small_cluster,28,cluster_28,Efcab1,3.324847,2.3991988,0.0008846707576085556,0.010283121967071525,0.2857142857142857,0.037219730941704034,0.24849455477258167
small_cluster,28,cluster_28,Ppm1b,3.3200865,2.2347193,0.0008998956437154073,0.010415799895960759,0.5714285714285714,0.12929745889387145,0.44213111253469994
small_cluster,28,cluster_28,1110059E24Rik,3.3201444,2.124856,0.000899709306545233,0.010415799895960759,0.5714285714285714,0.12526158445440957,0.4461669869741618
small_cluster,28,cluster_28,Acot13,3.316201,2.2903652,0.0009125018239937205,0.010546823407555328,0.8571428571428571,0.32062780269058294,0.5365150544522741
small_cluster,28,cluster_28,Erdr1,3.3129923,2.1177459,0.000923034860591779,0.010661052639835049,0.5714285714285714,0.12556053811659193,0.44586803331197944
small_cluster,28,cluster_28,Chd4,3.3118296,2.2876806,0.0009268803128540783,0.01069793385722712,0.8571428571428571,0.3131539611360239,0.5439888960068332
small_cluster,28,cluster_28,Rdh11,3.3111565,2.880074,0.00092911264717296,0.010708627214535289,0.2857142857142857,0.039461883408071746,0.24625240230621395
small_cluster,28,cluster_28,Lyar,3.3084478,2.7566755,0.0009381467304211129,0.010805157672497663,0.5714285714285714,0.15814648729446937,0.41328208413410206
small_cluster,28,cluster_28,Trim27,3.3039215,2.8433917,0.0009534253582399823,0.010965728822225771,0.5714285714285714,0.15665171898355754,0.41477685244501383
small_cluster,28,cluster_28,Ctdp1,3.3006425,2.7483778,0.0009646375373078727,0.011086279562701903,0.2857142857142857,0.03931240657698057,0.24640187913730513
small_cluster,28,cluster_28,Papd7,3.3004618,2.6111538,0.0009652586559074641,0.011086279562701903,0.2857142857142857,0.039013452914798206,0.24670083279948749
small_cluster,28,cluster_28,Arih1,3.3000858,2.1914718,0.0009665530850704138,0.011093377990370789,0.5714285714285714,0.13034379671150972,0.44108477471706165
small_cluster,28,cluster_28,Gm1673,3.2980611,2.688083,0.000973549373314726,0.01116586242778659,0.2857142857142857,0.03886397608370702,0.2468503096305787
small_cluster,28,cluster_28,Ndufaf7,3.2940001,2.0867763,0.0009877247351503516,0.011320526471838515,0.7142857142857143,0.19820627802690582,0.5160794362588085
small_cluster,28,cluster_28,Nup93,3.290581,2.6164386,0.0009998070806680063,0.011443011814400538,0.2857142857142857,0.039013452914798206,0.24670083279948749
small_cluster,28,cluster_28,Ddb1,3.2845232,2.084959,0.0010215506325591986,0.011683718217994013,0.8571428571428571,0.2970104633781764,0.5601323937646807
small_cluster,28,cluster_28,Tmem54,3.2818358,3.2180297,0.0010313365028931322,0.011779213080745306,0.42857142857142855,0.09417040358744394,0.3344010249839846
small_cluster,28,cluster_28,Stard7,3.2811804,2.87279,0.0010337362271367616,0.011790200181689865,0.42857142857142855,0.08684603886397609,0.3417253897074525
small_cluster,28,cluster_28,Hdhd2,3.2812312,2.3291273,0.0010335501282698663,0.011790200181689865,0.5714285714285714,0.13662182361733932,0.4348067478112321
small_cluster,28,cluster_28,Slc10a7,3.2779856,2.8375964,0.0010455070898402264,0.011907890125326078,0.2857142857142857,0.040209267563527655,0.24550501815075804
small_cluster,28,cluster_28,Arl8b,3.278078,2.4861147,0.0010451644847250688,0.011907890125326078,0.5714285714285714,0.14349775784753363,0.4279308135810378
small_cluster,28,cluster_28,Fbxl17,3.2759194,2.8492587,0.001053186025138615,0.011987025675432634,0.2857142857142857,0.04035874439461883,0.24535554131966686
small_cluster,28,cluster_28,Vbp1,3.2750757,2.3007715,0.0010563368351900017,0.012014549538107641,0.7142857142857143,0.20568011958146487,0.5086055947042494
small_cluster,28,cluster_28,Fam69a,3.2742038,2.8258164,0.001059602031985318,0.012043335361463065,0.2857142857142857,0.04035874439461883,0.24535554131966686
small_cluster,28,cluster_28,Stk40,3.2734025,2.738979,0.0010626109904782292,0.01206917095210072,0.42857142857142855,0.08460388639760837,0.3439675421738202
small_cluster,28,cluster_28,Pin1,3.2698963,2.1273851,0.0010758694417488523,0.012211304300431089,1.0,0.41988041853512703,0.580119581464873
small_cluster,28,cluster_28,Cog7,3.2675765,2.5929017,0.001084725305284062,0.012303305485452214,0.42857142857142855,0.08505231689088191,0.3435191116805466
small_cluster,28,cluster_28,Ccdc92,3.2671757,3.4409544,0.0010862627642043141,0.012306406814414137,0.2857142857142857,0.04170403587443946,0.24401024983984623
small_cluster,28,cluster_28,Gmcl1,3.2668638,2.1843092,0.0010874599158334855,0.012306406814414137,0.42857142857142855,0.07757847533632287,0.3509929532351057
small_cluster,28,cluster_28,Lsm3,3.2661781,2.1562235,0.0010900966253856543,0.01231313688219705,0.7142857142857143,0.19431988041853512,0.5199658338671792
small_cluster,28,cluster_28,Ttc9,3.2655628,2.0185838,0.0010924674328908351,0.012331423514688635,0.8571428571428571,0.2747384155455904,0.5824044415972667
small_cluster,28,cluster_28,Cmss1,3.2653089,2.9483917,0.0010934479738712902,0.012334002901969073,0.2857142857142857,0.04050822122571002,0.24520606448857568
small_cluster,28,cluster_28,Flii,3.2642674,2.181631,0.001097475440853337,0.012370924196175657,0.5714285714285714,0.13378176382660686,0.4376468076019645
small_cluster,28,cluster_28,Gtf2b,3.2637334,2.589575,0.0010995457175850903,0.012385748155297435,0.8571428571428571,0.3617339312406577,0.49540892590219937
small_cluster,28,cluster_28,Cstf2,3.262549,3.1630352,0.0011041514798777877,0.01242056819031248,0.2857142857142857,0.041405082212257104,0.2443092035020286
small_cluster,28,cluster_28,Clk2,3.2599058,2.79498,0.001114492013904029,0.012528295764249473,0.2857142857142857,0.04035874439461883,0.24535554131966686
small_cluster,28,cluster_28,Mars,3.258791,2.845391,0.0011188806292803818,0.012560411499539728,0.42857142857142855,0.08938714499252616,0.3391842835789024
small_cluster,28,cluster_28,Fam193a,3.2589579,2.594581,0.0011182223103916476,0.012560411499539728,0.2857142857142857,0.03976083707025411,0.2459534486440316
small_cluster,28,cluster_28,Arl6ip4,3.2582614,2.310406,0.0011209712138734878,0.01257527283087488,0.7142857142857143,0.2258594917787743,0.48842622250694
small_cluster,28,cluster_28,0610009B22Rik,3.257747,2.053483,0.0011230052992721624,0.01258948046026161,0.8571428571428571,0.28475336322869954,0.5723894939141576
small_cluster,28,cluster_28,Cdv3,3.256404,2.455024,0.0011283313427078677,0.012631919694028491,0.5714285714285714,0.14484304932735426,0.42658552210121714
small_cluster,28,cluster_28,Hdac10,3.2559338,3.3215585,0.00113020102525714,0.012644220337818795,0.2857142857142857,0.042152466367713005,0.2435618193465727
small_cluster,28,cluster_28,Wbp11,3.2529721,2.596168,0.0011420467644759223,0.012768036117361692,0.5714285714285714,0.1523168908819133,0.4191116805466581
small_cluster,28,cluster_28,Psmc4,3.252641,2.0739589,0.0011433784786216731,0.01277421691272075,1.0,0.543796711509716,0.456203288490284
small_cluster,28,cluster_28,Chchd4,3.248325,2.2136443,0.0011608655385012586,0.012951942650992613,0.7142857142857143,0.2179372197309417,0.4963484945547726
small_cluster,28,cluster_28,Ano6,3.2420726,2.1778128,0.001186637545286222,0.013212520285294859,0.42857142857142855,0.08026905829596413,0.3483023702754644
small_cluster,28,cluster_28,Ids,3.2400165,2.8408475,0.0011952276401791442,0.013290121034968233,0.2857142857142857,0.04095665171898356,0.24475763399530215
small_cluster,28,cluster_28,Rilpl2,3.2377975,2.2471035,0.0012045630484428039,0.013375787784367248,0.7142857142857143,0.22451420029895366,0.48977151398676066
small_cluster,28,cluster_28,Phf3,3.2356143,2.550566,0.001213812802176283,0.013460273001009613,0.5714285714285714,0.14917787742899852,0.4222506939995729
small_cluster,28,cluster_28,Chic2,3.2298038,2.2522345,0.0012387521294090662,0.013727549780025739,0.8571428571428571,0.3819133034379671,0.47522955370489
small_cluster,28,cluster_28,Rab15,3.2285657,2.5468333,0.0012441271127328895,0.01376850794597309,0.5714285714285714,0.15665171898355754,0.41477685244501383
small_cluster,28,cluster_28,Zc2hc1c,3.2262518,2.7034545,0.001254229691131453,0.013870951560517169,0.2857142857142857,0.040657698056801195,0.2450565876574845
small_cluster,28,cluster_28,Yif1b,3.2197082,2.2047844,0.0012832118043053097,0.014153299799873158,0.8571428571428571,0.3400597907324365,0.5170830664104207
small_cluster,28,cluster_28,Upp2,3.2150385,3.0158026,0.0013042700687061304,0.014356599595200834,0.2857142857142857,0.042152466367713005,0.2435618193465727
small_cluster,28,cluster_28,Prkrip1,3.2148163,2.1867604,0.0013052802387217035,0.014358082625938738,0.5714285714285714,0.13766816143497757,0.43376040999359383
small_cluster,28,cluster_28,Sos2,3.21446,2.7356424,0.0013069017429336858,0.014366283837704679,0.2857142857142857,0.04095665171898356,0.24475763399530215
small_cluster,28,cluster_28,Banf1,3.2103243,2.004192,0.00132585349008452,0.014564851366963304,1.0,0.4617339312406577,0.5382660687593424
small_cluster,28,cluster_28,Ddx41,3.20637,2.538077,0.0013442097636312937,0.014746745373456086,0.5714285714285714,0.1493273542600897,0.4221012171684817
small_cluster,28,cluster_28,Wdfy1,3.2010658,3.4967139,0.0013692024582325215,0.015000861401116625,0.2857142857142857,0.04424514200298953,0.24146914371129616
small_cluster,28,cluster_28,Snx5,3.2005935,2.3320942,0.001371449076520014,0.015015444795730807,0.7142857142857143,0.22062780269058296,0.49365791159513134
small_cluster,28,cluster_28,Triobp,3.197453,2.6726925,0.0013864693608155764,0.01516976917060458,0.42857142857142855,0.08789237668161436,0.3406790518898142
small_cluster,28,cluster_28,Tnks2,3.19656,2.4016325,0.0013907698875522624,0.015206677950496437,0.42857142857142855,0.08505231689088191,0.3435191116805466
small_cluster,28,cluster_28,B230219D22Rik,3.193287,2.2470589,0.001406630791238124,0.015369854501729827,0.5714285714285714,0.13991031390134528,0.4315182575272261
small_cluster,28,cluster_28,Pim2,3.191421,2.9762273,0.001415748100965985,0.015459177499296352,0.2857142857142857,0.04245142002989537,0.24326286568439032
small_cluster,28,cluster_28,Gse1,3.187255,2.5618594,0.001436301209569168,0.015662750091851016,0.42857142857142855,0.08759342301943199,0.34097800555199653
small_cluster,28,cluster_28,Wdyhv1,3.1861367,2.525539,0.0014418643731089753,0.015702534915909897,0.42857142857142855,0.08669656203288491,0.34187486653854365
small_cluster,28,cluster_28,Nhp2,3.178913,2.2262592,0.0014782843258501432,0.016077812485588993,0.8571428571428571,0.44887892376681615,0.40826393337604094
small_cluster,28,cluster_28,Nbn,3.1782827,2.6589484,0.0014815024984372056,0.016091471838985832,0.2857142857142857,0.04155455904334828,0.2441597266709374
small_cluster,28,cluster_28,Tipin,3.1772313,2.6368682,0.001486884531819854,0.01613924103664952,0.42857142857142855,0.08893871449925261,0.33963271407217593
small_cluster,28,cluster_28,Lsm2,3.1747634,2.2341583,0.001499586999177602,0.01625560236187168,0.7142857142857143,0.2266068759342302,0.48767883835148407
small_cluster,28,cluster_28,Braf,3.1732063,2.6625226,0.0015076529193620678,0.016321462396341434,0.2857142857142857,0.04155455904334828,0.2441597266709374
small_cluster,28,cluster_28,Nudt1,3.1725736,2.068688,0.0015109432142005263,0.016346292649144348,0.5714285714285714,0.1352765321375187,0.43615203929105273
small_cluster,28,cluster_28,Mbd1,3.1688373,2.5233378,0.0015305007883910464,0.016514304888422076,0.2857142857142857,0.04125560538116592,0.2444586803331198
small_cluster,28,cluster_28,Phf21a,3.1656406,2.1358516,0.0015474185649553306,0.016674909253503532,0.42857142857142855,0.08251121076233184,0.3460602178090967
small_cluster,28,cluster_28,Ube2m,3.1652887,2.7692134,0.001549291262876562,0.016684127381771826,0.7142857142857143,0.29342301943198806,0.42086269485372624
small_cluster,28,cluster_28,Ccl27a,3.1641278,2.5612943,0.0015554846739761782,0.01672885517238249,0.42857142857142855,0.08923766816143498,0.3393337604099936
small_cluster,28,cluster_28,Fam122a,3.1571248,2.100652,0.0015933318062332528,0.01709106275607036,0.5714285714285714,0.13811659192825113,0.4333119795003203
small_cluster,28,cluster_28,Kif3b,3.1553535,3.1879086,0.0016030377619136612,0.017183936165454876,0.2857142857142857,0.04394618834080718,0.2417680973734785
small_cluster,28,cluster_28,Ubn2,3.1548145,2.4072912,0.001606002311908806,0.01720447022705181,0.42857142857142855,0.08699551569506726,0.3415759128763613
small_cluster,28,cluster_28,Iqgap1,3.1535263,2.0223796,0.0016131070344788836,0.01726930056950925,0.8571428571428571,0.32002989536621823,0.5371129617766388
small_cluster,28,cluster_28,Rnf26,3.1517327,2.622728,0.001623048106540196,0.01736439138640949,0.2857142857142857,0.04185351270553064,0.24386077300875506
small_cluster,28,cluster_28,Coa6,3.1492503,2.4282596,0.0016368988820110065,0.017501159428854312,0.5714285714285714,0.15829596412556055,0.4131326073030108
small_cluster,28,cluster_28,Smad5,3.1487987,2.6590548,0.0016394309930824588,0.017507695587192486,0.42857142857142855,0.09133034379671151,0.33724108477471704
small_cluster,28,cluster_28,Ift172,3.1475403,2.0655062,0.0016465041906173045,0.017569495920829157,0.5714285714285714,0.13946188340807175,0.43196668802049965
small_cluster,28,cluster_28,Oxct1,3.1436913,2.549958,0.001668312882712383,0.01776753220088688,0.7142857142857143,0.24902840059790732,0.465257313687807
small_cluster,28,cluster_28,Smim8,3.1427643,2.1119587,0.0016736049718960916,0.017812326504910967,0.5714285714285714,0.13991031390134528,0.4315182575272261
small_cluster,28,cluster_28,Hap1,3.1388218,2.3954978,0.0016962851796116121,0.018018635512182673,0.2857142857142857,0.04200298953662182,0.24371129617766388
small_cluster,28,cluster_28,Sik3,3.1364622,2.7939034,0.0017099945055405366,0.01814076318587991,0.2857142857142857,0.04304932735426009,0.2426649583600256
small_cluster,28,cluster_28,Nap1l1,3.1340442,2.4409938,0.0017241486715513993,0.018279096549524563,0.7142857142857143,0.2759342301943199,0.4383514840913944
small_cluster,28,cluster_28,Sec23ip,3.1284935,2.5729542,0.001757048398193474,0.018591839212110432,0.2857142857142857,0.04275037369207773,0.24296391202220796
small_cluster,28,cluster_28,Pkd1,3.1282601,2.7612596,0.0017584444952957387,0.01859461519493579,0.2857142857142857,0.04319880418535127,0.24251548152893443
small_cluster,28,cluster_28,Dap3,3.1236684,2.3933077,0.0017861164663789733,0.018844589965758985,0.7142857142857143,0.25276532137518687,0.46152039291052743
small_cluster,28,cluster_28,Pdlim7,3.1224103,2.3122485,0.0017937674997792156,0.018907185580899044,0.42857142857142855,0.08579970104633781,0.3427717275250907
small_cluster,28,cluster_28,Zfp110,3.1215515,2.5265143,0.0017990074506113965,0.018939981892817707,0.2857142857142857,0.04230194319880418,0.24341234251548152
small_cluster,28,cluster_28,Clasp1,3.1211603,2.5804482,0.0018013989861090992,0.018951087088630747,0.2857142857142857,0.042600896860986545,0.24311338885329914
small_cluster,28,cluster_28,Slc35e1,3.1194735,2.867541,0.0018117463638472582,0.019047725713755695,0.2857142857142857,0.043796711509715994,0.24191757420456972
small_cluster,28,cluster_28,Capn10,3.1149297,2.4867437,0.0018398878448446085,0.01930646227978018,0.2857142857142857,0.04245142002989537,0.24326286568439032
small_cluster,28,cluster_28,Dvl1,3.1070666,2.607283,0.0018895383656257468,0.01978947556489647,0.2857142857142857,0.04304932735426009,0.2426649583600256
small_cluster,28,cluster_28,Sys1,3.106187,2.0021706,0.0018951669790810784,0.019835758534721613,1.0,0.547085201793722,0.452914798206278
small_cluster,28,cluster_28,Tulp3,3.1058547,2.4217286,0.0018972987554622036,0.019845406178785458,0.42857142857142855,0.08729446935724963,0.3412769592141789
small_cluster,28,cluster_28,Atp6v0e2,3.1007085,3.247156,0.0019305832558662492,0.020154994258091887,0.42857142857142855,0.10358744394618834,0.3249839846252402
small_cluster,28,cluster_28,Nvl,3.0998547,2.419964,0.0019361559158332109,0.020200313724923976,0.2857142857142857,0.04245142002989537,0.24326286568439032
small_cluster,28,cluster_28,Ufsp2,3.097842,2.2119675,0.001949353447482605,0.02027352307683082,0.5714285714285714,0.14872944693572496,0.4226991244928464
small_cluster,28,cluster_28,Sdccag8,3.0963845,2.3766682,0.001958961504490847,0.02036053715789251,0.2857142857142857,0.04230194319880418,0.24341234251548152
small_cluster,28,cluster_28,Ldlrad4,3.0928218,2.6052113,0.001982630955384861,0.020567444844571226,0.2857142857142857,0.04319880418535127,0.24251548152893443
small_cluster,28,cluster_28,Sh3bp5l,3.086361,2.9267802,0.002026227656980151,0.020966662335729625,0.2857142857142857,0.04469357249626308,0.24102071321802263
small_cluster,28,cluster_28,Setd4,3.0855274,3.2343624,0.002031914814235178,0.021012254015303374,0.2857142857142857,0.04648729446935725,0.23922699124492844
small_cluster,28,cluster_28,Med1,3.0791135,2.933246,0.002076175558812182,0.02141594675476641,0.2857142857142857,0.04514200298953662,0.24057228272474906
small_cluster,28,cluster_28,Mapk8,3.0756948,2.7285936,0.0021001265054190585,0.02163578820061431,0.2857142857142857,0.04424514200298953,0.24146914371129616
small_cluster,28,cluster_28,Zc3h14,3.0724356,2.4945593,0.0021231958048690794,0.021859720273482593,0.5714285714285714,0.16218236173393125,0.40924620969464015
small_cluster,28,cluster_28,Cd320,3.0715425,3.3981197,0.002129558345467724,0.02191147203514187,0.42857142857142855,0.10926756352765321,0.31930386504377534
small_cluster,28,cluster_28,Prpf40b,3.0702622,2.5192835,0.0021387085593785847,0.021991823876092897,0.2857142857142857,0.043647234678624816,0.2420670510356609
small_cluster,28,cluster_28,Pfdn2,3.0693042,2.0025966,0.002145579901082275,0.02204865661506917,0.8571428571428571,0.5707025411061285,0.2864403160367286
small_cluster,28,cluster_28,Hdlbp,3.0621545,2.295304,0.0021974993383222885,0.022539829048044937,0.7142857142857143,0.2825112107623318,0.4317745035233825
small_cluster,28,cluster_28,Ndufs5,3.0611086,2.379667,0.002205191825974979,0.022595975173066184,0.42857142857142855,0.09103139013452914,0.3375400384368994
small_cluster,28,cluster_28,Rab28,3.0610356,2.1935852,0.002205728690450519,0.022595975173066184,0.7142857142857143,0.24708520179372198,0.46720051249199235
small_cluster,28,cluster_28,Dazap1,3.059926,2.0270648,0.002213916411123355,0.022651555245685684,0.8571428571428571,0.3846038863976084,0.4725389707452487
small_cluster,28,cluster_28,Ppp2cb,3.0566838,2.2411797,0.0022380028407805058,0.022883718573342315,0.5714285714285714,0.14857997010463378,0.42284860132393765
small_cluster,28,cluster_28,Exosc9,3.055604,2.4146192,0.0022460767037071677,0.02295196511993848,0.42857142857142855,0.09162929745889387,0.3369421311125347
small_cluster,28,cluster_28,Ddx1,3.0532327,2.101745,0.0022639037304279515,0.023119729192247095,0.7142857142857143,0.2219730941704036,0.49231262011531074
small_cluster,28,cluster_28,Mul1,3.0512846,2.6551125,0.002278645388155672,0.023226888136197124,0.42857142857142855,0.09730941704035874,0.3312620115310698
small_cluster,28,cluster_28,Blzf1,3.0510714,2.0544775,0.002280263145975777,0.023228941526179325,0.42857142857142855,0.08565022421524664,0.3429212043561819
small_cluster,28,cluster_28,Foxa2,3.0486631,3.381372,0.002298621047999711,0.023401417633918842,0.2857142857142857,0.04783258594917788,0.2378816997651078
small_cluster,28,cluster_28,D030056L22Rik,3.0472174,2.8103735,0.002309706183045036,0.023499684310249153,0.42857142857142855,0.10254110612855008,0.32603032244287844
small_cluster,28,cluster_28,Qsox2,3.0454917,2.7706068,0.0023230023818093183,0.02362031126103821,0.2857142857142857,0.04514200298953662,0.24057228272474906
small_cluster,28,cluster_28,Pbrm1,3.0429585,2.3510594,0.002342647134794146,0.023805300903196276,0.5714285714285714,0.16068759342301944,0.410740978005552
small_cluster,28,cluster_28,Daglb,3.04048,2.173901,0.0023620149703936035,0.023972405649396965,0.42857142857142855,0.08908819133034379,0.33948323724108476
small_cluster,28,cluster_28,Ep400,3.0393975,2.3466353,0.0023705181243731804,0.02404382669007083,0.42857142857142855,0.09133034379671151,0.33724108477471704
small_cluster,28,cluster_28,Nup214,3.032245,2.4272716,0.002427422179191819,0.024533949869296155,0.2857142857142857,0.04439461883408072,0.24131966688020498
small_cluster,28,cluster_28,Mlec,3.031476,2.52402,0.002433612688862525,0.024577390215538345,0.5714285714285714,0.17787742899850523,0.39355114243006617
small_cluster,28,cluster_28,Gtf2i,3.0279462,2.1257913,0.0024622185901885456,0.024835699322067858,0.7142857142857143,0.25052316890881915,0.46376254537689515
small_cluster,28,cluster_28,Fyco1,3.0269186,2.5823765,0.002470604242461909,0.024904966306464518,0.2857142857142857,0.045291479820627804,0.2404228058936579
small_cluster,28,cluster_28,Brd4,3.0229027,2.2025428,0.002503627065024176,0.02520686770623788,0.5714285714285714,0.1553064275037369,0.4161221439248345
small_cluster,28,cluster_28,Slc25a46,3.0223982,2.1594949,0.0025078035020593115,0.02523342652593544,0.42857142857142855,0.08849028400597907,0.34008114456544947
small_cluster,28,cluster_28,Gas8,3.01523,2.3775878,0.0025678449614709225,0.025758547530938595,0.42857142857142855,0.09312406576980568,0.33544736280162285
small_cluster,28,cluster_28,Nup50,3.0097136,2.3431845,0.0026149409024504547,0.0261829339078693,0.42857142857142855,0.09222720478325859,0.33634422378816997
small_cluster,28,cluster_28,Enpp4,3.0069518,3.263225,0.002638815477672885,0.026389763810556695,0.2857142857142857,0.04887892376681614,0.23683536194746957
small_cluster,28,cluster_28,Phf14,3.0052938,2.5141594,0.0026532444095587328,0.026480366011326383,0.42857142857142855,0.09701046337817638,0.3315609651932522
small_cluster,28,cluster_28,4932438A13Rik,3.005169,2.4899395,0.002654333377392877,0.026480366011326383,0.2857142857142857,0.04544095665171898,0.2402733290625667
small_cluster,28,cluster_28,Ahcyl1,3.0037775,2.5776584,0.0026665029193690655,0.026585601447156257,0.42857142857142855,0.09880418535127056,0.329767243220158
small_cluster,28,cluster_28,Pck2,2.9987054,2.4115324,0.002711292955003879,0.026966595363868178,0.42857142857142855,0.09551569506726458,0.33305573350416395
small_cluster,28,cluster_28,Mtpn,2.9975402,2.2051938,0.002721679017810147,0.027053489437032858,0.5714285714285714,0.15754857997010463,0.41387999145846677
small_cluster,28,cluster_28,2700046G09Rik,2.9968195,3.537599,0.0027281212606177574,0.02710110042119433,0.2857142857142857,0.04857997010463378,0.23713431560965192
small_cluster,28,cluster_28,Galk2,2.9953396,2.0350666,0.0027413944869218256,0.027216471537533208,0.5714285714285714,0.14723467862481315,0.42419389280375824
small_cluster,28,cluster_28,Bbip1,2.9930265,2.182866,0.002762256886646065,0.027407002539553606,0.5714285714285714,0.15784753363228698,0.4135810377962844
small_cluster,28,cluster_28,Nek5,2.9923475,2.5128925,0.0027684105546485725,0.027451451938809695,0.2857142857142857,0.04514200298953662,0.24057228272474906
small_cluster,28,cluster_28,Ccdc137,2.9892724,2.3858962,0.002796426346363037,0.027679051603319356,0.2857142857142857,0.04484304932735426,0.24087123638693145
small_cluster,28,cluster_28,Tgfbr2,2.987972,2.1043963,0.0028083537077514963,0.02776359804751796,0.5714285714285714,0.15306427503736922,0.4183642963912022
small_cluster,28,cluster_28,Stau2,2.9876678,3.4644775,0.0028111489780285833,0.02777449059557036,0.2857142857142857,0.04947683109118087,0.23623745462310483
small_cluster,28,cluster_28,Dek,2.986736,2.1141222,0.0028197295483126635,0.0278257426726089,0.7142857142857143,0.2500747384155456,0.4642109758701687
small_cluster,28,cluster_28,Nop58,2.9839244,2.3762498,0.002845770957608469,0.028048972040707033,0.5714285714285714,0.1633781763826607,0.4080503950459107
small_cluster,28,cluster_28,Tbl1xr1,2.9823432,2.7603421,0.0028605106690425077,0.028160405451960486,0.2857142857142857,0.04678624813153961,0.23892803758274608
small_cluster,28,cluster_28,4932443I19Rik,2.9812028,2.2829359,0.0028711857232741446,0.02824854052034748,0.2857142857142857,0.04469357249626308,0.24102071321802263
small_cluster,28,cluster_28,Nus1,2.980596,2.7500865,0.0028768800176033854,0.028270646595993484,0.42857142857142855,0.10478325859491779,0.3237881699765108
small_cluster,28,cluster_28,Pbdc1,2.9807675,2.4150307,0.0028752705242582784,0.028270646595993484,0.5714285714285714,0.16367713004484305,0.4077514413837283
small_cluster,28,cluster_28,Hgs,2.9800026,2.0790317,0.0028824580650762296,0.02830849983551811,0.5714285714285714,0.15216741405082213,0.41926115737774927
small_cluster,28,cluster_28,Lin7c,2.9797664,2.1932156,0.002884682112882027,0.028313387991249626,0.5714285714285714,0.15739910313901345,0.41402946828955794
small_cluster,28,cluster_28,Taf1a,2.9706132,2.6867573,0.002972057452289894,0.02908395839797527,0.2857142857142857,0.04678624813153961,0.23892803758274608
small_cluster,28,cluster_28,Asns,2.9665344,2.191206,0.0030117670738916114,0.029419887896900726,0.42857142857142855,0.09222720478325859,0.33634422378816997
small_cluster,28,cluster_28,Pigq,2.9666512,2.116133,0.0030106218498918763,0.029419887896900726,0.42857142857142855,0.09162929745889387,0.3369421311125347
small_cluster,28,cluster_28,Ncoa1,2.966189,2.3600533,0.003015151631763894,0.029435417805095017,0.42857142857142855,0.09656203288490284,0.3320093956865257
small_cluster,28,cluster_28,Actr8,2.9657266,2.5770488,0.003019687247788743,0.029462159756682437,0.42857142857142855,0.10089686098654709,0.32767456758488145
small_cluster,28,cluster_28,Mvd,2.9648197,3.2316318,0.0030286048366856434,0.02953159805379384,0.2857142857142857,0.04947683109118087,0.23623745462310483
small_cluster,28,cluster_28,Serf1,2.9644086,2.381106,0.003032652266032544,0.02955349365133675,0.5714285714285714,0.1654708520179372,0.4059577194106342
small_cluster,28,cluster_28,Gosr1,2.9635139,2.464267,0.003041483537477433,0.0296219545713583,0.2857142857142857,0.04588938714499253,0.23982489856929318
small_cluster,28,cluster_28,Thyn1,2.9615102,2.2885382,0.0030613434288879744,0.029780008052901343,0.42857142857142855,0.09521674140508221,0.3333546871663463
small_cluster,28,cluster_28,Chd7,2.9577103,2.5133915,0.003099332768354435,0.0300960075392428,0.2857142857142857,0.04648729446935725,0.23922699124492844
small_cluster,28,cluster_28,Kpna3,2.957385,2.9278204,0.0031026028377056114,0.030109934403082683,0.2857142857142857,0.0484304932735426,0.2372837924407431
small_cluster,28,cluster_28,Mrpl41,2.9499104,2.2974155,0.0031786603041541856,0.030775211126583706,0.7142857142857143,0.2805680119581465,0.4337177023275678
small_cluster,28,cluster_28,Gk,2.9489856,2.3444498,0.0031881891002357885,0.030827492788969128,0.2857142857142857,0.04588938714499253,0.23982489856929318
small_cluster,28,cluster_28,Toporsos,2.9488392,2.309229,0.0031896991197415164,0.030827492788969128,0.5714285714285714,0.16980568011958147,0.4016228913089899
small_cluster,28,cluster_28,Tmprss2,2.9461286,2.0489352,0.003217785260205942,0.031080621939127008,0.7142857142857143,0.24514200298953662,0.4691437112961777
small_cluster,28,cluster_28,Txlng,2.9438055,2.48036,0.003242036929867375,0.03127802805103225,0.2857142857142857,0.04648729446935725,0.23922699124492844
small_cluster,28,cluster_28,Dym,2.9430313,2.2215362,0.003250155591084649,0.031319507549576575,0.42857142857142855,0.09566517189835576,0.3329062566730728
small_cluster,28,cluster_28,Timm44,2.9409745,2.3027444,0.0032718145204044375,0.031454296570429766,0.5714285714285714,0.17279521674140508,0.3986333546871663
small_cluster,28,cluster_28,Kansl1l,2.9383304,2.8383918,0.003299851210526029,0.03167690851289285,0.2857142857142857,0.04828101644245142,0.23743326927183428
small_cluster,28,cluster_28,Otud4,2.9378998,3.0913627,0.003304437522491458,0.031693613921861055,0.2857142857142857,0.049177877428998505,0.2365364082852872
small_cluster,28,cluster_28,Trpm7,2.9366581,2.3313243,0.00331769545845234,0.031783600008222446,0.2857142857142857,0.046038863976083706,0.239675421738202
small_cluster,28,cluster_28,Tpd52l2,2.9351954,2.290363,0.0033333776679536097,0.031915193889146036,0.7142857142857143,0.2865470852017937,0.4277386290839206
small_cluster,28,cluster_28,Ap4m1,2.9349952,2.3021834,0.0033355278036452532,0.03191714790407573,0.2857142857142857,0.04588938714499253,0.23982489856929318
small_cluster,28,cluster_28,Zfx,2.932495,2.3593838,0.003362501882807607,0.03213775837991117,0.2857142857142857,0.04633781763826607,0.23937646807601964
small_cluster,28,cluster_28,Rassf1,2.9320056,2.0001686,0.0033678064799353797,0.03216971116914395,0.7142857142857143,0.23467862481315396,0.47960708947256037
small_cluster,28,cluster_28,Eftud2,2.9302006,2.131088,0.0033874331873800143,0.0323383537288822,0.42857142857142855,0.0929745889387145,0.33559683963271403
small_cluster,28,cluster_28,Fhdc1,2.928229,2.0218897,0.0034089883160120307,0.032516564923078715,0.42857142857142855,0.09147982062780269,0.33709160794362586
small_cluster,28,cluster_28,Pgp,2.9275048,2.7153583,0.0034169385727236944,0.03254425640606348,0.7142857142857143,0.3203288490284006,0.3939568652573137
small_cluster,28,cluster_28,Med13,2.9271243,2.5255625,0.003421122679420016,0.03256519620729407,0.2857142857142857,0.04708520179372197,0.23862908392056373
small_cluster,28,cluster_28,Tmem194,2.9256592,2.478039,0.003437273818151796,0.03269995817372831,0.2857142857142857,0.047234678624813155,0.23847960708947255
small_cluster,28,cluster_28,Shtn1,2.9252663,2.5993922,0.0034416160161146467,0.03270332808823657,0.2857142857142857,0.04738415545590433,0.23833013025838137
small_cluster,28,cluster_28,Golga4,2.9254022,2.486002,0.003440113424238461,0.03270332808823657,0.5714285714285714,0.19222720478325858,0.3792013666453128
small_cluster,28,cluster_28,Appl2,2.924555,2.1340792,0.003449489451508514,0.032759164154135,0.5714285714285714,0.1654708520179372,0.4059577194106342
small_cluster,28,cluster_28,Ctcf,2.9243379,2.342013,0.003451899800406508,0.032763083695872185,0.42857142857142855,0.09745889387144993,0.3311125346999786
small_cluster,28,cluster_28,Gnb1,2.922851,2.0521548,0.0034684246129396577,0.03288186825249903,0.8571428571428571,0.3923766816143498,0.4647661755285073
small_cluster,28,cluster_28,Plce1,2.921695,2.3392265,0.0034813239731182207,0.03298509213351354,0.2857142857142857,0.04618834080717489,0.23952594490711082
small_cluster,28,cluster_28,Eif4enif1,2.9195132,2.8315358,0.0035057861775376143,0.03319769001027391,0.2857142857142857,0.048729446935724965,0.23698483877856075
small_cluster,28,cluster_28,Map7d1,2.9163792,2.6623685,0.003541197300208559,0.03351366238933674,0.42857142857142855,0.10209267563527653,0.32647875293615203
small_cluster,28,cluster_28,Mynn,2.9137485,2.2410839,0.0035711737741149366,0.03375839831081215,0.2857142857142857,0.04633781763826607,0.23937646807601964
small_cluster,28,cluster_28,Naglu,2.9132571,2.469321,0.003576799333211773,0.033792100152077356,0.42857142857142855,0.10134529147982063,0.3272261370916079
small_cluster,28,cluster_28,Ctr9,2.9130766,2.4657333,0.0035788684875332154,0.033792183111129685,0.2857142857142857,0.04738415545590433,0.23833013025838137
small_cluster,28,cluster_28,Rpp30,2.909722,2.4947166,0.0036175032368800193,0.034113533875421924,0.42857142857142855,0.09985052316890881,0.32872090540251975
small_cluster,28,cluster_28,Mavs,2.9072528,2.6825237,0.0036461836989078542,0.03432896604235805,0.2857142857142857,0.04857997010463378,0.23713431560965192
small_cluster,28,cluster_28,Bms1,2.9041102,2.6852198,0.0036829857973904724,0.03465556515375854,0.2857142857142857,0.04857997010463378,0.23713431560965192
small_cluster,28,cluster_28,Nap1l4,2.897356,2.050727,0.003763225092379667,0.035268945565782236,0.7142857142857143,0.24932735426008967,0.46495836002562463
small_cluster,28,cluster_28,Gart,2.8969014,2.4973912,0.003768683552005166,0.03529993086032937,0.42857142857142855,0.1,0.3285714285714285
small_cluster,28,cluster_28,Eif3c,2.8929284,2.2244403,0.0038166844109455986,0.03571780324994065,0.7142857142857143,0.34095665171898354,0.37332906256673076
small_cluster,28,cluster_28,Timm21,2.8928487,2.0349996,0.003817651917391986,0.03571780324994065,0.42857142857142855,0.09237668161434978,0.33619474695707874
small_cluster,28,cluster_28,Efr3a,2.8915176,2.7742324,0.0038338603666438886,0.03584899878752931,0.42857142857142855,0.10807174887892376,0.3204996796925048
small_cluster,28,cluster_28,Mier2,2.889012,2.5324621,0.0038645418514085864,0.03609851024505121,0.2857142857142857,0.04798206278026906,0.23773222293401663
small_cluster,28,cluster_28,Srrm1,2.8889792,2.0588193,0.003864946283172363,0.03609851024505121,0.7142857142857143,0.2556053811659193,0.458680333119795
small_cluster,28,cluster_28,Hiat1,2.882108,2.0883677,0.003950244187390374,0.03672786559942717,0.5714285714285714,0.1624813153961136,0.4089472560324578
small_cluster,28,cluster_28,Irf8,2.8813682,2.5511334,0.003959529017890011,0.03679333451694849,0.2857142857142857,0.04902840059790733,0.23668588511637836
small_cluster,28,cluster_28,Acot1,2.8776608,2.166308,0.004006358283275539,0.03716531798868898,0.42857142857142855,0.09745889387144993,0.3311125346999786
small_cluster,28,cluster_28,S100pbp,2.8766549,2.2857678,0.004019150616879039,0.03726291083517983,0.2857142857142857,0.04783258594917788,0.2378816997651078
small_cluster,28,cluster_28,Prdm2,2.87622,3.2372758,0.004024691708059013,0.037293202657556986,0.2857142857142857,0.05186846038863976,0.23384582532564593
small_cluster,28,cluster_28,Haus1,2.8745918,2.7486298,0.004045501866527468,0.03740150851911894,0.2857142857142857,0.04977578475336323,0.23593850096092248
small_cluster,28,cluster_28,Mgp,2.8747644,2.2479892,0.0040432912145030595,0.03740150851911894,0.42857142857142855,0.10194319880418536,0.3266282297672432
small_cluster,28,cluster_28,Emc8,2.8732083,2.0094836,0.004063262498011227,0.03752340553484354,0.7142857142857143,0.2656203288490284,0.4486653854366859
small_cluster,28,cluster_28,AI846148,2.87188,2.397487,0.004080376868142623,0.03766024817918242,0.2857142857142857,0.04813153961136024,0.23758274610292546
small_cluster,28,cluster_28,Cnot11,2.8704824,2.2542849,0.004098458271410668,0.03774217524391149,0.42857142857142855,0.09925261584454409,0.32931881272688446
small_cluster,28,cluster_28,Ivns1abp,2.8699577,2.078025,0.004105268617460155,0.037783675979216606,0.5714285714285714,0.16083707025411062,0.41059150117446075
small_cluster,28,cluster_28,Hyal3,2.8686507,2.2731462,0.004122266535029886,0.03791884096524126,0.2857142857142857,0.04708520179372197,0.23862908392056373
small_cluster,28,cluster_28,Lrfn4,2.867734,2.4282773,0.004134231116875577,0.03800389932613627,0.2857142857142857,0.048729446935724965,0.23698483877856075
small_cluster,28,cluster_28,Rmnd5b,2.8658428,2.0722923,0.00415900605973525,0.0381711574626289,0.42857142857142855,0.09611360239162929,0.33245782617979924
small_cluster,28,cluster_28,Mlxip,2.8630266,2.4249449,0.0041961523354814255,0.0384690298793912,0.2857142857142857,0.048729446935724965,0.23698483877856075
small_cluster,28,cluster_28,Spag9,2.8626199,2.3081546,0.004201544277206974,0.03849694284383887,0.42857142857142855,0.10074738415545591,0.3278240444159726
small_cluster,28,cluster_28,Muc4,2.8587277,2.1086512,0.004253436865271966,0.03892891630989147,0.5714285714285714,0.16696562032884904,0.40446295109972236
small_cluster,28,cluster_28,Zmym3,2.8581877,2.2359695,0.0042606840876929924,0.03895790264924548,0.2857142857142857,0.04783258594917788,0.2378816997651078
small_cluster,28,cluster_28,Vezf1,2.8581376,2.0430295,0.004261354634031242,0.03895790264924548,0.5714285714285714,0.1579970104633782,0.4134315609651932
small_cluster,28,cluster_28,Tmem33,2.8568742,2.0042105,0.004278352173796277,0.03909150640804052,0.8571428571428571,0.3333333333333333,0.5238095238095237
small_cluster,28,cluster_28,Cklf,2.8528588,2.9507482,0.004332787622474619,0.039544824594438636,0.2857142857142857,0.05186846038863976,0.23384582532564593
small_cluster,28,cluster_28,Fhl1,2.851034,2.889161,0.004357731597713707,0.03970619774116806,0.2857142857142857,0.05142002989536622,0.2342942558189195
small_cluster,28,cluster_28,Kin,2.8499007,2.1229534,0.004373288776054571,0.039825824106646875,0.42857142857142855,0.09760837070254111,0.33096305786888747
small_cluster,28,cluster_28,Abhd8,2.8489344,2.3988945,0.004386592739926035,0.03985845292383762,0.42857142857142855,0.10418535127055306,0.3243860773008755
small_cluster,28,cluster_28,Coprs,2.8490229,2.3936114,0.004385371261974154,0.03985845292383762,0.42857142857142855,0.10463378176382661,0.32393764680760195
small_cluster,28,cluster_28,Ephx4,2.8474627,2.585861,0.004406925981207758,0.03999888932915797,0.2857142857142857,0.04947683109118087,0.23623745462310483
small_cluster,28,cluster_28,Fas,2.8448868,2.2294269,0.004442720270982647,0.04025693655490961,0.42857142857142855,0.09925261584454409,0.32931881272688446
small_cluster,28,cluster_28,Osbpl3,2.8434732,2.3614855,0.004462475083354007,0.040409874286201054,0.42857142857142855,0.10448430493273543,0.32408712363869313
small_cluster,28,cluster_28,Foxp4,2.8415096,2.4953732,0.004490051520337752,0.04061849695811333,0.42857142857142855,0.10732436472346786,0.3212470638479607
small_cluster,28,cluster_28,Ssrp1,2.8319037,2.1132789,0.004627179486796313,0.04160656291828198,0.7142857142857143,0.2929745889387145,0.4213111253469998
small_cluster,28,cluster_28,BC005561,2.8240285,2.3313985,0.004742415955453157,0.0426193775810341,0.42857142857142855,0.10328849028400598,0.32528293828742255
small_cluster,28,cluster_28,Msantd3,2.8229196,2.8507488,0.0047588493515506106,0.042743640862421446,0.2857142857142857,0.05171898355754858,0.2339953021567371
small_cluster,28,cluster_28,Tada2a,2.8171623,2.2271311,0.004845003605691488,0.043422351987402234,0.2857142857142857,0.04857997010463378,0.23713431560965192
small_cluster,28,cluster_28,Adipor2,2.816738,2.087302,0.0048514087092662245,0.043456009962138366,0.5714285714285714,0.17294469357249626,0.39848387785607514
small_cluster,28,cluster_28,Gpatch1,2.8109906,3.3671153,0.004938924109878983,0.044147171888008485,0.2857142857142857,0.05560538116591928,0.2301089045483664
small_cluster,28,cluster_28,Rbmx2,2.8109636,2.2386737,0.004939336651088078,0.044147171888008485,0.2857142857142857,0.04902840059790733,0.23668588511637836
small_cluster,28,cluster_28,Atf1,2.806157,2.6307588,0.005013622613514932,0.04473798938207747,0.42857142857142855,0.10717488789237668,0.3213965406790519
small_cluster,28,cluster_28,Rfc4,2.801525,2.9465163,0.005086170037246163,0.045336018902649086,0.2857142857142857,0.05351270553064275,0.23220158018364295
small_cluster,28,cluster_28,Arhgef7,2.8005457,2.29844,0.005101627967142748,0.045449103905001745,0.2857142857142857,0.04977578475336323,0.23593850096092248
small_cluster,28,cluster_28,Fam173b,2.7991393,2.5322673,0.005123902999703234,0.04558549865235653,0.42857142857142855,0.11210762331838565,0.3164638052530429
small_cluster,28,cluster_28,Tmem199,2.7990963,2.4629662,0.005124583854979265,0.04558549865235653,0.42857142857142855,0.10807174887892376,0.3204996796925048
small_cluster,28,cluster_28,2310009B15Rik,2.7990527,2.0194266,0.005125276477955335,0.04558549865235653,0.5714285714285714,0.16621823617339312,0.40521033525517824
small_cluster,28,cluster_28,Kat7,2.79501,2.7174222,0.005189810831438935,0.046084508633692456,0.2857142857142857,0.05216741405082212,0.23354687166346358
small_cluster,28,cluster_28,Mtmr6,2.793549,2.2146459,0.005213311050057327,0.04626813556925878,0.2857142857142857,0.04932735426008968,0.236386931454196
small_cluster,28,cluster_28,Tamm41,2.7832932,3.0135987,0.0053810142816917515,0.04765335595789763,0.2857142857142857,0.055007473841554556,0.23070681187273115
small_cluster,28,cluster_28,Brd1,2.782703,2.5266922,0.0053908134988299855,0.04771437247399384,0.2857142857142857,0.05142002989536622,0.2342942558189195
small_cluster,28,cluster_28,Cep89,2.7823355,2.932271,0.005396921694072638,0.04774267136164258,0.2857142857142857,0.05396113602391629,0.23175314969036942
small_cluster,28,cluster_28,Sorbs2,2.7729895,2.4696984,0.005554390160739616,0.04900352502759034,0.2857142857142857,0.05127055306427504,0.23444373265001067
small_cluster,28,cluster_28,Abcc4,2.7724407,2.3389308,0.005563764992801957,0.04903348180921273,0.42857142857142855,0.10956651718983558,0.319004911381593
small_cluster,28,cluster_28,Rnf8,2.7703755,2.3927114,0.005599169500486752,0.04926608314242662,0.42857142857142855,0.10926756352765321,0.31930386504377534
small_cluster,26,cluster_26,Bcl2a1b,16.585884,6.620273,8.81576401972872e-62,7.229367284378537e-58,0.25,0.0014949917775452235,0.24850500822245478
small_cluster,26,cluster_26,Fbxw27,10.987969,6.5405526,4.366368577640385e-28,7.161281104187995e-25,0.25,0.003737479443863059,0.24626252055613695
small_cluster,26,cluster_26,Gm26569,9.721061,5.121364,2.4521463775218323e-22,2.3657442786903276e-19,0.25,0.004783973688144715,0.2452160263118553
small_cluster,26,cluster_26,Laptm5,9.564317,4.6697774,1.1294502735846175e-21,1.0092168847608753e-18,0.25,0.004933472865899237,0.24506652713410076
small_cluster,26,cluster_26,Cdca5,9.461588,5.746597,3.0330050380312327e-21,2.3687769347023927e-18,0.25,0.00508297204365376,0.24491702795634623
small_cluster,26,cluster_26,Kif17,9.035517,4.72848,1.6322908613041245e-19,1.0708480966499579e-16,0.25,0.005531469576917327,0.24446853042308267
small_cluster,26,cluster_26,9430020K01Rik,8.4309025,5.4853234,3.430100374382851e-17,2.009181294294755e-14,0.25,0.006428464643444461,0.24357153535655554
small_cluster,26,cluster_26,Cckar,8.287385,4.525719,1.1576579338796787e-16,6.547154404676072e-14,0.5,0.026461354462550456,0.47353864553744957
small_cluster,26,cluster_26,Pde4c,6.903686,4.3357625,5.067023764161371e-12,2.3084515765558514e-09,0.25,0.009418448198534908,0.2405815518014651
small_cluster,26,cluster_26,Birc5,6.3403544,3.2201984,2.2923703405071838e-10,8.354925767701849e-08,0.375,0.023770369262969052,0.35122963073703095
small_cluster,26,cluster_26,Krt78,6.292116,3.8161142,3.1316697720384105e-10,1.0071081555137641e-07,0.375,0.024517865151741664,0.35048213484825835
small_cluster,26,cluster_26,9430060I03Rik,6.2594905,3.5651946,3.8623784715009115e-10,1.218209025213201e-07,0.25,0.011212438331589176,0.23878756166841084
small_cluster,26,cluster_26,Eno3,6.1663904,3.3680007,6.986652092431626e-10,2.122001499406872e-07,0.375,0.025115861862759756,0.34988413813724023
small_cluster,26,cluster_26,Serpinf1,5.942494,4.1643867,2.8071830022976513e-09,7.308033082648219e-07,0.5,0.0508297204365376,0.4491702795634624
small_cluster,26,cluster_26,Stc2,5.825407,3.9534028,5.697361360821596e-09,1.4600378699817968e-06,0.375,0.028853341306622815,0.3461466586933772
small_cluster,26,cluster_26,Dlgap5,5.6451583,3.5479324,1.650293733511863e-08,3.812178524412403e-06,0.25,0.013604425175661534,0.23639557482433846
small_cluster,26,cluster_26,Nup205,5.6204104,3.5863917,1.905041881283897e-08,4.339526652074611e-06,0.25,0.013753924353416056,0.23624607564658395
small_cluster,26,cluster_26,P2rx7,5.5710955,3.5746584,2.531422259425653e-08,5.462875852215808e-06,0.375,0.030647331439677083,0.3443526685603229
small_cluster,26,cluster_26,Sftpa1,5.5667424,3.634365,2.5954567757964234e-08,5.528322932446382e-06,1.0,0.22021228883241142,0.7797877111675886
small_cluster,26,cluster_26,Akt3,5.5420175,3.8562086,2.9900683512458135e-08,6.287193721638793e-06,0.25,0.014202421886679624,0.2357975781133204
small_cluster,26,cluster_26,Fcer1g,5.468193,3.5555818,4.5464693023921794e-08,9.205758398584461e-06,0.25,0.014501420242188668,0.23549857975781133
small_cluster,26,cluster_26,Trpc1,5.389458,3.2419238,7.067034835489245e-08,1.351517489094277e-05,0.25,0.014800418597697713,0.2351995814023023
small_cluster,26,cluster_26,Gm26542,5.3504386,3.1184921,8.774138333765182e-08,1.635280031955486e-05,0.25,0.014949917775452235,0.23505008222454776
small_cluster,26,cluster_26,Tspyl4,5.2654896,3.9853354,1.39816109048602e-07,2.4925260918544795e-05,0.25,0.015697413664224846,0.23430258633577516
small_cluster,26,cluster_26,Zfp780b,5.2441673,3.2100494,1.569898451118277e-07,2.768591881375361e-05,0.25,0.015547914486470324,0.23445208551352967
small_cluster,26,cluster_26,Aox4,5.1768746,3.0761669,2.2563381036554678e-07,3.738000125055892e-05,0.25,0.01584691284197937,0.23415308715802063
small_cluster,26,cluster_26,Acss2,5.020006,3.0003617,5.166982368544035e-07,8.227541536552498e-05,0.625,0.09642696965166692,0.5285730303483331
small_cluster,26,cluster_26,Slc25a44,5.0017023,2.8247502,5.682630031615894e-07,8.961616841205026e-05,0.375,0.03558080430557632,0.3394191956944237
small_cluster,26,cluster_26,Trmt6,4.944295,2.604503,7.641986466374465e-07,0.00011824171701415811,0.5,0.061294662879354166,0.43870533712064586
small_cluster,26,cluster_26,Nt5dc2,4.888567,3.1999402,1.015727260234833e-06,0.00015569105415992054,0.25,0.017640902975033637,0.23235909702496638
small_cluster,26,cluster_26,Pold1,4.878285,3.662521,1.0701230320673697e-06,0.00016251007267534194,0.25,0.01793990133054268,0.23206009866945732
small_cluster,26,cluster_26,Mdfi,4.849759,3.003837,1.2361144531846455e-06,0.0001859955334557924,0.5,0.06577963821198983,0.43422036178801016
small_cluster,26,cluster_26,BC016579,4.8207045,3.6301057,1.4305209543594817e-06,0.0002094819122540166,0.25,0.018238899686051725,0.23176110031394828
small_cluster,26,cluster_26,Tead4,4.812517,4.040386,1.4904099509026272e-06,0.0002163204743783539,0.25,0.018687397219315293,0.23131260278068472
small_cluster,26,cluster_26,Dennd6b,4.744666,3.5396183,2.088503438212004e-06,0.0002978569120879572,0.25,0.018836896397069817,0.2311631036029302
small_cluster,26,cluster_26,Aldoc,4.686898,2.9786074,2.773771017320207e-06,0.0003901671388925232,0.625,0.11466586933771865,0.5103341306622814
small_cluster,26,cluster_26,Racgap1,4.6598067,3.2968435,3.1650616764564426e-06,0.00043621997105514385,0.25,0.019285393930333385,0.23071460606966662
small_cluster,26,cluster_26,Angptl4,4.6574364,3.189207,3.2017104359195746e-06,0.0004375937738293079,0.25,0.01913589475257886,0.23086410524742113
small_cluster,26,cluster_26,Iba57,4.5863724,3.3301005,4.5101376324291505e-06,0.0006113286554501694,0.25,0.019883390641351473,0.23011660935864853
small_cluster,26,cluster_26,Vps37d,4.5216546,3.3386812,6.135809298241498e-06,0.0008115597443585388,0.25,0.02033188817461504,0.22966811182538496
small_cluster,26,cluster_26,Gins2,4.5087895,3.1212573,6.519847845864652e-06,0.0008554561961602092,0.375,0.043504260726566005,0.331495739273434
small_cluster,26,cluster_26,Tcf20,4.4990845,2.768629,6.824667912362273e-06,0.000888344273259156,0.375,0.04305576319330243,0.33194423680669755
small_cluster,26,cluster_26,Chrm3,4.4330983,2.6704943,9.288841814285746e-06,0.0011541385954250039,0.25,0.02078038570787861,0.2292196142921214
small_cluster,26,cluster_26,Nup35,4.4209733,2.5013044,9.82573721747619e-06,0.0012116685421340375,0.5,0.0729555987442069,0.4270444012557931
small_cluster,26,cluster_26,Ly6i,4.386179,3.501357,1.153591410712983e-05,0.001381025746503915,0.25,0.02167738077440574,0.22832261922559427
small_cluster,26,cluster_26,D8Ertd82e,4.381459,2.3809962,1.1788699257241794e-05,0.0014010612791161062,0.25,0.021079384063387652,0.22892061593661234
small_cluster,26,cluster_26,Mettl13,4.3597755,2.7940447,1.3019589681381256e-05,0.0015362179162901725,0.25,0.021378382418896696,0.2286216175811033
small_cluster,26,cluster_26,Hsdl1,4.352653,2.380515,1.344999246089297e-05,0.0015756666167936113,0.375,0.04455075497084766,0.33044924502915235
small_cluster,26,cluster_26,Slc7a6,4.28582,2.2034447,1.8206620970267775e-05,0.0020313387111113045,0.375,0.04514875168186575,0.3298512483181342
small_cluster,26,cluster_26,Cdca8,4.282814,2.5409253,1.8454453879240446e-05,0.002045077689685288,0.25,0.021976379129914785,0.2280236208700852
small_cluster,26,cluster_26,Tk1,4.248126,3.3132658,2.1556624705006652e-05,0.0023570013452454274,0.25,0.022723875018687396,0.2272761249813126
small_cluster,26,cluster_26,Lrrc8a,4.2276936,3.0560477,2.3609900535636032e-05,0.002530888749574945,0.25,0.02287337419644192,0.22712662580355808
small_cluster,26,cluster_26,Nup88,4.1885247,2.2515862,2.8077347568838344e-05,0.0029519011376699855,0.5,0.07788907161010615,0.42211092838989384
small_cluster,26,cluster_26,Ppp1r1b,4.1812463,2.8515718,2.8991557276418883e-05,0.003009433739813583,0.75,0.2021228883241142,0.5478771116758858
small_cluster,26,cluster_26,Nckipsd,4.152443,2.6228812,3.289450268499909e-05,0.0033930989845073587,0.25,0.023172372551950964,0.22682762744804905
small_cluster,26,cluster_26,Atg4a,4.135063,2.7903657,3.548567562338709e-05,0.0036218731569519587,0.375,0.04963372701450142,0.3253662729854986
small_cluster,26,cluster_26,Sult1c1,4.1032143,3.971184,4.07449166925225e-05,0.004074740113866228,0.25,0.025115861862759756,0.22488413813724023
small_cluster,26,cluster_26,Gm6133,4.0955634,2.6857877,4.211432798211727e-05,0.004186164201422457,0.25,0.023770369262969052,0.22622963073703095
small_cluster,26,cluster_26,Mbtd1,4.0764613,2.3240228,4.57262711066037e-05,0.004437612854552706,0.5,0.08207504858723277,0.4179249514127672
small_cluster,26,cluster_26,Tesk1,4.0430546,2.562006,5.275932493264145e-05,0.005030847024536351,0.375,0.0508297204365376,0.3241702795634624
small_cluster,26,cluster_26,AU021092,4.0309005,2.6602342,5.5563612911329284e-05,0.005267623210165963,0.875,0.2650620421587681,0.6099379578412318
small_cluster,26,cluster_26,Rbm38,4.016069,2.1556723,5.9176997562895526e-05,0.005577942166833618,0.75,0.1678875766183286,0.5821124233816715
small_cluster,26,cluster_26,Rgma,3.9924712,2.8115034,6.538823913727467e-05,0.006058940734974248,0.375,0.05277320974734639,0.3222267902526536
small_cluster,26,cluster_26,Pik3r3,3.9820864,2.5183673,6.831290751547707e-05,0.0062943820009064,0.375,0.052025713858573776,0.3229742861414262
small_cluster,26,cluster_26,Rangap1,3.9457135,2.5155938,7.956268227956909e-05,0.00713064236102302,0.5,0.08865301240843175,0.41134698759156824
small_cluster,26,cluster_26,Cd36,3.9354193,2.3844428,8.305155218129945e-05,0.007402872322421154,0.875,0.26446404544775004,0.61053595455225
small_cluster,26,cluster_26,Fam178a,3.9247665,2.220393,8.681386093576608e-05,0.007655022221545695,0.25,0.025265361040514276,0.22473463895948573
small_cluster,26,cluster_26,Spdef,3.913648,2.8001742,9.091220537984674e-05,0.007973535189491265,0.375,0.05516519659141875,0.3198348034085813
small_cluster,26,cluster_26,Fam208a,3.9018362,2.887169,9.546576822603229e-05,0.008328372684442318,0.375,0.05561369412468231,0.3193863058753177
small_cluster,26,cluster_26,Smpd4,3.8947268,2.730145,9.830953364656315e-05,0.008531082864218423,0.25,0.025863357751532368,0.22413664224846763
small_cluster,26,cluster_26,Lztr1,3.8854458,2.7685623,0.00010214230756953317,0.008727724405204649,0.375,0.05531469576917327,0.31968530423082675
small_cluster,26,cluster_26,Map3k1,3.8750083,3.0412579,0.00010662106860875428,0.009060581068664138,0.25,0.02661085364030498,0.22338914635969503
small_cluster,26,cluster_26,Lmnb1,3.8640232,2.0599554,0.00011153466803539718,0.0094292788167451,0.5,0.08715802063088653,0.4128419793691135
small_cluster,26,cluster_26,Rbbp5,3.852132,2.635267,0.00011709382495233061,0.009825610834263856,0.25,0.026311855284795932,0.22368814471520407
small_cluster,26,cluster_26,Atxn7l3,3.8514493,2.1837347,0.00011742087211241485,0.009825610834263856,0.375,0.053520705636119,0.321479294363881
small_cluster,26,cluster_26,Ace2,3.8435035,3.5413342,0.00012129033485509004,0.010097882141920466,0.25,0.02795634624009568,0.2220436537599043
small_cluster,26,cluster_26,Amd1,3.8002489,2.3735278,0.00014455086377981443,0.011794918989317097,0.375,0.05516519659141875,0.3198348034085813
small_cluster,26,cluster_26,Tagap1,3.7947183,2.8218706,0.00014781125703252108,0.01200124963658603,0.25,0.027208850351323068,0.22279114964867694
small_cluster,26,cluster_26,Urgcp,3.7781785,2.4280493,0.00015797971897097213,0.0127636717775513,0.375,0.05651068919120945,0.31848931080879056
small_cluster,26,cluster_26,Tnfrsf23,3.7741277,3.0539677,0.00016056849159665248,0.012909234464101457,0.25,0.027806847062341156,0.22219315293765884
small_cluster,26,cluster_26,Fcgbp,3.7727554,2.7575235,0.00016145457822802018,0.012917153841550044,0.5,0.10061294662879354,0.39938705337120645
small_cluster,26,cluster_26,Cpsf4,3.7510579,2.3870509,0.00017609003475837018,0.013752631714628712,0.375,0.05651068919120945,0.31848931080879056
small_cluster,26,cluster_26,Cldn22,3.7445107,2.2604408,0.00018074575191141814,0.013983071118392306,0.75,0.19838540888025116,0.5516145911197489
small_cluster,26,cluster_26,Kat6b,3.7408655,2.7316313,0.00018338761894865494,0.01412084665904643,0.375,0.058902676035281806,0.3160973239647182
small_cluster,26,cluster_26,Gpd1,3.7358475,3.0990236,0.00018708396083871477,0.014338149727643744,0.375,0.06278965465689938,0.3122103453431006
small_cluster,26,cluster_26,Slc29a1,3.7191284,2.710838,0.00019991136483148348,0.015109429929037608,0.25,0.02795634624009568,0.2220436537599043
small_cluster,26,cluster_26,AW549877,3.6897888,2.1808333,0.00022444035295177912,0.016732028312555134,0.25,0.02795634624009568,0.2220436537599043
small_cluster,26,cluster_26,Spopl,3.6829786,2.8785722,0.00023052442811172068,0.017107833237377065,0.25,0.02870384212886829,0.22129615787113172
small_cluster,26,cluster_26,Uspl1,3.672657,2.6295257,0.000240041498982815,0.017575538503647986,0.25,0.028554342951113768,0.22144565704888625
small_cluster,26,cluster_26,Ptpn21,3.655919,2.8644507,0.0002562621782556264,0.018679804380313463,0.25,0.029002840484377335,0.22099715951562265
small_cluster,26,cluster_26,Gm4950,3.6514513,2.2796822,0.00026076248741066944,0.01892374139832916,0.375,0.058902676035281806,0.3160973239647182
small_cluster,26,cluster_26,Panx1,3.6486652,2.353539,0.0002636063964489554,0.019045852458851622,0.25,0.028554342951113768,0.22144565704888625
small_cluster,26,cluster_26,Cyp4a12b,3.5839963,2.1836529,0.0003383769377699007,0.023515763374424323,0.875,0.3078188069965615,0.5671811930034385
small_cluster,26,cluster_26,Zfp2,3.570372,3.141046,0.00035647441269822083,0.024360570177764666,0.25,0.030796830617431603,0.2192031693825684
small_cluster,26,cluster_26,Hpse,3.5613208,2.3209393,0.00036899386945588806,0.02511148735662249,0.375,0.06099566452384512,0.31400433547615486
small_cluster,26,cluster_26,Dph7,3.5467913,2.4771078,0.00038995352142690335,0.02629464780302956,0.25,0.03004933472865899,0.219950665271341
small_cluster,26,cluster_26,Cks1b,3.5459576,2.1247704,0.00039118919967923984,0.02629464780302956,0.5,0.10091194498430259,0.39908805501569744
small_cluster,26,cluster_26,Pcgf2,3.5460563,2.0233982,0.0003910426084478168,0.02629464780302956,0.5,0.09911795485124832,0.4008820451487517
small_cluster,26,cluster_26,Kdelr3,3.5291812,2.1144164,0.00041684765235611897,0.02790497284201105,0.5,0.10285543429511138,0.39714456570488865
small_cluster,26,cluster_26,Lurap1,3.520708,2.5658991,0.0004303962212524157,0.028578657590124977,0.375,0.06458364478995365,0.31041635521004635
small_cluster,26,cluster_26,1700016G22Rik,3.5107036,2.703942,0.0004469224422087195,0.029556350704295197,0.25,0.030796830617431603,0.2192031693825684
small_cluster,26,cluster_26,Uaca,3.4993217,2.1133711,0.0004664435725383617,0.030723457964665343,0.25,0.03034833308416804,0.21965166691583196
small_cluster,26,cluster_26,Reps1,3.4951124,2.1710994,0.0004738620201818192,0.031087243972008065,0.375,0.06234115712363582,0.3126588428763642
small_cluster,26,cluster_26,Tbc1d19,3.4601967,2.002975,0.0005397806824293975,0.03491618754999773,0.5,0.1022574375840933,0.3977425624159067
small_cluster,26,cluster_26,Btaf1,3.4489152,2.4613726,0.0005628435793979769,0.03577983544847372,0.25,0.03139482732844969,0.2186051726715503
small_cluster,26,cluster_26,1190002F15Rik,3.4471571,2.825942,0.0005665188709162397,0.03587442471774999,0.25,0.031992824039467786,0.2180071759605322
small_cluster,26,cluster_26,Ptpn3,3.443668,2.0476234,0.0005738801123096541,0.03620079893073322,0.375,0.06293915383465391,0.3120608461653461
small_cluster,26,cluster_26,Cdc20,3.436254,2.1457186,0.0005898177943816412,0.03678175530666653,0.25,0.031544326506204215,0.2184556734937958
small_cluster,26,cluster_26,Mier3,3.436259,2.0705686,0.0005898065291371357,0.03678175530666653,0.25,0.03124532815069517,0.21875467184930483
small_cluster,26,cluster_26,Itih2,3.4291508,2.9671824,0.0006054732325643624,0.03761502457306101,0.25,0.032590820750485874,0.21740917924951414
small_cluster,26,cluster_26,Arrb2,3.425428,2.7569823,0.0006138315714878549,0.03786667704539909,0.25,0.03244132157273135,0.21755867842726864
small_cluster,26,cluster_26,Pold3,3.4112504,2.634054,0.0006466567784890728,0.039148367259494,0.375,0.06832112423381671,0.3066788757661833
small_cluster,26,cluster_26,Faim2,3.4111633,2.3266299,0.0006468634551138878,0.039148367259494,0.25,0.03184332486171326,0.21815667513828674
small_cluster,26,cluster_26,Mettl18,3.4129608,2.29284,0.0006426117931187835,0.039148367259494,0.25,0.03184332486171326,0.21815667513828674
small_cluster,26,cluster_26,Fam13a,3.4118927,2.0616152,0.0006451352239462557,0.039148367259494,0.375,0.06473314396770818,0.3102668560322918
small_cluster,26,cluster_26,Dsg2,3.3929372,2.3265283,0.0006914749306745539,0.04154168621975589,0.25,0.0321423232172223,0.2178576767827777
small_cluster,26,cluster_26,Wnk4,3.3807967,2.0231552,0.0007227599177624042,0.043105401495349784,0.25,0.031992824039467786,0.2180071759605322
small_cluster,26,cluster_26,Gm17541,3.366709,2.0191486,0.0007607092334076548,0.044923854591677005,0.375,0.06533114067872627,0.30966885932127375
small_cluster,26,cluster_26,Epha1,3.362793,2.1389418,0.0007715819544779048,0.045129681351797415,0.375,0.06607863656749888,0.3089213634325011
small_cluster,26,cluster_26,Pkmyt1,3.3467848,2.2301517,0.0008175467498480795,0.04671980572912318,0.25,0.032590820750485874,0.21740917924951414
small_cluster,26,cluster_26,C2cd4b,3.325954,2.4126186,0.0008811644947387461,0.04900157967732143,0.875,0.49558977425624157,0.37941022574375843
small_cluster,24,cluster_24,Gm14317,12.037616,5.4136887,2.2537448539896793e-33,3.360333577298612e-30,0.3,0.005533123971885748,0.2944668760281142
small_cluster,24,cluster_24,1700016K19Rik,7.599672,3.8631945,2.968821067338813e-14,1.217290858135597e-11,0.7,0.06923882159413788,0.6307611784058621
small_cluster,24,cluster_24,1700007K13Rik,7.4005036,4.154153,1.356691624423529e-13,5.297880793373881e-11,0.8,0.09750261701809482,0.7024973829819052
small_cluster,24,cluster_24,Gm15402,7.3148932,3.6206589,2.5758579750751777e-13,8.988648223235742e-11,0.4,0.025422461492448034,0.374577538507552
small_cluster,24,cluster_24,Ttc21a,7.225397,3.9685216,4.996398111170993e-13,1.7072067796107386e-10,0.3,0.015103933004336772,0.2848960669956632
small_cluster,24,cluster_24,Smkr-ps,7.1564684,4.1224546,8.278194843715538e-13,2.770830074117929e-10,0.3,0.015403020786600868,0.2845969792133991
small_cluster,24,cluster_24,Sntn,6.793658,2.4954374,1.0932554986369768e-11,3.2600878969354644e-09,0.6,0.05951846867055481,0.5404815313294452
small_cluster,24,cluster_24,3300002A11Rik,6.790575,2.8876543,1.1168741303985247e-11,3.271045109404679e-09,0.6,0.06086436369074323,0.5391356363092568
small_cluster,24,cluster_24,Fam183b,6.7844186,2.6982362,1.1655488972807795e-11,3.353713590228432e-09,0.7,0.08090324510243757,0.6190967548975623
small_cluster,24,cluster_24,March8,6.685431,3.267071,2.3024590582132587e-11,5.99406841488185e-09,0.6,0.06520113653357261,0.5347988634664274
small_cluster,24,cluster_24,1110017D15Rik,6.682454,3.5043044,2.3497330653568388e-11,6.021558125768362e-09,0.7,0.08658591296545536,0.6134140870345446
small_cluster,24,cluster_24,Tmem8,6.6457987,3.6289527,3.015767433688529e-11,7.60947718152701e-09,0.4,0.030656497682069687,0.36934350231793034
small_cluster,24,cluster_24,BC051019,6.626173,3.7259288,3.445009023541245e-11,8.560847423499993e-09,0.6,0.06789292657394945,0.5321070734260506
small_cluster,24,cluster_24,Cfap126,6.5965095,2.9165196,4.2095082288827843e-11,1.0304499173418888e-08,0.8,0.11215791834903545,0.6878420816509646
small_cluster,24,cluster_24,Cfap45,6.5885615,2.9822063,4.441085444051295e-11,1.0711506230571365e-08,0.6,0.06460296096904442,0.5353970390309556
small_cluster,24,cluster_24,Tm4sf1,6.563588,3.1101816,5.252809018231293e-11,1.2485698653334991e-08,0.6,0.0655002243158367,0.5344997756841633
small_cluster,24,cluster_24,1700101E01Rik,6.553878,2.7235305,5.60618118969531e-11,1.2950278548196166e-08,0.5,0.04561088679527441,0.4543891132047256
small_cluster,24,cluster_24,Tctex1d4,6.5132413,3.148178,7.354622779994157e-11,1.6523721673244408e-08,0.6,0.06639748766262898,0.533602512337371
small_cluster,24,cluster_24,Gm29538,6.383939,3.241538,1.7259032674909015e-10,3.8252080392051724e-08,0.5,0.049349484073575596,0.4506505159264244
small_cluster,24,cluster_24,Fam92b,6.348722,3.0029397,2.1711077025698432e-10,4.747778323979733e-08,0.5,0.048601764617915356,0.4513982353820846
small_cluster,24,cluster_24,Dynlrb2,6.2763424,3.5224013,3.4663020748739177e-10,6.933026869513064e-08,0.7,0.09720352923583071,0.6027964707641692
small_cluster,24,cluster_24,Ttc16,6.2464247,3.2858212,4.1995502227862767e-10,8.253950334931216e-08,0.3,0.019440705847166142,0.28055929415283387
small_cluster,24,cluster_24,Efcab10,6.2453923,3.158647,4.2273753315908914e-10,8.253950334931216e-08,0.4,0.03349783161357858,0.36650216838642147
small_cluster,24,cluster_24,Cfap69,6.1973276,3.1108732,5.742980065742222e-10,1.0952397216074208e-07,0.4,0.03379691939584268,0.36620308060415735
small_cluster,24,cluster_24,Fam219a,6.1894174,4.270323,6.038691131864812e-10,1.1383973937208594e-07,0.3,0.02063705697622252,0.27936294302377745
small_cluster,24,cluster_24,Gm17586,6.1294446,3.7672868,8.818640922944975e-10,1.6251070761485453e-07,0.3,0.020487513085090475,0.2795124869149095
small_cluster,24,cluster_24,2410004P03Rik,6.071781,3.0610187,1.2649912925781362e-09,2.2799035373158254e-07,0.5,0.05308808135187677,0.44691191864812324
small_cluster,24,cluster_24,Dyrk1b,6.04032,3.7743263,1.5380880251623574e-09,2.7124926559879377e-07,0.3,0.021085688649618663,0.2789143113503813
small_cluster,24,cluster_24,Gm10399,5.95352,4.0488667,2.6243611087402283e-09,4.5789517600477114e-07,0.3,0.021982951996410947,0.27801704800358906
small_cluster,24,cluster_24,Cep83,5.8829055,3.1266112,4.031258839624766e-09,6.816152188524308e-07,0.5,0.056078959174517724,0.4439210408254823
small_cluster,24,cluster_24,9530053A07Rik,5.858598,2.8469944,4.667908788110562e-09,7.81207877895932e-07,0.6,0.07940780619111709,0.5205921938088829
small_cluster,24,cluster_24,Arhgdig,5.83688,3.2764845,5.318734528382149e-09,8.811370202019761e-07,0.5,0.05787348586810229,0.44212651413189774
small_cluster,24,cluster_24,Gm1673,5.788443,3.2819467,7.104187647961322e-09,1.1536216001407293e-06,0.4,0.038582323912068194,0.36141767608793185
small_cluster,24,cluster_24,Ccdc153,5.7102003,3.4640296,1.1284322598602988e-08,1.745982782449883e-06,0.6,0.0841932107073426,0.5158067892926573
small_cluster,24,cluster_24,Aoc1,5.678529,3.0659902,1.3585821935352638e-08,2.082439865062791e-06,0.5,0.060116644235083,0.439883355764917
small_cluster,24,cluster_24,1700026L06Rik,5.6680226,2.9398878,1.4445503025228598e-08,2.1937101399701317e-06,0.5,0.05936892477942276,0.44063107522057726
small_cluster,24,cluster_24,Cfap70,5.5717187,3.7536695,2.522382530148676e-08,3.5973561632146466e-06,0.3,0.02452519814565575,0.27547480185434425
small_cluster,24,cluster_24,Tom1l2,5.5052137,3.3824904,3.6872037724473675e-08,5.21326112688873e-06,0.4,0.04306864064602961,0.3569313593539704
small_cluster,24,cluster_24,Dnah10,5.4089847,3.1108623,6.338306637673619e-08,8.662880597040419e-06,0.3,0.02512337371018394,0.2748766262898161
small_cluster,24,cluster_24,Pgap3,5.3985295,3.2708936,6.718938721254356e-08,9.03256671863055e-06,0.4,0.044264991775085985,0.35573500822491405
small_cluster,24,cluster_24,Wdr31,5.325457,3.3608146,1.0069948288651037e-07,1.3004505660013044e-05,0.4,0.04531179901301032,0.3546882009869897
small_cluster,24,cluster_24,Gm8579,5.303167,2.5395405,1.1381083503357914e-07,1.4582902385826028e-05,0.4,0.043218184537161655,0.3567818154628384
small_cluster,24,cluster_24,4932443I19Rik,5.231287,2.371843,1.6833411112919485e-07,2.1401920594030427e-05,0.4,0.04441453566621804,0.35558546433378196
small_cluster,24,cluster_24,9530034E10Rik,5.2203016,3.1076365,1.7863181650091252e-07,2.2067140953251255e-05,0.3,0.026768356512636458,0.2732316434873635
small_cluster,24,cluster_24,Rsph1,5.1866426,3.1884122,2.1411914125217544e-07,2.5264518242280067e-05,0.6,0.09974577538507552,0.5002542246149244
small_cluster,24,cluster_24,Chek2,5.179002,2.926601,2.2307611651902378e-07,2.6133367050203632e-05,0.4,0.0462090623598026,0.3537909376401974
small_cluster,24,cluster_24,1700001L19Rik,5.0175014,3.6681721,5.234778035417513e-07,6.003887731390393e-05,0.4,0.051443098549424256,0.3485569014505758
small_cluster,24,cluster_24,1700007G11Rik,5.0178013,2.7064023,5.226618630708896e-07,6.003887731390393e-05,0.4,0.048153132944519214,0.3518468670554808
small_cluster,24,cluster_24,Smim5,5.0142856,2.9234617,5.323083116520993e-07,6.062769874587556e-05,0.6,0.10572753103035741,0.49427246896964255
small_cluster,24,cluster_24,Ephx4,4.9961004,2.92397,5.850126177667237e-07,6.6170978924083e-05,0.4,0.049199940182443544,0.35080005981755646
small_cluster,24,cluster_24,Gm7467,4.9936843,3.2942028,5.923821367950471e-07,6.654561250394224e-05,0.3,0.029161058770749215,0.2708389412292508
small_cluster,24,cluster_24,Wfdc1,4.955276,3.0472372,7.222770874213706e-07,7.897377673865266e-05,0.8,0.21683864214146853,0.5831613578585315
small_cluster,24,cluster_24,Dnali1,4.9324007,2.8785105,8.122503131212266e-07,8.82232939437168e-05,0.4,0.05009720352923583,0.34990279647076417
small_cluster,24,cluster_24,1700013F07Rik,4.907209,2.7502546,9.238172380214134e-07,9.968109553150791e-05,0.3,0.029310602661881263,0.2706893973381187
small_cluster,24,cluster_24,Dmkn,4.8935013,2.8031497,9.905773508286541e-07,0.00010549648786325166,0.5,0.07581875280394795,0.42418124719605205
small_cluster,24,cluster_24,Ccdc74a,4.87693,3.5265734,1.0774951368879235e-06,0.00011240646430099997,0.3,0.030656497682069687,0.2693435023179303
small_cluster,24,cluster_24,Smg5,4.8713555,2.8151467,1.1083514628170664e-06,0.0001129072816252342,0.4,0.05129355465829221,0.3487064453417078
small_cluster,24,cluster_24,Pcnxl3,4.722997,2.4898686,2.323938366352622e-06,0.0002309994736154506,0.4,0.05263944967848063,0.3473605503215194
small_cluster,24,cluster_24,Odf3b,4.696473,2.4780369,2.646920055522697e-06,0.00025687654337649556,0.4,0.05263944967848063,0.3473605503215194
small_cluster,24,cluster_24,Tmem37,4.682201,3.192713,2.8381081718005936e-06,0.00027062681468431127,0.4,0.05772394197697024,0.3422760580230298
small_cluster,24,cluster_24,Impdh2,4.634693,2.4225326,3.574673265501804e-06,0.00033694377142238553,0.3,0.03200239270225811,0.26799760729774186
small_cluster,24,cluster_24,AU019823,4.6355066,2.392741,3.5606410160588345e-06,0.00033694377142238553,0.4,0.05368625691640497,0.3463137430835951
small_cluster,24,cluster_24,Map2k4,4.6073694,3.3263445,4.077951104197344e-06,0.0003778670963838454,0.4,0.05892029310602662,0.3410797068939734
small_cluster,24,cluster_24,Erich2,4.5922384,2.3906155,4.385172660281989e-06,0.0004004088989512489,0.4,0.0547330641543293,0.3452669358456707
small_cluster,24,cluster_24,Ak1,4.573529,2.5560904,4.795773947433751e-06,0.00043217301380143373,0.4,0.055331239718857485,0.3446687602811425
small_cluster,24,cluster_24,Acox2,4.561534,2.554365,5.078131832854195e-06,0.000455117159511703,0.4,0.05652759084791386,0.34347240915208616
small_cluster,24,cluster_24,Stmnd1,4.5583034,2.3118687,5.156855130421721e-06,0.00045966076627199266,0.4,0.05518169582772544,0.3448183041722746
small_cluster,24,cluster_24,Dnaic2,4.527493,3.2173064,5.968762841770086e-06,0.0005263101041283396,0.3,0.034694182742634964,0.265305817257365
small_cluster,24,cluster_24,Adgrl2,4.519324,3.3613994,6.203743755631213e-06,0.000538347097016442,0.3,0.03529235830716315,0.26470764169283684
small_cluster,24,cluster_24,Serpina9,4.514638,2.754318,6.342496987407883e-06,0.0005417879848462327,0.4,0.05787348586810229,0.34212651413189776
small_cluster,24,cluster_24,Trp53bp2,4.512969,2.4844565,6.392632346700084e-06,0.0005432412596799382,0.6,0.12172872738148646,0.47827127261851354
small_cluster,24,cluster_24,Dnah6,4.4802356,2.4913037,7.456073849969396e-06,0.0006271131651966568,0.3,0.03409600717810678,0.2659039928218932
small_cluster,24,cluster_24,Trmt2a,4.475102,2.387773,7.63749018724553e-06,0.0006390942681684385,0.5,0.08538956183639898,0.414610438163601
small_cluster,24,cluster_24,Psenen,4.4469323,3.1895201,8.710517285535251e-06,0.0007251837258886479,0.3,0.035740989980559294,0.2642590100194407
small_cluster,24,cluster_24,4933434E20Rik,4.392799,2.4769723,1.1190057349625336e-05,0.0009130752765731598,0.7,0.1743681770599671,0.5256318229400329
small_cluster,24,cluster_24,Mttp,4.3630013,2.936688,1.2829008239342004e-05,0.0010364953898199419,0.3,0.03618962165395544,0.26381037834604454
small_cluster,24,cluster_24,Smim24,4.343879,2.6487799,1.3998837021170218e-05,0.0011199752487034767,0.3,0.03589053387169134,0.26410946612830866
small_cluster,24,cluster_24,Atrnl1,4.333725,3.0743947,1.466073322147966e-05,0.001159973653329551,0.3,0.03738597278301181,0.2626140272169882
small_cluster,24,cluster_24,Lhb,4.3339276,2.7485964,1.4647249958011531e-05,0.001159973653329551,0.3,0.036488709436219534,0.2635112905637805
small_cluster,24,cluster_24,Tfpt,4.3213983,2.2052424,1.550436161309718e-05,0.0012166843771119944,0.6,0.12083146403469418,0.4791685359653058
small_cluster,24,cluster_24,Drc1,4.310504,2.8702486,1.6288280017833828e-05,0.001272114669392822,0.3,0.03708688500074772,0.2629131149992523
small_cluster,24,cluster_24,Vpreb3,4.295897,2.5763643,1.7398853171887517e-05,0.0013524103832802236,0.7,0.17541498429789143,0.5245850157021086
small_cluster,24,cluster_24,Fzd6,4.2838216,3.0761278,1.8371017619724965e-05,0.0014014095813074845,0.3,0.03813369223867205,0.2618663077613279
small_cluster,24,cluster_24,Tmem218,4.2729335,2.111399,1.9291807923505524e-05,0.0014382042806973367,0.7,0.16001196351129057,0.5399880364887094
small_cluster,24,cluster_24,Ap3d1,4.246762,3.0104735,2.168822718284117e-05,0.0016022910541701712,0.4,0.06699566322715717,0.33300433677284286
small_cluster,24,cluster_24,Rabl2,4.2435594,2.562551,2.200021726919354e-05,0.001618051853955351,0.6,0.1338417825631823,0.4661582174368177
small_cluster,24,cluster_24,Foxj1,4.238337,2.3940828,2.2518154902056978e-05,0.0016487511542349843,0.6,0.12875729026469268,0.4712427097353073
small_cluster,24,cluster_24,Cblb,4.2339196,2.5880356,2.296528430159939e-05,0.0016740161236912516,0.3,0.03768506056527591,0.26231493943472406
small_cluster,24,cluster_24,Ttr,4.2013893,2.3754857,2.6528215592488988e-05,0.001883503307066718,0.3,0.038283236129804096,0.2617167638701959
small_cluster,24,cluster_24,Lmnb2,4.184107,2.8510802,2.8628972496131856e-05,0.002023895594435597,0.3,0.039030955585464336,0.26096904441453567
small_cluster,24,cluster_24,Fam193b,4.15886,2.6048453,3.1983954413744375e-05,0.002241747163845391,0.3,0.039030955585464336,0.26096904441453567
small_cluster,24,cluster_24,Sgpp1,4.14824,2.0394251,3.350408448358916e-05,0.0023356919538203968,0.5,0.09181994915507702,0.408180050844923
small_cluster,24,cluster_24,Gtsf1l,4.1408362,2.1327934,3.460421285063193e-05,0.002384637373795018,0.3,0.037984148347540006,0.26201585165246
small_cluster,24,cluster_24,Atp9b,4.1299205,2.760088,3.628886923164143e-05,0.002456691904581509,0.3,0.03962913114999252,0.2603708688500075
small_cluster,24,cluster_24,Btg3,4.130911,2.2880323,3.613283408116815e-05,0.002456691904581509,0.5,0.09585763421564229,0.4041423657843577
small_cluster,24,cluster_24,Tmem216,4.117831,2.3156815,3.82454547367267e-05,0.0025673861220570295,0.6,0.13593539703903096,0.464064602960969
small_cluster,24,cluster_24,Vcl,4.1171904,2.2221231,3.835190536576868e-05,0.0025673861220570295,0.4,0.06445341707791237,0.33554658292208767
small_cluster,24,cluster_24,Dusp18,4.1108055,2.6591034,3.942814170035992e-05,0.0026287030570227763,0.4,0.06789292657394945,0.33210707342605056
small_cluster,24,cluster_24,Zdhhc18,4.09728,2.9099102,4.1803317938276854e-05,0.002775261843232922,0.3,0.0408254822790489,0.25917451772095107
small_cluster,24,cluster_24,Ffar4,4.096387,2.0850792,4.196481538453537e-05,0.002775261843232922,1.0,0.38911320472558697,0.610886795274413
small_cluster,24,cluster_24,Med29,4.0912857,2.1848266,4.289879308198878e-05,0.0028256349611955746,0.5,0.09660535367130253,0.4033946463286975
small_cluster,24,cluster_24,Ms4a8a,4.083901,3.0659418,4.4285881806164695e-05,0.0029053309900116285,0.4,0.07357559443696725,0.32642440556303276
small_cluster,24,cluster_24,Mns1,4.0728693,2.4033442,4.643746082621685e-05,0.0029882372503873557,0.3,0.03947958725886048,0.2605204127411395
small_cluster,24,cluster_24,Pnpo,4.067074,2.1876812,4.76072037191865e-05,0.003038154662250497,0.5,0.09825033647375504,0.40174966352624497
small_cluster,24,cluster_24,Spata24,4.0494733,2.4446242,5.1333043056475124e-05,0.0032506302670627352,0.4,0.06819201435621355,0.33180798564378644
small_cluster,24,cluster_24,Psmc3ip,4.028011,3.0377407,5.6250718475005766e-05,0.0035347434241707644,0.3,0.04202183340810528,0.2579781665918947
small_cluster,24,cluster_24,Sdccag8,3.9929273,2.7969577,6.526260160619849e-05,0.004006474173609035,0.3,0.042171377299237325,0.2578286227007627
small_cluster,24,cluster_24,1700026D08Rik,3.9938607,2.1678536,6.500606137731987e-05,0.004006474173609035,0.3,0.040376850605652756,0.2596231493943472
small_cluster,24,cluster_24,Tmem181a,3.9813902,2.5083232,6.851333331006711e-05,0.0041618043689570765,0.3,0.04157320173470914,0.25842679826529086
small_cluster,24,cluster_24,Dnaaf3,3.9620712,2.3284955,7.430237607335758e-05,0.004463858131791713,0.3,0.04157320173470914,0.25842679826529086
small_cluster,24,cluster_24,Nsun4,3.9518209,2.459152,7.755876747124872e-05,0.004625604891985273,0.4,0.07133243606998654,0.3286675639300135
small_cluster,24,cluster_24,Boc,3.9480908,2.062506,7.877690121338756e-05,0.00468123172753902,0.3,0.04097502617018095,0.25902497382981904
small_cluster,24,cluster_24,AU040972,3.943775,2.856198,8.020897664168872e-05,0.004732041100360923,0.8,0.288021534320323,0.5119784656796771
small_cluster,24,cluster_24,Iqcg,3.9383953,2.2698512,8.202835991400143e-05,0.004822032727417697,0.3,0.04142365784357709,0.2585763421564229
small_cluster,24,cluster_24,Tspan2,3.9218767,2.2435508,8.786196264615431e-05,0.005110014359431124,0.3,0.041872289516973235,0.25812771048302674
small_cluster,24,cluster_24,Spsb1,3.918778,2.6419098,8.899903670058289e-05,0.0051578558336616955,0.3,0.042919096754897565,0.2570809032451024
small_cluster,24,cluster_24,Fut8,3.9067476,2.1772728,9.35467425740717e-05,0.005364545891459266,0.4,0.07013608494093017,0.32986391505906987
small_cluster,24,cluster_24,Ccpg1os,3.8491495,2.3448575,0.00011852869938919855,0.006571421700263426,0.7,0.20337969193958427,0.4966203080604157
small_cluster,24,cluster_24,Ddx27,3.8466449,2.0276804,0.00011974635893344013,0.0066126600433244155,0.5,0.10258710931658442,0.39741289068341557
small_cluster,24,cluster_24,Pigr,3.8427196,2.2907512,0.00012167851361678995,0.006652164339429906,0.9,0.3340810527889936,0.5659189472110064
small_cluster,24,cluster_24,Mbtps1,3.8084664,2.2502282,0.00013983133616079246,0.007470272782974453,0.5,0.11021384776431883,0.38978615223568114
small_cluster,24,cluster_24,Lrrc23,3.8035636,2.5138009,0.0001426293784430023,0.007585554363372934,0.3,0.04471362344848213,0.25528637655151787
small_cluster,24,cluster_24,Bap1,3.7980583,2.6667461,0.00014583409412061987,0.007690755555216355,0.3,0.04546134290414237,0.2545386570958576
small_cluster,24,cluster_24,Thap2,3.7948585,2.24945,0.00014772766305224446,0.007745154461201303,0.3,0.04411544788395394,0.25588455211604605
small_cluster,24,cluster_24,Abr,3.766226,2.2761028,0.00016573374371116282,0.008601895982932853,0.4,0.07447285778375953,0.32552714221624046
small_cluster,24,cluster_24,Vipas39,3.7646675,2.585103,0.00016677090521686878,0.008628421503034275,0.4,0.07806191117092867,0.3219380888290714
small_cluster,24,cluster_24,Dnajc14,3.754042,2.2391405,0.0001740057979811405,0.008909149397402564,0.5,0.1123074622401675,0.3876925377598325
small_cluster,24,cluster_24,Obsl1,3.7527392,2.1837683,0.000174912877627195,0.008909149397402564,0.4,0.07462240167489158,0.32537759832510843
small_cluster,24,cluster_24,Tmem41a,3.7426398,2.3028696,0.00018209725789794187,0.009189468082412753,0.4,0.07641692836847615,0.3235830716315239
small_cluster,24,cluster_24,Mlf1,3.7092054,2.1597936,0.0002079107906361987,0.010058834446089366,0.5,0.11320472558695978,0.38679527441304024
small_cluster,24,cluster_24,Cxcl2,3.6978486,2.3046174,0.0002174345211425368,0.010396920061978851,0.3,0.04635860625093465,0.25364139374906536
small_cluster,24,cluster_24,Cdc42bpg,3.6883128,2.3343608,0.00022574613416783133,0.010639259616340808,0.4,0.07776282338866457,0.32223717661133544
small_cluster,24,cluster_24,Tppp3,3.655049,2.9168272,0.00025713271066798895,0.012014910506170047,1.0,0.5434425003738598,0.45655749962614023
small_cluster,24,cluster_24,1810044D09Rik,3.6388369,2.383608,0.0002738721182226001,0.012630547396408382,0.3,0.048153132944519214,0.25184686705548076
small_cluster,24,cluster_24,Lbh,3.6187215,3.002118,0.0002960619813261912,0.013450727301193522,0.3,0.05129355465829221,0.24870644534170777
small_cluster,24,cluster_24,Dhcr24,3.6192205,2.2368255,0.0002954916990217511,0.013450727301193522,0.4,0.07970689397338118,0.32029310602661887
small_cluster,24,cluster_24,Adcy6,3.6141975,2.858085,0.00030127940968597666,0.0136154104703785,0.3,0.05009720352923583,0.24990279647076416
small_cluster,24,cluster_24,Rnpc3,3.612749,2.240231,0.0003029679539391516,0.013651036847681387,0.3,0.04770450127112307,0.2522954987288769
small_cluster,24,cluster_24,Ppp1r16a,3.590053,2.4751709,0.00033061062188017285,0.014661781667579235,0.5,0.12756093913563632,0.3724390608643637
small_cluster,24,cluster_24,Csnk1g2,3.5899322,2.0593996,0.00033076393006550316,0.014661781667579235,0.6,0.1655450874831763,0.43445491251682367
small_cluster,24,cluster_24,Fhl1,3.5773282,2.8534057,0.0003471242808761345,0.015263231449462417,0.3,0.05129355465829221,0.24870644534170777
small_cluster,24,cluster_24,Plet1,3.5678492,2.0881336,0.00035992343997420985,0.015699745582492063,0.7,0.22760580230297592,0.47239419769702407
small_cluster,24,cluster_24,1700003M02Rik,3.5567687,2.7500336,0.00037544451303154867,0.016244001795726763,0.3,0.05084492298489607,0.24915507701510392
small_cluster,24,cluster_24,Tuba1a,3.547768,2.5225973,0.00038851018933499083,0.016557533071634704,0.9,0.45207118289217885,0.4479288171078212
small_cluster,24,cluster_24,Calml4,3.52879,2.3490272,0.0004174640986266106,0.01755597097839754,0.3,0.04949902796470764,0.25050097203529237
small_cluster,24,cluster_24,AU040320,3.5161345,2.5678236,0.00043787925094485725,0.018135498976632837,0.3,0.05099446687602811,0.2490055331239719
small_cluster,24,cluster_24,Rnf145,3.5066004,2.533668,0.00045387010551939063,0.018517222887123198,0.3,0.051443098549424256,0.24855690145057574
small_cluster,24,cluster_24,Agr2,3.5071287,2.017017,0.0004529699441741999,0.018517222887123198,1.0,0.5724540152534769,0.42754598474652306
small_cluster,24,cluster_24,Tor1b,3.501025,2.1825957,0.00046347260809742976,0.018815381795559274,0.4,0.08344549125168237,0.31655450874831764
small_cluster,24,cluster_24,Gga1,3.498825,2.1004345,0.0004673129772058656,0.018917152377120813,0.7,0.22925078510542846,0.4707492148945715
small_cluster,24,cluster_24,Trim33,3.491431,2.460521,0.000480440465139737,0.01936045225738778,0.3,0.05114401076716016,0.24885598923283983
small_cluster,24,cluster_24,Ltf,3.4858437,3.706586,0.0004905877327362094,0.019624705864894072,1.0,0.649020487513085,0.35097951248691495
small_cluster,24,cluster_24,Dpagt1,3.466687,2.7142148,0.0005269152226115612,0.02092690727063639,0.3,0.053536713025272915,0.24646328697472708
small_cluster,24,cluster_24,Triobp,3.4639108,2.4169285,0.0005323830697761871,0.02104482907556006,0.4,0.08778226409451174,0.3122177359054883
small_cluster,24,cluster_24,Trmt1l,3.4444456,2.2563446,0.0005722319848536048,0.022239755411336427,0.4,0.08658591296545536,0.31341408703454465
small_cluster,24,cluster_24,Gm867,3.4179606,2.0725775,0.0006309223839054282,0.024120648061615214,0.3,0.051443098549424256,0.24855690145057574
small_cluster,24,cluster_24,Nsd1,3.394047,2.1807315,0.0006886786403027981,0.025965559493347563,0.4,0.08778226409451174,0.3122177359054883
small_cluster,24,cluster_24,Adamtsl4,3.387799,2.3036075,0.0007045585673788021,0.02639941789047365,0.3,0.05308808135187677,0.24691191864812323
small_cluster,24,cluster_24,Blzf1,3.3848534,2.0304296,0.0007121631577256758,0.026485686961131086,0.4,0.08553910572753103,0.314460894272469
small_cluster,24,cluster_24,Slc4a7,3.3795412,2.0156658,0.0007260694199491646,0.026820415667987048,0.3,0.05204127411395244,0.24795872588604756
small_cluster,24,cluster_24,Itln1,3.3694172,2.5328598,0.0007532730667551096,0.02757685617823784,0.4,0.09481082697771796,0.30518917302228205
small_cluster,24,cluster_24,Slc7a2,3.3645053,2.0795152,0.0007668101821249363,0.02794767510451351,0.4,0.08823089576790788,0.31176910423209214
small_cluster,24,cluster_24,Setd6,3.3530068,2.1388605,0.0007993875992408429,0.02900609737864837,0.4,0.08867952744130403,0.311320472558696
small_cluster,24,cluster_24,Sp1,3.3495877,2.0218801,0.0008093194269414763,0.029257297344364,0.3,0.05308808135187677,0.24691191864812323
small_cluster,24,cluster_24,Elof1,3.3464088,2.2862918,0.0008186557822777228,0.029444678695475724,1.0,0.5646777329146104,0.43532226708538957
small_cluster,24,cluster_24,Riiad1,3.3434064,2.6696718,0.0008275662654243135,0.029570619431860925,0.6,0.21190369373411097,0.388096306265889
small_cluster,24,cluster_24,Wdr41,3.3182955,2.2632215,0.0009056865037385711,0.03165624176026431,0.3,0.054583520263197245,0.24541647973680275
small_cluster,24,cluster_24,Fxr2,3.3160195,2.4660783,0.0009130947605574854,0.031795471694062244,0.4,0.09675489756243458,0.3032451024375654
small_cluster,24,cluster_24,Aqr,3.3102062,2.3431141,0.0009322726979764214,0.03225781544200693,0.3,0.055331239718857485,0.2446687602811425
small_cluster,24,cluster_24,Blcap,3.2982423,2.188705,0.0009729209118159331,0.03338258551191029,0.3,0.05488260804546134,0.24511739195453863
small_cluster,24,cluster_24,Tmem212,3.2971034,2.0899253,0.00097687551992355,0.03344829937842619,0.4,0.09032451024375654,0.3096754897562435
small_cluster,24,cluster_24,Wdtc1,3.2674134,2.036324,0.001085350845098029,0.03647712952961634,0.3,0.05503215193659339,0.2449678480634066
small_cluster,24,cluster_24,Stx17,3.2481086,2.2571452,0.001161748976811368,0.03833771623477514,0.3,0.05652759084791386,0.24347240915208612
small_cluster,24,cluster_24,Trappc10,3.2138748,2.100522,0.0013095669941403174,0.041949625529092475,0.3,0.05682667863017796,0.24317332136982203
small_cluster,24,cluster_24,Alox15,3.2078402,2.2261806,0.001337357394100099,0.04267314906738468,0.6,0.20113653357260355,0.39886346642739645
small_cluster,24,cluster_24,Ccm2,3.2025244,2.0338914,0.0013622877251204576,0.04330015693740431,0.4,0.09436219530432181,0.3056378046956782
small_cluster,24,cluster_24,Glipr1,3.1904743,2.1459823,0.0014203944339664454,0.044542809008572985,0.3,0.057574398085838197,0.2424256019141618
small_cluster,24,cluster_24,Usp7,3.1878715,2.0132499,0.001433241841519952,0.04485992260070369,0.4,0.09436219530432181,0.3056378046956782
small_cluster,24,cluster_24,Gm5617,3.1793275,2.0254333,0.0014761717548265932,0.04594059383474565,0.6,0.19500523403618963,0.40499476596381034
small_cluster,24,cluster_24,Cxcl17,3.1652822,2.057504,0.001549325984647283,0.047944331083396394,1.0,0.5684163301929116,0.4315836698070884
small_cluster,25,cluster_25,Ppp1r1a,51.730057,29.936304,0.0,0.0,0.4,0.0,0.4
small_cluster,25,cluster_25,Foxi1,54.87346,13.378246,0.0,0.0,0.6,0.0002990877822640945,0.5997009122177359
small_cluster,25,cluster_25,Gm933,42.689655,12.863649,0.0,0.0,0.7,0.0016449828024525197,0.6983550171975474
small_cluster,25,cluster_25,Cftr,43.038746,11.216543,0.0,0.0,0.6,0.0010468072379243307,0.5989531927620756
small_cluster,25,cluster_25,Moxd1,42.665928,10.510075,0.0,0.0,0.7,0.0016449828024525197,0.6983550171975474
small_cluster,25,cluster_25,A830039N20Rik,36.57321,28.64927,7.627140976503907e-293,1.5636592394455073e-289,0.2,0.0,0.2
small_cluster,25,cluster_25,Rcan2,36.57321,28.579042,7.627140976503907e-293,1.5636592394455073e-289,0.2,0.0,0.2
small_cluster,25,cluster_25,Foxi2,36.57321,28.56068,7.627140976503907e-293,1.5636592394455073e-289,0.2,0.0,0.2
small_cluster,25,cluster_25,Coch,36.554035,11.352825,1.5384380881514457e-292,2.803547009307985e-289,0.4,0.000598175564528189,0.39940182443547184
small_cluster,25,cluster_25,Stap1,35.52295,11.076726,2.174410080924946e-276,3.566249973725004e-273,0.7,0.002841333931508898,0.6971586660684911
small_cluster,25,cluster_25,Atp6v0d2,34.45573,10.378872,3.695525168368583e-260,5.510028026037558e-257,0.4,0.0007477194556602363,0.3992522805443398
small_cluster,25,cluster_25,Syn2,29.290888,10.568754,1.3548802852687055e-188,1.8517826298910033e-185,0.3,0.000598175564528189,0.2994018244354718
small_cluster,25,cluster_25,Ascl3,29.028788,11.187047,2.851193534004834e-185,3.5971096270164064e-182,0.8,0.006430387318678032,0.793569612681322
small_cluster,25,cluster_25,Gng4,21.490496,8.334334,1.9106365522439913e-102,1.9585218808346063e-99,0.4,0.002841333931508898,0.39715866606849115
small_cluster,25,cluster_25,Plxna4,21.447449,8.615468,4.8239378202975914e-102,4.653964952394164e-99,0.3,0.0014954389113204726,0.2985045610886795
small_cluster,25,cluster_25,Npr1,17.716665,8.107611,3.118646233542267e-70,2.5574458438163363e-67,0.3,0.002392702258112756,0.2976072977418872
small_cluster,25,cluster_25,Nrip3,16.747316,7.342337,5.923969986187612e-63,4.6266205592125254e-60,0.5,0.008075370121130552,0.4919246298788694
small_cluster,25,cluster_25,Tm6sf1,15.111234,7.319633,1.3655800452731046e-51,1.0180399237510994e-48,0.3,0.0034395094960370867,0.2965604905039629
small_cluster,25,cluster_25,Pde1c,14.826137,7.6609936,9.928515930107692e-50,6.784899573737344e-47,0.3,0.003589053387169134,0.29641094661283085
small_cluster,25,cluster_25,Bmp2,14.05785,7.50841,6.894942925165405e-45,4.349383035216839e-42,0.3,0.004037685060565276,0.2959623149394347
small_cluster,25,cluster_25,Hepacam2,11.911343,5.7363577,1.0330071525521678e-32,5.6474501030027014e-30,0.6,0.02332884701659937,0.5766711529834007
small_cluster,25,cluster_25,Rasa4,11.279375,6.2223964,1.6592017252038375e-29,7.354747971640039e-27,0.3,0.006430387318678032,0.293569612681322
small_cluster,25,cluster_25,Prr18,11.094667,5.9321213,1.331548215701721e-28,5.747032180453666e-26,0.4,0.011963511290563781,0.38803648870943624
small_cluster,25,cluster_25,Tmem52,10.610238,6.904352,2.670680152574378e-26,1.0950456295593095e-23,0.3,0.007327650665470316,0.2926723493345297
small_cluster,25,cluster_25,Tekt5,10.232878,5.742895,1.4125810273666045e-24,5.516128911866591e-22,0.4,0.014057125766412442,0.3859428742335876
small_cluster,25,cluster_25,Acsm3,10.003033,6.033643,1.4779938243307672e-23,5.637343421592771e-21,0.3,0.008224914012262599,0.2917750859877374
small_cluster,25,cluster_25,Adra2a,9.9353285,6.3721075,2.9221211073373766e-23,1.0892206427600072e-20,0.3,0.008374457903394646,0.29162554209660535
small_cluster,25,cluster_25,Mkrn2os,8.037108,5.2778473,9.198354972734506e-16,2.793744813107752e-13,0.3,0.012711230746224017,0.287288769253776
small_cluster,25,cluster_25,Ckap2,8.023001,5.319671,1.0319285750545305e-15,3.07721101081261e-13,0.3,0.012711230746224017,0.287288769253776
small_cluster,25,cluster_25,Tfcp2l1,7.576601,5.529004,3.5472508160136494e-14,9.537452562858994e-12,0.5,0.0408254822790489,0.4591745177209511
small_cluster,25,cluster_25,P2ry14,7.4660926,6.022731,8.26111080732885e-14,2.1853302959838786e-11,0.3,0.014804845222072678,0.2851951547779273
small_cluster,25,cluster_25,Ldhb,7.1299806,5.605901,1.0038309227232923e-12,2.532897071320726e-10,1.0,0.2506355615373112,0.7493644384626887
small_cluster,25,cluster_25,Rasd1,6.855154,4.887745,7.123574127164587e-12,1.6690534179946626e-09,0.7,0.10109167040526394,0.598908329594736
small_cluster,25,cluster_25,Slc12a2,6.8509965,5.1924825,7.333730021295791e-12,1.6940916349193276e-09,0.7,0.1037834604456408,0.5962165395543592
small_cluster,25,cluster_25,Nrxn1,6.3979325,4.0014734,1.5749477454408127e-10,3.354638697788931e-08,0.4,0.033946463286974725,0.3660535367130253
small_cluster,25,cluster_25,Fkbp5,6.3692145,4.6120043,1.8999883165654038e-10,3.995090817947332e-08,0.4,0.0354419021982952,0.36455809780170484
small_cluster,25,cluster_25,Parm1,6.339928,4.7130466,2.2987258431637153e-10,4.668673094527808e-08,0.5,0.057125766412442054,0.44287423358755795
small_cluster,25,cluster_25,Asgr1,6.282879,5.816659,3.3235990489314214e-10,6.41298211782638e-08,0.7,0.12337371018393899,0.576626289816061
small_cluster,25,cluster_25,Ncald,6.1148877,4.529949,9.662508366096698e-10,1.780615727105078e-07,0.3,0.021384776431882756,0.27861522356811724
small_cluster,25,cluster_25,Elovl7,6.033343,4.5918355,1.6060221669229673e-09,2.9267077288559543e-07,0.3,0.021982951996410947,0.27801704800358906
small_cluster,25,cluster_25,Adgrf5,5.870949,4.5981503,4.333085321500624e-09,7.724666560644754e-07,0.3,0.023179303125467326,0.27682069687453265
small_cluster,25,cluster_25,Ndst1,5.7507253,4.0921416,8.886129766067535e-09,1.5341201504555122e-06,0.4,0.04247046508150142,0.3575295349184986
small_cluster,25,cluster_25,Rbm24,5.628943,4.1446,1.8131737037299346e-08,3.0344757055994547e-06,0.3,0.024674742036787798,0.27532525796321217
small_cluster,25,cluster_25,Pros1,5.5956845,4.326425,2.1975283653070304e-08,3.640571991858647e-06,0.4,0.04516225512187827,0.35483774487812175
small_cluster,25,cluster_25,Slc43a2,5.4583526,4.468327,4.8057211906773595e-08,7.435720117764091e-06,0.3,0.026618812621504413,0.2733811873784956
small_cluster,25,cluster_25,Fam73b,5.4599357,4.3176937,4.7630721108009226e-08,7.435720117764091e-06,0.3,0.026469268730372364,0.2735307312696276
small_cluster,25,cluster_25,Pfkp,5.395878,4.4478974,6.818926235338208e-08,1.0452075624839435e-05,0.5,0.0762673844773441,0.4237326155226559
small_cluster,25,cluster_25,Pdlim3,5.3884864,4.4425716,7.105350171832145e-08,1.0790263719279536e-05,0.4,0.048601764617915356,0.35139823538208464
small_cluster,25,cluster_25,Soat1,5.373437,4.0405354,7.724982836482136e-08,1.162361866982968e-05,0.4,0.048302676835651266,0.35169732316434876
small_cluster,25,cluster_25,Lrrc16a,5.347031,4.140918,8.940867806312247e-08,1.3092783293868496e-05,0.3,0.0272169881860326,0.2727830118139674
small_cluster,25,cluster_25,1700025G04Rik,5.2277236,3.441085,1.7160999872100747e-07,2.405620161558328e-05,0.5,0.07492148945715567,0.42507851054284435
small_cluster,25,cluster_25,Gyltl1b,5.1576858,4.204769,2.500204942803657e-07,3.4171551055768984e-05,0.3,0.029161058770749215,0.2708389412292508
small_cluster,25,cluster_25,Ppp2r5a,5.150388,3.8300185,2.599487014480023e-07,3.4946054528267915e-05,0.5,0.08209959623149395,0.41790040376850607
small_cluster,25,cluster_25,Slco4a1,5.111092,4.0213075,3.2030192660014204e-07,4.270952762738967e-05,0.4,0.05293853746074473,0.3470614625392553
small_cluster,25,cluster_25,Gch1,5.0862274,3.9265158,3.652561208745736e-07,4.831101321341841e-05,0.6,0.12681321967997608,0.4731867803200239
small_cluster,25,cluster_25,Atp6ap2,4.922387,3.3908894,8.549478782043771e-07,0.00010235036606153276,0.9,0.4380140571257664,0.4619859428742336
small_cluster,25,cluster_25,Kidins220,4.8828487,3.6793404,1.0456405264301803e-06,0.00012337805952504594,0.4,0.05652759084791386,0.34347240915208616
small_cluster,25,cluster_25,1110012L19Rik,4.883199,3.0284889,1.0437832675366217e-06,0.00012337805952504594,0.7,0.17930312546732466,0.5206968745326753
small_cluster,25,cluster_25,Cadps2,4.691384,4.070216,2.713631128455195e-06,0.00030276370161764387,0.4,0.061462539255271426,0.33853746074472857
small_cluster,25,cluster_25,Bmf,4.680924,3.9601912,2.8558483802599705e-06,0.00031435415627277703,0.3,0.03484372663376701,0.265156273366233
small_cluster,25,cluster_25,Cd24a,4.6614633,3.2838693,3.1396895384290774e-06,0.00034102018622367747,1.0,0.6726484223119485,0.32735157768805145
small_cluster,25,cluster_25,Cox6b2,4.6126695,3.648398,3.975297631054469e-06,0.000417714260103757,0.4,0.06295797816659189,0.33704202183340815
small_cluster,25,cluster_25,Ubxn7,4.5904746,4.2033205,4.422396823523519e-06,0.00045332331439130774,0.3,0.03618962165395544,0.26381037834604454
small_cluster,25,cluster_25,Pip5k1b,4.588969,3.8183804,4.454399724360074e-06,0.0004537677632250284,0.3,0.03559144608942725,0.2644085539105727
small_cluster,25,cluster_25,Upp1,4.5857196,3.9479527,4.5242596838474366e-06,0.000458039401696184,0.3,0.0354419021982952,0.2645580978017048
small_cluster,25,cluster_25,Rbm27,4.5362716,3.5156503,5.7257415850399525e-06,0.0005623226810553309,0.4,0.06430387318678032,0.3356961268132197
small_cluster,25,cluster_25,Zkscan1,4.51688,3.8235028,6.275746393357232e-06,0.0006126697416514998,0.3,0.036787797218483624,0.26321220278151636
small_cluster,25,cluster_25,Itpr2,4.480075,4.108286,7.46169341172787e-06,0.0007241374771937798,0.3,0.037535516674143864,0.26246448332585615
small_cluster,25,cluster_25,Pank3,4.3278313,3.6222885,1.50584805796385e-05,0.0014112807999237204,0.3,0.03947958725886048,0.2605204127411395
small_cluster,25,cluster_25,Piezo1,4.220759,3.7325099,2.434810482377216e-05,0.002218518151192707,0.3,0.04157320173470914,0.25842679826529086
small_cluster,25,cluster_25,Gstm5,4.189778,3.0014958,2.7922752024840388e-05,0.002502519431472171,0.6,0.1686855091969493,0.4313144908030507
small_cluster,25,cluster_25,Snrnp35,4.1734066,3.9473655,3.00078806114865e-05,0.002660320269778325,0.3,0.04247046508150142,0.25752953491849856
small_cluster,25,cluster_25,Clasp1,4.1563807,3.5856683,3.2332876771420685e-05,0.002851029634021885,0.3,0.04247046508150142,0.25752953491849856
small_cluster,25,cluster_25,Hexb,4.10824,3.0733922,3.986850928785848e-05,0.003423473407487785,0.7,0.26663675788844027,0.4333632421115597
small_cluster,25,cluster_25,Slc27a2,4.0945783,4.013473,4.2293731837989694e-05,0.003612809874348276,0.3,0.044264991775085985,0.255735008224914
small_cluster,25,cluster_25,Leng8,4.0866647,3.6443362,4.3761853213690356e-05,0.003718850541749925,0.4,0.07836099895319276,0.32163900104680726
small_cluster,25,cluster_25,Arhgap18,4.059922,3.297222,4.908902236871077e-05,0.00412876438907295,0.3,0.04306864064602961,0.2569313593539704
small_cluster,25,cluster_25,Ei24,4.0181894,2.703577,5.864705691737825e-05,0.004833519500009651,0.7,0.25930910722296996,0.44069089277703
small_cluster,25,cluster_25,Gyg,4.013196,3.1398857,5.990215071185728e-05,0.004887836685697369,0.5,0.12741139524450426,0.3725886047554957
small_cluster,25,cluster_25,2310015A10Rik,4.007466,3.460459,6.137379635289604e-05,0.004983126900910139,0.3,0.04516225512187827,0.2548377448781217
small_cluster,25,cluster_25,Bfar,3.9621563,2.9065204,7.427589796046876e-05,0.005942434158290966,0.5,0.12427097353073127,0.37572902646926876
small_cluster,25,cluster_25,Atp6v1a,3.9477036,2.9835522,7.890444345032965e-05,0.00628209600499445,0.6,0.18752803947958727,0.4124719605204127
small_cluster,25,cluster_25,Tmem259,3.8989,2.9233384,9.663063560309318e-05,0.007546852640601578,0.5,0.12950500972035292,0.37049499027964705
small_cluster,25,cluster_25,Uqcc2,3.8686492,2.096415,0.0001094399130632316,0.008506748882227778,0.9,0.5746971736204576,0.32530282637954244
small_cluster,25,cluster_25,Muc20,3.859241,4.052786,0.00011373973470582204,0.008799270702406542,0.3,0.0490503962913115,0.25094960370868846
small_cluster,25,cluster_25,Iqgap1,3.8568335,3.015277,0.00011486541497117945,0.008833296316720704,0.7,0.32002392702258114,0.3799760729774188
small_cluster,25,cluster_25,Cd81,3.8371956,3.0638158,0.0001244472750839739,0.009449350734501184,0.8,0.45132346343651863,0.3486765365634814
small_cluster,25,cluster_25,Sema3c,3.8331196,3.0920632,0.00012652843222103567,0.00956310053851247,0.4,0.08464184238073874,0.3153581576192613
small_cluster,25,cluster_25,Slc15a4,3.8231637,3.3280807,0.00013175023128701103,0.009777536395195782,0.3,0.04875130850904741,0.2512486914909526
small_cluster,25,cluster_25,Prkcd,3.8021574,3.1339104,0.00014344149267494466,0.010409663368857378,0.5,0.13967399431733213,0.36032600568266787
small_cluster,25,cluster_25,Mrpl54,3.7796066,2.0020907,0.00015707631748137477,0.011200907317443599,0.9,0.5352175863615971,0.3647824136384029
small_cluster,25,cluster_25,Prss8,3.7675614,2.6882043,0.00016485004291328102,0.011603886497084645,0.6,0.2047255869597727,0.39527441304022726
small_cluster,25,cluster_25,Tesk1,3.7465944,3.658201,0.00017925157592435433,0.012510234454192916,0.3,0.05084492298489607,0.24915507701510392
small_cluster,25,cluster_25,Dvl2,3.7419558,3.358818,0.00018259372850875318,0.012689490429118901,0.3,0.05054583520263197,0.249454164797368
small_cluster,25,cluster_25,Atp6v1e1,3.7330873,2.579751,0.00018914694411234804,0.013034453829532054,0.8,0.537909376401974,0.26209062359802604
small_cluster,25,cluster_25,Cdk8,3.7096164,3.33768,0.00020757357036041185,0.014185058864504645,0.3,0.05129355465829221,0.24870644534170777
small_cluster,25,cluster_25,Timm8b,3.7064114,2.2654202,0.00021021675401126195,0.014306078765720777,0.8,0.44414535666218036,0.3558546433378197
small_cluster,25,cluster_25,Ulk1,3.6753745,3.3537312,0.00023750068054990246,0.015834344153247765,0.4,0.09346493195752953,0.3065350680424705
small_cluster,25,cluster_25,Camsap3,3.654865,3.645099,0.00025731722114232154,0.01668086855318267,0.3,0.053237625243008825,0.24676237475699117
small_cluster,25,cluster_25,Cited4,3.645791,3.0404878,0.0002665705061151688,0.017174731280308955,0.3,0.05099446687602811,0.2490055331239719
small_cluster,25,cluster_25,Supt6,3.621659,3.3121617,0.000292719676056449,0.018394235275869038,0.4,0.09436219530432181,0.3056378046956782
small_cluster,25,cluster_25,Srsf4,3.6069045,2.659964,0.00030987159276832317,0.019313854521791553,0.5,0.14550620607148199,0.354493793928518
small_cluster,25,cluster_25,Avl9,3.5906436,3.316014,0.000329862407367322,0.020186840832953166,0.3,0.05398534469866906,0.24601465530133093
small_cluster,25,cluster_25,Sik1,3.587576,3.0415,0.0003337666513781308,0.02019965627030525,0.4,0.0952594586511141,0.30474054134888595
small_cluster,25,cluster_25,Wwc1,3.5882778,2.8787687,0.00033286937110064366,0.02019965627030525,0.5,0.14894571556751907,0.35105428443248093
small_cluster,25,cluster_25,Nfkb1,3.5717607,2.7174096,0.0003545893310131157,0.021380954477743054,0.5,0.14864662778525498,0.35135337221474505
small_cluster,25,cluster_25,Rfc4,3.5656743,3.0759616,0.0003629218598611812,0.02180322865781404,0.3,0.05338716913414087,0.2466128308658591
small_cluster,25,cluster_25,Lima1,3.5532134,2.8250952,0.0003805555519008956,0.022696333115369415,0.6,0.22356811724241066,0.3764318827575893
small_cluster,25,cluster_25,Fah,3.541961,2.4761908,0.0003971641018276778,0.023431253359984687,0.5,0.13593539703903096,0.36406460296096904
small_cluster,25,cluster_25,2810004N23Rik,3.5145915,2.9689546,0.0004404309313426517,0.025434886285038136,0.4,0.09735307312696276,0.3026469268730373
small_cluster,25,cluster_25,Casp7,3.5013702,3.49772,0.0004628722800761059,0.026637081633432327,0.3,0.0572753103035741,0.24272468969642588
small_cluster,25,cluster_25,Casp4,3.4668694,2.5236242,0.0005265577431207989,0.029681136854275057,0.5,0.1508897861522357,0.3491102138477643
small_cluster,25,cluster_25,Nisch,3.463527,2.4407036,0.0005331430727723615,0.029945477864861306,0.6,0.2319425751458053,0.3680574248541947
small_cluster,25,cluster_25,Zfhx3,3.4591029,2.6067176,0.0005419777404466828,0.03023809016811939,0.5,0.15208613728129206,0.34791386271870794
small_cluster,25,cluster_25,Sepp1,3.453489,2.0005558,0.0005533846250614749,0.03055912873950589,0.8,0.4499775684163302,0.35002243158366986
small_cluster,25,cluster_25,Ints10,3.4315991,3.004014,0.0006000338739701898,0.03237222225981935,0.3,0.057125766412442054,0.24287423358755794
small_cluster,25,cluster_25,Map4k4,3.4122624,3.1587121,0.000644260400266081,0.03441861506437783,0.3,0.05877074921489457,0.24122925078510543
small_cluster,25,cluster_25,Arhgef2,3.4008236,3.2097208,0.0006718318981954883,0.03552407702353729,0.3,0.058172573650366384,0.2418274263496336
small_cluster,25,cluster_25,Pard6b,3.3836553,3.2121103,0.0007152773772529618,0.03700714278967138,0.3,0.05951846867055481,0.24048153132944516
small_cluster,25,cluster_25,Polr2i,3.3508754,2.1269004,0.000805565516280362,0.040947645414749274,0.7,0.34320323014804843,0.3567967698519515
small_cluster,25,cluster_25,Cpt2,3.3300726,3.4966688,0.0008682333849995649,0.043547081796262585,0.3,0.061462539255271426,0.23853746074472856
small_cluster,25,cluster_25,Bik,3.3282194,2.4387429,0.0008740301113866711,0.0437041702952829,0.6,0.23912068192014357,0.3608793180798564
small_cluster,25,cluster_25,Rbmx,3.3248343,2.9392283,0.0008847105300301565,0.044103761103418224,0.3,0.059967100343950946,0.24003289965604904
small_cluster,25,cluster_25,Hnrnpa0,3.3225098,3.1531444,0.0008921157659490132,0.044338153567665954,0.4,0.10587707492148946,0.29412292507851057
small_cluster,25,cluster_25,Fam168a,3.3182604,3.2775764,0.0009057997471995193,0.04488224064597981,0.3,0.061761627037535516,0.23823837296246447
small_cluster,25,cluster_25,Pnpla2,3.314877,2.5939915,0.0009168346430635182,0.04529218367736374,0.6,0.25586959772693285,0.3441304022730671
small_cluster,25,cluster_25,Adipor2,3.2977452,2.7797763,0.0009746452586589257,0.04729336357179006,0.5,0.17287273814864662,0.3271272618513534
small_cluster,25,cluster_25,Hacd3,3.2822454,3.1298966,0.0010298396636420528,0.04938713544851845,0.3,0.06161208314640347,0.2383879168535965
small_cluster,23,cluster_23,Cdc25c,32.885937,7.5553164,3.492028087160375e-237,5.727275265751731e-233,0.5555555555555556,0.003593352298248241,0.5519622032573074
small_cluster,23,cluster_23,Ccnb1,31.445372,6.517286,4.855995267698043e-217,3.9821589192757806e-213,0.8888888888888888,0.011678394969306782,0.8772104939195821
small_cluster,23,cluster_23,Cenpf,31.037674,6.7614546,1.6733505786007353e-211,9.14820761321022e-208,0.7222222222222222,0.007635873633777512,0.7145863485884447
small_cluster,23,cluster_23,Cdkn3,30.355824,7.056623,2.104978598828239e-202,8.630938499845488e-199,0.7222222222222222,0.008085042671058541,0.7141371795511636
small_cluster,23,cluster_23,C330021F23Rik,29.065874,8.599397,9.696414636854282e-186,3.1806179291809416e-182,0.2222222222222222,0.0004491690372810301,0.22177305318494117
small_cluster,23,cluster_23,Birc5,27.040865,7.1993866,4.891491125274641e-161,1.3370890990938231e-157,1.0,0.021560113789489445,0.9784398862105106
small_cluster,23,cluster_23,Cenpe,26.97653,6.4630456,2.7868593181386147e-160,6.529611382398774e-157,0.5555555555555556,0.005988920497080401,0.5495666350584751
small_cluster,23,cluster_23,Cdca3,26.753826,7.031639,1.1144648877229004e-157,2.2847923279429113e-154,0.8888888888888888,0.017218146429106154,0.8716707424597827
small_cluster,23,cluster_23,Aurkb,26.398525,6.3327413,1.4246441689490152e-153,2.5961765572147555e-150,0.6111111111111112,0.007785596646204522,0.6033255144649067
small_cluster,23,cluster_23,Ccnb2,25.922817,6.731136,3.683848706673385e-148,6.041880263815019e-145,0.9444444444444444,0.020961221739781405,0.923483222704663
small_cluster,23,cluster_23,Knstrn,25.581806,6.0589814,2.43185286537885e-144,3.6258926222798653e-141,1.0,0.023955681988321605,0.9760443180116783
small_cluster,23,cluster_23,2810417H13Rik,25.206291,6.3602314,3.4175243667136674e-140,4.670901428205905e-137,0.6666666666666666,0.010480610869890702,0.6561860557967759
small_cluster,23,cluster_23,Spc24,25.186813,6.5389237,5.587122551642856e-140,7.04879976688419e-137,0.9444444444444444,0.022308728851624493,0.9221357155928199
small_cluster,23,cluster_23,Cenpa,25.128317,6.915785,2.4395130399209038e-139,2.8578895262673385e-136,0.8888888888888888,0.019763437640365325,0.8691254512485235
small_cluster,23,cluster_23,Cdca8,24.977886,6.44916,1.0633133854280412e-137,1.1626268556270203e-134,0.8888888888888888,0.019913160652792333,0.8689757282360965
small_cluster,23,cluster_23,Racgap1,24.749529,5.626715,3.136703199745819e-135,3.215316823689449e-132,0.8333333333333334,0.017367869441533165,0.8159654638918002
small_cluster,23,cluster_23,Fam64a,24.303312,5.9164767,1.8084530587442318e-130,1.74473168332142e-127,0.5555555555555556,0.007635873633777512,0.5479196819217781
small_cluster,23,cluster_23,Bub1b,23.854197,6.767329,9.160078698912212e-126,8.346358374492178e-123,0.4444444444444444,0.004940859410091331,0.4395035850343531
small_cluster,23,cluster_23,Cenpm,23.18514,6.483015,6.430767391897173e-119,5.551106104973976e-116,0.7777777777777778,0.017817038478814193,0.7599607392989636
small_cluster,23,cluster_23,Ndc80,22.201822,6.200237,3.2981052578631574e-109,2.7046112167106823e-106,0.4444444444444444,0.005839197484653391,0.43860524695979103
small_cluster,23,cluster_23,Cdc20,22.182804,6.4931436,5.034238560029216e-109,3.931740315382818e-106,0.9444444444444444,0.029345710435693968,0.9150987340087504
small_cluster,23,cluster_23,Parpbp,22.129396,7.5277452,1.647704162074352e-108,1.2283634528264294e-105,0.2222222222222222,0.0011977840994160803,0.22102443812280612
small_cluster,23,cluster_23,1190002F15Rik,22.028618,6.1074266,1.5317669971781062e-107,1.0922830661181791e-104,0.9444444444444444,0.029794879472974996,0.9146495649714694
small_cluster,23,cluster_23,Pbk,21.978447,6.4294124,4.630389062933292e-107,3.1642921258820387e-104,0.5555555555555556,0.009731995807755653,0.5458235597478
small_cluster,23,cluster_23,Ube2c,21.922297,6.3855667,1.5922093330171142e-106,1.0445530108325475e-103,0.7777777777777778,0.019913160652792333,0.7578646171249854
small_cluster,23,cluster_23,Kif22,21.915638,6.088903,1.8429313754147722e-106,1.162535288006834e-103,0.5,0.007785596646204522,0.49221440335379546
small_cluster,23,cluster_23,Nuf2,21.332535,6.10892,5.665432063743174e-101,3.441435232498215e-98,0.3888888888888889,0.004791136397664321,0.3840977524912246
small_cluster,23,cluster_23,Plk1,21.08953,6.384124,9.92426042227158e-99,5.8131355423455775e-96,0.5,0.008534211708339573,0.49146578829166043
small_cluster,23,cluster_23,Ccna2,20.82404,5.9644175,2.621280800019446e-96,1.482469875900653e-93,0.5555555555555556,0.010929779907171732,0.5446257756483839
small_cluster,23,cluster_23,Kif2c,20.051302,5.942545,1.9663431890237707e-89,1.0749998214392955e-86,0.3888888888888889,0.005539751459799371,0.38334913742908955
small_cluster,23,cluster_23,Rad51,19.884579,5.3614683,5.534619503596804e-88,2.9281707896287476e-85,0.5,0.009582272795328643,0.49041772720467136
small_cluster,23,cluster_23,Sapcd2,19.334251,5.3774004,2.7665224519490114e-83,1.4179292104504918e-80,0.3888888888888889,0.005988920497080401,0.3828999683918085
small_cluster,23,cluster_23,Sgol1,19.253403,5.594358,1.3218742617985733e-82,6.5697150811389085e-80,0.3333333333333333,0.004341967360383291,0.32899136597295003
small_cluster,23,cluster_23,Shcbp1,18.74332,5.5951214,2.1949018501826846e-78,9.999607012457282e-76,0.3888888888888889,0.006438089534361431,0.38245079935452747
small_cluster,23,cluster_23,Psrc1,18.74414,5.321279,2.161382121269069e-78,9.999607012457282e-76,0.3888888888888889,0.006438089534361431,0.38245079935452747
small_cluster,23,cluster_23,Hmmr,18.504444,6.165646,1.9013239929160322e-76,8.428004002112391e-74,0.3333333333333333,0.004791136397664321,0.328542196935669
small_cluster,23,cluster_23,Cep55,18.399755,5.758742,1.3195959537841908e-75,5.695445588951188e-73,0.3888888888888889,0.006737535559215451,0.3821513533296734
small_cluster,23,cluster_23,Ncapg,18.311417,6.1059656,6.710170599753865e-75,2.8218848206811064e-72,0.2777777777777778,0.0032939062733942205,0.2744838715043836
small_cluster,23,cluster_23,Mki67,18.07348,5.967404,5.155589308339549e-73,2.062361469416511e-70,0.3888888888888889,0.007036981584069471,0.38185190730481944
small_cluster,23,cluster_23,Tpx2,18.074009,5.6076617,5.106485801898753e-73,2.062361469416511e-70,0.4444444444444444,0.009282826770474623,0.43516161767396977
small_cluster,23,cluster_23,Ankle1,17.98116,6.152347,2.7370745985732354e-72,1.0688276307428484e-69,0.2777777777777778,0.0034436292858212305,0.2743341484919566
small_cluster,23,cluster_23,Aspm,17.977882,5.960251,2.903703512390126e-72,1.1075265420165223e-69,0.2777777777777778,0.0034436292858212305,0.2743341484919566
small_cluster,23,cluster_23,Mad2l1,17.960875,5.0380807,3.945446824900395e-72,1.4706653039816224e-69,0.7222222222222222,0.025452912112591704,0.6967693101096305
small_cluster,23,cluster_23,Kif20a,17.670807,5.4511604,7.03840515314104e-70,2.5652640648148045e-67,0.4444444444444444,0.009731995807755653,0.4347124486366888
small_cluster,23,cluster_23,Mxd3,17.234955,5.639343,1.4516556366193542e-66,5.1757834991726146e-64,0.3888888888888889,0.007785596646204522,0.38110329224268435
small_cluster,23,cluster_23,Kifc5b,17.062172,5.9326625,2.8380173927100146e-65,9.49924964445652e-63,0.2777777777777778,0.003892798323102261,0.27388497945467555
small_cluster,23,cluster_23,Tacc3,17.00982,4.7738614,6.945046340065379e-65,2.2781141004682455e-62,0.6111111111111112,0.020062883665219345,0.5910482274458918
small_cluster,23,cluster_23,Esco2,16.800474,6.132038,2.4210422782049595e-63,7.785787138203831e-61,0.3333333333333333,0.005988920497080401,0.32734441283625293
small_cluster,23,cluster_23,Cdk1,16.782896,5.7187066,3.25566837993784e-63,1.026850328833856e-60,0.6666666666666666,0.025452912112591704,0.6412137545540749
small_cluster,23,cluster_23,Fignl1,16.755367,5.6167703,5.174047545766499e-63,1.6011236565682328e-60,0.2777777777777778,0.0040425213355292705,0.2737352564422485
small_cluster,23,cluster_23,Incenp,16.646948,5.305222,3.184341198902747e-62,9.671551852445176e-60,0.6111111111111112,0.021410390777062433,0.5897007203340487
small_cluster,23,cluster_23,Aurka,16.5438,5.3409495,1.774629885152807e-61,5.29194631752567e-59,0.4444444444444444,0.011229225932025752,0.4332152185124187
small_cluster,23,cluster_23,Troap,15.845746,5.6592684,1.5042524476452564e-56,4.328288490145588e-54,0.2222222222222222,0.0028447372361131906,0.219377484986109
small_cluster,23,cluster_23,Top2a,15.830662,5.757069,1.911991445235724e-56,5.406650291950191e-54,0.4444444444444444,0.012427010031441832,0.4320174344130026
small_cluster,23,cluster_23,Cdca5,15.804729,5.8303347,2.886256916129459e-56,8.023305030752416e-54,0.2777777777777778,0.004641413385237311,0.27313636439254046
small_cluster,23,cluster_23,Prc1,15.604262,4.760014,6.809253518768698e-55,1.8613094493554234e-52,0.6111111111111112,0.023955681988321605,0.5871554291227895
small_cluster,23,cluster_23,Spag5,15.581419,4.667108,9.736889002989944e-55,2.6179461727547227e-52,0.3888888888888889,0.009582272795328643,0.37930661609356026
small_cluster,23,cluster_23,Oip5,15.538042,6.2991962,1.91753264213493e-54,5.072492397363707e-52,0.2222222222222222,0.0029944602485402006,0.21922776197368202
small_cluster,23,cluster_23,Ncaph,15.510915,5.6697936,2.9267995868115293e-54,7.619434924332682e-52,0.2222222222222222,0.0029944602485402006,0.21922776197368202
small_cluster,23,cluster_23,Nusap1,15.32204,5.37594,5.448093572655454e-53,1.396159104455033e-50,0.3888888888888889,0.010031441832609672,0.3788574470562792
small_cluster,23,cluster_23,Nrm,15.137707,4.9793763,9.134317858522994e-52,2.269877987842964e-49,0.8333333333333334,0.04910914807605929,0.7842241852572741
small_cluster,23,cluster_23,Tk1,15.101959,5.323475,1.5719269374626665e-51,3.847936373332119e-49,0.5555555555555556,0.021560113789489445,0.5339954417660662
small_cluster,23,cluster_23,Ube2t,15.100808,4.9067574,1.5996189251989173e-51,3.8581397047334474e-49,0.5,0.017218146429106154,0.48278185357089387
small_cluster,23,cluster_23,Kif4,14.613764,5.8087254,2.2948261408285747e-48,5.37677764796135e-46,0.2222222222222222,0.0034436292858212305,0.21877859293640098
small_cluster,23,cluster_23,Cenpn,14.045173,4.701585,8.246661341087492e-45,1.9049787697912106e-42,0.3333333333333333,0.008683934720766583,0.32464939861256675
small_cluster,23,cluster_23,Rad51ap1,14.040883,5.098951,8.761424982548941e-45,1.9957795991497946e-42,0.2777777777777778,0.005988920497080401,0.2717888572806974
small_cluster,23,cluster_23,H1fx,13.930791,4.9819183,4.1176859012306176e-44,9.251255680285392e-42,0.7222222222222222,0.04356939661625992,0.6786528256059623
small_cluster,23,cluster_23,Kif20b,13.742638,5.1941676,5.638329196303205e-43,1.2496518533590388e-40,0.2777777777777778,0.006288366521934421,0.27148941125584336
small_cluster,23,cluster_23,Asf1b,13.466118,5.0517206,2.4754283744626537e-41,5.3420395749423665e-39,0.4444444444444444,0.017218146429106154,0.4272262980153383
small_cluster,23,cluster_23,Cdca2,13.433151,5.186577,3.866024266890296e-41,8.23463168847633e-39,0.2777777777777778,0.006587812546788441,0.27118996523098937
small_cluster,23,cluster_23,Spc25,13.328858,4.896097,1.5728600188312813e-40,3.265376856816689e-38,0.5,0.022308728851624493,0.4776912711483755
small_cluster,23,cluster_23,Smc4,13.248098,4.7382717,4.6278115770772395e-40,9.487592209455477e-38,0.8888888888888888,0.07441233717622399,0.8144765517126649
small_cluster,23,cluster_23,Mastl,13.1742525,5.696047,1.2344401551727895e-39,2.499512714196163e-37,0.2222222222222222,0.004341967360383291,0.21788025486183893
small_cluster,23,cluster_23,Mcm10,13.158148,5.340863,1.5278450368204217e-39,3.0558763962063093e-37,0.2222222222222222,0.004341967360383291,0.21788025486183893
small_cluster,23,cluster_23,Kif23,13.12863,4.5889897,2.257025121680399e-39,4.459936026587978e-37,0.5,0.022757897888905525,0.47724210211109447
small_cluster,23,cluster_23,Ckap2l,13.030353,4.659974,8.222632148256023e-39,1.6054689269469886e-36,0.4444444444444444,0.018266207516095225,0.4261782369283492
small_cluster,23,cluster_23,Anln,12.956273,4.9948583,2.1651520524792557e-38,4.177724566201444e-36,0.3333333333333333,0.010330887857463692,0.32300244547586965
small_cluster,23,cluster_23,Cenpp,12.529966,4.9451604,5.1184268023265255e-36,9.761316044762482e-34,0.2777777777777778,0.007635873633777512,0.2701419041440003
small_cluster,23,cluster_23,Cks1b,12.456903,4.7454686,1.2825465285942423e-35,2.417821335111973e-33,0.9444444444444444,0.09911663422668064,0.8453278102177638
small_cluster,23,cluster_23,Cks1brt,12.2891245,4.3151894,1.0362269567198239e-34,1.8883509241290923e-32,0.3333333333333333,0.011378948944452762,0.3219543843888806
small_cluster,23,cluster_23,Spdl1,12.246843,5.618066,1.7466304410467406e-34,3.147965479517318e-32,0.2222222222222222,0.005090582422518341,0.21713163979970387
small_cluster,23,cluster_23,Bora,12.063098,4.7115793,1.654400358358223e-33,2.9493282910253495e-31,0.2777777777777778,0.008234765683485551,0.2695430120942922
small_cluster,23,cluster_23,Kif11,12.041551,4.994669,2.1487720387517148e-33,3.7894634631792333e-31,0.2222222222222222,0.005240305434945351,0.21698191678727685
small_cluster,23,cluster_23,Rrm2,11.97773,4.2080436,4.6487844804817455e-33,8.111139815359693e-31,0.5555555555555556,0.03308878574636922,0.5224667698091864
small_cluster,23,cluster_23,Gpsm2,11.889214,3.6413212,1.3466900659806636e-32,2.324954081278828e-30,0.6111111111111112,0.039377152268303635,0.5717339588428075
small_cluster,23,cluster_23,Ckap2,11.82789,4.112917,2.800937460026852e-32,4.785226591864625e-30,0.3333333333333333,0.012277287019014822,0.3210560463143185
small_cluster,23,cluster_23,Stmn1,11.718064,4.618246,1.0299872010481698e-31,1.741527843751653e-29,0.7222222222222222,0.06093726605779308,0.6612849561644292
small_cluster,23,cluster_23,Arhgef39,11.624107,4.026275,3.1082466869185854e-31,5.201872848178747e-29,0.3888888888888889,0.017218146429106154,0.37167074245978277
small_cluster,23,cluster_23,Fbxo5,11.622692,4.249423,3.160180041349973e-31,5.235364935169789e-29,0.2777777777777778,0.008833657733193593,0.2689441200445842
small_cluster,23,cluster_23,Poc1a,11.593026,4.027559,4.470510526050635e-31,7.332084313775647e-29,0.5,0.028597095373558916,0.4714029046264411
small_cluster,23,cluster_23,Traip,11.582028,4.9888425,5.082894755505154e-31,8.25391652327129e-29,0.2222222222222222,0.005689474472226381,0.21653274774999584
small_cluster,23,cluster_23,Mis18bp1,11.572207,4.7619405,5.6996852093439685e-31,9.164758541024551e-29,0.2222222222222222,0.005689474472226381,0.21653274774999584
small_cluster,23,cluster_23,Dlgap5,11.550211,4.608754,7.36398640316824e-31,1.172589718430702e-28,0.3333333333333333,0.013025902081149872,0.3203074312521834
small_cluster,23,cluster_23,Dbf4,11.252992,4.780328,2.23868330613301e-29,3.530446625373798e-27,0.3333333333333333,0.013774517143284922,0.3195588161900484
small_cluster,23,cluster_23,Ybx2,11.186638,5.0835257,4.740690666243593e-29,7.404958820672493e-27,0.2222222222222222,0.006138643509507411,0.2160835787127148
small_cluster,23,cluster_23,Ncapd2,10.873618,5.279957,1.539707452189373e-27,2.215152800294553e-25,0.2777777777777778,0.010330887857463692,0.2674468899203141
small_cluster,23,cluster_23,Ska1,10.776198,4.5506525,4.4593566834372604e-27,6.359818170874305e-25,0.2222222222222222,0.006587812546788441,0.21563440967543376
small_cluster,23,cluster_23,Arhgap11a,10.672257,4.7058825,1.3725024535395662e-26,1.9405528224571054e-24,0.2222222222222222,0.006737535559215451,0.21548468666300677
small_cluster,23,cluster_23,H2afx,10.277602,4.3451567,8.89117177866369e-25,1.2254126751417073e-22,0.9444444444444444,0.15092079652642612,0.7935236479180183
small_cluster,23,cluster_23,Kifc1,10.125846,4.3097396,4.242928524702982e-24,5.751096754847406e-22,0.2222222222222222,0.007486150621350502,0.21473607160087171
small_cluster,23,cluster_23,Cmc2,9.887947,3.4084122,4.6955965948520526e-23,6.312498340341682e-21,0.8333333333333334,0.10330887857463693,0.7300244547586965
small_cluster,23,cluster_23,Rrm1,9.266584,3.6649575,1.9220142840232212e-20,2.31786443178418e-18,0.5555555555555556,0.0537505614612966,0.5018049940942589
small_cluster,23,cluster_23,Lig1,9.14182,3.5450015,6.141027233597993e-20,7.143190614059623e-18,0.3888888888888889,0.027099865249288816,0.3617890236396001
small_cluster,23,cluster_23,Atad2,9.088211,4.247373,1.0068186469122001e-19,1.162875537183591e-17,0.2222222222222222,0.009282826770474623,0.2129393954517476
small_cluster,23,cluster_23,Ccdc34,8.749999,3.6666377,2.1335537361998744e-18,2.4470220159030864e-16,0.9444444444444444,0.19613714627938314,0.7483072981650613
small_cluster,23,cluster_23,Cit,8.711744,4.0131145,2.9923337904401207e-18,3.4081435067366963e-16,0.3888888888888889,0.030543494535110047,0.3583453943537788
small_cluster,23,cluster_23,Plk4,8.6222725,4.3454714,6.563813682695572e-18,7.424352290337247e-16,0.2222222222222222,0.010330887857463692,0.21189133436475852
small_cluster,23,cluster_23,Rnf26,8.436959,3.5631032,3.257005460898566e-17,3.3386341602623365e-15,0.4444444444444444,0.041024105405000746,0.4034203390394437
small_cluster,23,cluster_23,Tcf19,8.379105,3.4487605,5.333183074762718e-17,5.366229178477505e-15,0.3333333333333333,0.023656235963467585,0.3096770973698657
small_cluster,23,cluster_23,Pmf1,8.327745,3.319599,8.239626957913172e-17,8.240129374191094e-15,0.6666666666666666,0.09192992963018416,0.5747367370364824
small_cluster,23,cluster_23,Nt5dc2,8.290511,3.9420178,1.1276274687318464e-16,1.1208617039194553e-14,0.2777777777777778,0.017218146429106154,0.26055963134867166
small_cluster,23,cluster_23,Katnal2,8.249875,3.4232533,1.5856000237350525e-16,1.5665919270649755e-14,0.2222222222222222,0.011079502919598742,0.21114271930262346
small_cluster,23,cluster_23,Haus8,8.117303,3.488666,4.766596207623306e-16,4.653389547692253e-14,0.5,0.05554723761042072,0.44445276238957926
small_cluster,23,cluster_23,Nde1,8.08678,3.2059526,6.126280056685166e-16,5.945391669212628e-14,0.6666666666666666,0.09567300494085941,0.5709936617258072
small_cluster,23,cluster_23,Fam83d,7.8198953,4.147322,5.28672681139872e-15,5.041139908938978e-13,0.2222222222222222,0.012427010031441832,0.20979521219078037
small_cluster,23,cluster_23,Trim59,7.587291,3.5438178,3.266630726107085e-14,2.9437368427957306e-12,0.2777777777777778,0.020062883665219345,0.25771489411255843
small_cluster,23,cluster_23,Rdh11,7.487342,3.196952,7.028234620437836e-14,6.298911257366172e-12,0.3888888888888889,0.038778260218595595,0.3501106286702933
small_cluster,23,cluster_23,Tmpo,7.4781337,3.0665536,7.538544224935962e-14,6.683225072063498e-12,0.9444444444444444,0.23776014373409193,0.7066843007103525
small_cluster,23,cluster_23,Melk,7.30158,3.2670736,2.844078120011878e-13,2.4944238099633592e-11,0.2777777777777778,0.021260667764635425,0.25651711001314237
small_cluster,23,cluster_23,Pxylp1,7.2285485,3.0415282,4.881831051060137e-13,4.236344500975519e-11,0.5,0.06632729450516545,0.43367270549483455
small_cluster,23,cluster_23,Tyms,7.1268177,3.1304507,1.0271604187453539e-12,8.423229013921275e-11,0.5555555555555556,0.08459350202126066,0.47096205353429493
small_cluster,23,cluster_23,H2afz,7.11783,3.0000062,1.0963972298175567e-12,8.946274112556093e-11,1.0,0.447372361131906,0.552627638868094
small_cluster,23,cluster_23,Hmgn2,7.079234,3.6007745,1.4495346180532124e-12,1.176921647063898e-10,0.3888888888888889,0.04431801167839497,0.34457087721049395
small_cluster,23,cluster_23,Apitd1,7.073253,3.309507,1.5134303943896246e-12,1.2227473841568588e-10,0.3333333333333333,0.032190447671807156,0.30114288566152614
small_cluster,23,cluster_23,Gins2,7.068214,3.1831174,1.5694025481665033e-12,1.2617534898273932e-10,0.3888888888888889,0.04297050456655188,0.345918384322337
small_cluster,23,cluster_23,Rangap1,6.9400353,3.0069551,3.920022155791805e-12,3.1209846299583203e-10,0.5555555555555556,0.08788740829465488,0.46766814726090067
small_cluster,23,cluster_23,Cenpw,6.895458,2.863238,5.369150811668927e-12,4.254079345999134e-10,0.2777777777777778,0.023356789938613565,0.2544209878391642
small_cluster,23,cluster_23,Whsc1,6.852878,2.783447,7.237880558821572e-12,5.652784716439647e-10,0.3333333333333333,0.03323850875879623,0.30009482457453707
small_cluster,23,cluster_23,3010026O09Rik,6.827903,3.2031975,8.61649088297378e-12,6.697586112400615e-10,0.3333333333333333,0.0342865698457853,0.299046763487548
small_cluster,23,cluster_23,2700094K13Rik,6.7203436,2.7520845,1.812965062521997e-11,1.3829972088568964e-09,1.0,0.34556071268153915,0.6544392873184608
small_cluster,23,cluster_23,Rbl1,6.705208,3.7499146,2.0111963312672447e-11,1.5271125476441703e-09,0.2222222222222222,0.016469531366971102,0.2057526908552511
small_cluster,23,cluster_23,Topbp1,6.6721597,2.891869,2.5206637819197667e-11,1.8132195915467584e-09,0.2777777777777778,0.024854020062883665,0.2529237577148941
small_cluster,23,cluster_23,Snrnp25,6.669975,2.6322207,2.5584702459196277e-11,1.832378624599468e-09,0.6111111111111112,0.10570444677346909,0.505406664337642
small_cluster,23,cluster_23,Haus4,6.6403856,2.7196374,3.128631165374639e-11,2.2213281274159936e-09,0.3333333333333333,0.03488546189549334,0.29844787143783996
small_cluster,23,cluster_23,Gpr160,6.61466,3.3321579,3.724077845530218e-11,2.6213991735854556e-09,0.2222222222222222,0.016768977391825122,0.2054532448303971
small_cluster,23,cluster_23,Fen1,6.5645103,2.6023946,5.22040775615216e-11,3.658970410626136e-09,0.3333333333333333,0.03548435394520138,0.29784897938813193
small_cluster,23,cluster_23,Neurl1b,6.5226183,3.4048097,6.909045071692587e-11,4.801493568679242e-09,0.2222222222222222,0.017218146429106154,0.20500407579311605
small_cluster,23,cluster_23,Tubb5,6.5180535,3.0259905,7.122554379762499e-11,4.928987948628048e-09,1.0,0.6424614463243,0.3575385536757
small_cluster,23,cluster_23,Stk17b,6.516304,3.4906182,7.206091587561824e-11,4.965844879310987e-09,0.2777777777777778,0.026500973199580776,0.251276804578197
small_cluster,23,cluster_23,Agr2,6.4981284,2.980597,8.132530652928254e-11,5.58082155810361e-09,1.0,0.5719419074711783,0.42805809252882165
small_cluster,23,cluster_23,Cox6b2,6.4742393,2.7560344,9.529062734849875e-11,6.511923246428033e-09,0.4444444444444444,0.06243449618206318,0.3820099482623812
small_cluster,23,cluster_23,Trp53i11,6.441481,2.4178708,1.183130064743744e-10,8.051666469652343e-09,0.7777777777777778,0.17128312621649947,0.6064946515612784
small_cluster,23,cluster_23,Srcap,6.3691583,3.2456167,1.9006824617048684e-10,1.2775857809189158e-08,0.2222222222222222,0.017966761491241205,0.204255460730981
small_cluster,23,cluster_23,Prdx4,6.358727,2.4720669,2.0343237461897217e-10,1.3618344392350052e-08,0.9444444444444444,0.2699505914058991,0.6744938530385454
small_cluster,23,cluster_23,Cep89,6.3476367,3.284006,2.1864773817671084e-10,1.4577404690391197e-08,0.3888888888888889,0.05330139242401557,0.33558749646487335
small_cluster,23,cluster_23,Hmgb2,6.2771363,2.938257,3.448655593946703e-10,2.2180941331890147e-08,0.9444444444444444,0.5864650396765982,0.3579794047678462
small_cluster,23,cluster_23,Mns1,6.2339296,2.767827,4.548773039124429e-10,2.9142354146359284e-08,0.3333333333333333,0.03907770624344962,0.2942556270898837
small_cluster,23,cluster_23,Nup37,6.2032495,2.934148,5.530899930453863e-10,3.5296610801312765e-08,0.4444444444444444,0.06902230872885162,0.3754221357155928
small_cluster,23,cluster_23,Rfc4,6.159403,2.6667862,7.301967058086368e-10,4.641843477506765e-08,0.3888888888888889,0.052852223386734544,0.33603666550215433
small_cluster,23,cluster_23,Mis18a,6.097807,2.6276634,1.0753355511342881e-09,6.80948971975037e-08,0.3888888888888889,0.05330139242401557,0.33558749646487335
small_cluster,23,cluster_23,Lmnb1,6.060705,2.657742,1.3552623593897666e-09,8.516344044579142e-08,0.5,0.0865399011828118,0.4134600988171882
small_cluster,23,cluster_23,Hspb6,6.039465,2.8671181,1.5462607240938758e-09,9.679474097657884e-08,0.3888888888888889,0.055247791585566704,0.3336410973033222
small_cluster,23,cluster_23,Fam175a,6.0111012,2.7311652,1.8426737373440413e-09,1.1491137629726092e-07,0.2777777777777778,0.029645156460547988,0.2481326213172298
small_cluster,23,cluster_23,Rap2c,5.9058127,2.8009055,3.5091268376205937e-09,2.1475070620826627e-07,0.2222222222222222,0.020212606677646353,0.20200961554457586
small_cluster,23,cluster_23,H2afv,5.8622885,2.5136337,4.565316091746206e-09,2.7527848978209383e-07,1.0,0.6375205869142088,0.36247941308579124
small_cluster,23,cluster_23,Hirip3,5.8479686,2.5890288,4.976125694817402e-09,2.978592610244533e-07,0.2777777777777778,0.030842940559964067,0.24693483721781373
small_cluster,23,cluster_23,Pck2,5.8352733,2.6807377,5.370245450109441e-09,3.2028143864452704e-07,0.5,0.09477466686629735,0.4052253331337027
small_cluster,23,cluster_23,Igtp,5.8341365,2.6760235,5.406986778031278e-09,3.2130431212496735e-07,0.3333333333333333,0.04356939661625992,0.2897639367170734
small_cluster,23,cluster_23,Cenpq,5.8050413,3.0915136,6.435021036475705e-09,3.8101364627883773e-07,0.2777777777777778,0.03204072465938015,0.24573705311839764
small_cluster,23,cluster_23,Hmgb3,5.790868,2.4669428,7.0023585922100445e-09,4.116332733721754e-07,0.6666666666666666,0.1537655337625393,0.5129011329041273
small_cluster,23,cluster_23,Cenpt,5.7815676,2.8696136,7.4007663646611026e-09,4.319571855758247e-07,0.2777777777777778,0.03189100164695314,0.24588677613082466
small_cluster,23,cluster_23,Kank2,5.782163,2.8559954,7.374603234538375e-09,4.319571855758247e-07,0.2777777777777778,0.03189100164695314,0.24588677613082466
small_cluster,23,cluster_23,Gjb1,5.7806306,3.8049335,7.442115927812264e-09,4.328302955037197e-07,0.2222222222222222,0.021709836801916453,0.20051238542030575
small_cluster,23,cluster_23,Lsm2,5.7452517,2.1756918,9.178444803406552e-09,5.300551873967284e-07,0.8333333333333334,0.22548285671507712,0.6078504766182562
small_cluster,23,cluster_23,Alg14,5.715167,2.1409075,1.0959623869153766e-08,6.284922764964717e-07,0.6666666666666666,0.1465788291660428,0.5200878375006238
small_cluster,23,cluster_23,Smc1a,5.6897316,2.612036,1.2723915195560194e-08,7.246004622304957e-07,0.5555555555555556,0.11663422668064082,0.43892132887491475
small_cluster,23,cluster_23,Rfc5,5.687665,2.766753,1.2878819542260081e-08,7.308841498706145e-07,0.3888888888888889,0.06138643509507411,0.32750245379381476
small_cluster,23,cluster_23,Ppih,5.686298,2.212525,1.298226960751763e-08,7.342144959755058e-07,0.4444444444444444,0.07291510705195388,0.37152933739249056
small_cluster,23,cluster_23,Cyp39a1,5.6543756,2.5269892,1.564137899838945e-08,8.657810968074347e-07,0.5,0.09761940410241055,0.40238059589758945
small_cluster,23,cluster_23,Sept10,5.512961,2.5954745,3.5284701556897496e-08,1.8667883555957283e-06,0.2777777777777778,0.03383740080850427,0.2439403769692735
small_cluster,23,cluster_23,Pgk1,5.4984803,2.4902859,3.830781692912475e-08,2.020213843905386e-06,0.4444444444444444,0.08085042671058541,0.363594017733859
small_cluster,23,cluster_23,Ezh2,5.4909415,2.9949167,3.997961755847849e-08,2.101620857617326e-06,0.2777777777777778,0.035184907920347355,0.24259286985743045
small_cluster,23,cluster_23,Me2,5.4896045,2.531568,4.028347464728456e-08,2.1108283312783195e-06,0.4444444444444444,0.08159904177272047,0.36284540267172394
small_cluster,23,cluster_23,Serpinb8,5.4465704,2.3305998,5.135032381928192e-08,2.666879370462362e-06,0.5,0.09881718820182663,0.4011828117981734
small_cluster,23,cluster_23,Ptms,5.446457,2.0764701,5.138307914554639e-08,2.666879370462362e-06,1.0,0.6842341667914359,0.3157658332085641
small_cluster,23,cluster_23,Miip,5.42928,2.2826793,5.65819584717575e-08,2.9274470059788476e-06,0.3333333333333333,0.04791136397664321,0.2854219693566901
small_cluster,23,cluster_23,H2-Q7,5.4159756,2.904589,6.09554522703167e-08,3.1438062034134093e-06,0.2777777777777778,0.03563407695762839,0.2421437008201494
small_cluster,23,cluster_23,Msln,5.4044056,2.7016277,6.502364798772575e-08,3.322283023821464e-06,1.0,0.5241802665069621,0.47581973349303786
small_cluster,23,cluster_23,Gemin6,5.395903,2.2136378,6.817968799807819e-08,3.4512810581990134e-06,0.3333333333333333,0.0477616409642162,0.2855716923691171
small_cluster,23,cluster_23,Dnph1,5.347796,2.9177232,8.903183152644414e-08,4.465477274817157e-06,0.3333333333333333,0.05045665518790238,0.28287667814543094
small_cluster,23,cluster_23,Marveld2,5.2463346,2.1694882,1.5515502216811485e-07,7.664751561985697e-06,0.2777777777777778,0.036382692019763435,0.24139508575801435
small_cluster,23,cluster_23,Stag1,5.234048,2.0887148,1.6583749856228325e-07,8.167870312072094e-06,0.3333333333333333,0.05000748615062135,0.283325847182712
small_cluster,23,cluster_23,Fut8,5.1312704,2.3320796,2.8779306155825707e-07,1.384191789623746e-05,0.3888888888888889,0.06977092379098668,0.31911796509790225
small_cluster,23,cluster_23,Usp1,5.1190605,2.6609814,3.0706164880382145e-07,1.4682560064231707e-05,0.3333333333333333,0.054050007486150624,0.2792833258471827
small_cluster,23,cluster_23,Pigr,5.0936413,2.2793984,3.512510658296342e-07,1.660192717772862e-05,0.8888888888888888,0.33343314867495133,0.5554557402139375
small_cluster,23,cluster_23,Tmem54,4.988386,2.2916293,6.088583121637421e-07,2.8449815321360496e-05,0.4444444444444444,0.09357688276688127,0.35086756167756317
small_cluster,23,cluster_23,Alg8,4.9750056,2.7109814,6.524572227822521e-07,3.0228674889411628e-05,0.2777777777777778,0.041024105405000746,0.23675367237277706
small_cluster,23,cluster_23,Impad1,4.8877335,2.0158734,1.0200345017710317e-06,4.647107184318525e-05,0.4444444444444444,0.09133103758047612,0.3531134068639683
small_cluster,23,cluster_23,Hjurp,4.8827977,2.9263258,1.0459110448641539e-06,4.7517969658772824e-05,0.2777777777777778,0.04297050456655188,0.2348072732112259
small_cluster,23,cluster_23,Slc27a2,4.8792043,3.0279014,1.065146031644026e-06,4.825817697512064e-05,0.2777777777777778,0.044018565653540946,0.23375921212423684
small_cluster,23,cluster_23,Pdk3,4.8547854,2.1014826,1.2051725101613656e-06,5.415351873741523e-05,0.5555555555555556,0.13999101661925437,0.4155645389363012
small_cluster,23,cluster_23,Tmem44,4.8471794,2.5240228,1.2522901953419101e-06,5.596406401581108e-05,0.2777777777777778,0.04207216649198982,0.23570561128578799
small_cluster,23,cluster_23,Scaf8,4.831734,2.6666515,1.3534896925248391e-06,5.983445942614525e-05,0.2777777777777778,0.04297050456655188,0.2348072732112259
small_cluster,23,cluster_23,Cyp51,4.796372,2.0607789,1.6156531743098694e-06,7.085114361458869e-05,0.3888888888888889,0.07531067525078605,0.31357821363810284
small_cluster,23,cluster_23,Psmc3ip,4.7725744,2.0629466,1.8188580338171799e-06,7.809186024250148e-05,0.2777777777777778,0.0417727204671358,0.23600505731064197
small_cluster,23,cluster_23,Apol9b,4.759452,2.202158,1.9411943839766203e-06,8.291023200937644e-05,0.4444444444444444,0.09866746518939962,0.3457769792550448
small_cluster,23,cluster_23,BC003331,4.7495055,2.2283561,2.039147204321605e-06,8.664262512455607e-05,0.4444444444444444,0.09971552627638867,0.34472891816805573
small_cluster,23,cluster_23,Gemin2,4.7332287,2.313636,2.2097637802695914e-06,9.364944640878958e-05,0.3888888888888889,0.0790537505614613,0.3098351383274276
small_cluster,23,cluster_23,Fbxw11,4.723152,2.1488469,2.322169335738423e-06,9.81595342150667e-05,0.3888888888888889,0.07800568947447223,0.31088319941441667
small_cluster,23,cluster_23,Hnrnpul1,4.716907,2.3834345,2.3945721108140518e-06,0.00010046729965402178,0.5,0.13055846683635275,0.36944153316364725
small_cluster,23,cluster_23,Lsm5,4.7160053,2.1341972,2.4052027899825228e-06,0.00010063196673087591,0.4444444444444444,0.09821829615211858,0.34622614829232584
small_cluster,23,cluster_23,Arl6ip1,4.713477,2.275263,2.4352525827080123e-06,0.00010137202438830993,0.8888888888888888,0.4668363527474173,0.42205253614147153
small_cluster,23,cluster_23,Brd8,4.6450863,2.0020518,3.399345070148009e-06,0.00013834406574565134,0.4444444444444444,0.09941608025153466,0.3450283641929098
small_cluster,23,cluster_23,Vangl1,4.6417527,2.0705173,3.4546642293303694e-06,0.0001402473961020975,0.3888888888888889,0.07875430453660727,0.31013458435228164
small_cluster,23,cluster_23,Gk,4.591668,2.357307,4.397171107231678e-06,0.00017419807567562018,0.2777777777777778,0.04551579577781105,0.23226198199996673
small_cluster,23,cluster_23,Opa3,4.583266,2.1500065,4.57769753157457e-06,0.00018047792599844837,0.3888888888888889,0.08144931876029346,0.30743957012859546
small_cluster,23,cluster_23,Pphln1,4.57263,2.5078895,4.8164036006861785e-06,0.00018898046759534452,0.2777777777777778,0.04611468782751909,0.2316630899502587
small_cluster,23,cluster_23,Cdkn2b,4.565921,2.4415717,4.973061251667208e-06,0.00019419804187760447,0.3333333333333333,0.06512951040574937,0.26820382292758393
small_cluster,23,cluster_23,Smchd1,4.560288,2.1764987,5.108354666918712e-06,0.0001990074225466361,0.3333333333333333,0.0625842191944902,0.2707491141388431
small_cluster,23,cluster_23,Syce2,4.526146,2.2543283,6.006909478029117e-06,0.00023018533259148492,0.3888888888888889,0.0850426710585417,0.3038462178303472
small_cluster,23,cluster_23,Maz,4.50665,2.1857464,6.585909787183645e-06,0.0002500358944898124,0.4444444444444444,0.10510555472376104,0.3393388897206834
small_cluster,23,cluster_23,Nucks1,4.4941916,2.1707678,6.983468286955116e-06,0.0002633008353433353,0.6111111111111112,0.2063183111244198,0.4047927999866914
small_cluster,23,cluster_23,Rad21,4.486933,2.5848489,7.2255668847270275e-06,0.0002711819736302242,0.4444444444444444,0.11902979487947297,0.32541464956497146
small_cluster,23,cluster_23,Gpatch8,4.467917,2.0437536,7.898493063288603e-06,0.0002937487182108761,0.3333333333333333,0.06393172630633329,0.269401607027
small_cluster,23,cluster_23,Bak1,4.4628053,2.0996387,8.089352097148588e-06,0.0002974262299078201,0.3888888888888889,0.08369516394669861,0.30519372494219027
small_cluster,23,cluster_23,Dot1l,4.450972,2.3919947,8.54824072381941e-06,0.0003129457502485762,0.2777777777777778,0.0477616409642162,0.2300161368135616
small_cluster,23,cluster_23,H1f0,4.445793,2.2567446,8.75681846772277e-06,0.0003191568437536026,0.8333333333333334,0.4282078155412487,0.40512551779208467
small_cluster,23,cluster_23,Ppfia1,4.40836,2.0767393,1.0415641561530292e-05,0.00037793570188198746,0.2777777777777778,0.04761191795178919,0.23016585982598858
small_cluster,23,cluster_23,Cc2d1a,4.395207,2.0242257,1.1066730280666153e-05,0.00039979172540353654,0.2777777777777778,0.04761191795178919,0.23016585982598858
small_cluster,23,cluster_23,Spata24,4.3585086,2.2125373,1.309517493462122e-05,0.00046287492263517806,0.3333333333333333,0.06797424764186255,0.26535908569147076
small_cluster,23,cluster_23,Haus1,4.3568654,2.3148887,1.319382800761957e-05,0.00046535908204939477,0.2777777777777778,0.04940859410091331,0.22836918367686448
small_cluster,23,cluster_23,Impa2,4.34509,2.280175,1.3921850350465208e-05,0.00048788946067944417,0.2777777777777778,0.0492588710884863,0.22851890668929148
small_cluster,23,cluster_23,Dyrk1a,4.300243,2.233815,1.7061113187919593e-05,0.0005890932997790931,0.3333333333333333,0.0685731396915706,0.26476019364176273
small_cluster,23,cluster_23,Ocel1,4.2908506,2.0277586,1.7798996001122775e-05,0.0006107140866410348,0.3333333333333333,0.06797424764186255,0.26535908569147076
small_cluster,23,cluster_23,Chac2,4.275721,2.124595,1.9051963420805855e-05,0.0006482806059432299,0.3333333333333333,0.0687228627039976,0.26461047062933574
small_cluster,23,cluster_23,Galm,4.2604027,2.1940641,2.0405912195016167e-05,0.0006914821609720251,0.4444444444444444,0.11932924090432699,0.3251152035401174
small_cluster,23,cluster_23,Abhd13,4.2325606,2.515753,2.3104564489835363e-05,0.0007749242580731897,0.2777777777777778,0.05270250037430753,0.22507527740347028
small_cluster,23,cluster_23,Tmprss4,4.2202373,2.5275173,2.440452513815019e-05,0.0008151906655617134,0.3888888888888889,0.09971552627638867,0.2891733626125002
small_cluster,23,cluster_23,Ifi27l2a,4.1985064,2.6416452,2.6868134576544178e-05,0.000877817281254783,0.7777777777777778,0.38284174277586464,0.39493603500191315
small_cluster,23,cluster_23,Sult2b1,4.177311,2.086727,2.9497541111692426e-05,0.0009430588143720613,0.3333333333333333,0.07126815391525677,0.26206517941807655
small_cluster,23,cluster_23,Ankrd22,4.172146,2.7440886,3.0174439114117744e-05,0.0009608698412251749,0.2777777777777778,0.05494834556071268,0.2228294322170651
small_cluster,23,cluster_23,Gpx7,4.167091,2.1620245,3.085113330109608e-05,0.0009730566101370708,0.3333333333333333,0.07261566102709986,0.26071767230623344
small_cluster,23,cluster_23,Brd9,4.138287,2.0557897,3.499083910877248e-05,0.0010951999088224759,0.3333333333333333,0.07186704596496482,0.2614662873683685
small_cluster,23,cluster_23,Xpr1,4.1137915,2.3357885,3.892127546710543e-05,0.001211286221889936,0.2777777777777778,0.054050007486150624,0.22372777029162716
small_cluster,23,cluster_23,B4gat1,4.027867,2.0327942,5.628516717045558e-05,0.001669318312409841,0.2777777777777778,0.05419973049857763,0.22357804727920016
small_cluster,23,cluster_23,Dgkz,3.9604237,2.0965645,7.481690258075219e-05,0.002137756131057346,0.2777777777777778,0.05629585267255577,0.22148192510522202
small_cluster,23,cluster_23,Tyro3,3.9500842,2.0537941,7.812368587535107e-05,0.002220635306831253,0.3888888888888889,0.10270998652492888,0.28617890236396004
small_cluster,23,cluster_23,Cdkn2d,3.886367,2.1243324,0.00010175557585166296,0.0028238463613250837,0.5,0.17352897140290463,0.32647102859709537
small_cluster,23,cluster_23,Dnajc10,3.881237,2.3234792,0.00010392645219654705,0.002856552041194207,0.3888888888888889,0.11124419823326845,0.2776446906556205
small_cluster,23,cluster_23,Odf2l,3.863895,2.1676638,0.00011159325563518362,0.003025191711855614,0.2777777777777778,0.05854169785896092,0.21923607991881688
small_cluster,23,cluster_23,Map2k4,3.8601239,2.1760645,0.00011332958483218694,0.003062139243546455,0.2777777777777778,0.05884114388381494,0.21893663389396284
small_cluster,23,cluster_23,Zdhhc7,3.8294358,2.2921367,0.00012843740267500937,0.0034315069460266116,0.2777777777777778,0.060488097020512055,0.21728968075726574
small_cluster,23,cluster_23,Zfp750,3.8099947,2.1442504,0.00013896983851480437,0.00366437993807284,0.3333333333333333,0.08204821081000149,0.2512851225233318
small_cluster,23,cluster_23,Anapc15,3.778279,2.0244756,0.0001579158327183777,0.004104560336630923,0.3888888888888889,0.10810001497230125,0.28078887391658763
small_cluster,23,cluster_23,Cbwd1,3.7671537,2.2167654,0.00016511935221443386,0.004226797233747842,0.2777777777777778,0.06153615810750112,0.21624161967027666
small_cluster,23,cluster_23,Gcsh,3.758757,2.1169024,0.00017075954235462064,0.004353599982800762,0.4444444444444444,0.1447821530169187,0.2996622914275257
small_cluster,23,cluster_23,Rnf213,3.7008226,2.220426,0.0002149017871475106,0.005308138871997471,0.2777777777777778,0.06318311124419823,0.21459466653357956
small_cluster,23,cluster_23,Gmnn,3.5952702,2.1022944,0.0003240552313743573,0.0075002030432915765,0.4444444444444444,0.15511304087438238,0.28933140357006204
small_cluster,23,cluster_23,Nicn1,3.5522375,2.1522236,0.0003819698981441273,0.008688888071375633,0.2777777777777778,0.06692618655487348,0.2108515912229043
small_cluster,23,cluster_23,Mrgbp,3.4903708,2.3691742,0.00048235079035373774,0.010618839345760607,0.2777777777777778,0.06812397065428956,0.20965380712348824
small_cluster,23,cluster_23,Lrwd1,3.3565998,2.0149152,0.0007890721576874647,0.01603664492965565,0.2777777777777778,0.07036981584069471,0.20740796193708308
small_cluster,22,cluster_22,Fam92b,17.08399,4.389932,1.952930814349355e-65,1.0676672762047924e-61,0.9,0.04672757226299236,0.8532724277370076
small_cluster,22,cluster_22,Cdhr4,17.058386,5.066333,3.0280782575515797e-65,1.2415877875525865e-61,0.9,0.04807548300134791,0.8519245169986521
small_cluster,22,cluster_22,Ankrd66,16.081907,4.6946316,3.416941795249693e-58,1.1208252476778045e-54,0.6,0.023962857570765314,0.5760371424292346
small_cluster,22,cluster_22,2410004P03Rik,15.359986,4.273117,3.0363843196435676e-53,8.299956537745692e-50,0.85,0.05137037591732814,0.7986296240826718
small_cluster,22,cluster_22,Gm8579,15.052521,4.0935974,3.323282208717613e-51,7.786450215025367e-48,0.75,0.04163546502920473,0.7083645349707952
small_cluster,22,cluster_22,Arhgdig,14.892796,4.566424,3.6709474357977903e-50,7.525901111814945e-47,0.85,0.0561629474314812,0.7938370525685188
small_cluster,22,cluster_22,Dnah6,14.882468,4.2694235,4.2839664677159965e-50,7.806814893001118e-47,0.65,0.03264939344016774,0.6173506065598323
small_cluster,22,cluster_22,Dnah9,14.804224,4.4145317,1.3756614244452199e-49,2.2562223022326054e-46,0.6,0.028156357645649242,0.5718436423543507
small_cluster,22,cluster_22,Tctex1d4,14.522541,4.353949,8.721574545109909e-48,1.3003867646758875e-44,0.9,0.06469971544106634,0.8353002845589337
small_cluster,22,cluster_22,Sntn,14.493608,4.3365254,1.329698008993561e-47,1.8173647537919496e-44,0.85,0.0579601617492886,0.7920398382507113
small_cluster,22,cluster_22,Cdhr3,14.433851,4.122882,3.1687922245042957e-47,3.997797021084227e-44,0.75,0.045379661524636815,0.7046203384753632
small_cluster,22,cluster_22,Ccdc153,14.401767,4.960479,5.043737101658894e-47,5.519695444449994e-44,1.0,0.08222255503968848,0.9177774449603116
small_cluster,22,cluster_22,Gm973,14.401706,4.64239,5.048194114185105e-47,5.519695444449994e-44,0.6,0.030103339823273925,0.569896660176726
small_cluster,22,cluster_22,1700007G11Rik,14.270515,4.213957,3.3410052992281377e-46,3.424739244540043e-43,0.75,0.04657780440317508,0.703422195596825
small_cluster,22,cluster_22,Adgb,14.15392,4.26814,1.7662934875868968e-45,1.704057617053688e-42,0.45,0.01722330387898757,0.43277669612101244
small_cluster,22,cluster_22,1700001C02Rik,14.127971,4.1470776,2.5540004515523218e-45,2.3271200781060907e-42,0.8,0.05346712595477011,0.7465328740452299
small_cluster,22,cluster_22,Syne1,14.122978,4.7081704,2.7415680360755564e-45,2.3665503873513266e-42,0.45,0.017522839598622136,0.43247716040137785
small_cluster,22,cluster_22,Fam166b,14.066267,4.2548976,6.121696871268106e-45,5.0200975192834106e-42,0.7,0.042084768608656585,0.6579152313913433
small_cluster,22,cluster_22,1700016K19Rik,14.032085,4.183785,9.919098079454221e-45,7.746815600053747e-42,0.9,0.06769507263741201,0.832304927362588
small_cluster,22,cluster_22,Tmem212,14.0147,4.8519945,1.2673319008282065e-44,9.44795932067428e-42,1.0,0.08806350157256253,0.9119364984274375
small_cluster,22,cluster_22,Lrrc10b,14.001549,4.165748,1.5251023046646093e-44,1.0875305608175764e-41,0.6,0.03115171484199491,0.5688482851580051
small_cluster,22,cluster_22,Fanca,13.891592,4.8722863,7.123424710185547e-44,4.867970361323048e-41,0.3,0.00793769657031601,0.292062303429684
small_cluster,22,cluster_22,Aoc1,13.57486,4.3241873,5.6451742666788426e-42,3.56101935183845e-39,0.8,0.058559233188557734,0.7414407668114423
small_cluster,22,cluster_22,Itpka,13.495077,4.650196,1.6718030376364419e-41,1.015527467417603e-38,0.4,0.015126553841545605,0.3848734461584544
small_cluster,22,cluster_22,3300002A11Rik,13.373708,4.029635,8.613754722745966e-41,5.045506828848449e-38,0.8,0.05945784034746143,0.7405421596525386
small_cluster,22,cluster_22,Dynlrb2,13.348673,4.4039645,1.2057725544169606e-40,6.819267470687092e-38,1.0,0.09540212670360941,0.9045978732963906
small_cluster,22,cluster_22,Ccdc74a,13.229699,4.2823057,5.912336657575736e-40,3.232274450696655e-37,0.55,0.029504268384004793,0.5204957316159953
small_cluster,22,cluster_22,Adam8,13.01792,3.900378,9.677149901862842e-39,5.119836630337177e-36,0.75,0.05511457241276022,0.6948854275872398
small_cluster,22,cluster_22,Cfap53,12.8921995,3.747018,4.980298220876923e-38,2.5525584725188255e-35,0.55,0.030402875542908492,0.5195971244570916
small_cluster,22,cluster_22,Dcdc2b,12.840072,3.952467,9.778341770560828e-38,4.454849538304671e-35,0.6,0.03669312565523439,0.5633068743447656
small_cluster,22,cluster_22,1110017D15Rik,12.754544,4.847007,2.940882738202333e-37,1.3036058861961207e-34,0.9,0.08506814437621686,0.8149318556237831
small_cluster,22,cluster_22,Pifo,12.64723,4.0358787,1.158887189350891e-36,5.001818103301043e-34,0.8,0.06664669761869103,0.733353302381309
small_cluster,22,cluster_22,1700026L06Rik,12.613112,3.8250327,1.787894136444577e-36,7.518782495340386e-34,0.75,0.0579601617492886,0.6920398382507114
small_cluster,22,cluster_22,Rsph1,12.547402,4.4792004,4.107627831106034e-36,1.6842301014492516e-33,0.95,0.09794818032050322,0.8520518196794967
small_cluster,22,cluster_22,6430531B16Rik,12.469034,3.791797,1.1015354557247221e-35,4.4064104900832115e-33,0.55,0.03249962558035046,0.5175003744196496
small_cluster,22,cluster_22,Ccdc113,12.277092,3.758754,1.2024258917950112e-34,4.695473107459519e-32,0.7,0.05286805451550097,0.647131945484499
small_cluster,22,cluster_22,Meig1,12.243278,3.8328123,1.8251094580642736e-34,6.961307028305151e-32,0.8,0.07054066197394039,0.7294593380260597
small_cluster,22,cluster_22,Fam183b,12.215465,3.9917142,2.5702757972714617e-34,9.580703034329374e-32,0.85,0.07952673356297739,0.7704732664370226
small_cluster,22,cluster_22,Ccdc146,12.120781,3.875196,8.197474965641671e-34,2.987706375810868e-31,0.55,0.03444660775797514,0.5155533922420249
small_cluster,22,cluster_22,Tm4sf1,11.977908,3.8180308,4.638814122556324e-33,1.6187487324265162e-30,0.75,0.0642504118616145,0.6857495881383855
small_cluster,22,cluster_22,Dmkn,11.929551,4.0318394,8.30196460209712e-33,2.8366775299790595e-30,0.8,0.07428485846937247,0.7257151415306275
small_cluster,22,cluster_22,Drc1,11.886208,3.920139,1.3960224758408528e-32,4.672686658421597e-30,0.55,0.03594428635614797,0.514055713643852
small_cluster,22,cluster_22,Ldlrad1,11.863064,3.73298,1.8411296042375712e-32,6.039273327820081e-30,0.6,0.04223453646847387,0.5577654635315261
small_cluster,22,cluster_22,Ckb,11.854806,3.9592297,2.0319330189733976e-32,6.534457538075037e-30,0.75,0.06724576905796016,0.6827542309420398
small_cluster,22,cluster_22,Tekt1,11.819859,4.0324154,3.0820278839266225e-32,9.720834485438565e-30,0.65,0.05017223303878988,0.5998277669612101
small_cluster,22,cluster_22,Ccdc13,11.7653675,4.7611675,5.886922948898794e-32,1.8217249676394172e-29,0.3,0.01123258948629624,0.28876741051370375
small_cluster,22,cluster_22,Tbata,11.677352,4.225716,1.6639821292300422e-31,5.053883500278134e-29,0.4,0.02006889321551595,0.37993110678448405
small_cluster,22,cluster_22,Gm1673,11.499731,3.6148384,1.323269449647761e-30,3.945989498849623e-28,0.55,0.037591732814138086,0.512408267185862
small_cluster,22,cluster_22,Cdh26,11.486238,3.9338284,1.5470498076268265e-30,4.530922124087068e-28,0.55,0.0383405721132245,0.5116594278867755
small_cluster,22,cluster_22,Mak,11.482261,3.9288952,1.6198788119913184e-30,4.660988139556072e-28,0.4,0.0205181967949678,0.3794818032050322
small_cluster,22,cluster_22,Ak8,11.455738,3.6180696,2.2008004781932337e-30,6.223332524628832e-28,0.55,0.03804103639358994,0.5119589636064101
small_cluster,22,cluster_22,Wdr66,11.453061,4.237431,2.2698632084427936e-30,6.309834996893264e-28,0.4,0.020817732514602366,0.37918226748539763
small_cluster,22,cluster_22,Erich2,11.383079,3.8331985,5.077482877935557e-30,1.3651769947708373e-27,0.65,0.05346712595477011,0.5965328740452299
small_cluster,22,cluster_22,Ccdc37,11.28956,4.0116544,1.4777351817422224e-29,3.9090862444764826e-27,0.5,0.033248464879436876,0.4667515351205631
small_cluster,22,cluster_22,Stmnd1,11.231819,3.4704578,2.8455787427805895e-29,7.407989993705468e-27,0.65,0.05391642953422195,0.5960835704657781
small_cluster,22,cluster_22,Ccdc33,11.21721,3.656257,3.356941554446516e-29,8.602687255387079e-27,0.5,0.03279916129998502,0.467200838700015
small_cluster,22,cluster_22,1700007K13Rik,11.178306,4.1589093,5.207465664805472e-29,1.313963759514993e-26,0.85,0.0963007338625131,0.7536992661374868
small_cluster,22,cluster_22,Dnaic2,11.168215,3.9951632,5.834169763239631e-29,1.4497911861650482e-26,0.5,0.03369776845888872,0.4663022315411113
small_cluster,22,cluster_22,Drc7,11.165741,4.1297536,5.998904680188157e-29,1.4684781441756113e-26,0.4,0.02186610753332335,0.37813389246667667
small_cluster,22,cluster_22,Spag6,11.155606,3.518177,6.723318306877317e-29,1.6216050522219834e-26,0.55,0.039838250711397336,0.5101617492886027
small_cluster,22,cluster_22,Iqcg,11.098036,3.644617,1.282310438546903e-28,3.0479961597982253e-26,0.55,0.04028755429084918,0.5097124457091509
small_cluster,22,cluster_22,BC051019,11.002277,3.799419,3.72600682418584e-28,8.730033989067422e-26,0.7,0.06679646547850832,0.6332035345214917
small_cluster,22,cluster_22,Gm867,10.915614,3.9180791,9.707131418070829e-28,2.2423473575743613e-25,0.6,0.05017223303878988,0.54982776696121
small_cluster,22,cluster_22,Lrrc23,10.855391,4.0387635,1.8800221600724742e-27,4.2825338121317575e-25,0.55,0.04358244720682941,0.5064175527931707
small_cluster,22,cluster_22,Maats1,10.831742,3.978332,2.4347724036994193e-27,5.470233177133448e-25,0.4,0.023064250411861616,0.3769357495881384
small_cluster,22,cluster_22,Cfap126,10.805218,3.4174514,3.251849849555033e-27,7.207241808452986e-25,0.9,0.11082821626478957,0.7891717837352105
small_cluster,22,cluster_22,Hdc,10.728386,3.313196,7.489283560693083e-27,1.6377565290523634e-24,0.65,0.058559233188557734,0.5914407668114423
small_cluster,22,cluster_22,Wnt11,10.692446,4.0301905,1.1042048831979048e-26,2.382903195964321e-24,0.45,0.029953571963456643,0.42004642803654335
small_cluster,22,cluster_22,4930444P10Rik,10.650076,3.9243383,1.742229396553702e-26,3.710948614659385e-24,0.4,0.023813089710948032,0.376186910289052
small_cluster,22,cluster_22,Odf3b,10.597619,3.4528196,3.0566173607917276e-26,6.427125812095529e-24,0.6,0.05152014377714542,0.5484798562228546
small_cluster,22,cluster_22,Ccdc40,10.53554,3.970549,5.924239582519666e-26,1.22991713155576e-23,0.4,0.02426239329039988,0.37573760670960016
small_cluster,22,cluster_22,Foxj1,10.352399,3.843003,4.0813063543898804e-25,7.693966151534301e-23,0.9,0.12715291298487344,0.7728470870151266
small_cluster,22,cluster_22,Kif19a,10.282195,4.1815825,8.477442263579879e-25,1.5799833018746998e-22,0.5,0.04058709001048375,0.4594129099895162
small_cluster,22,cluster_22,Armc2,10.248669,4.2704353,1.199846647893729e-24,2.211088187876972e-22,0.25,0.010184214467575258,0.23981578553242475
small_cluster,22,cluster_22,1700088E04Rik,10.136226,3.7004287,3.815578348976982e-24,6.953255611285721e-22,0.9,0.13524037741500675,0.7647596225849933
small_cluster,22,cluster_22,Mapk15,10.134626,3.2726858,3.878515181012596e-24,6.990277745471163e-22,0.6,0.05556387599221207,0.544436124007788
small_cluster,22,cluster_22,1700026D08Rik,10.070123,3.1049144,7.488441531023891e-24,1.3349774951122048e-21,0.5,0.03938894713194548,0.46061105286805454
small_cluster,22,cluster_22,Daw1,10.00905,4.002613,1.3908130037807343e-23,2.4527660295707337e-21,0.25,0.010633518047027108,0.2393664819529729
small_cluster,22,cluster_22,B3gnt4,9.980657,4.4613194,1.8523660753617248e-23,3.2319846810646434e-21,0.25,0.010783285906844391,0.23921671409315562
small_cluster,22,cluster_22,Cfap69,9.977318,3.2990422,1.9157449188384796e-23,3.307382359354727e-21,0.45,0.03309869701961959,0.4169013029803804
small_cluster,22,cluster_22,Vwa3a,9.960149,3.844233,2.2772116167434884e-23,3.8110762985928526e-21,0.35,0.020817732514602366,0.3291822674853976
small_cluster,22,cluster_22,2210408I21Rik,9.957417,4.7899256,2.34066804440559e-23,3.8777067268985946e-21,0.25,0.010933053766661675,0.23906694623333832
small_cluster,22,cluster_22,1700003M02Rik,9.914312,3.4677093,3.6073117785333473e-23,5.916352047972543e-21,0.55,0.049722929459338025,0.5002770705406621
small_cluster,22,cluster_22,Nme5,9.810267,3.110805,1.0169824224589534e-22,1.6514384862128015e-20,0.75,0.08971094803055264,0.6602890519694473
small_cluster,22,cluster_22,Syt5,9.705669,3.5356522,2.8519778307445113e-22,4.5412901361204597e-20,0.45,0.035195447057061555,0.41480455294293844
small_cluster,22,cluster_22,Spag8,9.626064,3.7228546,6.206083257475508e-22,9.787112644793827e-20,0.4,0.028755429084918377,0.3712445709150817
small_cluster,22,cluster_22,Ppp1r32,9.588064,3.5181544,8.975348740165814e-22,1.4019494732139003e-19,0.4,0.028605661225101095,0.3713943387748989
small_cluster,22,cluster_22,Mlf1,9.573448,3.5360477,1.0339870411275141e-21,1.5998510812766376e-19,0.8,0.11172682342369328,0.6882731765763068
small_cluster,22,cluster_22,Ccdc78,9.548413,3.4142983,1.3169843514064994e-21,2.018678537141869e-19,0.5,0.044181518646098546,0.45581848135390146
small_cluster,22,cluster_22,Ak7,9.531788,3.283557,1.545975175459543e-21,2.3477350789548114e-19,0.4,0.028755429084918377,0.3712445709150817
small_cluster,22,cluster_22,Cyfip2,9.512287,3.5733297,1.8651662470608207e-21,2.8064762952334425e-19,0.65,0.07877789426389097,0.5712221057361091
small_cluster,22,cluster_22,Tm6sf2,9.387391,3.816915,6.1504856967184995e-21,9.170374173807283e-19,0.25,0.011981428785382657,0.23801857121461734
small_cluster,22,cluster_22,2610028H24Rik,9.366539,3.0716023,7.49497754290298e-21,1.1074335737040702e-18,0.55,0.05376666167440467,0.49623333832559535
small_cluster,22,cluster_22,Gtsf1l,9.363118,3.2594178,7.741757684363238e-21,1.1336836409039417e-18,0.45,0.03714242923468623,0.41285757076531376
small_cluster,22,cluster_22,Lrrc51,9.339858,3.4035141,9.646368564158934e-21,1.4000892992988556e-18,1.0,0.19649543208027556,0.8035045679197245
small_cluster,22,cluster_22,Cep83,9.337618,3.350974,9.852572874953953e-21,1.4174741028256121e-18,0.55,0.055264340272577504,0.49473565972742256
small_cluster,22,cluster_22,Ccdc17,9.296898,3.7002819,1.4460358975476043e-20,2.0622986744068052e-18,0.6,0.06904298337576756,0.5309570166242324
small_cluster,22,cluster_22,Ulk4,9.24044,3.629266,2.4548444008211988e-20,3.441188292125511e-18,0.4,0.03070241126254306,0.36929758873745694
small_cluster,22,cluster_22,Glipr1,9.16695,3.1796916,4.865895943521844e-20,6.706349526865694e-18,0.55,0.056462483151115773,0.49353751684888425
small_cluster,22,cluster_22,Smim5,9.165513,3.262272,4.931176160074333e-20,6.739685016781595e-18,0.75,0.10453796615246368,0.6454620338475363
small_cluster,22,cluster_22,Ctxn1,9.14933,3.3212652,5.728789117697922e-20,7.765113249534183e-18,0.6,0.06724576905796016,0.5327542309420398
small_cluster,22,cluster_22,Dnah10,9.146249,3.8891296,5.894474566219978e-20,7.92420306234212e-18,0.35,0.024561929010034445,0.3254380709899655
small_cluster,22,cluster_22,Zmynd10,9.126953,3.6392708,7.045434311106955e-20,9.318723236811707e-18,0.45,0.03998801857121462,0.41001198142878537
small_cluster,22,cluster_22,Acot1,9.096268,3.4396415,9.348932280798838e-20,1.226654706699054e-17,0.7,0.09600119814287854,0.6039988018571214
small_cluster,22,cluster_22,Kndc1,9.065813,3.9554834,1.2367860816326e-19,1.6098832162584343e-17,0.3,0.018571214617343117,0.28142878538265687
small_cluster,22,cluster_22,Dnali1,9.059285,3.602106,1.3130844606852354e-19,1.6815703991767355e-17,0.5,0.04927362587988618,0.45072637412011385
small_cluster,22,cluster_22,Gm29538,9.022132,3.216249,1.844637228864721e-19,2.24102927337854e-17,0.5,0.048674554440617045,0.451325445559383
small_cluster,22,cluster_22,Lrrc36,9.006502,3.515764,2.127338928350149e-19,2.5654768944022638e-17,0.35,0.024861464729669012,0.325138535270331
small_cluster,22,cluster_22,Cfap52,9.00036,2.9733605,2.2497926614552787e-19,2.693346674491097e-17,0.45,0.03938894713194548,0.41061105286805455
small_cluster,22,cluster_22,Ccdc180,8.99217,3.3896718,2.423949341220756e-19,2.8600858377958004e-17,0.35,0.024861464729669012,0.325138535270331
small_cluster,22,cluster_22,Calml4,8.992259,3.2234375,2.42199079035898e-19,2.8600858377958004e-17,0.5,0.04852478658079976,0.4514752134192002
small_cluster,22,cluster_22,Kif9,8.976605,3.9282355,2.792502810358509e-19,3.2714170423349934e-17,0.35,0.02561030402875543,0.32438969597124456
small_cluster,22,cluster_22,Ttc12,8.95959,3.5919101,3.2588709624600524e-19,3.7376743115599524e-17,0.35,0.02516100044930358,0.3248389995506964
small_cluster,22,cluster_22,Naaa,8.934379,3.3408277,4.0947245551052107e-19,4.663720654741706e-17,0.6,0.07098996555339224,0.5290100344466078
small_cluster,22,cluster_22,Iqca,8.824087,3.00691,1.103564142640095e-18,1.248245207133807e-16,0.4,0.03279916129998502,0.367200838700015
small_cluster,22,cluster_22,Cfap58,8.822221,4.0645247,1.1221195532886961e-18,1.2605399173621853e-16,0.25,0.013628875243372772,0.23637112475662722
small_cluster,22,cluster_22,Lrrc74b,8.796282,3.6126385,1.414243217488608e-18,1.5672299331101798e-16,0.4,0.033997304178523285,0.3660026958214767
small_cluster,22,cluster_22,Tekt4,8.786481,3.2866254,1.5431801179248295e-18,1.6986373902070556e-16,0.45,0.04163546502920473,0.4083645349707953
small_cluster,22,cluster_22,Catip,8.74667,3.4783666,2.1974202302846905e-18,2.4026592797932806e-16,0.4,0.033847536318706004,0.366152463681294
small_cluster,22,cluster_22,D630024D03Rik,8.643791,3.7390203,5.437773758548261e-18,5.85883836103673e-16,0.35,0.027257750486745544,0.3227422495132544
small_cluster,22,cluster_22,Efcab12,8.64321,3.501676,5.465534231075054e-18,5.85883836103673e-16,0.25,0.014078178822824621,0.2359218211771754
small_cluster,22,cluster_22,Ccdc181,8.628252,3.328491,6.2296606734476685e-18,6.634588617221767e-16,0.75,0.12071289501273026,0.6292871049872697
small_cluster,22,cluster_22,Pltp,8.594133,3.1244872,8.389568899973843e-18,8.877246421191676e-16,0.9,0.16489441365882881,0.7351055863411712
small_cluster,22,cluster_22,AU040972,8.568273,4.723585,1.0504916719452845e-17,1.0973957905461535e-15,1.0,0.28665568369028005,0.71334431630972
small_cluster,22,cluster_22,Hsph1,8.511485,3.066529,1.7172013597045677e-17,1.782520221551558e-15,0.9,0.1731316459487794,0.7268683540512206
small_cluster,22,cluster_22,4932443I19Rik,8.4957285,2.9690452,1.9669552089076103e-17,2.028932854169416e-15,0.45,0.0437322150666467,0.4062677849333533
small_cluster,22,cluster_22,Lhb,8.448674,3.2309585,2.94630103373914e-17,3.0201427033972272e-15,0.4,0.03579451849633069,0.3642054815036693
small_cluster,22,cluster_22,C2cd2l,8.441912,3.2399404,3.121899852287525e-17,3.180265806047683e-15,0.55,0.06739553691777744,0.4826044630822226
small_cluster,22,cluster_22,Ccdc108,8.388497,3.410662,4.923960211246071e-17,4.954470639548884e-15,0.4,0.03669312565523439,0.3633068743447656
small_cluster,22,cluster_22,Chek2,8.348362,3.241356,6.921618014088664e-17,6.880088306004132e-15,0.45,0.0455294293844541,0.4044705706155459
small_cluster,22,cluster_22,Gm14964,8.339648,3.624979,7.451207574312136e-17,7.31779972612535e-15,0.3,0.0214168039538715,0.27858319604612847
small_cluster,22,cluster_22,D430036J16Rik,8.337053,2.896608,7.61650145542426e-17,7.435609545857934e-15,0.35,0.028156357645649242,0.32184364235435076
small_cluster,22,cluster_22,Ppil6,8.318276,3.0237446,8.925191272334011e-17,8.661660476778114e-15,0.65,0.09060955518945635,0.5593904448105437
small_cluster,22,cluster_22,Galnt6,8.290435,3.5081356,1.1283476902242225e-16,1.0885900274922042e-14,0.3,0.021716339673506065,0.27828366032649393
small_cluster,22,cluster_22,Vpreb3,8.284522,3.5257344,1.1858412213802148e-16,1.1373673609273044e-14,0.85,0.17418002096750038,0.6758199790324996
small_cluster,22,cluster_22,Slc35g3,8.22602,3.2166302,1.9353686628997179e-16,1.8347966150415187e-14,0.25,0.015276321701362887,0.2347236782986371
small_cluster,22,cluster_22,Dlec1,8.1932955,3.5883043,2.5416902809972507e-16,2.395762201071029e-14,0.3,0.022165643252957914,0.2778343567470421
small_cluster,22,cluster_22,Riiad1,8.170504,3.448079,3.0710471326404077e-16,2.8456635040923913e-14,0.9,0.2104238430432829,0.6895761569567171
small_cluster,22,cluster_22,Dnah2,8.094168,3.842315,5.765698177824879e-16,5.224487061574908e-14,0.25,0.016025161000449303,0.23397483899955068
small_cluster,22,cluster_22,Pcp4l1,8.059432,2.8901494,7.664960560895178e-16,6.480052482435146e-14,0.4,0.038490339973041784,0.3615096600269582
small_cluster,22,cluster_22,Slc16a3,7.9871,3.407689,1.3815004679768135e-15,1.1619481628352676e-13,0.3,0.023064250411861616,0.2769357495881384
small_cluster,22,cluster_22,2010300C02Rik,7.9825892,3.0993712,1.4329535045605527e-15,1.1990750218519198e-13,0.65,0.1034895911337427,0.5465104088662573
small_cluster,22,cluster_22,Ubxn11,7.9483895,3.100765,1.8895156890557954e-15,1.5730937470154366e-13,0.45,0.049722929459338025,0.40027707054066197
small_cluster,22,cluster_22,Scrn1,7.8399773,2.8060205,4.506279646748519e-15,3.6769896759364406e-13,0.3,0.023513553991313465,0.27648644600868655
small_cluster,22,cluster_22,Cfap70,7.8018794,3.3921354,6.099183918809428e-15,4.927719973024307e-13,0.3,0.024112625430582596,0.27588737456941737
small_cluster,22,cluster_22,4930404N11Rik,7.785861,3.2480571,6.923997891733676e-15,5.566690657957059e-13,0.35,0.03249962558035046,0.3175003744196495
small_cluster,22,cluster_22,Rsph9,7.775551,2.7859893,7.511980775957507e-15,6.009951058852637e-13,0.85,0.17432978882731764,0.6756702111726823
small_cluster,22,cluster_22,Ttll9,7.76291,3.4892926,8.300255068917528e-15,6.576448472720598e-13,0.25,0.01722330387898757,0.23277669612101243
small_cluster,22,cluster_22,Lrrc34,7.760292,3.0212536,8.473418261111398e-15,6.681371774061925e-13,0.35,0.03220008986071589,0.3177999101392841
small_cluster,22,cluster_22,Dnah5,7.7434072,3.5248952,9.678752368501152e-15,7.5591055997994e-13,0.3,0.024561929010034445,0.27543807098996553
small_cluster,22,cluster_22,Pacrg,7.7417393,2.7565398,9.806609845699704e-15,7.622663890015206e-13,0.4,0.040886625730118316,0.3591133742698817
small_cluster,22,cluster_22,Nek2,7.701977,3.3510752,1.3397716986140922e-14,1.0268035340640059e-12,0.25,0.01737307173880485,0.23262692826119516
small_cluster,22,cluster_22,Ccdc162,7.68736,3.7172787,1.502025432378161e-14,1.140496255390473e-12,0.45,0.05691178673056762,0.3930882132694324
small_cluster,22,cluster_22,Fam126a,7.687517,3.3043754,1.5001795392905308e-14,1.140496255390473e-12,0.35,0.03309869701961959,0.3169013029803804
small_cluster,22,cluster_22,Rsph10b,7.671625,3.6986904,1.6983092552856315e-14,1.2835930919787853e-12,0.25,0.01767260745843942,0.2323273925415606
small_cluster,22,cluster_22,1700028P14Rik,7.6691656,2.5660272,1.7311876867651535e-14,1.302440791313545e-12,0.35,0.03220008986071589,0.3177999101392841
small_cluster,22,cluster_22,Dusp18,7.664296,3.3301542,1.7981424944032655e-14,1.346636303685295e-12,0.5,0.06709600119814288,0.43290399880185715
small_cluster,22,cluster_22,Cfap45,7.652665,2.9226375,1.9685626214427746e-14,1.4675634342855885e-12,0.5,0.06410064400179721,0.4358993559982028
small_cluster,22,cluster_22,March4,7.6507087,3.599263,1.998750498902641e-14,1.4833261055430868e-12,0.25,0.01767260745843942,0.2323273925415606
small_cluster,22,cluster_22,Spag17,7.638258,3.4931152,2.2018006588254258e-14,1.626654621864676e-12,0.25,0.01767260745843942,0.2323273925415606
small_cluster,22,cluster_22,Gm15402,7.5704446,3.0892282,3.719489571113757e-14,2.723363770349854e-12,0.3,0.02516100044930358,0.2748389995506964
small_cluster,22,cluster_22,Odf2,7.557623,3.2261374,4.105020785482053e-14,2.9659227269907995e-12,0.5,0.06814437621686387,0.43185562378313613
small_cluster,22,cluster_22,Ly6c1,7.557952,2.6260116,4.094654587895339e-14,2.9659227269907995e-12,0.6,0.0900104837501872,0.5099895162498128
small_cluster,22,cluster_22,Timp4,7.511054,3.744963,5.865313157874356e-14,4.182478308795535e-12,0.3,0.026209375468024564,0.27379062453197545
small_cluster,22,cluster_22,Gpr155,7.4798417,2.9067516,7.441212549736236e-14,5.283260910312728e-12,0.4,0.04388198292646398,0.356118017073536
small_cluster,22,cluster_22,Pih1d2,7.478261,2.8510528,7.531254099328652e-14,5.324142175995224e-12,0.5,0.06664669761869103,0.433353302381309
small_cluster,22,cluster_22,Aldh3b1,7.4478135,2.8270018,9.48999488876819e-14,6.680060350673266e-12,0.8,0.17687584244421148,0.6231241575557885
small_cluster,22,cluster_22,1700101E01Rik,7.4305344,3.14041,1.0815993584717797e-13,7.580902170211819e-12,0.4,0.04522989366481953,0.35477010633518047
small_cluster,22,cluster_22,Spef1,7.426146,2.8274682,1.1180770899382277e-13,7.803226532798669e-12,0.55,0.0811741800209675,0.46882581997903255
small_cluster,22,cluster_22,Serpina9,7.3846564,3.0696669,1.5284733185921602e-13,1.0622241906029668e-11,0.45,0.05721132245020219,0.39278867754979785
small_cluster,22,cluster_22,Fam47e,7.3744755,2.8584177,1.6499353134383018e-13,1.1417970074135691e-11,0.5,0.06769507263741201,0.43230492736258797
small_cluster,22,cluster_22,Lrrc48,7.348525,2.5314386,2.0040607560232275e-13,1.3638423427193757e-11,0.45,0.05481503669312566,0.39518496330687436
small_cluster,22,cluster_22,4833427G06Rik,7.336825,2.8366103,2.1872076378303906e-13,1.4701800191826328e-11,0.35,0.035195447057061555,0.3148045529429384
small_cluster,22,cluster_22,Traf3ip1,7.31837,2.825153,2.510013917451167e-13,1.6734446447201864e-11,0.5,0.06904298337576756,0.43095701662423247
small_cluster,22,cluster_22,Arc,7.298633,3.1582067,2.907058691428899e-13,1.9225269999244103e-11,0.8,0.18091957465927813,0.6190804253407219
small_cluster,22,cluster_22,Cyp2s1,7.2986674,2.3763106,2.906319991224757e-13,1.9225269999244103e-11,0.9,0.1836153961359892,0.7163846038640108
small_cluster,22,cluster_22,Saxo2,7.2930903,2.6225789,3.02924437455519e-13,1.9952866259871355e-11,0.4,0.04478059008536768,0.35521940991463236
small_cluster,22,cluster_22,Tuba1a,7.2686133,3.8880827,3.6319622186591823e-13,2.3827124939291697e-11,1.0,0.451100793769657,0.548899206230343
small_cluster,22,cluster_22,Pik3r4,7.2557163,3.5918114,3.995414272837091e-13,2.61070874457375e-11,0.35,0.03774150067395537,0.3122584993260446
small_cluster,22,cluster_22,Dnaaf1,7.23837,3.1155756,4.5410986225098344e-13,2.932226712904874e-11,0.25,0.019320053916429533,0.23067994608357045
small_cluster,22,cluster_22,Fsd1l,7.226661,3.5574327,4.950136472743535e-13,3.1838113054692826e-11,0.3,0.028156357645649242,0.27184364235435077
small_cluster,22,cluster_22,Trp53bp2,7.189813,2.8909707,6.488013013770382e-13,4.14046309100576e-11,0.65,0.12086266287254756,0.5291373371274525
small_cluster,22,cluster_22,Gm1661,7.042709,3.3953373,1.8853810091206937e-12,1.189312843484173e-10,0.25,0.0205181967949678,0.2294818032050322
small_cluster,22,cluster_22,Spa17,7.0243416,2.4349997,2.150780442048605e-12,1.3412528528532005e-10,0.65,0.11577055563875992,0.5342294443612401
small_cluster,22,cluster_22,Uckl1os,6.9653015,3.4384868,3.277006905112208e-12,2.035840539800959e-10,0.25,0.020967500374419648,0.22903249962558037
small_cluster,22,cluster_22,Tmem107,6.9048753,2.6764488,5.024754955729755e-12,3.1098492841103287e-10,0.95,0.2800658978583196,0.6699341021416804
small_cluster,22,cluster_22,Ccdc151,6.8691587,3.4653661,6.458161274193965e-12,3.967052548990832e-10,0.25,0.021566571813688783,0.2284334281863112
small_cluster,22,cluster_22,Ccdc102a,6.8681397,3.097214,6.504441261809649e-12,3.9805724304082106e-10,0.25,0.021267036094054215,0.22873296390594577
small_cluster,22,cluster_22,Morn1,6.8579726,2.9636939,6.984469728592441e-12,4.258449368722849e-10,0.35,0.0401377864310319,0.3098622135689681
small_cluster,22,cluster_22,Wdr78,6.8536305,2.9440293,7.199880585992743e-12,4.3735274626247027e-10,0.3,0.029953571963456643,0.27004642803654333
small_cluster,22,cluster_22,Lbh,6.8101134,2.500348,9.75217454121188e-12,5.902044821048563e-10,0.4,0.05062153661824172,0.3493784633817583
small_cluster,22,cluster_22,1700001L19Rik,6.8090143,2.6536512,9.826969476731379e-12,5.925445823083505e-10,0.4,0.050921072337876294,0.34907892766212373
small_cluster,22,cluster_22,Mxra8,6.788189,3.3103006,1.1354970358676868e-11,6.821716807789718e-10,0.35,0.04223453646847387,0.3077654635315261
small_cluster,22,cluster_22,Stk33,6.7154727,2.8944755,1.8745741931623736e-11,1.0980318336448602e-09,0.3,0.03085217912236034,0.26914782087763967
small_cluster,22,cluster_22,9530053A07Rik,6.7073383,2.58459,1.982061806705189e-11,1.1568610566466835e-09,0.5,0.07892766212370825,0.4210723378762917
small_cluster,22,cluster_22,Chchd6,6.705893,2.6287045,2.001782642529155e-11,1.1642282666709458e-09,0.9,0.2722779691478209,0.6277220308521791
small_cluster,22,cluster_22,Dnaaf3,6.673574,2.6627762,2.4964796041038184e-11,1.4366583153300607e-09,0.35,0.0410363935899356,0.3089636064100644
small_cluster,22,cluster_22,Rsph14,6.6644692,2.8706112,2.656235078686261e-11,1.523248654738929e-09,0.25,0.0223154111127752,0.22768458888722481
small_cluster,22,cluster_22,Wdpcp,6.660456,2.8126047,2.729787947927347e-11,1.559973941949701e-09,0.5,0.08237232289950576,0.41762767710049425
small_cluster,22,cluster_22,Wdr63,6.656999,3.4107704,2.7947503513543216e-11,1.591552101130633e-09,0.25,0.02276471469222705,0.22723528530777296
small_cluster,22,cluster_22,Prr29,6.6407266,2.8772902,3.121403905049014e-11,1.7714237178792e-09,0.5,0.08282162647895762,0.41717837352104237
small_cluster,22,cluster_22,Cds1,6.63428,2.7691941,3.260897687408219e-11,1.8442063093511102e-09,0.45,0.06709600119814288,0.3829039988018571
small_cluster,22,cluster_22,Elof1,6.6204643,2.910441,3.5807185662453514e-11,2.0181225156353953e-09,1.0,0.5640257600718885,0.43597423992811146
small_cluster,22,cluster_22,1700024G13Rik,6.61748,3.271002,3.653743456352451e-11,2.0522276173848133e-09,0.3,0.03234985772053317,0.2676501422794668
small_cluster,22,cluster_22,BC048546,6.551899,3.0812786,5.680989724037354e-11,3.1573981146498473e-09,0.7,0.17627677100494235,0.5237232289950576
small_cluster,22,cluster_22,Cspp1,6.543436,2.8490527,6.012118363172757e-11,3.308884338066993e-09,0.5,0.08581698367530328,0.41418301632469673
small_cluster,22,cluster_22,Myo5b,6.531551,3.05862,6.509218626833089e-11,3.5704914614946314e-09,0.35,0.044481054365733116,0.30551894563426685
small_cluster,22,cluster_22,2300005B03Rik,6.5285707,2.9696143,6.640020514779012e-11,3.6300992154296856e-09,0.25,0.023214018271678898,0.2267859817283211
small_cluster,22,cluster_22,Basp1,6.516088,2.540837,7.216473841940614e-11,3.932139118992293e-09,0.9,0.26658679047476413,0.6334132095252358
small_cluster,22,cluster_22,Chchd10,6.509357,2.7529595,7.547309627157676e-11,4.098788913742154e-09,1.0,0.6803953871499177,0.31960461285008235
small_cluster,22,cluster_22,Morn3,6.50787,3.0504253,7.622364105113773e-11,4.125887580461089e-09,0.3,0.03309869701961959,0.2669013029803804
small_cluster,22,cluster_22,Enkur,6.481221,2.6297574,9.098309814987586e-11,4.9085980024872175e-09,0.4,0.055264340272577504,0.34473565972742254
small_cluster,22,cluster_22,Eno4,6.4759655,3.150557,9.420770311719653e-11,5.065903405984066e-09,0.25,0.023663321851130747,0.22633667814886926
small_cluster,22,cluster_22,Sptan1,6.4686766,2.582884,9.886484685722252e-11,5.298961938906231e-09,0.7,0.16174928860266588,0.538250711397334
small_cluster,22,cluster_22,Myl4,6.4617777,2.738026,1.0347991259487939e-10,5.52825422302481e-09,0.3,0.032948929159802305,0.2670510708401977
small_cluster,22,cluster_22,Efhc1,6.457822,2.740054,1.0622059071635872e-10,5.656246455646102e-09,0.3,0.03279916129998502,0.267200838700015
small_cluster,22,cluster_22,Ift46,6.4319596,2.430507,1.259691121464886e-10,6.686146952474303e-09,0.65,0.13434177025610303,0.515658229743897
small_cluster,22,cluster_22,Dnajb13,6.415174,2.7113507,1.4066201426038174e-10,7.4419280512403896e-09,0.3,0.033248464879436876,0.2667515351205631
small_cluster,22,cluster_22,Spata33,6.4054112,2.706056,1.4996437504154028e-10,7.883223445693277e-09,0.25,0.023813089710948032,0.22618691028905197
small_cluster,22,cluster_22,Plcb3,6.3918834,2.3640428,1.638548023882728e-10,8.585886945591253e-09,0.55,0.09959562677849333,0.4504043732215067
small_cluster,22,cluster_22,Gm166,6.381938,2.819527,1.748606283102329e-10,9.13340498380933e-09,0.6,0.12700314512505617,0.4729968548749438
small_cluster,22,cluster_22,Ift172,6.3757052,2.471156,1.821227959909718e-10,9.422700243053402e-09,0.65,0.13838550247116968,0.5116144975288304
small_cluster,22,cluster_22,4933434E20Rik,6.3574157,2.6523786,2.051762844215991e-10,1.0582063650310209e-08,0.7,0.17358094952823125,0.5264190504717687
small_cluster,22,cluster_22,Lgals3bp,6.355584,2.5970757,2.0763630811680794e-10,1.0675370186281402e-08,0.9,0.3221506664669762,0.5778493335330238
small_cluster,22,cluster_22,Plk5,6.353692,3.0097284,2.1020767105149786e-10,1.0773800040361302e-08,0.25,0.024412161150217163,0.22558783884978284
small_cluster,22,cluster_22,Morn5,6.320204,2.1278405,2.612189776933189e-10,1.2943360885643877e-08,0.35,0.044181518646098546,0.30581848135390144
small_cluster,22,cluster_22,Thbs1,6.2825,2.4070923,3.331714508186999e-10,1.6409444338971462e-08,0.5,0.08551744795566871,0.41448255204433126
small_cluster,22,cluster_22,Sptbn1,6.271391,2.490379,3.578374412971246e-10,1.7571532559024374e-08,0.75,0.19514752134192,0.55485247865808
small_cluster,22,cluster_22,Plet1,6.2117605,2.4219017,5.239423464518287e-10,2.5423604805196577e-08,0.8,0.2265987719035495,0.5734012280964506
small_cluster,22,cluster_22,Dhx16,6.1992884,2.7634137,5.671895471320107e-10,2.7440931452838076e-08,0.45,0.07653137636663172,0.3734686236333683
small_cluster,22,cluster_22,Ift43,6.1869,2.4522069,6.135882728478168e-10,2.95116166069708e-08,0.85,0.2552044331286506,0.5947955668713494
small_cluster,22,cluster_22,Mok,6.170204,2.471454,6.820189394275906e-10,3.270699598114595e-08,0.45,0.07368578703010334,0.37631421296989664
small_cluster,22,cluster_22,Ccdc114,6.167777,2.9886377,6.925665597162718e-10,3.3115988763576015e-08,0.25,0.02576007188857271,0.2242399281114273
small_cluster,22,cluster_22,Wdr19,6.1636806,2.4274337,7.107322631009408e-10,3.38858135090655e-08,0.3,0.035195447057061555,0.2648045529429384
small_cluster,22,cluster_22,Fank1,6.1314597,2.748953,8.707647166687307e-10,4.1156807256725804e-08,0.3,0.03594428635614797,0.264055713643852
small_cluster,22,cluster_22,Ribc1,6.126647,3.2568746,8.975040811653374e-10,4.229874837699051e-08,0.25,0.026359143327841845,0.22364085667215816
small_cluster,22,cluster_22,Tagap1,6.1171384,3.4632733,9.5270638999973e-10,4.4771740694514536e-08,0.25,0.026808446907293695,0.2231915530927063
small_cluster,22,cluster_22,Ttbk2,6.0879307,3.1221902,1.1437932767251925e-09,5.344545165689425e-08,0.35,0.04987269731915531,0.30012730268084464
small_cluster,22,cluster_22,Mipep,6.061764,2.816448,1.3463700329149883e-09,6.273242872113274e-08,0.45,0.08012580500224652,0.3698741949977535
small_cluster,22,cluster_22,Etnk1,6.0590215,2.7706869,1.3695205791996198e-09,6.351240661756571e-08,0.5,0.09734910888123409,0.4026508911187659
small_cluster,22,cluster_22,Dpcd,6.05867,2.4283173,1.3725148860961208e-09,6.351240661756571e-08,1.0,0.4085667215815486,0.5914332784184514
small_cluster,22,cluster_22,BC022687,6.058411,2.3481367,1.3747274159646258e-09,6.351240661756571e-08,0.5,0.09016025161000449,0.4098397483899955
small_cluster,22,cluster_22,Klhl21,6.043894,2.5451102,1.50438483642992e-09,6.930734747833461e-08,0.8,0.23169087913733713,0.5683091208626629
small_cluster,22,cluster_22,Csrp2,5.990532,2.1466663,2.0915556292924003e-09,9.60885262633744e-08,0.75,0.1864609854725176,0.5635390145274823
small_cluster,22,cluster_22,Slc12a7,5.9801464,2.2811668,2.2293692644598027e-09,1.0184926269193655e-07,0.55,0.10992960910588588,0.44007039089411415
small_cluster,22,cluster_22,AU040320,5.96888,2.7607505,2.3888773371740146e-09,1.0883327001941948e-07,0.35,0.05047176875842444,0.2995282312415755
small_cluster,22,cluster_22,Prkar2b,5.944773,2.2451108,2.7684005593262594e-09,1.2371808603136234e-07,0.6,0.12924966302231541,0.47075033697768454
small_cluster,22,cluster_22,Rpgrip1l,5.926843,3.2542489,3.0881389748610532e-09,1.357870437713033e-07,0.25,0.02800658978583196,0.22199341021416805
small_cluster,22,cluster_22,Per1,5.926348,2.3975255,3.09745085256992e-09,1.358323300347574e-07,0.6,0.13449153811592032,0.4655084618840797
small_cluster,22,cluster_22,Ankrd37,5.8985696,2.6570673,3.666665430006671e-09,1.5962197548276766e-07,0.4,0.06544855474015276,0.33455144525984726
small_cluster,22,cluster_22,Gas8,5.8984585,2.2129939,3.6691350988966164e-09,1.5962197548276766e-07,0.5,0.09225700164744646,0.40774299835255357
small_cluster,22,cluster_22,Bok,5.8569255,2.2742388,4.715147827577494e-09,2.03508261894996e-07,0.7,0.1747790924067695,0.5252209075932305
small_cluster,22,cluster_22,Bcl9,5.827205,2.434106,5.636335736611425e-09,2.426287202523989e-07,0.4,0.06544855474015276,0.33455144525984726
small_cluster,22,cluster_22,Wdr54,5.8171444,3.1681972,5.986151187002138e-09,2.5701273721995304e-07,0.25,0.028755429084918377,0.22124457091508162
small_cluster,22,cluster_22,Plxnb2,5.799287,2.1104376,6.6597497425058655e-09,2.8518682905179814e-07,0.9,0.29908641605511455,0.6009135839448855
small_cluster,22,cluster_22,1700013F07Rik,5.782017,3.1780822,7.381020644835538e-09,3.1525031144778035e-07,0.25,0.029054964804552944,0.22094503519544706
small_cluster,22,cluster_22,St3gal6,5.7714634,2.9320772,7.858598601137938e-09,3.339090042934283e-07,0.35,0.05511457241276022,0.29488542758723973
small_cluster,22,cluster_22,Fbxo36,5.770776,2.5948536,7.89073874289955e-09,3.3439089698303307e-07,0.55,0.12385802006889321,0.4261419799311068
small_cluster,22,cluster_22,Ccdc157,5.7603593,3.0120506,8.39350301171282e-09,3.5207632453990274e-07,0.25,0.029054964804552944,0.22094503519544706
small_cluster,22,cluster_22,Wdr24,5.7562046,2.7304206,8.602604775673643e-09,3.599268390964883e-07,0.25,0.028755429084918377,0.22124457091508162
small_cluster,22,cluster_22,Asb1,5.7457895,2.8736215,9.149298792057024e-09,3.808569783972773e-07,0.25,0.029054964804552944,0.22094503519544706
small_cluster,22,cluster_22,Enah,5.7161455,2.1343467,1.0896738343894011e-08,4.513065797429436e-07,0.45,0.08072487644151564,0.36927512355848435
small_cluster,22,cluster_22,Serpine2,5.710755,2.0683117,1.1247614405387848e-08,4.646652994024335e-07,0.35,0.05166991163696271,0.29833008836303726
small_cluster,22,cluster_22,Tppp3,5.657041,2.8683589,1.540047466232277e-08,6.221260712727974e-07,1.0,0.5427587239778343,0.4572412760221657
small_cluster,22,cluster_22,Psmc3ip,5.649477,2.790062,1.6093666058193954e-08,6.485312457504645e-07,0.3,0.04163546502920473,0.25836453497079526
small_cluster,22,cluster_22,PISD,5.624783,2.7614496,1.8574136234685667e-08,7.358319043117865e-07,0.4,0.07263741201138235,0.32736258798861767
small_cluster,22,cluster_22,1700021K19Rik,5.602532,2.9416819,2.1124304268110897e-08,8.132857143222695e-07,0.25,0.030402875542908492,0.2195971244570915
small_cluster,22,cluster_22,Kremen1,5.600899,2.442418,2.132428073375833e-08,8.171484306410523e-07,0.45,0.08686535869402426,0.3631346413059757
small_cluster,22,cluster_22,Fam179a,5.595605,2.6162739,2.1985414570168715e-08,8.385646148031095e-07,0.3,0.041785232889022014,0.25821476711097796
small_cluster,22,cluster_22,Adgre5,5.5103803,2.3554778,3.580589489070292e-08,1.3531163182083378e-06,0.6,0.15545903849033998,0.44454096150966
small_cluster,22,cluster_22,Slc9a3r1,5.502475,2.1734536,3.744972643855151e-08,1.411983823721111e-06,0.9,0.45828965104088665,0.4417103489591134
small_cluster,22,cluster_22,Odc1,5.489066,2.533112,4.0406408215557136e-08,1.5199667457416343e-06,0.55,0.13254455593829564,0.41745544406170443
small_cluster,22,cluster_22,6820408C15Rik,5.4812603,2.1426196,4.223071197178208e-08,1.584956309037066e-06,0.3,0.041935000748839296,0.25806499925116066
small_cluster,22,cluster_22,Rassf10,5.473495,2.9120948,4.4124486187830934e-08,1.6447402226513979e-06,0.25,0.03160101842144676,0.21839898157855325
small_cluster,22,cluster_22,Hipk1,5.4705186,2.0321078,4.487205871532975e-08,1.6688132312701208e-06,0.65,0.16294743148120414,0.48705256851879586
small_cluster,22,cluster_22,Sec14l3,5.4667697,2.2177522,4.583114161609125e-08,1.700625686980798e-06,0.9,0.4684738655084619,0.43152613449153815
small_cluster,22,cluster_22,Jak2,5.464995,2.3926997,4.629201085877702e-08,1.7138493681598236e-06,0.35,0.056462483151115773,0.2935375168488842
small_cluster,22,cluster_22,Dync2li1,5.4636464,2.2016912,4.66452815547195e-08,1.7230388801327805e-06,0.7,0.1999400928560731,0.5000599071439269
small_cluster,22,cluster_22,Ccdc120,5.4395823,2.6901817,5.340558127087156e-08,1.963912417990055e-06,0.35,0.05915830462782687,0.2908416953721731
small_cluster,22,cluster_22,Ttc39b,5.4105616,2.8743653,6.282742124788026e-08,2.2898500797477426e-06,0.3,0.0455294293844541,0.2544705706155459
small_cluster,22,cluster_22,Adig,5.4030166,2.2420166,6.552941605127693e-08,2.383033154450095e-06,0.3,0.04343267934701213,0.2565673206529879
small_cluster,22,cluster_22,Sco2,5.3859406,2.1245034,7.206677859263034e-08,2.609199195800729e-06,0.5,0.10603564475063651,0.39396435524936346
small_cluster,22,cluster_22,Rgs11,5.3613777,2.6132383,8.258971378972792e-08,2.957541257347877e-06,0.25,0.03220008986071589,0.21779991013928413
small_cluster,22,cluster_22,Tle3,5.360639,2.172124,8.292800488106754e-08,2.9631856384627206e-06,0.75,0.239029504268384,0.510970495731616
small_cluster,22,cluster_22,Arid2,5.347749,2.14111,8.905467452733191e-08,3.1209096515443817e-06,0.4,0.07248764415156507,0.32751235584843497
small_cluster,22,cluster_22,Rabl2,5.3459787,2.354534,8.99298453244347e-08,3.138168921629901e-06,0.55,0.13329339523738207,0.416706604762618
small_cluster,22,cluster_22,Usp2,5.3377204,2.2012734,9.412235185482879e-08,3.270552315192896e-06,0.5,0.10813239478807848,0.39186760521192154
small_cluster,22,cluster_22,Ptdss2,5.330702,2.4587243,9.783387829376663e-08,3.392332849674559e-06,0.4,0.07593230492736258,0.32406769507263744
small_cluster,22,cluster_22,Tmem231,5.3102694,2.8302982,1.094634137545871e-07,3.7875726771919477e-06,0.25,0.03309869701961959,0.2169013029803804
small_cluster,22,cluster_22,1700040L02Rik,5.281493,2.4486752,1.281353223121299e-07,4.3965427222620135e-06,0.25,0.03264939344016774,0.21735060655983227
small_cluster,22,cluster_22,Megf8,5.251083,3.0018566,1.512075280875426e-07,5.1665722253412215e-06,0.25,0.034147072038340574,0.21585292796165942
small_cluster,22,cluster_22,Slc23a2,5.212928,2.288529,1.8588335638443767e-07,6.260108681850436e-06,0.65,0.19305077130447806,0.45694922869552196
small_cluster,22,cluster_22,Lrrc46,5.209411,2.1637106,1.8944090142618436e-07,6.35382458955184e-06,0.25,0.032948929159802305,0.2170510708401977
small_cluster,22,cluster_22,C2cd4b,5.1800413,2.2392266,2.2183648229708567e-07,7.425183971743882e-06,1.0,0.4945334731166692,0.5054665268833308
small_cluster,22,cluster_22,Fhit,5.171797,2.7405376,2.3185366566583352e-07,7.713249433235975e-06,0.3,0.04822525086116519,0.2517747491388348
small_cluster,22,cluster_22,Inppl1,5.171943,2.3958468,2.3167190998365457e-07,7.713249433235975e-06,0.45,0.09824771604013778,0.35175228395986224
small_cluster,22,cluster_22,Cd24a,5.1684704,2.032486,2.3601775647705073e-07,7.820054997939615e-06,1.0,0.6721581548599671,0.3278418451400329
small_cluster,22,cluster_22,Epb41l1,5.1635547,2.6953285,2.4230364653904307e-07,7.996020335788422e-06,0.35,0.06499925116070092,0.28500074883929905
small_cluster,22,cluster_22,Zmynd8,5.1154656,2.4997873,3.12967762002794e-07,1.0265968529215649e-05,0.4,0.08222255503968848,0.3177774449603116
small_cluster,22,cluster_22,Ift22,5.099802,2.1714334,3.4000875178146773e-07,1.093533725438332e-05,0.65,0.19185262842593978,0.45814737157406027
small_cluster,22,cluster_22,Mycbpap,5.072188,2.5578763,3.932677135368753e-07,1.247579065709534e-05,0.25,0.035195447057061555,0.21480455294293843
small_cluster,22,cluster_22,Ptpra,5.064128,2.2514231,4.102739372284229e-07,1.2990159931435065e-05,0.5,0.12265987719035495,0.377340122809645
small_cluster,22,cluster_22,Fxr2,5.06185,2.0302937,4.152077957280766e-07,1.3121046354019624e-05,0.45,0.09615096600269582,0.35384903399730416
small_cluster,22,cluster_22,Fhl2,5.05659,2.2780807,4.268189800738555e-07,1.3462034792675586e-05,0.4,0.08177325146023663,0.3182267485397634
small_cluster,22,cluster_22,Arap1,5.039276,2.7169263,4.672956551544384e-07,1.4654141568236985e-05,0.35,0.06709600119814288,0.2829039988018571
small_cluster,22,cluster_22,Map3k14,5.0373707,2.6468182,4.7197039915425373e-07,1.4772493352154418e-05,0.35,0.06634716189905646,0.28365283810094355
small_cluster,22,cluster_22,Vav2,5.0260987,2.3452601,5.005583473081316e-07,1.5637442769906032e-05,0.35,0.06454994758124906,0.28545005241875093
small_cluster,22,cluster_22,Srxn1,5.0248094,2.362426,5.039323935208285e-07,1.57129186048196e-05,0.4,0.08342069791822675,0.31657930208177326
small_cluster,22,cluster_22,Rfx2,5.021403,2.8003519,5.129547709325394e-07,1.590353723641697e-05,0.25,0.03639358993559982,0.21360641006440018
small_cluster,22,cluster_22,Nfkb1,4.993618,2.185133,5.925861723264739e-07,1.8252994252300523e-05,0.55,0.1479706454994758,0.40202935450052424
small_cluster,22,cluster_22,Iffo2,4.986623,2.4606297,6.144387741161247e-07,1.8836280998651516e-05,0.6,0.188258199790325,0.411741800209675
small_cluster,22,cluster_22,Fam149a,4.9852023,2.3902774,6.189702024955148e-07,1.893979531927041e-05,0.25,0.03594428635614797,0.21405571364385204
small_cluster,22,cluster_22,4430402I18Rik,4.975012,2.7100854,6.524358483114817e-07,1.992086198970872e-05,0.25,0.03684289351505167,0.21315710648494834
small_cluster,22,cluster_22,Cdk6,4.964604,2.5279977,6.884135118398444e-07,2.0908648162380163e-05,0.4,0.0865658229743897,0.3134341770256103
small_cluster,22,cluster_22,Efcab1,4.9169316,2.622727,8.791115885083685e-07,2.6407159639424455e-05,0.25,0.03684289351505167,0.21315710648494834
small_cluster,22,cluster_22,Stk40,4.9060187,2.1837962,9.29436301504266e-07,2.7867796674536504e-05,0.4,0.08401976935749589,0.31598023064250413
small_cluster,22,cluster_22,Ubxn10,4.879657,2.3405576,1.0627059841785263e-06,3.0848567869932765e-05,0.35,0.06784484049722929,0.2821551595027707
small_cluster,22,cluster_22,Cdc42bpb,4.861249,2.307399,1.166474562240705e-06,3.3622757988242184e-05,0.4,0.08701512655384154,0.3129848734461585
small_cluster,22,cluster_22,Sh3bgrl2,4.8362503,2.3715274,1.3231136303186766e-06,3.7871529931686935e-05,0.45,0.11097798412460685,0.33902201587539316
small_cluster,22,cluster_22,Dusp16,4.83501,2.1434567,1.3313892088647468e-06,3.804201117524514e-05,0.4,0.08581698367530328,0.31418301632469675
small_cluster,22,cluster_22,Flt3l,4.834388,2.57168,1.3355608808219082e-06,3.8094841750191506e-05,0.3,0.05361689381458739,0.2463831061854126
small_cluster,22,cluster_22,Iqgap2,4.7399974,2.117794,2.1372084250271987e-06,5.981630610728854e-05,0.45,0.1088812340871649,0.34111876591283513
small_cluster,22,cluster_22,Elmsan1,4.7051973,2.2802718,2.5362078156951693e-06,7.050227861901097e-05,0.25,0.03908941141231092,0.21091058858768907
small_cluster,22,cluster_22,Mns1,4.6972456,2.401434,2.6369346940174175e-06,7.279000764823956e-05,0.25,0.0392391792721282,0.2107608207278718
small_cluster,22,cluster_22,Gripap1,4.69396,2.0838897,2.679662508311273e-06,7.337085943040599e-05,0.3,0.05346712595477011,0.2465328740452299
small_cluster,22,cluster_22,Ak1,4.6830063,2.4767854,2.8269801625182923e-06,7.676374444612998e-05,0.3,0.05511457241276022,0.24488542758723977
small_cluster,22,cluster_22,Acox2,4.658144,2.4781563,3.190729986082978e-06,8.635505363324574e-05,0.3,0.056312715291298485,0.2436872847087015
small_cluster,22,cluster_22,Dip2b,4.649371,2.8388479,3.3294846256676763e-06,8.994152353357155e-05,0.25,0.04118616144975288,0.20881383855024713
small_cluster,22,cluster_22,Ift122,4.6490784,2.5859244,3.3342141520889887e-06,8.994152353357155e-05,0.25,0.040736857870301034,0.20926314212969896
small_cluster,22,cluster_22,Smad5,4.6268454,2.069398,3.7127765911764426e-06,9.917467242977985e-05,0.4,0.09075932304927363,0.3092406769507264
small_cluster,22,cluster_22,Supt20,4.6251388,2.1580334,3.7434773985988224e-06,9.983215091775493e-05,0.45,0.11202635914332784,0.33797364085667214
small_cluster,22,cluster_22,Gtf2ird1,4.619904,2.0593266,3.839176924025437e-06,0.00010205241609552868,0.4,0.09075932304927363,0.3092406769507264
small_cluster,22,cluster_22,Map3k12,4.6175447,2.3084435,3.883075861474664e-06,0.00010305230939166015,0.25,0.04028755429084918,0.20971244570915082
small_cluster,22,cluster_22,Arhgef2,4.6101017,2.539232,4.0247183481613494e-06,0.00010646678327128111,0.3,0.05781039388947132,0.24218960611052867
small_cluster,22,cluster_22,Zc3h12a,4.589361,2.062688,4.446042631106672e-06,0.00011667127230844884,0.4,0.0918076980679946,0.3081923019320054
small_cluster,22,cluster_22,Slc13a2,4.5721045,2.3876762,4.82849678472133e-06,0.00012530407557945336,0.3,0.05810992960910589,0.2418900703908941
small_cluster,22,cluster_22,Hacd1,4.570325,2.8024755,4.869690417998428e-06,0.00012597443619178584,0.25,0.04268384004792571,0.20731615995207428
small_cluster,22,cluster_22,Spire2,4.549914,2.3037088,5.366787800366573e-06,0.00013818004193691077,0.25,0.04133592930957017,0.20866407069042983
small_cluster,22,cluster_22,Oscp1,4.546008,2.277016,5.467295955919343e-06,0.00014032726286859648,0.35,0.07533323348809345,0.2746667665119065
small_cluster,22,cluster_22,Abcc1,4.539065,2.4953597,5.650424698625639e-06,0.0001445750631546944,0.4,0.09974539463831061,0.3002546053616894
small_cluster,22,cluster_22,Mst1,4.469177,2.1674395,7.852124905905369e-06,0.00019483010678026318,0.3,0.05781039388947132,0.24218960611052867
small_cluster,22,cluster_22,Nr4a3,4.4577274,2.506087,8.2833104603816e-06,0.00020429259377551673,0.25,0.04343267934701213,0.20656732065298788
small_cluster,22,cluster_22,Fbrs,4.4567876,2.5848985,8.319693480853496e-06,0.00020457465184329563,0.3,0.061255054665268836,0.23874494533473115
small_cluster,22,cluster_22,Cfap43,4.4553514,2.017053,8.375594665529201e-06,0.00020564091034333,0.3,0.05736109031001947,0.24263890968998053
small_cluster,22,cluster_22,Ptgfrn,4.453819,2.5436347,8.435635127801795e-06,0.00020649679362847348,0.3,0.059907143926913285,0.2400928560730867
small_cluster,22,cluster_22,Gys1,4.44457,2.3976524,8.806780429751707e-06,0.0002146211082144989,0.25,0.04328291148719485,0.20671708851280515
small_cluster,22,cluster_22,Adar,4.4198685,2.456645,9.876102079559813e-06,0.000239258419803339,0.25,0.04388198292646398,0.20611801707353603
small_cluster,22,cluster_22,Enkd1,4.409813,2.3235104,1.0346004458182064e-05,0.00025027259457027144,0.25,0.043133143627377565,0.20686685637262242
small_cluster,22,cluster_22,Tuft1,4.400135,2.0464456,1.0818355194177661e-05,0.00026054602575581177,0.45,0.11921521641455744,0.33078478358544255
small_cluster,22,cluster_22,Ttc39a,4.384502,2.3310933,1.1625141121567775e-05,0.0002783415175690994,0.4,0.10633518047027107,0.29366481952972895
small_cluster,22,cluster_22,Il4ra,4.382226,2.3263338,1.1747281805449155e-05,0.0002808559313282385,0.3,0.061255054665268836,0.23874494533473115
small_cluster,22,cluster_22,Drosha,4.374465,2.3019066,1.2173064344806811e-05,0.00028892970813194864,0.3,0.061255054665268836,0.23874494533473115
small_cluster,22,cluster_22,Klhdc10,4.364984,2.3286908,1.2713194527026672e-05,0.00029958204516920177,0.3,0.06170435824472068,0.2382956417552793
small_cluster,22,cluster_22,Pcnxl4,4.332977,2.0637639,1.4710668755895667e-05,0.00034125838509963907,0.3,0.06035644750636513,0.23964355249363486
small_cluster,22,cluster_22,Plagl2,4.326026,2.2268822,1.5182355486392553e-05,0.00034923676343944496,0.3,0.06200389396435525,0.23799610603564475
small_cluster,22,cluster_22,Cmtm4,4.3210187,2.3213143,1.5531053060341952e-05,0.00035675742470961955,0.35,0.08252209075932306,0.26747790924067694
small_cluster,22,cluster_22,Atp2c2,4.3158493,2.534061,1.58990421439284e-05,0.0003641182782877313,0.35,0.08431930507713045,0.2656806949228695
small_cluster,22,cluster_22,Znfx1,4.3140025,2.536535,1.6032500009698716e-05,0.0003662242794694549,0.25,0.04597873296390594,0.20402126703609405
small_cluster,22,cluster_22,Rabgap1l,4.300342,2.0369256,1.7053460715216493e-05,0.0003879248393762354,0.4,0.09869701961958964,0.30130298038041037
small_cluster,22,cluster_22,Kctd3,4.289391,2.0665553,1.791637556991769e-05,0.0004058652979588675,0.25,0.04478059008536768,0.20521940991463233
small_cluster,22,cluster_22,Wdr31,4.2621603,2.2334163,2.0245997217998458e-05,0.0004554932789744756,0.25,0.04522989366481953,0.20477010633518047
small_cluster,22,cluster_22,Lsm14b,4.2560544,2.6231065,2.0806624263507624e-05,0.00046682550553459447,0.3,0.0633518047027108,0.2366481952972892
small_cluster,22,cluster_22,Arhgap35,4.230366,2.2907226,2.3331118750515227e-05,0.0005164017255427804,0.3,0.06410064400179721,0.23589935599820278
small_cluster,22,cluster_22,Necab2,4.2048044,2.348306,2.6130774376278394e-05,0.0005706668848806151,0.25,0.04702710798262693,0.20297289201737306
small_cluster,22,cluster_22,Swap70,4.197662,2.1012526,2.6968475281107395e-05,0.0005873970293299368,0.3,0.06365134042234537,0.2363486595776546
small_cluster,22,cluster_22,Srebf2,4.147315,2.3480852,3.363973009799263e-05,0.0007221534205983994,0.4,0.11352403774150067,0.28647596225849936
small_cluster,22,cluster_22,Plekhb1,4.137925,2.0412526,3.5046038943838866e-05,0.0007494003712097799,0.35,0.085667215815486,0.264332784184514
small_cluster,22,cluster_22,Bptf,4.1115065,2.0646975,3.930857209911713e-05,0.0008372725857111948,0.45,0.1373371274524487,0.3126628725475513
small_cluster,22,cluster_22,Zfp292,4.1077485,2.1631682,3.99534786060118e-05,0.000847706342324967,0.3,0.06619739403923917,0.2338026059607608
small_cluster,22,cluster_22,Rph3al,4.0904455,2.0896907,4.305449573983643e-05,0.0009006846742717567,0.3,0.06574809045978733,0.23425190954021266
small_cluster,22,cluster_22,Irf8,4.0898676,2.1808772,4.316197350006009e-05,0.0009016404532217717,0.25,0.048674554440617045,0.20132544555938295
small_cluster,22,cluster_22,Srgap2,4.0706058,2.0753627,4.689109333412645e-05,0.0009637353656303356,0.3,0.06664669761869103,0.23335330238130897
small_cluster,22,cluster_22,Myo5c,4.060985,2.0685134,4.886613252198965e-05,0.0009989058110877224,0.45,0.144376216863861,0.305623783136139
small_cluster,22,cluster_22,Mink1,4.060869,2.0579839,4.889031330501443e-05,0.0009989058110877224,0.35,0.0874644301332934,0.26253556986670656
small_cluster,22,cluster_22,Tmc5,4.0480633,2.7179708,5.164317247246832e-05,0.001048266920446724,0.3,0.0714392691328441,0.2285607308671559
small_cluster,22,cluster_22,Adipor2,3.984334,2.0194483,6.766965816787997e-05,0.0013355596433350173,0.5,0.17238280664969297,0.32761719335030703
small_cluster,22,cluster_22,Pygo2,3.8435354,2.012075,0.00012127446663912138,0.0022124833452149386,0.3,0.07203834057211322,0.22796165942788676
small_cluster,22,cluster_22,Abr,3.8164077,2.211952,0.00013540872011713037,0.002451256532716397,0.3,0.07428485846937247,0.22571514153062752
small_cluster,22,cluster_22,Slc38a1,3.77583,2.172194,0.0001594757497629654,0.0028460955080113117,0.3,0.07638160850681444,0.22361839149318555
small_cluster,22,cluster_22,Cyp2a5,3.729201,2.1576385,0.00019208785342884565,0.003340862019179743,1.0,0.6236333682791673,0.37636663172083273
small_cluster,22,cluster_22,Cbarp,3.6171808,2.076945,0.00029782933385573526,0.00488886507950573,0.3,0.07982626928261195,0.22017373071738805
small_cluster,22,cluster_22,Igf2r,3.586329,2.050301,0.0003353658221486138,0.005424393342267668,0.3,0.08087464430133294,0.21912535569866703
small_cluster,22,cluster_22,D230025D16Rik,3.4694695,2.0566664,0.0005214874002867279,0.00786291205383562,0.35,0.11397334132095252,0.23602665867904746
small_cluster,22,cluster_22,Bpifb1,2.835861,2.1042223,0.004570234714322913,0.047956762347799164,0.55,0.3010333982327393,0.24896660176726076
small_cluster,21,cluster_21,Zp3,27.135622,7.4901967,3.742767234880603e-162,6.138512541927677e-158,0.4090909090909091,0.0035955056179775282,0.4054954034729316
small_cluster,21,cluster_21,Spata18,23.537533,6.0134144,1.6845301669457105e-122,6.906994817019149e-119,0.6363636363636364,0.01348314606741573,0.6228804902962206
small_cluster,21,cluster_21,1700024G13Rik,23.084711,6.1525908,6.594682123503911e-118,1.5451340215369663e-114,0.9090909090909091,0.030262172284644194,0.8788287368062648
small_cluster,21,cluster_21,1700013F07Rik,21.95479,6.071799,7.793915383553547e-107,1.5978500775707715e-103,0.8181818181818182,0.027116104868913856,0.7910657133129044
small_cluster,21,cluster_21,Dnajb13,21.556963,5.739584,4.555455029175385e-103,8.301557548167278e-100,0.8636363636363636,0.031310861423220974,0.8323255022131427
small_cluster,21,cluster_21,Gm13580,21.17286,6.3267355,1.6992648125854265e-99,2.5336038355648712e-96,0.45454545454545453,0.008389513108614232,0.4461559414368403
small_cluster,21,cluster_21,Stkld1,21.058676,6.7767496,1.9042520336693736e-98,2.6026364670176164e-95,0.36363636363636365,0.0052434456928838954,0.35839291794347977
small_cluster,21,cluster_21,Tekt3,20.983625,6.2188754,9.256057698912279e-98,1.1677584793835407e-94,0.36363636363636365,0.0052434456928838954,0.35839291794347977
small_cluster,21,cluster_21,Lrrc34,20.714592,5.7546787,2.5586340044612723e-95,2.9974397362263804e-92,0.8181818181818182,0.03056179775280899,0.7876200204290092
small_cluster,21,cluster_21,Lrrc46,20.681536,5.9967575,5.079748522687316e-95,5.5541970347063114e-92,0.8181818181818182,0.031011235955056178,0.7871705822267621
small_cluster,21,cluster_21,Zmynd12,19.87902,5.816882,6.182868387937898e-88,4.6093283832077027e-85,0.8181818181818182,0.03340823970037453,0.7847735784814437
small_cluster,21,cluster_21,1700001C02Rik,19.75326,6.383517,7.520301511427626e-87,5.362628916909761e-84,1.0,0.052584269662921346,0.9474157303370787
small_cluster,21,cluster_21,Zmynd10,19.570232,5.650588,2.77408738037562e-85,1.8199122850216215e-82,0.8636363636363636,0.03850187265917603,0.8251344909771876
small_cluster,21,cluster_21,1700018A04Rik,19.545668,6.5381308,4.490762881280985e-85,2.832807769841901e-82,0.2727272727272727,0.003295880149812734,0.26943139257745996
small_cluster,21,cluster_21,Rsph14,19.389563,6.036756,9.45370795822984e-84,5.742602378626948e-81,0.6363636363636364,0.020973782771535582,0.6153898535921007
small_cluster,21,cluster_21,Tekt4,19.33138,5.9897294,2.924884706085649e-83,1.713251216589669e-80,0.8636363636363636,0.0401498127340824,0.8234865509022813
small_cluster,21,cluster_21,6820408C15Rik,19.075027,5.424095,4.072053409718069e-81,2.226191599092868e-78,0.8636363636363636,0.04,0.8236363636363636
small_cluster,21,cluster_21,Fgd2,19.051746,5.5407352,6.354537704862938e-81,3.3619604160470017e-78,0.6363636363636364,0.021273408239700375,0.615090228123936
small_cluster,21,cluster_21,Calml4,19.018646,6.3777156,1.1952893909195084e-80,6.126231656397144e-78,0.9090909090909091,0.04704119850187266,0.8620497105890363
small_cluster,21,cluster_21,Catip,18.788227,5.174128,9.427679280624233e-79,4.6855566024702435e-76,0.7727272727272727,0.03250936329588015,0.7402179094313925
small_cluster,21,cluster_21,Tekt2,18.680101,5.7451463,7.188245954233271e-78,3.467482996922937e-75,0.5454545454545454,0.016329588014981272,0.5291249574395641
small_cluster,21,cluster_21,4932443I19Rik,18.655571,5.5881925,1.1378123172557168e-77,5.331788518660288e-75,0.8636363636363636,0.04224719101123595,0.8213891726251277
small_cluster,21,cluster_21,Cfap70,18.570753,5.9512105,5.542008858075335e-77,2.524846868924822e-74,0.6363636363636364,0.02292134831460674,0.6134422880490296
small_cluster,21,cluster_21,Fank1,18.475088,5.4227176,3.2769190147118583e-76,1.4525607773051134e-73,0.7727272727272727,0.03430711610486891,0.7384201566224038
small_cluster,21,cluster_21,Sntn,18.402637,6.753798,1.251233386097955e-75,5.400389148787517e-73,0.9545454545454546,0.057378277153558054,0.8971671773918966
small_cluster,21,cluster_21,Hrk,18.388527,6.7470136,1.6233223546369913e-75,6.826694856000332e-73,0.22727272727272727,0.002546816479400749,0.22472591079332652
small_cluster,21,cluster_21,Efcab1,18.354963,5.4871593,3.0128544743224373e-75,1.1765196722229118e-72,0.7727272727272727,0.0350561797752809,0.7376710929519918
small_cluster,21,cluster_21,1700040L02Rik,18.300058,5.471027,8.266148186499229e-75,3.1528627071342756e-72,0.7272727272727273,0.031011235955056178,0.6962614913176711
small_cluster,21,cluster_21,Hdc,18.277903,6.795247,1.2410681983014839e-74,4.626081709168781e-72,0.9545454545454546,0.057378277153558054,0.8971671773918966
small_cluster,21,cluster_21,Odf3b,18.204115,5.8405666,4.7872737719182835e-74,1.744801714071817e-71,0.9090909090909091,0.050337078651685394,0.8587538304392237
small_cluster,21,cluster_21,Erich2,18.146847,6.34394,1.3598596276845885e-73,4.848490816011943e-71,0.9090909090909091,0.052434456928838954,0.8566564521620701
small_cluster,21,cluster_21,Efcab10,18.13184,5.860968,1.7867832602168332e-73,6.235113244854528e-71,0.7272727272727273,0.03176029962546816,0.6955124276472592
small_cluster,21,cluster_21,3300002A11Rik,18.108461,6.877308,2.7327664298830365e-73,9.3375212951066e-71,0.9545454545454546,0.05872659176029962,0.895818862785155
small_cluster,21,cluster_21,Pifo,18.082144,6.61992,4.4061011802570306e-73,1.474785009334603e-70,1.0,0.06576779026217229,0.9342322097378277
small_cluster,21,cluster_21,1700026L06Rik,18.017082,6.0185866,1.4309532253409676e-72,4.693812769763442e-70,0.9545454545454546,0.05707865168539326,0.8974668028600613
small_cluster,21,cluster_21,Gm12144,17.997124,6.972505,2.0520401139728958e-72,6.599119590052836e-70,0.22727272727272727,0.002696629213483146,0.2245760980592441
small_cluster,21,cluster_21,6430531B16Rik,17.986284,5.308575,2.495369481626709e-72,7.870491320799932e-70,0.7272727272727273,0.03176029962546816,0.6955124276472592
small_cluster,21,cluster_21,Fam166b,17.943708,5.64211,5.374516622364114e-72,1.6631593796866762e-69,0.8181818181818182,0.04149812734082397,0.7766836908409943
small_cluster,21,cluster_21,Morn5,17.872658,6.0559773,1.9259272832115363e-71,5.849469142954149e-69,0.8181818181818182,0.04254681647940075,0.7756350017024175
small_cluster,21,cluster_21,Lrrc74b,17.849443,5.5821514,2.919283156956294e-71,8.705302374043668e-69,0.7272727272727273,0.03280898876404494,0.6944637385086824
small_cluster,21,cluster_21,Gm29538,17.845144,5.8141713,3.152852614841249e-71,9.233917095716307e-69,0.8636363636363636,0.04734082397003745,0.8162955396663262
small_cluster,21,cluster_21,Ccdc113,17.791035,5.6625876,8.293545679344034e-71,2.386358643630202e-68,0.9090909090909091,0.05198501872659176,0.8571058903643173
small_cluster,21,cluster_21,1700016K19Rik,17.70874,6.747795,3.590216125104695e-70,1.015226459790381e-67,1.0,0.06711610486891385,0.9328838951310862
small_cluster,21,cluster_21,1700001L19Rik,17.603199,5.8364487,2.327926681322102e-69,6.471241610231151e-67,0.8636363636363636,0.04928838951310861,0.814347974123255
small_cluster,21,cluster_21,Tekt1,17.506708,5.941097,1.2734992611842575e-68,3.4811102304471684e-66,0.8636363636363636,0.04928838951310861,0.814347974123255
small_cluster,21,cluster_21,Meig1,17.472893,6.3103404,2.3050743406013002e-68,6.197626927901955e-66,1.0,0.0696629213483146,0.9303370786516854
small_cluster,21,cluster_21,Gm973,17.439436,5.3102813,4.1413805195226315e-68,1.0955287403337208e-65,0.6818181818181818,0.029662921348314608,0.6521552604698672
small_cluster,21,cluster_21,1700101E01Rik,17.42187,5.417121,5.630691344123848e-68,1.4658566465869084e-65,0.8181818181818182,0.04374531835205993,0.7744364998297583
small_cluster,21,cluster_21,Adhfe1,17.404724,5.9202237,7.59711481809261e-68,1.8878830322960135e-65,0.36363636363636365,0.008089887640449439,0.3555464759959142
small_cluster,21,cluster_21,Tmem232,17.333609,5.449147,2.623407986641723e-67,6.3274285866045435e-65,0.5909090909090909,0.02247191011235955,0.5684371807967314
small_cluster,21,cluster_21,Dnaaf3,17.221903,5.1566877,1.8190794153494665e-66,4.2621030701637996e-64,0.7727272727272727,0.039550561797752806,0.7331767109295199
small_cluster,21,cluster_21,Tctex1d4,17.194338,6.4018526,2.927851443835595e-66,6.763336835260225e-64,0.9545454545454546,0.06426966292134831,0.8902757916241063
small_cluster,21,cluster_21,2410004P03Rik,17.141254,5.671808,7.305851767769398e-66,1.6642121505998043e-63,0.8636363636363636,0.05108614232209738,0.8125502213142662
small_cluster,21,cluster_21,Morn3,17.036036,5.8076005,4.438128556637272e-65,9.971198144850396e-63,0.6818181818181818,0.03176029962546816,0.6500578821927137
small_cluster,21,cluster_21,Enkur,16.994032,5.8119016,9.091917952562806e-65,2.0150884640538187e-62,0.8636363636363636,0.053632958801498126,0.8100034048348655
small_cluster,21,cluster_21,1700007G11Rik,16.97967,5.4840293,1.1613626864055376e-64,2.5396679226316296e-62,0.8181818181818182,0.04614232209737828,0.77203949608444
small_cluster,21,cluster_21,Dmkn,16.965595,6.267366,1.4759782883900374e-64,3.185199987879606e-62,1.0,0.07340823970037454,0.9265917602996254
small_cluster,21,cluster_21,Lrrc71,16.91633,5.316076,3.410255353392775e-64,7.26384390272661e-62,0.5454545454545454,0.0199250936329588,0.5255294518215866
small_cluster,21,cluster_21,Dnali1,16.911745,5.842571,3.6862719345074325e-64,7.751095640750821e-62,0.8181818181818182,0.04808988764044944,0.7700919305413688
small_cluster,21,cluster_21,Cetn4,16.877962,6.1803718,6.536287025539482e-64,1.3569828291882662e-61,0.9090909090909091,0.06157303370786517,0.8475178753830439
small_cluster,21,cluster_21,Efhc1,16.851229,5.0060296,1.0275730870589828e-63,2.106653275106797e-61,0.6818181818181818,0.03146067415730337,0.6503575076608784
small_cluster,21,cluster_21,Ldlrad1,16.680574,5.184374,1.8146839608441301e-62,3.674398968124022e-60,0.7727272727272727,0.04149812734082397,0.7312291453864488
small_cluster,21,cluster_21,Saxo2,16.652094,5.5028615,2.92193387476951e-62,5.844224082938383e-60,0.7727272727272727,0.04344569288389513,0.7292815798433776
small_cluster,21,cluster_21,Ak8,16.585297,5.236092,8.902484511356653e-62,1.7591523912139815e-59,0.7272727272727273,0.037303370786516854,0.6899693564862104
small_cluster,21,cluster_21,Gm867,16.519197,5.71036,2.6692206340052488e-61,5.211653287895249e-59,0.8181818181818182,0.04928838951310861,0.7688934286687096
small_cluster,21,cluster_21,Lrrc6,16.49121,5.5679145,4.243604675572304e-61,8.188160033418982e-59,0.5454545454545454,0.021273408239700375,0.524181137214845
small_cluster,21,cluster_21,Fam183b,16.490406,6.8594694,4.300529363913312e-61,8.20150954622584e-59,1.0,0.07880149812734083,0.9211985018726592
small_cluster,21,cluster_21,Dnaic2,16.487911,5.1074615,4.481814405248807e-61,8.448992880515594e-59,0.6818181818181818,0.03295880149812734,0.6488593803200544
small_cluster,21,cluster_21,1700026D08Rik,16.466116,5.3043447,6.426639816068721e-61,1.197764995719808e-58,0.7272727272727273,0.03850187265917603,0.6887708546135513
small_cluster,21,cluster_21,Dydc2,16.375286,5.3684454,2.8715343266039964e-60,5.291689268610353e-58,0.5,0.017827715355805244,0.48217228464419476
small_cluster,21,cluster_21,Ccdc153,16.235376,7.391036,2.8350179789290295e-59,5.166347763601668e-57,1.0,0.08194756554307116,0.9180524344569289
small_cluster,21,cluster_21,1700029J07Rik,16.222744,5.2553463,3.482829464583305e-59,6.277130335014371e-57,0.7272727272727273,0.0398501872659176,0.6874225400068097
small_cluster,21,cluster_21,Akap14,16.132055,5.3926864,1.5188156540592705e-58,2.7076190806767496e-56,0.5,0.018426966292134833,0.4815730337078652
small_cluster,21,cluster_21,Tm4sf1,16.058792,5.420175,4.961154074900863e-58,8.749235266930005e-56,0.9090909090909091,0.06352059925093632,0.8455703098399727
small_cluster,21,cluster_21,1110017D15Rik,16.038656,7.165946,6.862410120139578e-58,1.1973445572383959e-55,1.0,0.0844943820224719,0.915505617977528
small_cluster,21,cluster_21,Fam92b,16.011312,5.624634,1.0653834075643418e-57,1.8393003439434495e-55,0.7727272727272727,0.04689138576779026,0.7258358869594824
small_cluster,21,cluster_21,2610028H24Rik,15.993709,5.533915,1.4135987223780824e-57,2.4150450672628052e-55,0.8181818181818182,0.052734082397003744,0.7654477357848145
small_cluster,21,cluster_21,Lrrc48,15.975655,5.597796,1.8886076279651533e-57,3.193304505799637e-55,0.8181818181818182,0.05348314606741573,0.7646986721144025
small_cluster,21,cluster_21,D430036J16Rik,15.924599,5.552643,4.2775148869140863e-57,7.15872670002836e-55,0.5909090909090909,0.027265917602996254,0.5636431733060947
small_cluster,21,cluster_21,AI317395,15.811708,5.518188,2.5836572948205106e-56,4.23745632923512e-54,0.2727272727272727,0.005393258426966292,0.2673340143003064
small_cluster,21,cluster_21,Ccdc89,15.664671,5.357068,2.637915078849898e-55,4.283608436457146e-53,0.3181818181818182,0.007640449438202248,0.31054136874361593
small_cluster,21,cluster_21,Fam216b,15.644176,5.2613664,3.640540874090895e-55,5.853775576074977e-53,0.5,0.01962546816479401,0.480374531835206
small_cluster,21,cluster_21,Spag16,15.60143,5.130914,7.118157703138998e-55,1.1118562332303115e-52,0.45454545454545453,0.016179775280898877,0.43836567926455566
small_cluster,21,cluster_21,Wdr38,15.557084,5.091726,1.4244242836498874e-54,2.2039606298246983e-52,0.4090909090909091,0.01303370786516854,0.39605720122574056
small_cluster,21,cluster_21,1700003M02Rik,15.48466,4.9951763,4.4038062840482904e-54,6.75017073501645e-52,0.7727272727272727,0.048838951310861425,0.7238883214164112
small_cluster,21,cluster_21,Tmem212,15.374641,6.5468526,2.421790500596881e-53,3.677757962989763e-51,1.0,0.08779026217228464,0.9122097378277154
small_cluster,21,cluster_21,Dynlrb2,15.355237,7.3693156,3.2671561472019973e-53,4.9160209147027483e-51,1.0,0.0951310861423221,0.9048689138576779
small_cluster,21,cluster_21,Gm15402,15.35231,5.0509615,3.417970839684362e-53,5.0961945219693833e-51,0.5454545454545454,0.024269662921348314,0.5211848825331971
small_cluster,21,cluster_21,Cfap52,15.192591,4.788711,3.959532220817904e-52,5.850476392219319e-50,0.6818181818181818,0.03850187265917603,0.6433163091590057
small_cluster,21,cluster_21,1700007K13Rik,15.1705,6.6533227,5.545327604338857e-52,8.120439110603713e-50,1.0,0.09558052434456929,0.9044194756554307
small_cluster,21,cluster_21,Spag6,15.154834,4.9375343,7.039324082758891e-52,1.0216987104542352e-49,0.6818181818181818,0.03925093632958802,0.6425672454885938
small_cluster,21,cluster_21,4833427G06Rik,15.153706,4.973273,7.161195064941445e-52,1.0302698268430231e-49,0.6363636363636364,0.03415730337078652,0.6022063329928499
small_cluster,21,cluster_21,Fam81a,15.15281,5.565672,7.259492579639565e-52,1.0353298939014653e-49,0.3181818181818182,0.008239700374531835,0.30994211780728637
small_cluster,21,cluster_21,Rsph1,15.149271,6.838151,7.66117456116252e-52,1.08319762049678e-49,1.0,0.09752808988764045,0.9024719101123595
small_cluster,21,cluster_21,Traf3ip1,14.996102,5.06361,7.78588576304405e-51,1.0821721389803851e-48,0.8636363636363636,0.06771535580524345,0.7959210078311202
small_cluster,21,cluster_21,Ak1,14.989055,5.06266,8.657721915417219e-51,1.193237791048385e-48,0.7727272727272727,0.05348314606741573,0.7192441266598569
small_cluster,21,cluster_21,BC051019,14.984372,5.141259,9.289975683750658e-51,1.2697074265766212e-48,0.8636363636363636,0.06606741573033707,0.7975689479060266
small_cluster,21,cluster_21,Ccdc65,14.963971,5.0253825,1.2626173762806912e-50,1.711420461849555e-48,0.5,0.021423220973782773,0.4785767790262172
small_cluster,21,cluster_21,Stmnd1,14.931288,5.2671447,2.0624548749248926e-50,2.7726493773478005e-48,0.7727272727272727,0.05333333333333334,0.7193939393939394
small_cluster,21,cluster_21,Ttr,14.915093,6.7241964,2.6290760740334644e-50,3.5056485114002316e-48,0.6363636363636364,0.03670411985018727,0.5996595165134491
small_cluster,21,cluster_21,Ccdc96,14.818752,5.255656,1.1082445695516138e-49,1.4658321923561306e-47,0.4090909090909091,0.01453183520599251,0.3945590738849166
small_cluster,21,cluster_21,Ankrd42,14.765856,5.1253023,2.4321375864500262e-49,3.1911590844293503e-47,0.5454545454545454,0.02666666666666667,0.5187878787878788
small_cluster,21,cluster_21,Cdkl4,14.760507,5.0130806,2.6329426670709247e-49,3.427213704970654e-47,0.4090909090909091,0.01453183520599251,0.3945590738849166
small_cluster,21,cluster_21,Mdh1b,14.694398,5.038363,7.001842410416273e-49,9.042300580569865e-47,0.45454545454545453,0.018277153558052435,0.4362683009874021
small_cluster,21,cluster_21,1700028P14Rik,14.68726,5.0046577,7.779672518439226e-49,9.968313201165762e-47,0.5909090909090909,0.031310861423220974,0.55959822948587
small_cluster,21,cluster_21,Myl4,14.662435,5.3614163,1.1217732065494437e-48,1.426217237257165e-46,0.5909090909090909,0.03191011235955056,0.5589989785495404
small_cluster,21,cluster_21,Ccdc17,14.657786,4.7003217,1.2012503714932753e-48,1.5155159494508622e-46,0.8636363636363636,0.06801498127340824,0.7956213823629554
small_cluster,21,cluster_21,4931429I11Rik,14.647979,5.444358,1.3878365591676712e-48,1.7375501837335095e-46,0.22727272727272727,0.004344569288389513,0.22292815798433774
small_cluster,21,cluster_21,Gm19412,14.632566,5.300152,1.7409297443284606e-48,2.1468412584008335e-46,0.4090909090909091,0.0149812734082397,0.39410963568266943
small_cluster,21,cluster_21,Dcdc2a,14.618811,4.9804363,2.1308896836029837e-48,2.6081135597591447e-46,0.4090909090909091,0.014831460674157304,0.3942594484167518
small_cluster,21,cluster_21,Dcdc2b,14.580462,4.739158,3.739766918530598e-48,4.543401276357061e-46,0.6363636363636364,0.03640449438202247,0.5999591419816139
small_cluster,21,cluster_21,Maats1,14.490275,4.7649193,1.3958147092993745e-47,1.6832909593543412e-45,0.5,0.022621722846441948,0.4773782771535581
small_cluster,21,cluster_21,Ccdc30,14.397963,4.9349403,5.329181207893577e-47,6.379846787639603e-45,0.5909090909090909,0.03280898876404494,0.558100102145046
small_cluster,21,cluster_21,Rd3,14.382412,5.378825,6.6727661234165185e-47,7.930437477547414e-45,0.36363636363636365,0.012134831460674157,0.35150153217568947
small_cluster,21,cluster_21,Mlf1,14.375278,6.7098584,7.397150628950537e-47,8.728105573051638e-45,1.0,0.11086142322097378,0.8891385767790262
small_cluster,21,cluster_21,Cfap126,14.339015,6.3751764,1.2481487242010925e-46,1.4622062304015798e-44,1.0,0.11026217228464419,0.8897378277153558
small_cluster,21,cluster_21,Ctxn1,14.260555,5.073815,3.853770286153237e-46,4.4199780743495974e-44,0.8181818181818182,0.06636704119850187,0.7518147769833163
small_cluster,21,cluster_21,Ppp1r32,14.25013,4.7695594,4.474467160305026e-46,5.096231659455746e-44,0.5454545454545454,0.02801498127340824,0.5174395641811371
small_cluster,21,cluster_21,Fhit,14.226114,5.4298506,6.309153132247397e-46,7.136304863585488e-44,0.6818181818181818,0.04689138576779026,0.6349267960503915
small_cluster,21,cluster_21,Ccdc146,14.223287,5.2589245,6.569388880205928e-46,7.379763494812152e-44,0.5909090909090909,0.03415730337078652,0.5567517875383045
small_cluster,21,cluster_21,Wdr19,14.167833,5.005827,1.4490331398528144e-45,1.6167069746072115e-43,0.5909090909090909,0.03415730337078652,0.5567517875383045
small_cluster,21,cluster_21,Nme5,14.157074,5.6601224,1.6888070921896572e-45,1.8714949404731468e-43,0.9090909090909091,0.08898876404494382,0.8201021450459652
small_cluster,21,cluster_21,Ccdc74a,14.139747,5.369738,2.1606203989018193e-45,2.3624223441592494e-43,0.5454545454545454,0.02936329588014981,0.5160912495743956
small_cluster,21,cluster_21,Wfdc3,14.136556,5.2484727,2.260825280009517e-45,2.4455127315322045e-43,0.36363636363636365,0.012584269662921348,0.3510520939734423
small_cluster,21,cluster_21,4430402I18Rik,13.988227,5.2869463,1.8393995813609258e-44,1.933845675250035e-42,0.5909090909090909,0.03565543071161049,0.5552536601974805
small_cluster,21,cluster_21,Fam47e,13.956571,4.5533977,2.8691060565451654e-44,2.997210728241864e-42,0.8181818181818182,0.06651685393258427,0.7516649642492339
small_cluster,21,cluster_21,Kcnmb2,13.934171,4.580779,3.9273388798149984e-44,4.0767268966991e-42,0.5,0.024269662921348314,0.4757303370786517
small_cluster,21,cluster_21,Spa17,13.93008,5.4778285,4.158843065593847e-44,4.289885856528596e-42,1.0,0.11445692883895131,0.8855430711610487
small_cluster,21,cluster_21,Ampd1,13.88395,5.178494,7.925327617463322e-44,8.123956140875997e-42,0.36363636363636365,0.01303370786516854,0.3506026557711951
small_cluster,21,cluster_21,Spata17,13.826246,5.41031,1.770193689097625e-43,1.8032886145894503e-41,0.3181818181818182,0.0100374531835206,0.30814436499829756
small_cluster,21,cluster_21,Ulk4,13.822563,4.7984695,1.863155310746494e-43,1.8862722377502004e-41,0.5454545454545454,0.0301123595505618,0.5153421859039836
small_cluster,21,cluster_21,Fsip1,13.76615,5.321382,4.073458250918538e-43,4.098698697749383e-41,0.36363636363636365,0.013333333333333334,0.35030303030303034
small_cluster,21,cluster_21,Ttll9,13.7547,4.5684733,4.772587819480792e-43,4.7728788309332e-41,0.4090909090909091,0.01662921348314607,0.39246169560776306
small_cluster,21,cluster_21,Wfdc13,13.747337,5.3292027,5.283841133882078e-43,5.252138087078786e-41,0.2727272727272727,0.007340823970037453,0.26538644875723527
small_cluster,21,cluster_21,Chia1,13.743194,5.010277,5.595213925853796e-43,5.528138770959524e-41,0.4090909090909091,0.01692883895131086,0.39216207013959825
small_cluster,21,cluster_21,Prr29,13.712213,5.1332197,8.580092850709767e-43,8.37631564550541e-41,0.8636363636363636,0.08149812734082397,0.7821382362955397
small_cluster,21,cluster_21,Fbxo36,13.709278,5.9059625,8.934224953603857e-43,8.67042742390869e-41,1.0,0.12224719101123596,0.8777528089887641
small_cluster,21,cluster_21,Gm8579,13.690773,5.020644,1.1527604355637971e-42,1.1056388247767158e-40,0.6363636363636364,0.041797752808988765,0.5945658835546476
small_cluster,21,cluster_21,Cfap45,13.691097,4.7646265,1.147632207209559e-42,1.1056388247767158e-40,0.7727272727272727,0.06307116104868914,0.7096561116785836
small_cluster,21,cluster_21,Lrrc23,13.641577,5.276448,2.2660806533794043e-42,2.1608133020974193e-40,0.6363636363636364,0.043146067415730335,0.593217568947906
small_cluster,21,cluster_21,Gtsf1l,13.517618,4.658605,1.2309738091259173e-41,1.167005863784634e-39,0.5909090909090909,0.03655430711610487,0.5543547837929861
small_cluster,21,cluster_21,Ubxn11,13.460105,4.442598,2.685329424374426e-41,2.5311544763887907e-39,0.6818181818181818,0.048838951310861425,0.6329792305073203
small_cluster,21,cluster_21,D630024D03Rik,13.409776,4.89626,5.299861667274974e-41,4.9388085911918665e-39,0.5,0.02666666666666667,0.47333333333333333
small_cluster,21,cluster_21,Klhdc9,13.402355,5.145134,5.857430811791139e-41,5.427554957298671e-39,0.45454545454545453,0.022322097378277155,0.43222335716717736
small_cluster,21,cluster_21,Wdr31,13.366147,4.640539,9.53540473472322e-41,8.785964778325591e-39,0.6363636363636364,0.04389513108614232,0.5924685052774941
small_cluster,21,cluster_21,Kcnrg,13.32485,5.135954,1.659648802046606e-40,1.5038618785837782e-38,0.3181818181818182,0.010786516853932584,0.3073953013278856
small_cluster,21,cluster_21,Mns1,13.279756,4.674005,3.033840330843108e-40,2.7042399601172727e-38,0.5909090909090909,0.03805243445692884,0.5528566564521621
small_cluster,21,cluster_21,Ccdc78,13.240464,4.371023,5.1231071217924286e-40,4.541842157000952e-38,0.6363636363636364,0.04359550561797753,0.5927681307456588
small_cluster,21,cluster_21,Gm11992,13.060969,4.779555,5.5022797578161945e-39,4.825823011119968e-37,0.45454545454545453,0.023220973782771534,0.431324480762683
small_cluster,21,cluster_21,Spef1,13.002028,4.9226017,1.191401532005228e-38,1.039371091830731e-36,0.8181818181818182,0.08014981273408239,0.7380320054477358
small_cluster,21,cluster_21,4930444P10Rik,12.965669,4.7765737,1.9155297939274082e-38,1.662254187841451e-36,0.45454545454545453,0.02352059925093633,0.43102485529451817
small_cluster,21,cluster_21,Iqcg,12.955413,4.5923104,2.1895457865256158e-38,1.890038970779296e-36,0.5909090909090909,0.04,0.5509090909090909
small_cluster,21,cluster_21,Iqub,12.898675,5.004123,4.5790341249920984e-38,3.911496806458094e-36,0.3181818181818182,0.01153558052434457,0.3066462376574736
small_cluster,21,cluster_21,Hmgcs2,12.873097,5.401644,6.379175440157413e-38,5.365377250975473e-36,0.3181818181818182,0.011685393258426966,0.3064964249233912
small_cluster,21,cluster_21,Agbl2,12.855127,4.758175,8.049323344059188e-38,6.735558783975242e-36,0.3181818181818182,0.01153558052434457,0.3066462376574736
small_cluster,21,cluster_21,Ccdc181,12.846468,5.1229377,9.002738007358003e-38,7.495122134958304e-36,0.9545454545454546,0.1198501872659176,0.834695267279537
small_cluster,21,cluster_21,Smim5,12.812136,4.7859306,1.4022130768181741e-37,1.1614998319643876e-35,0.9090909090909091,0.10382022471910113,0.8052706843718079
small_cluster,21,cluster_21,Pih1d2,12.799212,4.833594,1.6562138118644187e-37,1.365003152180318e-35,0.7272727272727273,0.06576779026217229,0.661504937010555
small_cluster,21,cluster_21,1700003E16Rik,12.649884,4.8116646,1.120395954885572e-36,9.142096545312569e-35,0.36363636363636365,0.015730337078651686,0.34790602655771197
small_cluster,21,cluster_21,Treml1,12.625263,5.3787107,1.532273302610193e-36,1.2440997245598899e-34,0.2727272727272727,0.008838951310861423,0.2638883214164113
small_cluster,21,cluster_21,Lrrc36,12.57096,4.2166305,3.049962245603557e-36,2.4641591522238396e-34,0.45454545454545453,0.024419475655430713,0.4301259788900238
small_cluster,21,cluster_21,Uckl1os,12.493708,4.602307,8.079858572124362e-36,6.495968649088807e-34,0.4090909090909091,0.020374531835205992,0.3887163772557031
small_cluster,21,cluster_21,1700019L03Rik,12.426253,4.7679167,1.882523621313738e-35,1.5061107274715422e-33,0.36363636363636365,0.016329588014981272,0.34730677562138235
small_cluster,21,cluster_21,Lrriq1,12.373186,4.9591947,3.65049656631502e-35,2.9063977759287693e-33,0.2727272727272727,0.009138576779026217,0.26358869594824647
small_cluster,21,cluster_21,RP23-356N23.5,12.36327,4.9823456,4.1301071743117787e-35,3.272361727820651e-33,0.36363636363636365,0.01647940074906367,0.34715696288729997
small_cluster,21,cluster_21,Aoc1,12.337818,4.861262,5.667076241183878e-35,4.468544107291191e-33,0.6818181818181818,0.05872659176029962,0.6230915900578822
small_cluster,21,cluster_21,Ppil6,12.30288,4.6780896,8.740099847004874e-35,6.858678353623298e-33,0.8181818181818182,0.0898876404494382,0.72829417773238
small_cluster,21,cluster_21,Ccdc151,12.163424,4.0911875,4.867508376393848e-34,3.678894234158318e-32,0.4090909090909091,0.020973782771535582,0.38811712631937356
small_cluster,21,cluster_21,Gm26717,12.154928,4.75105,5.400927359029132e-34,4.0633307163044405e-32,0.36363636363636365,0.01707865168539326,0.3465577119509704
small_cluster,21,cluster_21,Cfap44,12.152759,4.4808736,5.54620535761423e-34,4.153575984942054e-32,0.4090909090909091,0.021423220973782773,0.3876676881171263
small_cluster,21,cluster_21,Fam229b,12.142465,4.3188224,6.290205242142544e-34,4.683791416893844e-32,0.5909090909090909,0.045393258426966294,0.5455158324821247
small_cluster,21,cluster_21,Rsph10b,12.131971,4.8780036,7.15070627089647e-34,5.282825835539325e-32,0.36363636363636365,0.017228464419475654,0.34640789921688797
small_cluster,21,cluster_21,Cfap69,12.099592,4.629205,1.061369803433609e-33,7.771217029515456e-32,0.5,0.03280898876404494,0.4671910112359551
small_cluster,21,cluster_21,Gm166,12.044391,5.2081394,2.0760533332472986e-33,1.513304476381731e-31,0.9090909090909091,0.1258426966292135,0.7832482124616955
small_cluster,21,cluster_21,Acox2,12.0339365,4.5388184,2.3565044106817003e-33,1.7101340194509101e-31,0.6363636363636364,0.055131086142322094,0.5812325502213143
small_cluster,21,cluster_21,Btg4,11.936594,5.0814857,7.628381085256482e-33,5.5115893471053545e-31,0.2727272727272727,0.009887640449438202,0.2628396322778345
small_cluster,21,cluster_21,Acot1,11.864438,4.510493,1.8111478981915816e-32,1.3028349420280758e-30,0.8181818181818182,0.09543071161048688,0.7227511065713313
small_cluster,21,cluster_21,Pacrg,11.839512,4.3581266,2.4386867319016483e-32,1.7465895672453684e-30,0.5454545454545454,0.0402996254681648,0.5051549199863806
small_cluster,21,cluster_21,Ccdc170,11.829648,4.87826,2.7428834960495655e-32,1.9559144442916923e-30,0.2727272727272727,0.0100374531835206,0.2626898195437521
small_cluster,21,cluster_21,Ccdc121,11.774676,4.8046436,5.271889840715233e-32,3.743041786907815e-30,0.36363636363636365,0.018277153558052435,0.3453592100783112
small_cluster,21,cluster_21,Ttc25,11.749858,4.7422113,7.073751729259142e-32,5.000715608257724e-30,0.45454545454545453,0.02891385767790262,0.4256315968675519
small_cluster,21,cluster_21,Spata33,11.727597,4.6535015,9.203460976346387e-32,6.478367531032493e-30,0.4090909090909091,0.023220973782771534,0.38586993530813757
small_cluster,21,cluster_21,Mok,11.725624,4.1735206,9.420365535757014e-32,6.602710049228666e-30,0.7272727272727273,0.07265917602996255,0.6546135512427648
small_cluster,21,cluster_21,Spag8,11.685138,4.463526,1.5183262115399309e-31,1.0596624764028258e-29,0.45454545454545453,0.02846441947565543,0.4260810350697991
small_cluster,21,cluster_21,Ppp1r36,11.663979,4.537227,1.9472697719515324e-31,1.3532699800753e-29,0.7272727272727273,0.07610486891385768,0.6511678583588696
small_cluster,21,cluster_21,Supt20,11.645925,4.366165,2.406962666095304e-31,1.665679100701649e-29,0.8636363636363636,0.11056179775280899,0.7530745658835547
small_cluster,21,cluster_21,Tcp11,11.635683,4.5636487,2.7140852596645264e-31,1.8703240480570546e-29,0.45454545454545453,0.029213483146067417,0.4253319713993871
small_cluster,21,cluster_21,Ubxn10,11.634301,4.3024073,2.7583858219459015e-31,1.892898990198106e-29,0.6818181818181818,0.06666666666666667,0.6151515151515151
small_cluster,21,cluster_21,Ckb,11.6262245,4.8912935,3.0321244964841633e-31,2.072078077784865e-29,0.6818181818181818,0.06726591760299626,0.6145522642151855
small_cluster,21,cluster_21,4931406C07Rik,11.623902,4.6543937,3.1157401246034564e-31,2.12038397442412e-29,0.9545454545454546,0.14876404494382023,0.8057814096016344
small_cluster,21,cluster_21,Ccdc39,11.580004,4.4468446,5.204382712001832e-31,3.5271521016339693e-29,0.36363636363636365,0.018576779026217228,0.3450595846101464
small_cluster,21,cluster_21,Ttc16,11.558279,4.5231204,6.70389545583851e-31,4.5247156119838436e-29,0.36363636363636365,0.018726591760299626,0.34490977187606403
small_cluster,21,cluster_21,Drc1,11.554952,4.5587173,6.9686353974122965e-31,4.684122506268815e-29,0.5,0.035955056179775284,0.4640449438202247
small_cluster,21,cluster_21,Fhad1,11.543889,4.2776427,7.925926817119287e-31,5.305841866431569e-29,0.45454545454545453,0.029213483146067417,0.4253319713993871
small_cluster,21,cluster_21,Dnaaf1,11.505462,4.47621,1.2382433906911332e-30,8.222036376811852e-29,0.36363636363636365,0.01887640449438202,0.34475995914198165
small_cluster,21,cluster_21,Spef2,11.430909,4.664282,2.930235435692126e-30,1.9146928836966755e-28,0.36363636363636365,0.019325842696629212,0.3443105209397344
small_cluster,21,cluster_21,1700088E04Rik,11.405436,4.763611,3.928047195152722e-30,2.556504049511897e-28,0.9090909090909091,0.1349812734082397,0.7741096356826693
small_cluster,21,cluster_21,Ift172,11.396129,4.6962576,4.3712743662805795e-30,2.833726121793193e-28,0.9090909090909091,0.13737827715355805,0.7717126319373511
small_cluster,21,cluster_21,Gm12695,11.372855,4.852858,5.708895862907751e-30,3.6862835058090556e-28,0.22727272727272727,0.00749063670411985,0.21978209056860742
small_cluster,21,cluster_21,Slc35g3,11.347889,4.7758584,7.597506644462755e-30,4.886537508856221e-28,0.3181818181818182,0.0149812734082397,0.3032005447735785
small_cluster,21,cluster_21,Lrrc51,11.300071,5.720603,1.3111163500866133e-29,8.39985127256662e-28,1.0,0.19625468164794008,0.80374531835206
small_cluster,21,cluster_21,Ttc12,11.292492,4.418692,1.4292668075600947e-29,9.121169225989538e-28,0.4090909090909091,0.024868913857677904,0.3842219952332312
small_cluster,21,cluster_21,Styxl1,11.24227,5.013767,2.527964053558476e-29,1.6070208698609524e-27,0.2727272727272727,0.011235955056179775,0.2614913176710929
small_cluster,21,cluster_21,Crip3,11.237511,4.605599,2.6680101215713915e-29,1.6894993823896676e-27,0.2727272727272727,0.011086142322097379,0.26164113040517534
small_cluster,21,cluster_21,Ccdc114,11.229209,4.51951,2.93091779759566e-29,1.8488454922448623e-27,0.4090909090909091,0.025168539325842697,0.38392236976506644
small_cluster,21,cluster_21,Plcb3,11.184517,4.477123,4.855414735223625e-29,3.039452560015369e-27,0.7727272727272727,0.09872659176029963,0.6740006809669731
small_cluster,21,cluster_21,Ribc1,11.107782,4.464386,1.1497990889547423e-28,7.062866987995029e-27,0.4090909090909091,0.025767790262172286,0.3833231188287368
small_cluster,21,cluster_21,Cfap221,11.101745,5.2805324,1.2301895034786865e-28,7.528484345729082e-27,0.22727272727272727,0.00794007490636704,0.21933265236636024
small_cluster,21,cluster_21,Vpreb3,11.083503,5.581558,1.5085349003191058e-28,9.197576542800616e-27,0.9545454545454546,0.17363295880149812,0.7809124957439565
small_cluster,21,cluster_21,4933434E20Rik,11.081867,5.7146654,1.5363495028336146e-28,9.332469702212634e-27,0.9545454545454546,0.17258426966292134,0.7819611848825332
small_cluster,21,cluster_21,Wdr20rt,11.079721,5.041638,1.5736158319872145e-28,9.523569468790519e-27,0.22727272727272727,0.00794007490636704,0.21933265236636024
small_cluster,21,cluster_21,Lrguk,11.067889,4.9715886,1.795802643113462e-28,1.0828293805038193e-26,0.2727272727272727,0.01153558052434457,0.26119169220292815
small_cluster,21,cluster_21,Cep126,11.033272,4.179698,2.6407846298941906e-28,1.5865021507287407e-26,0.36363636363636365,0.020374531835205992,0.34326183180115766
small_cluster,21,cluster_21,Riiad1,10.992126,5.924648,4.169842846385093e-28,2.4959705300570038e-26,1.0,0.2098876404494382,0.7901123595505618
small_cluster,21,cluster_21,Ttc39a,10.966915,4.619171,5.512118638188245e-28,3.287427555815469e-26,0.7727272727272727,0.1050187265917603,0.6677085461355124
small_cluster,21,cluster_21,Dnaic1,10.962325,4.437788,5.798982352989019e-28,3.4459822308468444e-26,0.3181818181818182,0.01588014981273408,0.3023016683690841
small_cluster,21,cluster_21,Med9os,10.949405,5.217097,6.688590272083531e-28,3.960273250990686e-26,0.3181818181818182,0.016329588014981272,0.30185223016683693
small_cluster,21,cluster_21,Fam179a,10.908708,4.6488934,1.0473454091615316e-27,6.156814356866767e-26,0.5,0.04104868913857678,0.4589513108614232
small_cluster,21,cluster_21,Tex26,10.866314,4.7626996,1.6680489848731272e-27,9.701301915214241e-26,0.3181818181818182,0.016329588014981272,0.30185223016683693
small_cluster,21,cluster_21,Oscp1,10.863923,4.1092353,1.7123090582140197e-27,9.923526806985207e-26,0.6818181818181818,0.07415730337078652,0.6076608784473952
small_cluster,21,cluster_21,Psmc3ip,10.841811,4.345129,2.1810959587488287e-27,1.2595829161774486e-25,0.5,0.04089887640449438,0.4591011235955056
small_cluster,21,cluster_21,Mycbp,10.794776,4.525688,3.643496116802999e-27,2.0967361337433684e-25,0.9545454545454546,0.18307116104868915,0.7714742934967654
small_cluster,21,cluster_21,Rabl2,10.781716,4.2548594,4.199757094329257e-27,2.408399164478816e-25,0.8636363636363636,0.13213483146067415,0.7315015321756895
small_cluster,21,cluster_21,Ccdc37,10.775897,4.1737165,4.474003862193569e-27,2.556729524175496e-25,0.45454545454545453,0.03325842696629214,0.42128702757916237
small_cluster,21,cluster_21,Ropn1l,10.750848,4.8651147,5.871945940338136e-27,3.3439508808154784e-25,0.5,0.04254681647940075,0.45745318352059927
small_cluster,21,cluster_21,Aldh3b1,10.627945,4.451327,2.209274890033804e-26,1.2494592231532558e-24,0.9545454545454546,0.17617977528089887,0.7783656792645557
small_cluster,21,cluster_21,Mycbpap,10.624847,4.222995,2.2838590015210949e-26,1.2872017692078169e-24,0.45454545454545453,0.03445692883895131,0.42008852570650324
small_cluster,21,cluster_21,Nek2,10.6175785,4.5708175,2.4688275133811034e-26,1.3866863029782013e-24,0.3181818181818182,0.01707865168539326,0.30110316649642493
small_cluster,21,cluster_21,Cep41,10.607913,4.412081,2.737962445193622e-26,1.5326048485877338e-24,0.2727272727272727,0.012434456928838952,0.2602928157984338
small_cluster,21,cluster_21,Cryaa,10.604988,4.807089,2.824999722503599e-26,1.575946273768079e-24,0.2727272727272727,0.012584269662921348,0.26014300306435134
small_cluster,21,cluster_21,Lrrc56,10.604529,4.52238,2.838905189541415e-26,1.578335051310805e-24,0.4090909090909091,0.028164794007490637,0.3809261150834185
small_cluster,21,cluster_21,Cfap57,10.601062,4.4880056,2.946164518772548e-26,1.6324339281212354e-24,0.3181818181818182,0.01707865168539326,0.30110316649642493
small_cluster,21,cluster_21,Lrrc45,10.597635,4.0172987,3.056106027539713e-26,1.6876496618747084e-24,0.6818181818181818,0.07910112359550561,0.6027170582226762
small_cluster,21,cluster_21,Csrp2,10.567038,4.5250845,4.236672055704141e-26,2.3317335028726046e-24,0.9545454545454546,0.1856179775280899,0.7689274770173646
small_cluster,21,cluster_21,Ttc29,10.544218,4.3791623,5.402020408270663e-26,2.9631617630784994e-24,0.36363636363636365,0.02247191011235955,0.3411644535240041
small_cluster,21,cluster_21,2300005B03Rik,10.528541,4.660849,6.381642677312653e-26,3.488844051686827e-24,0.36363636363636365,0.022771535580524343,0.3408648280558393
small_cluster,21,cluster_21,Ccdc103,10.525618,4.5224786,6.582848216707998e-26,3.5868868306388e-24,0.36363636363636365,0.022771535580524343,0.3408648280558393
small_cluster,21,cluster_21,Uox,10.518156,4.7357416,7.12541916454087e-26,3.869668864822345e-24,0.2727272727272727,0.012734082397003745,0.25999319033026896
small_cluster,21,cluster_21,1110032A03Rik,10.516115,4.341306,7.281449832458345e-26,3.941355072678195e-24,1.0,0.21767790262172285,0.7823220973782772
small_cluster,21,cluster_21,Syt5,10.453134,4.0847373,1.4176182180916294e-25,7.648143550960795e-24,0.45454545454545453,0.0350561797752809,0.4194892747701736
small_cluster,21,cluster_21,Slc16a3,10.442943,4.2490172,1.578411405852188e-25,8.459975642935207e-24,0.36363636363636365,0.022771535580524343,0.3408648280558393
small_cluster,21,cluster_21,Dynlt1a,10.401695,4.607794,2.435610250792078e-25,1.2969624585467817e-23,0.22727272727272727,0.008988764044943821,0.21828396322778346
small_cluster,21,cluster_21,Ccpg1os,10.399906,4.642066,2.4817785781169434e-25,1.3172702414141098e-23,0.9545454545454546,0.20164794007490636,0.7528975144705482
small_cluster,21,cluster_21,Trp53bp2,10.399016,3.9657962,2.5050673242614937e-25,1.3253422317810567e-23,0.8181818181818182,0.1201498127340824,0.6980320054477358
small_cluster,21,cluster_21,Nek5,10.346776,4.108286,4.328157181823989e-25,2.2825114449869854e-23,0.5,0.04389513108614232,0.4561048689138577
small_cluster,21,cluster_21,Sftpc,10.342849,5.1382356,4.509278388380294e-25,2.362833062230837e-23,0.3181818181818182,0.018277153558052435,0.29990466462376575
small_cluster,21,cluster_21,Eno4,10.34087,4.2403803,4.603404619058619e-25,2.4044725846235797e-23,0.36363636363636365,0.023220973782771534,0.3404153898535921
small_cluster,21,cluster_21,Wdr93,10.333393,4.614911,4.9768275584142935e-25,2.5912682154143757e-23,0.2727272727272727,0.013183520599250936,0.2595437521280218
small_cluster,21,cluster_21,Rab36,10.296177,4.3066983,7.331727427210072e-25,3.805305744736468e-23,0.3181818181818182,0.017977528089887642,0.30020429009193056
small_cluster,21,cluster_21,Unc79,10.272691,4.214364,9.355787385171979e-25,4.840513214643711e-23,0.22727272727272727,0.009138576779026217,0.21813415049370105
small_cluster,21,cluster_21,Lhb,10.266992,3.7089498,9.925150564885375e-25,5.1189432205875796e-23,0.45454545454545453,0.03550561797752809,0.4190398365679264
small_cluster,21,cluster_21,Wdr78,10.251595,3.9718204,1.1640684754372359e-24,5.98491757543765e-23,0.4090909090909091,0.02951310861423221,0.3795778004766769
small_cluster,21,cluster_21,Jam3,10.209231,4.4747295,1.8028793030490533e-24,9.211533784831003e-23,0.36363636363636365,0.02397003745318352,0.3396663261831801
small_cluster,21,cluster_21,Wnt11,10.202974,4.1210413,1.9229166897602146e-24,9.79433435675692e-23,0.4090909090909091,0.0299625468164794,0.3791283622744297
small_cluster,21,cluster_21,Bcas1,10.183268,4.4037304,2.3551817906437337e-24,1.1958927723946712e-22,0.2727272727272727,0.01348314606741573,0.25924412665985697
small_cluster,21,cluster_21,Hist1h4h,10.180859,4.5332665,2.4142081647538282e-24,1.222081114510109e-22,0.4090909090909091,0.031161048689138576,0.37792986040177057
small_cluster,21,cluster_21,Foxj1,10.177432,4.203923,2.5007361203379752e-24,1.2619868649127117e-22,0.8181818181818182,0.12719101123595505,0.6909908069458632
small_cluster,21,cluster_21,Chek2,10.161463,4.1673965,2.9462247328442442e-24,1.482240240594431e-22,0.5,0.045243445692883896,0.4547565543071161
small_cluster,21,cluster_21,Bbox1,10.115922,4.319242,4.695755105319729e-24,2.3552012074112803e-22,0.2727272727272727,0.013632958801498127,0.2590943139257746
small_cluster,21,cluster_21,Gm1673,10.112585,4.188453,4.858529477624785e-24,2.429412864711101e-22,0.45454545454545453,0.03775280898876404,0.4167926455566905
small_cluster,21,cluster_21,Cfap53,10.067486,4.1391544,7.691914261256364e-24,3.834501088111417e-22,0.4090909090909091,0.030711610486891385,0.37837929860401776
small_cluster,21,cluster_21,Cep83,10.06656,4.0224867,7.764675568503292e-24,3.859043757546136e-22,0.5454545454545454,0.055131086142322094,0.4903234593122233
small_cluster,21,cluster_21,Ankrd66,10.06545,4.331365,7.852731763828183e-24,3.891016726844291e-22,0.36363636363636365,0.024569288389513107,0.33906707524685054
small_cluster,21,cluster_21,Ak9,10.060831,4.4324975,8.23006944037452e-24,4.065703882276581e-22,0.22727272727272727,0.009588014981273409,0.21768471229145386
small_cluster,21,cluster_21,D830044I16Rik,10.023172,4.418633,1.2057001422232125e-23,5.938344754535408e-22,0.36363636363636365,0.024868913857677904,0.3387674497786857
small_cluster,21,cluster_21,Dnah12,9.95341,4.3573318,2.4368605105358217e-23,1.1322081935778473e-21,0.36363636363636365,0.025168539325842697,0.33846782431052097
small_cluster,21,cluster_21,Spata24,9.9456625,3.9661436,2.634149532407328e-23,1.2169770839721856e-21,0.5909090909090909,0.06696629213483146,0.5239427987742595
small_cluster,21,cluster_21,Gm15728,9.936236,4.675305,2.8956144990445853e-23,1.3340161067087147e-21,0.36363636363636365,0.025767790262172286,0.33786857337419135
small_cluster,21,cluster_21,Rsph4a,9.890183,4.455798,4.591852044952897e-23,2.0861763265726446e-21,0.3181818181818182,0.01962546816479401,0.2985563500170242
small_cluster,21,cluster_21,4930404N11Rik,9.847275,4.0507927,7.042784125217088e-23,3.1908481336377197e-21,0.4090909090909091,0.03220973782771536,0.37688117126319376
small_cluster,21,cluster_21,C530043A13Rik,9.830384,5.0256443,8.330044337361227e-23,3.753325746622568e-21,0.2727272727272727,0.014681647940074906,0.2580456247871978
small_cluster,21,cluster_21,Gas8,9.828585,3.8499234,8.48018384364681e-23,3.810506718346612e-21,0.6818181818181818,0.09153558052434457,0.5902826012938371
small_cluster,21,cluster_21,Armc2,9.812491,4.7815666,9.94816410410456e-23,4.4579191112409535e-21,0.22727272727272727,0.010187265917602996,0.21708546135512427
small_cluster,21,cluster_21,Morn1,9.767613,3.8008935,1.5506216844590273e-22,6.929631129921664e-21,0.45454545454545453,0.039700374531835204,0.4148450800136193
small_cluster,21,cluster_21,Gm16006,9.766433,4.4466243,1.5687792962479508e-22,6.991725336348544e-21,0.2727272727272727,0.014681647940074906,0.2580456247871978
small_cluster,21,cluster_21,Timp4,9.742779,4.1409683,1.9806320028921973e-22,8.80334565838345e-21,0.36363636363636365,0.02591760299625468,0.337718760640109
small_cluster,21,cluster_21,Ift22,9.740984,4.030497,2.015931384992435e-22,8.936024498719169e-21,0.9090909090909091,0.19086142322097377,0.7182294858699353
small_cluster,21,cluster_21,AU040972,9.71142,6.8666806,2.695550066145926e-22,1.1916365669773407e-20,1.0,0.2864419475655431,0.7135580524344569
small_cluster,21,cluster_21,Rsph9,9.696376,4.5962267,3.1239748660653106e-22,1.3773202090950848e-20,0.8636363636363636,0.1740823970037453,0.6895539666326184
small_cluster,21,cluster_21,Ccdc67,9.693318,4.497507,3.2189715137682057e-22,1.4153981715097142e-20,0.22727272727272727,0.010337078651685393,0.21693564862104187
small_cluster,21,cluster_21,Fhl1,9.661188,4.108756,4.407238188498743e-22,1.9327035703093017e-20,0.5,0.050187265917602995,0.449812734082397
small_cluster,21,cluster_21,Chchd6,9.596029,4.39026,8.308378139350042e-22,3.614475062691779e-20,1.0,0.27176029962546816,0.7282397003745318
small_cluster,21,cluster_21,Lbh,9.574511,3.8268042,1.02340750048372e-21,4.428735201961344e-20,0.5,0.050187265917602995,0.449812734082397
small_cluster,21,cluster_21,Arhgdig,9.574595,3.4934125,1.0225694643323667e-21,4.428735201961344e-20,0.5454545454545454,0.05692883895131086,0.48852570650323457
small_cluster,21,cluster_21,Adig,9.543874,4.205849,1.3759419723031197e-21,5.938637970458808e-20,0.45454545454545453,0.042846441947565546,0.411699012597889
small_cluster,21,cluster_21,Arhgap18,9.508052,3.9644709,1.9426688915189635e-21,8.362654196798561e-20,0.45454545454545453,0.042097378277153555,0.412448076268301
small_cluster,21,cluster_21,Kif27,9.496075,4.5964665,2.1795155122545344e-21,9.333220343730187e-20,0.22727272727272727,0.010786516853932584,0.21648621041879468
small_cluster,21,cluster_21,Gm14964,9.48859,4.453077,2.3417986770350865e-21,9.95021764301877e-20,0.3181818181818182,0.021273408239700375,0.2969084099421178
small_cluster,21,cluster_21,Casc1,9.486699,3.9968991,2.384659474488683e-21,1.0106149881418319e-19,0.3181818181818182,0.020823970037453184,0.297357848144365
small_cluster,21,cluster_21,Melk,9.484463,4.1005692,2.4363380078365496e-21,1.027207703509698e-19,0.3181818181818182,0.020973782771535582,0.2972080354102826
small_cluster,21,cluster_21,Tsnaxip1,9.403675,4.829153,5.268991262849432e-21,2.198898872824263e-19,0.22727272727272727,0.011086142322097379,0.2161865849506299
small_cluster,21,cluster_21,Pus10,9.393726,4.495191,5.791447337486287e-21,2.410800197515548e-19,0.45454545454545453,0.0449438202247191,0.40960163432073543
small_cluster,21,cluster_21,Ccdc60,9.314421,4.590521,1.2262003722492147e-20,5.091370203863132e-19,0.2727272727272727,0.016329588014981272,0.2563976847122914
small_cluster,21,cluster_21,Ddit4l,9.301257,4.189233,1.387952358846005e-20,5.733956331847186e-19,0.3181818181818182,0.021872659176029964,0.2963091590057882
small_cluster,21,cluster_21,Ift43,9.246781,4.264095,2.3135433288277028e-20,9.533774908568632e-19,0.9545454545454546,0.2546816479400749,0.6998638066053797
small_cluster,21,cluster_21,Ift46,9.179187,3.5037153,4.343586753479645e-20,1.7854427655092643e-18,0.7727272727272727,0.13378277153558052,0.6389445011916922
small_cluster,21,cluster_21,Galk1,9.132604,3.81371,6.687116311364721e-20,2.728243647330666e-18,0.9090909090909091,0.21797752808988763,0.6911133810010215
small_cluster,21,cluster_21,Ak7,9.125151,3.6403217,7.16362542162692e-20,2.9010029762988423e-18,0.36363636363636365,0.028764044943820226,0.3348723186925434
small_cluster,21,cluster_21,Kif6,9.115359,4.464851,7.840992928925783e-20,3.1674907642195015e-18,0.22727272727272727,0.011685393258426966,0.2155873340143003
small_cluster,21,cluster_21,Zfp474,9.110568,4.1465898,8.195160144078352e-20,3.302428047248871e-18,0.2727272727272727,0.016779026217228463,0.2559482465100442
small_cluster,21,cluster_21,Tmem107,9.094899,4.3259926,9.467444960466517e-20,3.805773646975768e-18,0.9545454545454546,0.2798501872659176,0.674695267279537
small_cluster,21,cluster_21,Ankrd65,9.061131,4.0226526,1.2910523142578806e-19,5.1771513462453545e-18,0.2727272727272727,0.016779026217228463,0.2559482465100442
small_cluster,21,cluster_21,Rnf32,9.056567,3.8647566,1.346209854762711e-19,5.38516776291786e-18,0.3181818181818182,0.022621722846441948,0.29556009533537625
small_cluster,21,cluster_21,Dync2li1,9.000654,3.970044,2.243757192867623e-19,8.953737644822843e-18,0.8636363636363636,0.199250936329588,0.6643854273067756
small_cluster,21,cluster_21,Dio1,8.985576,4.7081823,2.573823797275568e-19,1.0245942742504027e-17,0.22727272727272727,0.012134831460674157,0.21513789581205311
small_cluster,21,cluster_21,Ift57,8.978684,3.8419678,2.740236893064296e-19,1.0881991593982449e-17,0.8181818181818182,0.17198501872659175,0.6461967994552265
small_cluster,21,cluster_21,Rsph3b,8.971235,4.1609654,2.932075482907181e-19,1.1587703613291728e-17,0.22727272727272727,0.01198501872659176,0.2152877085461355
small_cluster,21,cluster_21,Agr3,8.966476,4.4120502,3.061507493696623e-19,1.207014048175921e-17,0.2727272727272727,0.017378277153558053,0.25534899557371465
small_cluster,21,cluster_21,Cdhr3,8.955677,3.7004225,3.3765835263824427e-19,1.3280418804843752e-17,0.45454545454545453,0.04614232209737828,0.40840313244807624
small_cluster,21,cluster_21,Scrn1,8.954487,3.946442,3.4131814342456937e-19,1.3392246101211391e-17,0.3181818181818182,0.023370786516853932,0.29481103166496425
small_cluster,21,cluster_21,Tgtp2,8.931204,4.2332616,4.21397787443753e-19,1.6494857068890198e-17,0.22727272727272727,0.012134831460674157,0.21513789581205311
small_cluster,21,cluster_21,Spag17,8.904504,4.247272,5.362522209469663e-19,2.0940649227979036e-17,0.2727272727272727,0.01752808988764045,0.2551991828396323
small_cluster,21,cluster_21,Fam216a,8.898465,3.9677124,5.662403872408919e-19,2.2059165299614888e-17,0.7272727272727273,0.1343820224719101,0.5928907048008172
small_cluster,21,cluster_21,Smtnl2,8.876933,4.6273293,6.872929657151767e-19,2.6711592252830838e-17,0.22727272727272727,0.012434456928838952,0.2148382703438883
small_cluster,21,cluster_21,Bok,8.830624,3.760064,1.0409351460034395e-18,4.036023009362272e-17,0.8181818181818182,0.17423220973782771,0.6439496084439905
small_cluster,21,cluster_21,Ccdc40,8.82896,4.339863,1.0565325968342755e-18,4.0868375284620166e-17,0.3181818181818182,0.024419475655430713,0.29376234252638744
small_cluster,21,cluster_21,Dnah7a,8.818593,3.9290297,1.1590702122018968e-18,4.4729201294878374e-17,0.3181818181818182,0.02397003745318352,0.29421178072863463
small_cluster,21,cluster_21,Tctex1d2,8.811069,3.7427642,1.2395862482545304e-18,4.761230458459614e-17,0.7727272727272727,0.15370786516853932,0.6190194075587334
small_cluster,21,cluster_21,Cdh26,8.794571,3.6491146,1.4359528172368025e-18,5.502584615771215e-17,0.4090909090909091,0.038651685393258424,0.3704392236976507
small_cluster,21,cluster_21,Plk5,8.790319,3.929877,1.4913513034740242e-18,5.701550752512231e-17,0.3181818181818182,0.024119850187265916,0.29406196799455225
small_cluster,21,cluster_21,Dnah5,8.784773,4.1324887,1.5668078049662023e-18,5.9760964672676e-17,0.3181818181818182,0.024419475655430713,0.29376234252638744
small_cluster,21,cluster_21,1700037C18Rik,8.776598,3.8865106,1.6849460944580186e-18,6.411786750627834e-17,0.5909090909090909,0.08704119850187265,0.5038678924072183
small_cluster,21,cluster_21,Rpgr,8.751721,3.8771188,2.1012350376090214e-18,7.977397187922583e-17,0.3181818181818182,0.024269662921348314,0.2939121552604699
small_cluster,21,cluster_21,Dpcd,8.734382,4.21175,2.4499193277381425e-18,9.237040665340982e-17,1.0,0.4083895131086142,0.5916104868913858
small_cluster,21,cluster_21,Dnajc15,8.734561,4.0357075,2.4460450241244657e-18,9.237040665340982e-17,0.9090909090909091,0.2723595505617977,0.6367313585291113
small_cluster,21,cluster_21,Pkig,8.618767,3.5432491,6.767907353644166e-18,2.397417894322202e-16,0.9545454545454546,0.27880149812734084,0.6757439564181138
small_cluster,21,cluster_21,Fbxo16,8.608468,3.8696642,7.404317545897964e-18,2.61720284634208e-16,0.3181818181818182,0.0250187265917603,0.2931630915900579
small_cluster,21,cluster_21,Armc3,8.60415,4.288046,7.688463646708831e-18,2.7117955326811084e-16,0.2727272727272727,0.01887640449438202,0.2538508682328907
small_cluster,21,cluster_21,Dcbld2,8.591154,4.018175,8.61002066093853e-18,3.030320790988258e-16,0.2727272727272727,0.018726591760299626,0.2540006809669731
small_cluster,21,cluster_21,Tbc1d19,8.58345,3.4597573,9.206937016262505e-18,3.2334683940839687e-16,0.6363636363636364,0.10097378277153558,0.5353898535921008
small_cluster,21,cluster_21,Cmbl,8.566877,3.7214806,1.0632870386934435e-17,3.7262757952160615e-16,0.8181818181818182,0.1953558052434457,0.6228260129383725
small_cluster,21,cluster_21,Tuba1a,8.556094,5.721389,1.167562345376721e-17,4.082982948086056e-16,1.0,0.450936329588015,0.549063670411985
small_cluster,21,cluster_21,9230110C19Rik,8.555544,3.85085,1.17314189262695e-17,4.086170936320199e-16,0.2727272727272727,0.018576779026217228,0.25415049370105547
small_cluster,21,cluster_21,Irak1bp1,8.53305,3.3697493,1.4254012720845677e-17,4.932068831953375e-16,0.5909090909090909,0.08299625468164794,0.507912836227443
small_cluster,21,cluster_21,Capsl,8.52888,4.4084444,1.4777069940975702e-17,5.080895683478878e-16,0.9545454545454546,0.3700374531835206,0.5845080013619339
small_cluster,21,cluster_21,Morn2,8.528925,3.5541484,1.4771450828311073e-17,5.080895683478878e-16,0.8636363636363636,0.21842696629213484,0.6452093973442288
small_cluster,21,cluster_21,Iqca,8.509827,3.6706667,1.741941440886552e-17,5.964422040079403e-16,0.36363636363636365,0.03280898876404494,0.3308273748723187
small_cluster,21,cluster_21,Kif9,8.507417,3.9167023,1.7785209350613177e-17,6.064349658199724e-16,0.3181818181818182,0.025617977528089888,0.2925638406537283
small_cluster,21,cluster_21,Ift88,8.500827,3.6668296,1.8824560243162823e-17,6.40542764622642e-16,0.45454545454545453,0.05198501872659176,0.40256043581886275
small_cluster,21,cluster_21,Trim37,8.494339,3.869684,1.9906200427506305e-17,6.759453275601054e-16,0.3181818181818182,0.025767790262172286,0.2924140279196459
small_cluster,21,cluster_21,Ccdc33,8.445796,3.5711422,3.019799480166137e-17,1.0233002329381158e-15,0.36363636363636365,0.03310861423220974,0.3305277494041539
small_cluster,21,cluster_21,Tsga10,8.382187,4.0625596,5.1953447313294016e-17,1.7496683560273823e-15,0.2727272727272727,0.01962546816479401,0.2531018045624787
small_cluster,21,cluster_21,Cfap58,8.380729,4.0648184,5.260081467734951e-17,1.7678400850885439e-15,0.22727272727272727,0.013632958801498127,0.21363976847122915
small_cluster,21,cluster_21,Rsph3a,8.362817,3.9493666,6.12383644367883e-17,2.0539272293001328e-15,0.2727272727272727,0.01962546816479401,0.2531018045624787
small_cluster,21,cluster_21,Cdhr4,8.334841,2.779567,7.760253253978974e-17,2.5974676248675337e-15,0.45454545454545453,0.04928838951310861,0.40525706503234593
small_cluster,21,cluster_21,Oaz2,8.331982,3.1281703,7.950003765445493e-17,2.6555603209179533e-15,1.0,0.3044194756554307,0.6955805243445693
small_cluster,21,cluster_21,Otud3,8.321694,3.8434746,8.671435483979408e-17,2.8906547433485016e-15,0.4090909090909091,0.04404494382022472,0.3650459652706844
small_cluster,21,cluster_21,Tbata,8.316058,4.5002513,9.093701915896977e-17,3.0252698807834954e-15,0.2727272727272727,0.020374531835205992,0.2523527408920667
small_cluster,21,cluster_21,Gm1661,8.221336,4.116344,2.0124784000657167e-16,6.57503152180833e-15,0.2727272727272727,0.020374531835205992,0.2523527408920667
small_cluster,21,cluster_21,BC022687,8.189868,3.2407453,2.615119955919604e-16,8.526954750902072e-15,0.5909090909090909,0.08973782771535581,0.5011712631937352
small_cluster,21,cluster_21,B9d1,8.154044,3.543697,3.519519146839486e-16,1.1430422480656318e-14,0.9090909090909091,0.27370786516853934,0.6353830439223698
small_cluster,21,cluster_21,Elof1,8.149354,4.812709,3.6587397805751753e-16,1.1859089158342579e-14,1.0,0.5638951310861423,0.4361048689138577
small_cluster,21,cluster_21,Dyx1c1,8.142493,4.269979,3.8721947550330667e-16,1.2526206346606968e-14,0.22727272727272727,0.01453183520599251,0.21274089206673474
small_cluster,21,cluster_21,Dusp14,8.098991,3.5473273,5.541669212028255e-16,1.789151904458177e-14,0.8636363636363636,0.24104868913857677,0.6225876744977868
small_cluster,21,cluster_21,Gm26542,8.093549,3.8416588,5.795100390454214e-16,1.8672974755174767e-14,0.22727272727272727,0.01453183520599251,0.21274089206673474
small_cluster,21,cluster_21,Tppp3,8.077715,5.0092382,6.599170346878922e-16,2.1222155462580626e-14,1.0,0.542621722846442,0.45737827715355805
small_cluster,21,cluster_21,Wdr66,8.063328,3.951412,7.424509381242881e-16,2.382962394555078e-14,0.2727272727272727,0.021123595505617977,0.2516036772216547
small_cluster,21,cluster_21,Cfap43,8.05807,3.6043067,7.750826515914441e-16,2.4828380017092336e-14,0.45454545454545453,0.05677902621722847,0.39776642832822606
small_cluster,21,cluster_21,Mapk15,8.054382,3.54744,7.988131783106726e-16,2.55386645954646e-14,0.45454545454545453,0.055880149812734085,0.39866530473272044
small_cluster,21,cluster_21,Nudc,8.053927,3.5195832,8.017907777449153e-16,2.5583989388704974e-14,1.0,0.5132584269662921,0.4867415730337079
small_cluster,21,cluster_21,Smkr-ps,8.030145,4.505062,9.735757196492591e-16,3.100507840382039e-14,0.22727272727272727,0.015131086142322097,0.21214164113040518
small_cluster,21,cluster_21,Ift81,8.025295,3.297654,1.0128219180249487e-15,3.219242689443253e-14,0.5454545454545454,0.07895131086142322,0.4665032345931222
small_cluster,21,cluster_21,Fhl2,8.0128765,3.3414056,1.12056196527058e-15,3.55480402174135e-14,0.5454545454545454,0.08119850187265917,0.4642560435818862
small_cluster,21,cluster_21,Plet1,7.973289,3.5450912,1.5450620793758922e-15,4.8731852238161555e-14,0.8636363636363636,0.22621722846441947,0.6374191351719442
small_cluster,21,cluster_21,Chchd10,7.971024,4.57696,1.5736482237225993e-15,4.953820444774348e-14,1.0,0.6802996254681648,0.3197003745318352
small_cluster,21,cluster_21,Tcea3,7.9683294,3.306396,1.6083341419159758e-15,5.053311927502666e-14,0.8636363636363636,0.2449438202247191,0.6186925434116446
small_cluster,21,cluster_21,2310040G24Rik,7.957347,3.9804077,1.7576753966037481e-15,5.511975942580893e-14,0.2727272727272727,0.021722846441947566,0.25100442628532516
small_cluster,21,cluster_21,Serpina9,7.954396,3.3479311,1.8000777526188863e-15,5.634174660439381e-14,0.45454545454545453,0.05707865168539326,0.39746680286006125
small_cluster,21,cluster_21,Hsph1,7.949162,3.2320697,1.877772226752396e-15,5.855008040107613e-14,0.7727272727272727,0.17333333333333334,0.5993939393939394
small_cluster,21,cluster_21,Acot13,7.9439774,3.3714721,1.957994583403428e-15,6.09356151089177e-14,0.9090909090909091,0.319250936329588,0.589839972761321
small_cluster,21,cluster_21,Cfap36,7.930599,3.313026,2.180907069861396e-15,6.761636456105246e-14,0.8181818181818182,0.2139325842696629,0.6042492339121553
small_cluster,21,cluster_21,Glipr1,7.929796,3.2880468,2.1950599937450503e-15,6.792675274983503e-14,0.45454545454545453,0.05662921348314607,0.39791624106230844
small_cluster,21,cluster_21,Pcp4l1,7.8977604,4.0270386,2.8395940486464793e-15,8.770655742344803e-14,0.36363636363636365,0.03850187265917603,0.3251344909771876
small_cluster,21,cluster_21,Plekhb1,7.8948417,3.4352899,2.906835679151232e-15,8.96146841612018e-14,0.5454545454545454,0.08494382022471911,0.4605107252298263
small_cluster,21,cluster_21,Ppfia3,7.8931923,3.889723,2.9455360029518584e-15,9.060871045620138e-14,0.2727272727272727,0.021872659176029964,0.2508546135512427
small_cluster,21,cluster_21,Ift27,7.841689,3.5552444,4.4452586736716594e-15,1.3627418225586707e-13,0.8181818181818182,0.22786516853932584,0.5903166496424924
small_cluster,21,cluster_21,Dlec1,7.826784,3.8020759,5.005066482482531e-15,1.5314943167760445e-13,0.2727272727272727,0.022172284644194757,0.25055498808307797
small_cluster,21,cluster_21,Arl6,7.8233404,3.4157567,5.143973496922169e-15,1.57106721271919e-13,0.7272727272727273,0.17153558052434456,0.5557371467483827
small_cluster,21,cluster_21,Cd24a,7.8039703,4.0142827,5.998932743935099e-15,1.8287824522914416e-13,1.0,0.672059925093633,0.327940074906367
small_cluster,21,cluster_21,Odc1,7.797374,3.1057324,6.320891049940196e-15,1.9197950761123917e-13,0.6818181818181818,0.13198501872659177,0.54983316309159
small_cluster,21,cluster_21,Eml1,7.7952666,4.423808,6.427257415310426e-15,1.948492585369802e-13,0.2727272727272727,0.02292134831460674,0.24980592441266597
small_cluster,21,cluster_21,Dyrk3,7.726366,3.4828854,1.1065993910412731e-14,3.3301535068748475e-13,0.45454545454545453,0.060674157303370786,0.39387129724208375
small_cluster,21,cluster_21,Cystm1,7.7048445,3.282654,1.3100297723534063e-14,3.9207661124759523e-13,1.0,0.5177528089887641,0.4822471910112359
small_cluster,21,cluster_21,Stk33,7.7010813,3.6049912,1.3491983465558905e-14,4.030637901978718e-13,0.3181818181818182,0.030711610486891385,0.2874702076949268
small_cluster,21,cluster_21,Osbpl10,7.6997604,4.829988,1.3632136264218492e-14,4.065103033989954e-13,0.22727272727272727,0.01647940074906367,0.2107933265236636
small_cluster,21,cluster_21,Efcab2,7.67958,3.788796,1.5961079108627668e-14,4.592590499308814e-13,0.3181818181818182,0.031011235955056178,0.287170582226762
small_cluster,21,cluster_21,Bag2,7.6717963,3.273172,1.6960401506223637e-14,4.871585728608999e-13,0.6818181818181818,0.14367041198501873,0.538147769833163
small_cluster,21,cluster_21,Arl3,7.6601796,3.2999618,1.856733489813492e-14,5.323826217907531e-13,0.9545454545454546,0.4148314606741573,0.5397139938712973
small_cluster,21,cluster_21,Lrrc73,7.647548,3.4898944,2.048473924589658e-14,5.863354421849037e-13,0.3181818181818182,0.030711610486891385,0.2874702076949268
small_cluster,21,cluster_21,Zc2hc1c,7.6309757,3.3444011,2.3298340594763028e-14,6.657074635796314e-13,0.36363636363636365,0.0398501872659176,0.32378617637044604
small_cluster,21,cluster_21,Gm16174,7.5794578,4.576696,3.470023497035607e-14,9.88053044702795e-13,0.22727272727272727,0.01692883895131086,0.2103438883214164
small_cluster,21,cluster_21,H2-Eb1,7.5720744,3.5797865,3.673103416083415e-14,1.044065322828147e-12,0.5,0.07415730337078652,0.4258426966292135
small_cluster,21,cluster_21,B230118H07Rik,7.5584974,3.4094632,4.0775137461374245e-14,1.1530224646620672e-12,0.6818181818181818,0.15191011235955057,0.5299080694586312
small_cluster,21,cluster_21,1110004E09Rik,7.543513,3.4226635,4.5747720317849976e-14,1.2891896235963186e-12,0.9090909090909091,0.35700374531835205,0.5520871637725571
small_cluster,21,cluster_21,Rogdi,7.531619,3.1372442,5.0114971595942164e-14,1.4098381631990522e-12,0.7727272727272727,0.19131086142322098,0.5814164113040518
small_cluster,21,cluster_21,Ifi35,7.530401,3.490978,5.0584681150112216e-14,1.4206153348338878e-12,0.9545454545454546,0.4001498127340824,0.5543956418113722
small_cluster,21,cluster_21,Fam161b,7.5267634,3.9887524,5.2013488326590094e-14,1.4582448240075285e-12,0.22727272727272727,0.016779026217228463,0.2104937010554988
small_cluster,21,cluster_21,Metrn,7.517115,3.9052794,5.5998164177275224e-14,1.5672796769138071e-12,0.3181818181818182,0.03280898876404494,0.28537282941777325
small_cluster,21,cluster_21,9530053A07Rik,7.512215,3.4067822,5.813505932155116e-14,1.6243153457116873e-12,0.5,0.07880149812734083,0.42119850187265917
small_cluster,21,cluster_21,Enkd1,7.4935064,3.749279,6.705751309552146e-14,1.870425633128652e-12,0.36363636363636365,0.04269662921348315,0.3209397344228805
small_cluster,21,cluster_21,Khdrbs3,7.492207,3.7517343,6.772507882262214e-14,1.885838739846903e-12,0.22727272727272727,0.016779026217228463,0.2104937010554988
small_cluster,21,cluster_21,Plin5,7.4844193,3.6822584,7.186409720628522e-14,1.997700098780142e-12,0.22727272727272727,0.016779026217228463,0.2104937010554988
small_cluster,21,cluster_21,Hydin,7.46583,3.61023,8.277625699091631e-14,2.2971461775093376e-12,0.2727272727272727,0.02397003745318352,0.2487572352740892
small_cluster,21,cluster_21,Dnah10,7.408765,3.8730893,1.2748116068160316e-13,3.5297598838981543e-12,0.2727272727272727,0.024719101123595506,0.2480081716036772
small_cluster,21,cluster_21,Hacd1,7.408617,3.4496365,1.2762316999887847e-13,3.5297598838981543e-12,0.36363636363636365,0.04224719101123595,0.3213891726251277
small_cluster,21,cluster_21,Usmg5,7.3902836,3.559338,1.4651617159549583e-13,4.0386751770381964e-12,0.5454545454545454,0.099625468164794,0.4458290772897514
small_cluster,21,cluster_21,Dnaaf5,7.3666916,3.45896,1.749144580442725e-13,4.789268825349103e-12,0.3181818181818182,0.03295880149812734,0.2852230166836908
small_cluster,21,cluster_21,Iqck,7.34851,3.8982284,2.004288806368483e-13,5.469607439808567e-12,0.3181818181818182,0.03355805243445693,0.28462376574736126
small_cluster,21,cluster_21,Mipep,7.3453283,3.2598715,2.0525451195621416e-13,5.5827184918637956e-12,0.5,0.0798501872659176,0.4201498127340824
small_cluster,21,cluster_21,Fam161a,7.323077,3.3139524,2.4234805385817344e-13,6.55899411110215e-12,0.5454545454545454,0.09797752808988765,0.4474770173646578
small_cluster,21,cluster_21,Bnip3,7.2978477,3.3036382,2.924067278458281e-13,7.900762344974344e-12,0.5909090909090909,0.11700374531835206,0.4739053455907389
small_cluster,21,cluster_21,Gm5617,7.283019,3.3842134,3.2643141845900894e-13,8.791135786775378e-12,0.7272727272727273,0.19385767790262173,0.5334150493701055
small_cluster,21,cluster_21,Adgb,7.2812524,4.016273,3.307357389564913e-13,8.892453860041662e-12,0.22727272727272727,0.017827715355805244,0.20944501191692202
small_cluster,21,cluster_21,Thop1,7.2483244,3.2905767,4.2195845677666007e-13,1.1300434015329868e-11,0.45454545454545453,0.06741573033707865,0.3871297242083759
small_cluster,21,cluster_21,Cetn2,7.228402,3.4328313,4.887092280429561e-13,1.3033040730296786e-11,0.8636363636363636,0.3295880149812734,0.5340483486550902
small_cluster,21,cluster_21,Dnaja4,7.1795645,2.9323053,6.993393409846166e-13,1.8440296674419126e-11,0.9090909090909091,0.3180524344569288,0.5910384746339803
small_cluster,21,cluster_21,B9d2,7.178884,3.1433961,7.028279251180997e-13,1.8502537399457387e-11,0.6363636363636364,0.14112359550561798,0.49524004085801837
small_cluster,21,cluster_21,Cby1,7.134641,3.1031706,9.704001425293093e-13,2.546485238019712e-11,0.6818181818181818,0.1604494382022472,0.5213687436159345
small_cluster,21,cluster_21,Kbtbd11,7.1286216,3.367135,1.0137892279909878e-12,2.650702825592338e-11,0.36363636363636365,0.0450936329588015,0.31854273067756217
small_cluster,21,cluster_21,Dynlt1f,7.1284623,2.9693468,1.0149633403280217e-12,2.650702825592338e-11,0.8636363636363636,0.31835205992509363,0.54528430371127
small_cluster,21,cluster_21,Bphl,7.1027966,2.8830776,1.2225718146822312e-12,3.182761957556076e-11,0.9545454545454546,0.48359550561797754,0.47094994892747705
small_cluster,21,cluster_21,Ccnc,7.087136,2.997336,1.3691615515966378e-12,3.547491091269582e-11,0.5,0.08179775280898877,0.41820224719101123
small_cluster,21,cluster_21,Nphp1,7.0661917,3.0750427,1.5924338979137174e-12,4.119480813830107e-11,0.6363636363636364,0.14337078651685392,0.49299284984678243
small_cluster,21,cluster_21,Ly6c1,7.0484347,3.7722497,1.809418846505045e-12,4.6587564366607915e-11,0.5,0.090187265917603,0.409812734082397
small_cluster,21,cluster_21,Necab2,7.01294,3.3264046,2.333614177155468e-12,5.989609721365701e-11,0.36363636363636365,0.046591760299625466,0.3170446033367382
small_cluster,21,cluster_21,Psmd9,6.996712,2.8810961,2.6203900586374752e-12,6.673449899334353e-11,0.8181818181818182,0.2453932584269663,0.5727885597548519
small_cluster,21,cluster_21,Ndufaf3,6.9806523,2.9289975,2.9381251557087972e-12,7.334580011990866e-11,0.8636363636363636,0.3048689138576779,0.5587674497786858
small_cluster,21,cluster_21,Ap3s1,6.9648814,2.87421,3.2868052130067942e-12,8.192536823483956e-11,0.5,0.08419475655430711,0.4158052434456929
small_cluster,21,cluster_21,Sirt3,6.9353166,3.1648932,4.053126519729434e-12,1.0056781853265121e-10,0.5454545454545454,0.10546816479400749,0.4399863806605379
small_cluster,21,cluster_21,Wdr34,6.9288673,3.1264024,4.242228898250108e-12,1.051009005441088e-10,0.5454545454545454,0.10322097378277154,0.4422335716717739
small_cluster,21,cluster_21,Lrwd1,6.923841,2.8729153,4.395597137691349e-12,1.0873633281338736e-10,0.45454545454545453,0.0696629213483146,0.38488253319713994
small_cluster,21,cluster_21,Cfap20,6.9232893,2.9247432,4.412760160234512e-12,1.0899650510241903e-10,0.9090909090909091,0.3752808988764045,0.5338100102145046
small_cluster,21,cluster_21,Ddo,6.9195447,3.9392447,4.530978066067999e-12,1.1174822746102444e-10,0.22727272727272727,0.01962546816479401,0.20764725910793325
small_cluster,21,cluster_21,Ssbp4,6.913211,2.7564409,4.73804656677601e-12,1.166797323448849e-10,0.8181818181818182,0.2452434456928839,0.5729383724889343
small_cluster,21,cluster_21,Med31,6.8906093,2.9069014,5.55539879561785e-12,1.3626488400250422e-10,0.8181818181818182,0.25213483146067417,0.5660469867211441
small_cluster,21,cluster_21,1700112E06Rik,6.858147,3.0351362,6.97593335447747e-12,1.707646014131119e-10,0.4090909090909091,0.05947565543071161,0.3496152536601975
small_cluster,21,cluster_21,Ruvbl2,6.836646,3.0087779,8.10687616239386e-12,1.9785844633842515e-10,0.7727272727272727,0.23820224719101124,0.5345250255362615
small_cluster,21,cluster_21,Tex9,6.831841,3.2833624,8.383174772083784e-12,2.0429784463142073e-10,0.22727272727272727,0.01962546816479401,0.20764725910793325
small_cluster,21,cluster_21,Stx19,6.7930026,3.3722782,1.0982346615689381e-11,2.668466175465504e-10,0.36363636363636365,0.04973782771535581,0.31389853592100786
small_cluster,21,cluster_21,Mrps17,6.7906675,2.799902,1.1161569750974235e-11,2.704001558134836e-10,0.9090909090909091,0.37228464419475654,0.5368062648961525
small_cluster,21,cluster_21,Cib1,6.78451,2.450677,1.1648092176507349e-11,2.8177044216356497e-10,1.0,0.6149812734082397,0.3850187265917603
small_cluster,21,cluster_21,Wdr54,6.761012,3.4933252,1.3703090674738118e-11,3.305064561123233e-10,0.2727272727272727,0.028614232209737828,0.24411304051753488
small_cluster,21,cluster_21,Spata6,6.7279425,2.9903338,1.7207916421036237e-11,4.138226352220166e-10,0.5,0.09048689138576779,0.4095131086142322
small_cluster,21,cluster_21,Nat9,6.7199926,2.99961,1.8173359488862014e-11,4.3640010099096035e-10,0.7272727272727273,0.20569288389513107,0.5215798433775962
small_cluster,21,cluster_21,Ppp1r14c,6.717703,2.8066661,1.8461182280457775e-11,4.4201730011939846e-10,0.6363636363636364,0.1439700374531835,0.49239359891045287
small_cluster,21,cluster_21,Ift140,6.699782,3.767872,2.0873066550214288e-11,4.956475193454384e-10,0.22727272727272727,0.020674157303370785,0.2065985699693565
small_cluster,21,cluster_21,Ift74,6.6929455,3.0910864,2.1872267160658215e-11,5.183916961010916e-10,0.5454545454545454,0.10906367041198502,0.4363908750425604
small_cluster,21,cluster_21,Dgat2,6.692403,3.6403716,2.1953540515756722e-11,5.195671255395757e-10,0.2727272727272727,0.029662921348314608,0.2430643513789581
small_cluster,21,cluster_21,Cct7,6.67235,2.6210642,2.5173978963353577e-11,5.949256901699741e-10,0.9545454545454546,0.4749063670411985,0.4796390875042561
small_cluster,21,cluster_21,Swi5,6.6716633,2.4537497,2.529207247326026e-11,5.968565188977577e-10,1.0,0.7823220973782772,0.21767790262172282
small_cluster,21,cluster_21,1700001O22Rik,6.660552,3.9767108,2.7280103962337905e-11,6.419239384308522e-10,0.2727272727272727,0.03056179775280899,0.24216547497446372
small_cluster,21,cluster_21,Poc5,6.652947,3.4512975,2.8728139948891347e-11,6.750289732117005e-10,0.2727272727272727,0.02951310861423221,0.2432141641130405
small_cluster,21,cluster_21,Rab28,6.6462812,2.7585578,3.0059018769160703e-11,7.042828097614353e-10,0.7727272727272727,0.2458426966292135,0.5268845760980592
small_cluster,21,cluster_21,Glrx5,6.5901365,2.5045726,4.394221350504675e-11,1.0280973519205018e-09,1.0,0.5585018726591761,0.44149812734082394
small_cluster,21,cluster_21,Gng13,6.57752,2.185995,4.783595008712582e-11,1.1144281496860093e-09,0.2727272727272727,0.029213483146067417,0.2435137895812053
small_cluster,21,cluster_21,Mak,6.5707355,3.257075,5.0067308023287995e-11,1.1647573317587894e-09,0.22727272727272727,0.020973782771535582,0.20629894450119168
small_cluster,21,cluster_21,Kif19a,6.5356584,3.3678737,6.333028639127781e-11,1.4649929860413926e-09,0.3181818181818182,0.04104868913857678,0.2771331290432414
small_cluster,21,cluster_21,Cluap1,6.501083,3.0085938,7.974374708509101e-11,1.8394897270641036e-09,0.5454545454545454,0.11565543071161048,0.4297991147429349
small_cluster,21,cluster_21,Mcee,6.445835,3.0523782,1.1496546868650235e-10,2.582943358804555e-09,0.8181818181818182,0.370187265917603,0.44799455226421525
small_cluster,21,cluster_21,Akip1,6.4403834,2.727088,1.1917198991934946e-10,2.67013634790608e-09,0.8181818181818182,0.30696629213483145,0.5112155260469868
small_cluster,21,cluster_21,Rwdd3,6.4359207,3.5124533,1.2272713565576121e-10,2.742299389496103e-09,0.3181818181818182,0.04224719101123595,0.2759346271705822
small_cluster,21,cluster_21,Ccdc64,6.4042,3.9108825,1.511598526136158e-10,3.373024139749541e-09,0.22727272727272727,0.022771535580524343,0.20450119169220293
small_cluster,21,cluster_21,Drc7,6.3986664,3.4619465,1.5673995051057178e-10,3.4927879460922388e-09,0.22727272727272727,0.022322097378277155,0.20495062989445012
small_cluster,21,cluster_21,Ccdc81,6.3899455,3.510393,1.6594508923219633e-10,3.6878935074488512e-09,0.22727272727272727,0.022322097378277155,0.20495062989445012
small_cluster,21,cluster_21,Sec14l3,6.382573,2.950718,1.7413705524477362e-10,3.8594889771209895e-09,0.9090909090909091,0.46831460674157305,0.440776302349336
small_cluster,21,cluster_21,Pim2,6.375579,3.1089518,1.8227330324506785e-10,4.02892782550183e-09,0.3181818181818182,0.041797752808988765,0.2763840653728294
small_cluster,21,cluster_21,St3gal6,6.3706903,3.0952559,1.881790588311641e-10,4.153869103485764e-09,0.36363636363636365,0.0549812734082397,0.30865509022812393
small_cluster,21,cluster_21,Ass1,6.3676867,3.40957,1.9190028113143474e-10,4.23031789090949e-09,0.36363636363636365,0.05573033707865169,0.30790602655771193
small_cluster,21,cluster_21,Tuba1b,6.3223624,2.636157,2.575942935632378e-10,5.6481337015115815e-09,1.0,0.787565543071161,0.212434456928839
small_cluster,21,cluster_21,Wdr63,6.319915,3.46323,2.6170753707104193e-10,5.730661302406087e-09,0.22727272727272727,0.022771535580524343,0.20450119169220293
small_cluster,21,cluster_21,Pebp1,6.3047886,2.3978052,2.885872841286323e-10,6.285683993351525e-09,0.9090909090909091,0.5439700374531835,0.36512087163772555
small_cluster,21,cluster_21,Got1,6.288168,3.0040047,3.212340459307141e-10,6.968994163107992e-09,0.4090909090909091,0.06936329588014982,0.3397276132107593
small_cluster,21,cluster_21,Serpinb12,6.2566123,3.4280024,3.934296382475001e-10,8.523962347288308e-09,0.2727272727272727,0.03295880149812734,0.23976847122914535
small_cluster,21,cluster_21,Tmem138,6.229003,2.8606167,4.694135099487626e-10,1.0156795483733055e-08,0.45454545454545453,0.0850936329588015,0.369451821586653
small_cluster,21,cluster_21,Ttc30b,6.1670127,3.6174757,6.959221254293731e-10,1.4861743202040557e-08,0.2727272727272727,0.03445692883895131,0.2382703438883214
small_cluster,21,cluster_21,Clic6,6.1266356,2.736499,8.975686018010886e-10,1.909341457605662e-08,0.7272727272727273,0.24569288389513108,0.4815798433775962
small_cluster,21,cluster_21,Kctd8,6.113807,3.2590046,9.72819181915559e-10,2.064063053376078e-08,0.22727272727272727,0.02397003745318352,0.20330268981954375
small_cluster,21,cluster_21,Ift20,6.1006346,2.5141215,1.0564833410716467e-09,2.2386800099374775e-08,0.9545454545454546,0.5096629213483146,0.44488253319714
small_cluster,21,cluster_21,Wdyhv1,6.0907664,2.6525893,1.1237141381958761e-09,2.378069107167815e-08,0.45454545454545453,0.08584269662921348,0.3687027579162411
small_cluster,21,cluster_21,Dalrd3,6.0828385,2.8117614,1.1807329412354964e-09,2.4923038570403316e-08,0.7272727272727273,0.25617977528089886,0.47109295199182843
small_cluster,21,cluster_21,Phtf1,6.082151,3.1652484,1.1858094514705907e-09,2.499802161127141e-08,0.36363636363636365,0.059775280898876404,0.30386108273748724
small_cluster,21,cluster_21,Crip1,6.0780244,2.7094135,1.2167211151697797e-09,2.5583901294743022e-08,1.0,0.7763295880149813,0.2236704119850187
small_cluster,21,cluster_21,Aldh1a1,6.0594044,2.1840198,1.3662632712104945e-09,2.861824254294166e-08,1.0,0.7904119850187266,0.20958801498127344
small_cluster,21,cluster_21,Itgb3bp,6.0447187,3.1615796,1.4967101287749373e-09,3.12998280327555e-08,0.2727272727272727,0.03460674157303371,0.238120531154239
small_cluster,21,cluster_21,1700016C15Rik,6.030562,3.3336966,1.6339033603718526e-09,3.400716879880553e-08,0.22727272727272727,0.024719101123595506,0.20255362614913175
small_cluster,21,cluster_21,Tpm4,6.00859,2.385082,1.87143337480099e-09,3.812842084485843e-08,0.8636363636363636,0.3517602996254682,0.5118760640108955
small_cluster,21,cluster_21,Pla2g16,5.992601,2.634411,2.0651113454359256e-09,4.1918182149127e-08,0.7727272727272727,0.33318352059925094,0.43954375212802177
small_cluster,21,cluster_21,Ppp1r14d,5.973814,3.3081367,2.317700913172811e-09,4.6987160292889085e-08,0.36363636363636365,0.06352059925093632,0.3001157643854273
small_cluster,21,cluster_21,Hist1h2bc,5.970284,2.3190982,2.3684100253499777e-09,4.7896785235221926e-08,0.9545454545454546,0.7369288389513109,0.2176166155941437
small_cluster,21,cluster_21,Ruvbl1,5.966188,2.933651,2.428607429543886e-09,4.89933461893595e-08,0.5454545454545454,0.13588014981273408,0.4095743956418113
small_cluster,21,cluster_21,Prr14l,5.963921,3.2827258,2.462560515846273e-09,4.961726660982153e-08,0.22727272727272727,0.025168539325842697,0.20210418794688456
small_cluster,21,cluster_21,Rfk,5.9505663,2.3192995,2.6721616200156686e-09,5.370848373759434e-08,0.9090909090909091,0.4943820224719101,0.41470888661899896
small_cluster,21,cluster_21,Dpy30,5.937879,2.5948656,2.8873308657387714e-09,5.796219526191137e-08,0.9090909090909091,0.5032209737827715,0.40586993530813753
small_cluster,21,cluster_21,Usp18,5.9316673,2.7040017,2.998740793593918e-09,6.01251195057871e-08,0.7272727272727273,0.2536329588014981,0.4736397684712292
small_cluster,21,cluster_21,Hsp90aa1,5.9304547,2.301393,3.0209680725195657e-09,6.049682217019951e-08,1.0,0.7514606741573033,0.24853932584269667
small_cluster,21,cluster_21,Pip5k1b,5.9297495,2.902315,3.0339699773637493e-09,6.0683099510662e-08,0.2727272727272727,0.03520599250936329,0.23752128021790941
small_cluster,21,cluster_21,Rfx3,5.9176965,3.1041303,3.2648129694890698e-09,6.522070342581027e-08,0.22727272727272727,0.025168539325842697,0.20210418794688456
small_cluster,21,cluster_21,Fam149a,5.91043,3.114465,3.4121609247645706e-09,6.808132764849602e-08,0.2727272727272727,0.035805243445692886,0.23692202928157982
small_cluster,21,cluster_21,Hspb11,5.908421,2.7910154,3.4540269024083684e-09,6.883292251081367e-08,0.6363636363636364,0.1944569288389513,0.4419067075246851
small_cluster,21,cluster_21,Nudt4,5.855603,2.3340697,4.752815970875022e-09,9.403007809206422e-08,0.8636363636363636,0.36269662921348317,0.5009397344228805
small_cluster,21,cluster_21,Sugt1,5.809529,2.4379942,6.264889900610875e-09,1.2349814814894105e-07,0.7727272727272727,0.28314606741573034,0.48958120531154237
small_cluster,21,cluster_21,9530034E10Rik,5.7803,3.3853366,7.45675357279899e-09,1.4664054598018733e-07,0.22727272727272727,0.02651685393258427,0.200755873340143
small_cluster,21,cluster_21,Calm3,5.7644844,2.528352,8.190776058795331e-09,1.6088253669497273e-07,0.7727272727272727,0.32719101123595506,0.44553626149131764
small_cluster,21,cluster_21,Ccdc108,5.7535424,2.9477246,8.739261110820702e-09,1.7104131441356842e-07,0.2727272727272727,0.03700374531835206,0.23572352740892066
small_cluster,21,cluster_21,Cfap97,5.7435894,3.3948011,9.269026149195756e-09,1.8097773556304716e-07,0.22727272727272727,0.027116104868913856,0.2001566224038134
small_cluster,21,cluster_21,Ccdc176,5.7409782,3.109266,9.413115365615935e-09,1.8357253877701185e-07,0.2727272727272727,0.03745318352059925,0.23527408920667345
small_cluster,21,cluster_21,Gipc2,5.7328806,2.354647,9.873906987850694e-09,1.9210195552519482e-07,0.8181818181818182,0.3943071161048689,0.42387470207694933
small_cluster,21,cluster_21,Wdr92,5.7299476,2.8291512,1.004615555315736e-08,1.952215606958932e-07,0.36363636363636365,0.06337078651685393,0.30026557711950974
small_cluster,21,cluster_21,Hspa2,5.718443,2.46972,1.0750475435312699e-08,2.086610030941581e-07,0.6818181818181818,0.20823970037453182,0.47357848144364995
small_cluster,21,cluster_21,Med29,5.666805,2.5220668,1.4548495050151581e-08,2.8071749096180717e-07,0.45454545454545453,0.09602996254681648,0.3585154919986381
small_cluster,21,cluster_21,Cnp,5.6576123,2.2716842,1.534934714361757e-08,2.9375104142645484e-07,0.7272727272727273,0.230561797752809,0.4967109295199183
small_cluster,21,cluster_21,Prepl,5.6544747,2.9186258,1.5632374071110878e-08,2.977776621838438e-07,0.2727272727272727,0.03805243445692884,0.23467483827034386
small_cluster,21,cluster_21,Ifi47,5.6451344,3.1923487,1.650523692580312e-08,3.125893658430681e-07,0.3181818181818182,0.052584269662921346,0.26559754851889683
small_cluster,21,cluster_21,Lpcat4,5.6369824,2.8819153,1.7305572111079003e-08,3.2736872917394086e-07,0.45454545454545453,0.10247191011235955,0.35207354443309496
small_cluster,21,cluster_21,Ttc8,5.632858,2.7858846,1.772476064659268e-08,3.3491221124973104e-07,0.36363636363636365,0.06531835205992509,0.29831801157643856
small_cluster,21,cluster_21,Nupr1l,5.6269283,2.952485,1.8344676275386752e-08,3.462267383114132e-07,0.3181818181818182,0.05198501872659176,0.2661967994552264
small_cluster,21,cluster_21,Dusp18,5.6179132,2.9898999,1.9327749046467138e-08,3.6394306786579507e-07,0.36363636363636365,0.06741573033707865,0.296220633299285
small_cluster,21,cluster_21,Vdac3,5.6137524,2.0883393,1.9798562227995445e-08,3.72380985207974e-07,0.9090909090909091,0.4732584269662921,0.43583248212461695
small_cluster,21,cluster_21,Bbip1,5.5951705,2.4042947,2.2040493007939153e-08,4.1218486410856336e-07,0.5909090909090909,0.15685393258426966,0.4340551583248213
small_cluster,21,cluster_21,Wdr35,5.587543,2.5310545,2.3030476657114262e-08,4.302082547304454e-07,0.3181818181818182,0.050187265917602995,0.2679945522642152
small_cluster,21,cluster_21,Slc9a3r1,5.5817847,2.531983,2.38062642849316e-08,4.431856305756676e-07,0.8181818181818182,0.4584269662921348,0.3597548518896834
small_cluster,21,cluster_21,Strbp,5.556055,2.6277566,2.7593996418938596e-08,5.125358270294585e-07,0.4090909090909091,0.08224719101123595,0.32684371807967316
small_cluster,21,cluster_21,Med25,5.5246634,2.5327554,3.3011785151667965e-08,6.117811166920975e-07,0.5909090909090909,0.16164794007490638,0.4292611508341846
small_cluster,21,cluster_21,Gtf2b,5.50621,2.3336594,3.666415142894988e-08,6.779354538739651e-07,0.7727272727272727,0.36089887640449436,0.41182839632277835
small_cluster,21,cluster_21,Ogg1,5.4884176,2.76407,4.055499165126273e-08,7.448403337876372e-07,0.4090909090909091,0.08569288389513109,0.32339802519577804
small_cluster,21,cluster_21,Snrnp25,5.488605,2.6562552,4.0512011678921245e-08,7.448403337876372e-07,0.45454545454545453,0.10591760299625468,0.34862785154919984
small_cluster,21,cluster_21,Ddx20,5.474207,2.999118,4.3947489465342825e-08,8.025755063917124e-07,0.2727272727272727,0.040749063670411985,0.23197820905686073
small_cluster,21,cluster_21,Pltp,5.469388,2.1451657,4.5159276512434515e-08,8.229525489782651e-07,0.6363636363636364,0.1655430711610487,0.47082056520258764
small_cluster,21,cluster_21,Snrpn,5.46204,2.6500518,4.706945094790536e-08,8.558603824795962e-07,0.36363636363636365,0.06816479400749063,0.295471569628873
small_cluster,21,cluster_21,Bbs2,5.447392,3.4322913,5.111369385997325e-08,9.273403683599793e-07,0.2727272727272727,0.042097378277153555,0.23062989445011917
small_cluster,21,cluster_21,Sri,5.427083,2.1658185,5.728242150666734e-08,1.0346795100560033e-06,0.9090909090909091,0.6089887640449438,0.3001021450459652
small_cluster,21,cluster_21,Zc3h8,5.4232583,2.7846594,5.8522327111045266e-08,1.054752403239839e-06,0.2727272727272727,0.04044943820224719,0.2322778345250255
small_cluster,21,cluster_21,Wdr60,5.3719053,2.85236,7.790903658569882e-08,1.3949630011376053e-06,0.3181818181818182,0.05558052434456929,0.2626012938372489
small_cluster,21,cluster_21,Ndufc1,5.3693905,2.164322,7.90032253713127e-08,1.4114726572057729e-06,0.9090909090909091,0.5495131086142322,0.35957780047667687
small_cluster,21,cluster_21,Nubpl,5.3610363,2.694747,8.274588003094896e-08,1.476730335568655e-06,0.36363636363636365,0.0702621722846442,0.29337419135171944
small_cluster,21,cluster_21,Katnb1,5.358122,2.9577665,8.409144728099097e-08,1.499112855277753e-06,0.2727272727272727,0.041947565543071164,0.23077970718420154
small_cluster,21,cluster_21,Pex11g,5.331679,2.6816218,9.730899528520195e-08,1.6888516737276159e-06,0.45454545454545453,0.11026217228464419,0.34428328226081034
small_cluster,21,cluster_21,Dym,5.328702,2.9964385,9.891710404701708e-08,1.713135610850187e-06,0.4090909090909091,0.0949812734082397,0.3141096356826694
small_cluster,21,cluster_21,Rbm43,5.3136897,2.852121,1.0742745485336372e-07,1.8488118437041117e-06,0.36363636363636365,0.07265917602996255,0.2909771876064011
small_cluster,21,cluster_21,Eml2,5.3133273,2.71947,1.0764147051512155e-07,1.8505532053653131e-06,0.5909090909090909,0.19310861423220974,0.39780047667688123
small_cluster,21,cluster_21,Nme7,5.2879972,2.6185482,1.2366275643949133e-07,2.119323791394041e-06,0.4090909090909091,0.08973782771535581,0.3193530813755533
small_cluster,21,cluster_21,Ndufab1,5.241939,2.0246978,1.588977282678717e-07,2.703404192242079e-06,0.9090909090909091,0.5808239700374532,0.32826693905345583
small_cluster,21,cluster_21,Napg,5.2297816,2.8508453,1.6971026703359213e-07,2.881385185939901e-06,0.36363636363636365,0.07550561797752808,0.28813074565883556
small_cluster,21,cluster_21,Gbas,5.2254934,2.3152802,1.73691406517637e-07,2.942885080884054e-06,0.6818181818181818,0.2548314606741573,0.4269867211440245
small_cluster,21,cluster_21,Ldhb,5.215907,2.5542684,1.8291973747195593e-07,3.0960439775826103e-06,0.6818181818181818,0.2503370786516854,0.43148110316649635
small_cluster,21,cluster_21,Wrap53,5.213405,2.8620436,1.8540560231029495e-07,3.1316552868085965e-06,0.2727272727272727,0.04374531835205993,0.2289819543752128
small_cluster,21,cluster_21,Umad1,5.212678,2.6870248,1.8613364284234662e-07,3.1407179796886077e-06,0.45454545454545453,0.11220973782771536,0.34233571671773916
small_cluster,21,cluster_21,Fars2,5.1949024,2.1643372,2.048273096843236e-07,3.441980231693229e-06,0.6818181818181818,0.2389513108614232,0.4428668709567586
small_cluster,21,cluster_21,Smim22,5.1893787,2.1012967,2.1099709492866894e-07,3.5384083373467274e-06,0.8181818181818182,0.49138576779026216,0.32679605039155607
small_cluster,21,cluster_21,Casp6,5.1773086,2.22539,2.2510972252434156e-07,3.7712201829639694e-06,0.7727272727272727,0.32419475655430713,0.4485325161729656
small_cluster,21,cluster_21,Eif2b2,5.1692,2.3825102,2.3509821285434314e-07,3.929051545250784e-06,0.6363636363636364,0.22127340823970038,0.415090228123936
small_cluster,21,cluster_21,Bdh1,5.142542,3.0205424,2.710462442544477e-07,4.513126347225581e-06,0.2727272727272727,0.045692883895131084,0.2270343888321416
small_cluster,21,cluster_21,Stom,5.1388354,2.1316147,2.764464883857317e-07,4.593717179345882e-06,0.5454545454545454,0.14636704119850188,0.39908750425604356
small_cluster,21,cluster_21,Apoo,5.129905,2.377987,2.898884206496656e-07,4.8073407351619465e-06,0.45454545454545453,0.11161048689138577,0.3429349676540688
small_cluster,21,cluster_21,Hmgn2,5.110827,2.706356,3.207517461524518e-07,5.2977335233095286e-06,0.2727272727272727,0.04449438202247191,0.2282328907048008
small_cluster,21,cluster_21,Pepd,5.1037145,2.2758148,3.3305033913473737e-07,5.495330595723166e-06,0.6363636363636364,0.22367041198501872,0.41269322437861766
small_cluster,21,cluster_21,Cd74,5.085611,2.9554474,3.6644436107187057e-07,6.010053965939749e-06,0.5909090909090909,0.19685393258426967,0.3940551583248213
small_cluster,21,cluster_21,Nup50,5.0527105,2.2784145,4.355842024150641e-07,7.0523361340666e-06,0.4090909090909091,0.09153558052434457,0.31755532856656454
small_cluster,21,cluster_21,Msrb2,5.041156,2.4341428,4.6272876729307667e-07,7.46969932320251e-06,0.45454545454545453,0.1149063670411985,0.33963908750425603
small_cluster,21,cluster_21,Basp1,5.0117426,2.341825,5.393927016535373e-07,8.647682991026066e-06,0.6818181818181818,0.26711610486891385,0.4147020769492679
small_cluster,21,cluster_21,Tfeb,5.008305,2.8045251,5.491141353050139e-07,8.777798180445938e-06,0.2727272727272727,0.046591760299625466,0.22613551242764723
small_cluster,21,cluster_21,Dtx3,4.9951434,2.6462698,5.879208424131206e-07,9.379853829199993e-06,0.45454545454545453,0.12254681647940074,0.3319986380660538
small_cluster,21,cluster_21,Cyb561,4.9728417,2.0434916,6.597853133963055e-07,1.0475449104562254e-05,0.7272727272727273,0.287940074906367,0.43933265236636027
small_cluster,21,cluster_21,Pdxk,4.9630146,2.2924938,6.940737603638961e-07,1.098793797657168e-05,0.45454545454545453,0.11775280898876404,0.3367926455566905
small_cluster,21,cluster_21,Gga1,4.945315,2.2502146,7.602081208562151e-07,1.2000622382720641e-05,0.6363636363636364,0.22861423220973784,0.4077494041538985
small_cluster,21,cluster_21,2610015P09Rik,4.935559,2.7939758,7.992156291973553e-07,1.2567531672546335e-05,0.36363636363636365,0.08119850187265917,0.28243786176370445
small_cluster,21,cluster_21,Slc25a14,4.9270854,2.8769076,8.346518680232332e-07,1.3112188972652343e-05,0.2727272727272727,0.04838951310861423,0.22433775961865848
small_cluster,21,cluster_21,Tmem17,4.926236,2.7451613,8.382865361465261e-07,1.3156686583099687e-05,0.2727272727272727,0.04764044943820225,0.22508682328907045
small_cluster,21,cluster_21,Ccdc34,4.9178705,2.7233083,8.749066954031135e-07,1.3692122816132122e-05,0.5454545454545454,0.19700374531835205,0.34845080013619334
small_cluster,21,cluster_21,Bola3,4.90633,2.3431163,9.279618505869067e-07,1.4453468481933389e-05,0.7727272727272727,0.3797752808988764,0.3929519918283963
small_cluster,21,cluster_21,Smyd3,4.9014835,2.479108,9.511562839861305e-07,1.478664854375026e-05,0.36363636363636365,0.08014981273408239,0.28348655090228125
small_cluster,21,cluster_21,1810043G02Rik,4.8880982,2.525797,1.0181477038543913e-06,1.578321407458967e-05,0.5,0.15745318352059925,0.3425468164794008
small_cluster,21,cluster_21,Rbm8a2,4.8840055,2.701897,1.0395202855522407e-06,1.6084124720134245e-05,0.2727272727272727,0.04823970037453183,0.22448757235274086
small_cluster,21,cluster_21,Rfc2,4.8823943,2.2851007,1.048055375576196e-06,1.6200901239232037e-05,0.5909090909090909,0.20734082397003745,0.3835682669390535
small_cluster,21,cluster_21,Sccpdh,4.866197,2.5315204,1.1376609286244378e-06,1.7552941571372913e-05,0.36363636363636365,0.0805992509363296,0.28303711270003407
small_cluster,21,cluster_21,Gkap1,4.8570557,2.2119393,1.1914414942289965e-06,1.8313806885519936e-05,0.36363636363636365,0.07730337078651685,0.2863329928498468
small_cluster,21,cluster_21,Fkbp1a,4.8251586,2.0057306,1.3989176503121847e-06,2.116572729037836e-05,0.8181818181818182,0.5634456928838951,0.2547361252979231
small_cluster,21,cluster_21,Tma7,4.8134737,2.0959249,1.4832908329443196e-06,2.2400969568250264e-05,0.7727272727272727,0.3974531835205993,0.37527408920667343
small_cluster,21,cluster_21,Gng5,4.764539,2.0075462,1.8928613430097038e-06,2.827396984216954e-05,0.8181818181818182,0.577378277153558,0.24080354102826018
small_cluster,21,cluster_21,Hdgfrp2,4.7532864,2.4390175,2.0013671347296317e-06,2.9867536284532018e-05,0.45454545454545453,0.13168539325842696,0.3228600612870276
small_cluster,21,cluster_21,Chuk,4.7329974,2.4870348,2.212282543748932e-06,3.2925268602564636e-05,0.3181818181818182,0.06531835205992509,0.2528634661218931
small_cluster,21,cluster_21,Cep19,4.7239738,2.4017596,2.312801427951891e-06,3.432783368311218e-05,0.36363636363636365,0.08404494382022472,0.27959141981613894
small_cluster,21,cluster_21,Rilpl2,4.7150083,2.423849,2.4170077964050823e-06,3.58097062952482e-05,0.5909090909090909,0.22382022471910112,0.3670888661899898
small_cluster,21,cluster_21,Psph,4.7128534,2.200868,2.4427165051335877e-06,3.6157936282216585e-05,0.45454545454545453,0.12374531835205993,0.3308001361933946
small_cluster,21,cluster_21,Pcgf1,4.6920314,2.456474,2.705056924071375e-06,3.993306805733089e-05,0.3181818181818182,0.06681647940074906,0.25136533878106915
small_cluster,21,cluster_21,Arl2bp,4.687553,2.1390605,2.7649152312482042e-06,4.074337350197825e-05,0.6818181818181818,0.3673408239700375,0.3144773578481443
small_cluster,21,cluster_21,Fuz,4.670888,2.7263288,2.99900254665596e-06,4.395588987283682e-05,0.3181818181818182,0.06891385767790262,0.24926796050391556
small_cluster,21,cluster_21,Dnajb2,4.6430116,2.2470188,3.4336735257004376e-06,4.9779339697086885e-05,0.5454545454545454,0.18816479400749064,0.35728975144705477
small_cluster,21,cluster_21,Cep89,4.632561,2.878817,3.6116988880760333e-06,5.1988569797990716e-05,0.2727272727272727,0.05348314606741573,0.21924412665985699
small_cluster,21,cluster_21,Iqcc,4.6243753,2.8374677,3.757291932223803e-06,5.386656029755471e-05,0.3181818181818182,0.07176029962546816,0.24642151855635003
small_cluster,21,cluster_21,Pick1,4.5666924,2.283161,4.954800192295492e-06,7.054138711270692e-05,0.4090909090909091,0.10966292134831461,0.2994279877425945
small_cluster,21,cluster_21,Sult2b1,4.5618615,2.51152,5.0702075301950625e-06,7.199694692876989e-05,0.3181818181818182,0.07116104868913857,0.2470207694926796
small_cluster,21,cluster_21,Prps1,4.55631,2.3587112,5.206003044214969e-06,7.379745542624866e-05,0.36363636363636365,0.08943820224719101,0.27419816138917263
small_cluster,21,cluster_21,Pgm1,4.5315,2.6993732,5.85664245036046e-06,8.245046594709177e-05,0.4090909090909091,0.11910112359550562,0.2899897854954035
small_cluster,21,cluster_21,Tmem216,4.5307665,2.332267,5.877008024383728e-06,8.259538012675023e-05,0.45454545454545453,0.1355805243445693,0.31896493020088523
small_cluster,21,cluster_21,Chchd4,4.528605,2.0370164,5.937434720717228e-06,8.33018535966495e-05,0.5909090909090909,0.21722846441947566,0.3736806264896153
small_cluster,21,cluster_21,Tmem14a,4.526797,2.4005206,5.988451921377084e-06,8.394581193376543e-05,0.3181818181818182,0.07056179775280899,0.24762002042900919
small_cluster,21,cluster_21,Ino80b,4.5223813,2.0828314,6.1147728276416665e-06,8.564337245614942e-05,0.5909090909090909,0.22711610486891387,0.36379298604017707
small_cluster,21,cluster_21,Coq10a,4.5204844,2.1344366,6.169825556019604e-06,8.63407072903392e-05,0.45454545454545453,0.13243445692883896,0.32211099761661555
small_cluster,21,cluster_21,Med19,4.5087266,2.3199139,6.521781751351677e-06,9.118818627785068e-05,0.5,0.1703370786516854,0.3296629213483146
small_cluster,21,cluster_21,Bpnt1,4.497477,2.1784854,6.876461308421143e-06,9.606545308297714e-05,0.5,0.16299625468164794,0.3370037453183521
small_cluster,21,cluster_21,Dhx40,4.4537673,2.3755167,8.437658757855068e-06,0.00011561072789271592,0.3181818181818182,0.07161048689138577,0.2465713312904324
small_cluster,21,cluster_21,Alkbh6,4.452044,2.0120893,8.505665576859232e-06,0.00011625118427172355,0.5909090909090909,0.23640449438202246,0.35450459652706845
small_cluster,21,cluster_21,Tbcel,4.4324727,2.915598,9.315850101480957e-06,0.00012648117343906388,0.36363636363636365,0.10367041198501872,0.25996595165134495
small_cluster,21,cluster_21,Nupr1,4.4121027,2.21371,1.0237142929625325e-05,0.00013853084256500408,1.0,0.6224719101123596,0.3775280898876404
small_cluster,21,cluster_21,Mapk8ip1,4.4105835,2.2404125,1.0309235193791786e-05,0.0001393913985271056,0.2727272727272727,0.05423220973782771,0.218495062989445
small_cluster,21,cluster_21,Tpd52l1,4.39713,2.55521,1.0969170160621729e-05,0.00014782691849166555,0.2727272727272727,0.05662921348314607,0.21609805924412664
small_cluster,21,cluster_21,Haghl,4.3259277,2.2509754,1.5189114325263831e-05,0.00020204109006378922,0.5,0.18591760299625468,0.3140823970037453
small_cluster,21,cluster_21,Med8,4.312907,2.1148918,1.6112167815249064e-05,0.00021379908117953066,0.5454545454545454,0.20464419475655432,0.3408103506979911
small_cluster,21,cluster_21,Gmfg,4.310945,2.8093266,1.6255829073620364e-05,0.00021553100455654617,0.2727272727272727,0.0602247191011236,0.21250255362614912
small_cluster,21,cluster_21,Traf3ip2,4.298534,2.3334334,1.7193171274700687e-05,0.00022685856965113914,0.36363636363636365,0.09857677902621723,0.26505958461014645
small_cluster,21,cluster_21,Magix,4.294544,2.4696095,1.7505276966980074e-05,0.00023042058389682199,0.2727272727272727,0.058576779026217225,0.2141504937010555
small_cluster,21,cluster_21,Mia,4.2747197,2.416683,1.9137801376046326e-05,0.0002489128313786961,0.2727272727272727,0.058277153558052436,0.21445011916922027
small_cluster,21,cluster_21,Nthl1,4.272326,2.139901,1.9344433023276544e-05,0.00025140098733340615,0.3181818181818182,0.07460674157303371,0.24357507660878447
small_cluster,21,cluster_21,Cyfip2,4.2706122,2.5508115,1.94937090605519e-05,0.00025294012840356935,0.3181818181818182,0.0797003745318352,0.23848144364998297
small_cluster,21,cluster_21,Trip4,4.2671204,2.5546975,1.9801237398492502e-05,0.00025672734748828104,0.2727272727272727,0.05917602996254682,0.2135512427647259
small_cluster,21,cluster_21,Uck1,4.2616844,2.2052662,2.028916825553651e-05,0.0002626382387995693,0.4090909090909091,0.12,0.2890909090909091
small_cluster,21,cluster_21,Enah,4.254936,2.849906,2.0910843996680478e-05,0.0002704722021999657,0.3181818181818182,0.08104868913857678,0.2371331290432414
small_cluster,21,cluster_21,Rabgap1l,4.2513227,2.3102703,2.125117671206585e-05,0.00027465764322662884,0.36363636363636365,0.09872659176029963,0.264909771876064
small_cluster,21,cluster_21,Sp3os,4.219311,2.2943697,2.450496059306651e-05,0.00031448032761102025,0.4090909090909091,0.1249438202247191,0.28414708886619
small_cluster,21,cluster_21,Gm16124,4.217276,2.463641,2.4727140045618123e-05,0.00031708352141374737,0.2727272727272727,0.0599250936329588,0.2128021790943139
small_cluster,21,cluster_21,Ppp1cc,4.2088976,2.3656673,2.56619555049964e-05,0.0003283008831805351,0.2727272727272727,0.05887640449438202,0.21385086823289068
small_cluster,21,cluster_21,Gpd1,4.2030344,2.7287326,2.6336064745644962e-05,0.000335876981254528,0.2727272727272727,0.06247191011235955,0.21025536261491315
small_cluster,21,cluster_21,Dhx16,4.2022395,2.179015,2.642875597739972e-05,0.0003367972236094272,0.3181818181818182,0.07685393258426966,0.24132788559754853
small_cluster,21,cluster_21,Rita1,4.1898875,2.0644982,2.790926690254651e-05,0.00035428783782404436,0.2727272727272727,0.05797752808988764,0.21474974463738505
small_cluster,21,cluster_21,Fam221a,4.1887856,2.0973063,2.8045151617481157e-05,0.00035573745682777137,0.4090909090909091,0.11865168539325843,0.2904392236976507
small_cluster,21,cluster_21,Unc119b,4.1518617,2.2861197,3.297813571326372e-05,0.0004147809845346919,0.2727272727272727,0.0600749063670412,0.2126523663602315
small_cluster,21,cluster_21,Fas,4.1496124,2.2432692,3.3303888679096575e-05,0.00041823666020357036,0.36363636363636365,0.09872659176029963,0.264909771876064
small_cluster,21,cluster_21,Coq3,4.1287503,2.4954472,3.647400573301525e-05,0.0004531895212327145,0.2727272727272727,0.06232209737827715,0.21040517534899555
small_cluster,21,cluster_21,Rdm1,4.1271644,2.0071168,3.672637563272324e-05,0.00045597977801082045,0.5454545454545454,0.21198501872659176,0.33346952672795366
small_cluster,21,cluster_21,Ankrd37,4.125683,2.8681393,3.696363236717376e-05,0.0004585783165310264,0.2727272727272727,0.06576779026217229,0.20695948246510043
small_cluster,21,cluster_21,Wdpcp,4.1163445,2.4983985,3.849292118630065e-05,0.0004764697361332204,0.3181818181818182,0.08284644194756555,0.23533537623425263
small_cluster,21,cluster_21,Bbs5,4.116494,2.4602263,3.84679362883562e-05,0.0004764697361332204,0.2727272727272727,0.060823970037453184,0.21190330268981952
small_cluster,21,cluster_21,Ptcd2,4.1116033,2.124024,3.9292115149370876e-05,0.0004859954604561325,0.36363636363636365,0.099625468164794,0.26401089547156964
small_cluster,21,cluster_21,Lztfl1,4.1012025,2.0443053,4.1100863082448856e-05,0.000506457742611002,0.45454545454545453,0.15116104868913857,0.303384405856316
small_cluster,21,cluster_21,Ube2e2,4.0991864,2.1923656,4.146046189828478e-05,0.0005105052819773038,0.36363636363636365,0.10307116104868914,0.2605652025876745
small_cluster,21,cluster_21,Fam118b,4.0917172,2.4310024,4.2819063509133985e-05,0.0005264433737730933,0.2727272727272727,0.06157303370786517,0.21115423901940755
small_cluster,21,cluster_21,Atp6v0e2,4.0823984,2.1116383,4.457333439442148e-05,0.0005459650914136718,0.36363636363636365,0.10307116104868914,0.2605652025876745
small_cluster,21,cluster_21,Macrod2,4.0682235,2.3051617,4.737295989537204e-05,0.000578098151223212,0.2727272727272727,0.062172284644194754,0.21055498808307796
small_cluster,21,cluster_21,Me2,4.059677,2.2045345,4.914056952705534e-05,0.0005974458716184097,0.3181818181818182,0.08179775280898877,0.2363840653728294
small_cluster,21,cluster_21,Krt1,4.0427895,2.274357,5.281909647974007e-05,0.0006397976376397466,0.2727272727272727,0.06127340823970037,0.21145386448757233
small_cluster,21,cluster_21,2010300C02Rik,4.031456,2.1384225,5.5432411182278134e-05,0.000669474945361225,0.36363636363636365,0.10426966292134832,0.25936670071501533
small_cluster,21,cluster_21,Rae1,4.0233526,2.2211804,5.737553420448988e-05,0.0006919236297704695,0.5454545454545454,0.24149812734082396,0.3039564181137214
small_cluster,21,cluster_21,Fam187b,4.0187545,2.3655913,5.850663724362881e-05,0.0007050458173642587,0.2727272727272727,0.06397003745318353,0.20875723527408918
small_cluster,21,cluster_21,Orc6,4.0099463,2.1787822,6.073254979440873e-05,0.0007302599334150276,0.4090909090909091,0.13722846441947564,0.2718624446714335
small_cluster,21,cluster_21,2310007B03Rik,3.9991045,2.427233,6.358258784081567e-05,0.0007606258374742653,0.36363636363636365,0.10861423220973783,0.25502213142662583
small_cluster,21,cluster_21,Ankrd54,3.9982338,2.0624676,6.381689184514687e-05,0.0007628723346590772,0.4090909090909091,0.12883895131086143,0.2802519577800477
small_cluster,21,cluster_21,Paqr5,3.992264,2.1928198,6.54454452897355e-05,0.0007794994540282875,0.4090909090909091,0.1303370786516854,0.27875383043922375
small_cluster,21,cluster_21,Ublcp1,3.988344,2.45403,6.653617586404006e-05,0.0007913414215707913,0.2727272727272727,0.06591760299625468,0.20680966973101803
small_cluster,21,cluster_21,Bola1,3.9842875,2.267418,6.768289936387441e-05,0.0008038140713011616,0.5909090909090909,0.2943820224719101,0.29652706843718085
small_cluster,21,cluster_21,Gins4,3.9782147,2.2825928,6.9434615744848e-05,0.0008240210801962749,0.36363636363636365,0.10861423220973783,0.25502213142662583
small_cluster,21,cluster_21,Rufy1,3.9616892,2.3860302,7.442138856009523e-05,0.0008812889485733732,0.2727272727272727,0.06576779026217229,0.20695948246510043
small_cluster,21,cluster_21,Cdkn1c,3.9285328,2.0660691,8.546567264345745e-05,0.0009983778468841493,0.45454545454545453,0.15835205992509363,0.2961933946203609
small_cluster,21,cluster_21,Abcf3,3.907032,2.0909195,9.343680198834352e-05,0.0010883927481610952,0.3181818181818182,0.08524344569288389,0.2329383724889343
small_cluster,21,cluster_21,Arap1,3.8814037,2.3147018,0.00010385527935007049,0.0012003738101624426,0.2727272727272727,0.06726591760299626,0.20546135512427643
small_cluster,21,cluster_21,Dnal4,3.8590114,2.0004451,0.000113846606830172,0.0013039093565793652,0.5454545454545454,0.23820224719101124,0.3072522982635342
small_cluster,21,cluster_21,Zc3h14,3.8491359,2.0145175,0.00011853525580728932,0.0013528856858005234,0.45454545454545453,0.16164794007490638,0.2928975144705481
small_cluster,21,cluster_21,Ndufs5,3.8251867,2.2528975,0.00013067295839781407,0.0014841878051818204,0.3181818181818182,0.09063670411985018,0.22754511406196798
small_cluster,21,cluster_21,Sms,3.8140042,2.0788178,0.0001367331734711628,0.0015487298191302079,0.36363636363636365,0.11056179775280899,0.25307456588355465
small_cluster,21,cluster_21,BC026585,3.7988453,2.073469,0.00014537174628309068,0.001644304835026876,0.3181818181818182,0.08719101123595506,0.2309908069458631
small_cluster,21,cluster_21,Phf1,3.7831767,2.0171623,0.00015483936581882373,0.0017405897455754133,0.3181818181818182,0.08808988764044944,0.23009193054136873
small_cluster,21,cluster_21,C2cd2l,3.774527,2.0862494,0.00016031146759950353,0.001795948347062471,0.2727272727272727,0.06816479400749063,0.20456247871978206
small_cluster,21,cluster_21,Ndufaf6,3.7355123,2.0410898,0.00018733349955739863,0.00205515500083003,0.2727272727272727,0.06801498127340824,0.20471229145386446
small_cluster,21,cluster_21,Rpa3,3.6746614,2.0912418,0.00023816510939084838,0.002576613429498222,0.4090909090909091,0.15370786516853932,0.25538304392236977
small_cluster,21,cluster_21,Cep63,3.637213,2.135288,0.0002756040655831554,0.002940912348490131,0.2727272727272727,0.07235955056179776,0.20036772216547494
small_cluster,21,cluster_21,Naaa,3.6296575,2.0979636,0.0002837975193132197,0.0030185234203995567,0.2727272727272727,0.07191011235955057,0.20081716036772213
small_cluster,21,cluster_21,Gch1,3.618044,2.234413,0.00029683813972292817,0.0031429582502232054,0.36363636363636365,0.12674157303370787,0.23689479060265578
small_cluster,21,cluster_21,Etnk1,3.6043098,2.2070513,0.00031298363173032763,0.0033053731770824875,0.3181818181818182,0.09782771535580524,0.22035410282601292
small_cluster,21,cluster_21,Osbpl6,3.5654147,2.08224,0.0003632812409750814,0.0037901880618526145,0.36363636363636365,0.12449438202247191,0.23914198161389172
small_cluster,21,cluster_21,Hspa4l,3.5613828,2.0689456,0.0003689068794855972,0.0038464346665246537,0.4090909090909091,0.15071161048689138,0.25837929860401776
small_cluster,21,cluster_21,Prkar2b,3.5535252,2.27361,0.00038010491284961456,0.003953139299712446,0.36363636363636365,0.1298876404494382,0.23374872318692544
small_cluster,21,cluster_21,Akr1b8,3.435368,2.0945916,0.0005917496530112236,0.005892705561042549,0.4090909090909091,0.1655430711610487,0.24354783792986043
small_cluster,21,cluster_21,Tmem38a,3.4120097,2.0204053,0.0006448579383758614,0.006367438318664962,0.36363636363636365,0.130187265917603,0.23344909771876066
small_cluster,21,cluster_21,Ift52,3.389958,2.0702477,0.0006990336040801354,0.006881662749410745,0.36363636363636365,0.1348314606741573,0.22880490296220635
small_cluster,21,cluster_21,H2-Ab1,3.2276776,2.2962766,0.0012479950372459685,0.01152498119699951,0.3181818181818182,0.10411985018726591,0.21406196799455227
small_cluster,20,cluster_20,Lrrc10b,28.63231,6.5543404,2.662264317096242e-180,4.366379706469546e-176,0.9090909090909091,0.02851140456182473,0.8805795045290843
small_cluster,20,cluster_20,Efcab10,28.294191,7.117216,4.074147460122444e-176,3.34100462467341e-172,0.9090909090909091,0.02971188475390156,0.8793790243370075
small_cluster,20,cluster_20,Gm16006,23.43847,6.371143,1.7330370849043993e-121,9.47451374317235e-118,0.5151515151515151,0.013055222088835534,0.5020962930626796
small_cluster,20,cluster_20,3300002A11Rik,23.29742,7.068202,4.70830157627993e-120,1.9305213538141784e-116,1.0,0.05702280912364946,0.9429771908763506
small_cluster,20,cluster_20,Arhgdig,23.073553,6.595636,8.535907503407764e-118,2.7999483792678147e-114,0.9696969696969697,0.05402160864345738,0.9156753610535123
small_cluster,20,cluster_20,Agr3,22.8768,6.2108765,7.909576114263819e-116,2.1620826308340147e-112,0.5454545454545454,0.015606242496998799,0.5298483029575466
small_cluster,20,cluster_20,Hdc,22.802876,6.7961073,4.293542617438543e-115,1.0059770352658506e-111,0.9696969696969697,0.05582232893157263,0.913874640765397
small_cluster,20,cluster_20,Erich2,22.602077,5.98541,4.1345188847616324e-113,8.476280528621942e-110,0.9393939393939394,0.0508703481392557,0.8885235912546837
small_cluster,20,cluster_20,Tctex1d4,22.363548,6.8419933,8.913546496475203e-111,1.6243452898743315e-107,1.0,0.0625750300120048,0.9374249699879952
small_cluster,20,cluster_20,1700101E01Rik,22.23744,5.745852,1.492322760639077e-109,2.44755855972415e-106,0.8484848484848485,0.04231692677070829,0.8061679217141402
small_cluster,20,cluster_20,Ccdc113,21.976114,5.9148445,4.874315071810073e-107,7.267603772068819e-104,0.9090909090909091,0.05057022809123649,0.8585206809996726
small_cluster,20,cluster_20,Gm8579,21.964443,5.746409,6.302412694723464e-107,8.613822550513295e-104,0.8181818181818182,0.03991596638655462,0.7782658517952636
small_cluster,20,cluster_20,1700016K19Rik,21.873405,7.075197,4.654975286655454e-106,5.87278843664893e-103,1.0,0.06557623049219688,0.9344237695078031
small_cluster,20,cluster_20,1700026L06Rik,21.860138,6.239026,6.225561102879369e-106,7.29324483202318e-103,0.9393939393939394,0.05567226890756303,0.8837216704863764
small_cluster,20,cluster_20,Fam92b,21.665785,5.954219,4.314874869265633e-104,4.7178841820550435e-101,0.8484848484848485,0.04531812725090036,0.8031667212339482
small_cluster,20,cluster_20,Ccdc146,21.638412,5.7105064,7.814912072126844e-104,8.010773305934523e-101,0.7272727272727273,0.032563025210084036,0.6947097020626433
small_cluster,20,cluster_20,Iqcg,21.622011,5.39786,1.1150851907985288e-103,1.07579483613451e-100,0.7878787878787878,0.03811524609843937,0.7497635417803484
small_cluster,20,cluster_20,Ak8,21.609455,5.9579997,1.463669479576464e-103,1.3336468408074214e-100,0.7575757575757576,0.03601440576230492,0.7215613518134526
small_cluster,20,cluster_20,Tekt4,21.389887,5.608447,1.6596083261271986e-101,1.4325913766743257e-98,0.7878787878787878,0.0391656662665066,0.7487131216122812
small_cluster,20,cluster_20,Morn3,21.315248,5.607942,8.197063698718198e-101,6.722002086133859e-98,0.696969696969697,0.030612244897959183,0.6663574520717378
small_cluster,20,cluster_20,1700001L19Rik,21.261696,5.9588857,2.56962095880819e-100,2.0068739688291963e-97,0.8484848484848485,0.04801920768307323,0.8004656408017753
small_cluster,20,cluster_20,Myl4,21.22845,5.514837,5.215286806702731e-100,3.8879963143968866e-97,0.696969696969697,0.03046218487394958,0.6665075120957474
small_cluster,20,cluster_20,Stmnd1,21.188486,5.9551706,1.2195686711766065e-99,8.69658511998588e-97,0.8787878787878788,0.05162064825930372,0.8271672305285751
small_cluster,20,cluster_20,Fam166b,21.17221,5.7081394,1.7228548255666136e-99,1.1773559164215847e-96,0.7878787878787878,0.040366146458583434,0.7475126414202045
small_cluster,20,cluster_20,Ldlrad1,21.165007,5.6884255,2.0073489523812895e-99,1.3169012067202212e-96,0.7878787878787878,0.040216086434573826,0.747662701444214
small_cluster,20,cluster_20,Gtsf1l,20.902082,5.6831603,5.125871861212003e-97,3.2334393998360787e-94,0.7272727272727273,0.0349639855942377,0.6923087416784895
small_cluster,20,cluster_20,Timp4,20.74031,5.6613197,1.4995505955918996e-95,9.108936784556572e-93,0.6060606060606061,0.02415966386554622,0.5819009421950598
small_cluster,20,cluster_20,Ctxn1,20.603662,6.0289383,2.544551801938752e-94,1.4904712179856238e-91,0.9393939393939394,0.06452581032412966,0.8748681290698098
small_cluster,20,cluster_20,Tm4sf1,20.56147,5.85295,6.076370754740239e-94,3.4365019568446436e-91,0.9393939393939394,0.06197478991596639,0.8774191494779731
small_cluster,20,cluster_20,Gm14964,20.544239,5.5589495,8.665820115311254e-94,4.737603857040663e-91,0.5454545454545454,0.019657863145258102,0.5257966823092873
small_cluster,20,cluster_20,6820408C15Rik,20.49783,5.3899035,2.251086148445231e-93,1.190969803891943e-90,0.7575757575757576,0.0391656662665066,0.7184100913092509
small_cluster,20,cluster_20,1700003M02Rik,20.312895,5.40863,9.890124279317404e-92,5.0689977595338985e-89,0.8181818181818182,0.047418967587034816,0.7707628505947834
small_cluster,20,cluster_20,1700001C02Rik,20.306526,5.8349075,1.12591213627678e-91,5.595783317295596e-89,0.8484848484848485,0.05177070828331332,0.7967141402015352
small_cluster,20,cluster_20,Fam183b,20.28004,6.974575,1.929681316050762e-91,9.308442136631926e-89,1.0,0.07728091236494598,0.9227190876350541
small_cluster,20,cluster_20,Ccdc13,20.229086,6.0212593,5.430057975741974e-91,2.544525167432689e-88,0.3939393939393939,0.01020408163265306,0.38373531230674085
small_cluster,20,cluster_20,Cdhr4,20.182037,5.463908,1.4081913422928993e-90,6.415485056929401e-88,0.8181818181818182,0.0468187274909964,0.7713630906908219
small_cluster,20,cluster_20,Odf3b,20.104874,5.7949486,6.689181160757449e-90,2.965115141015755e-87,0.8181818181818182,0.04936974789915966,0.7688120702826585
small_cluster,20,cluster_20,Ccdc153,20.062424,7.606096,1.5722918165510926e-89,6.786094232435388e-87,1.0,0.08043217286914765,0.9195678271308524
small_cluster,20,cluster_20,Gm973,20.025908,5.5286207,3.274945079883068e-89,1.3772403655169795e-86,0.6363636363636364,0.028811524609843937,0.6075521117537924
small_cluster,20,cluster_20,Cfap53,20.00812,5.5919623,4.679627670517912e-89,1.918764335604107e-86,0.6363636363636364,0.02896158463385354,0.6074020517297828
small_cluster,20,cluster_20,Dmkn,20.000479,5.9966803,5.454602587738162e-89,2.181974074182771e-86,0.9696969696969697,0.07202881152460984,0.8976681581723599
small_cluster,20,cluster_20,Gm29538,19.99553,5.7067637,6.0236396392124696e-89,2.3522312791124696e-86,0.7878787878787878,0.046368547418967586,0.7415102404598203
small_cluster,20,cluster_20,4932443I19Rik,19.98907,5.41741,6.85614154841125e-89,2.615059942685882e-86,0.7575757575757576,0.04141656662665066,0.716159190949107
small_cluster,20,cluster_20,Diras2,19.861113,5.5723023,8.833299286822385e-88,3.292612309163044e-85,0.3939393939393939,0.01050420168067227,0.38343519225872164
small_cluster,20,cluster_20,Tekt1,19.838985,5.1673512,1.3720125678786743e-87,5.000528472395142e-85,0.8181818181818182,0.04816926770708283,0.7700125504747354
small_cluster,20,cluster_20,Uckl1os,19.71045,5.6826973,1.7540514358632862e-86,6.253955999911686e-84,0.5151515151515151,0.01920768307322929,0.49594383207828585
small_cluster,20,cluster_20,2410004P03Rik,19.690987,5.356268,2.5762378400680803e-86,8.989973790416294e-84,0.8181818181818182,0.04996998799519808,0.7682118301866202
small_cluster,20,cluster_20,Spag8,19.66012,5.462321,4.7360436551504455e-86,1.6182469164192179e-83,0.6060606060606061,0.02701080432172869,0.5790498017388774
small_cluster,20,cluster_20,Sntn,19.612223,5.9778824,1.2159822387038774e-85,4.070066264690264e-83,0.8484848484848485,0.056422569027611044,0.7920622794572375
small_cluster,20,cluster_20,1110017D15Rik,19.571161,7.059907,2.7240819081201125e-85,8.935533475015593e-83,1.0,0.08298319327731092,0.917016806722689
small_cluster,20,cluster_20,Meig1,19.407337,6.0942717,6.690615498730854e-84,2.151623231268328e-81,0.9090909090909091,0.06857743097238896,0.8405134781185201
small_cluster,20,cluster_20,4930444P10Rik,19.39338,5.451587,8.777632052700295e-84,2.7684989095449526e-81,0.5454545454545454,0.022358943577430974,0.5230956018771145
small_cluster,20,cluster_20,Ccdc33,19.326807,5.516145,3.195953342399493e-83,9.706820512721127e-81,0.6363636363636364,0.031212484993997598,0.6051511513696387
small_cluster,20,cluster_20,Drc1,19.220331,5.199974,2.5017155598416632e-82,7.46011579944784e-80,0.6666666666666666,0.03436374549819928,0.6323029211684673
small_cluster,20,cluster_20,Aoc1,19.200747,5.637603,3.6481624559064876e-82,1.0684555792736125e-79,0.8484848484848485,0.05687274909963986,0.7916120993852086
small_cluster,20,cluster_20,Gm867,19.099726,5.088336,2.5381414654101793e-81,7.3031681007355e-79,0.7878787878787878,0.04816926770708283,0.739709520171705
small_cluster,20,cluster_20,Ccdc180,19.091295,5.5728664,2.9827747180225496e-81,8.434566922463419e-79,0.5454545454545454,0.023259303721488597,0.5221952417330569
small_cluster,20,cluster_20,A930001A20Rik,18.998499,6.0639863,1.7549145062707634e-80,4.878364884296066e-78,0.2727272727272727,0.005252100840336135,0.2674751718869366
small_cluster,20,cluster_20,Tmem212,18.929762,6.718619,6.485392045305077e-80,1.772781915584143e-77,1.0,0.08628451380552221,0.9137154861944778
small_cluster,20,cluster_20,2610028H24Rik,18.826422,5.479549,4.587354265510129e-79,1.2333966771906825e-76,0.7878787878787878,0.05162064825930372,0.7362581396194842
small_cluster,20,cluster_20,Prr29,18.743528,5.952003,2.1863692988453055e-78,5.783652075864816e-76,0.9393939393939394,0.07983193277310924,0.8595620066208303
small_cluster,20,cluster_20,Dynlrb2,18.741405,7.3068976,2.275407681151187e-78,5.92364466326359e-76,1.0,0.0936374549819928,0.9063625450180072
small_cluster,20,cluster_20,Cdhr3,18.623566,5.2936926,2.0696598127275226e-77,5.303826654460015e-75,0.7272727272727273,0.04411764705882353,0.6831550802139038
small_cluster,20,cluster_20,Rab36,18.619198,5.835398,2.245516664993985e-77,5.6659567419332845e-75,0.45454545454545453,0.01680672268907563,0.4377387318563789
small_cluster,20,cluster_20,Maats1,18.517832,5.3617973,1.482882948792671e-76,3.684964127749786e-74,0.5151515151515151,0.02175870348139256,0.49339281167012256
small_cluster,20,cluster_20,Ak9,18.48121,5.963891,2.92546904299989e-76,7.161286234961372e-74,0.3333333333333333,0.008703481392557022,0.3246298519407763
small_cluster,20,cluster_20,6430531B16Rik,18.47187,5.5048094,3.4782310788987245e-76,8.389186459561468e-74,0.6060606060606061,0.031212484993997598,0.5748481210666084
small_cluster,20,cluster_20,Rsph1,18.456415,6.6863217,4.630792287918794e-76,1.1007191929587846e-73,1.0,0.09603841536614646,0.9039615846338536
small_cluster,20,cluster_20,Ccdc78,18.341467,5.4454856,3.862337980527945e-75,9.049457888376974e-73,0.696969696969697,0.04231692677070829,0.6546527701989887
small_cluster,20,cluster_20,Sftpc,18.33756,5.5245166,4.150083389809397e-75,9.586692630459708e-73,0.45454545454545453,0.017106842737094837,0.4374386118083597
small_cluster,20,cluster_20,Ccdc151,18.235325,5.5574627,2.7064419871582694e-74,6.080596579641476e-72,0.48484848484848486,0.01995798319327731,0.46489050165520757
small_cluster,20,cluster_20,Dcdc2b,18.23576,5.380405,2.6849454895903057e-74,6.080596579641476e-72,0.6363636363636364,0.035414165666266505,0.6009494706973698
small_cluster,20,cluster_20,Pifo,18.132807,5.445998,1.755672230801327e-73,3.891186521266563e-71,0.8484848484848485,0.06497599039615846,0.7835088580886901
small_cluster,20,cluster_20,Lrrc74b,18.06386,5.1700044,6.137655425845397e-73,1.3421824885238714e-70,0.6060606060606061,0.03226290516206483,0.5737977008985412
small_cluster,20,cluster_20,Gm1673,18.049341,5.325768,7.983759151395364e-73,1.7229162347636234e-70,0.6363636363636364,0.03616446578631453,0.6001991705773219
small_cluster,20,cluster_20,Ttc16,18.014711,5.315771,1.493584888989682e-72,3.181335813548022e-70,0.45454545454545453,0.017707082833133252,0.43683837171232126
small_cluster,20,cluster_20,Kcnmb2,17.997028,5.525636,2.0555585514760081e-72,4.322207154199745e-70,0.5151515151515151,0.0234093637454982,0.49174215140601696
small_cluster,20,cluster_20,Zmynd12,17.935598,5.3449435,6.218980379437914e-72,1.2911075595336863e-69,0.6060606060606061,0.03316326530612245,0.5728973407544836
small_cluster,20,cluster_20,Dnali1,17.90969,5.0012627,9.908499875951123e-72,2.0313663308184298e-69,0.7272727272727273,0.04726890756302521,0.680003819709702
small_cluster,20,cluster_20,Lrrc43,17.810013,5.7452717,5.909718503243816e-71,1.1966085576753313e-68,0.36363636363636365,0.011404561824729893,0.35223180181163377
small_cluster,20,cluster_20,1700007K13Rik,17.752636,6.31109,1.6445008739842912e-70,3.289202296855654e-68,0.9696969696969697,0.09423769507803122,0.8754592746189385
small_cluster,20,cluster_20,Lrrc23,17.71998,5.502574,2.94018117924401e-70,5.8098688579254226e-68,0.6666666666666666,0.04201680672268908,0.6246498599439776
small_cluster,20,cluster_20,Wdr63,17.691322,5.368641,4.891389909416267e-70,9.550438798135262e-68,0.48484848484848486,0.021158463385354143,0.4636900214631307
small_cluster,20,cluster_20,1700024G13Rik,17.602968,5.1317244,2.3374585900798275e-69,4.510195098341088e-67,0.5757575757575758,0.03046218487394958,0.5452953908836262
small_cluster,20,cluster_20,Fank1,17.557882,4.973939,5.177144398616451e-69,9.873295962989351e-67,0.6060606060606061,0.03391356542617047,0.5721470406344356
small_cluster,20,cluster_20,Cetn4,17.436712,5.111899,4.343525253226406e-68,8.188293985996123e-66,0.7878787878787878,0.06077430972388956,0.7271044781548983
small_cluster,20,cluster_20,Adgb,17.424292,5.346714,5.397246716840114e-68,1.0059118568510764e-65,0.42424242424242425,0.016506602641056422,0.40773582160136784
small_cluster,20,cluster_20,Morn5,17.387733,5.050684,1.0219537929243404e-67,1.883265635702484e-65,0.6666666666666666,0.04201680672268908,0.6246498599439776
small_cluster,20,cluster_20,Fam216b,17.376469,5.168751,1.2437994272026462e-67,2.266617156172289e-65,0.45454545454545453,0.019057623049219687,0.4354878314962348
small_cluster,20,cluster_20,Cfap45,17.299631,4.932799,4.734176109842423e-67,8.532442019508305e-65,0.7878787878787878,0.06182472989195678,0.7260540579868311
small_cluster,20,cluster_20,BC051019,17.276815,4.9551744,7.032592120000737e-67,1.2537124278275226e-64,0.8181818181818182,0.06497599039615846,0.7532058277856598
small_cluster,20,cluster_20,Cfap126,17.260006,5.9152718,9.410135409269344e-67,1.6595229123379192e-64,1.0,0.10879351740696279,0.8912064825930373
small_cluster,20,cluster_20,Bicc1,17.066618,6.272234,2.6300143999351566e-65,4.588815550354947e-63,0.24242424242424243,0.005252100840336135,0.2371721415839063
small_cluster,20,cluster_20,Nrxn2,17.031387,5.8387637,4.805206093604409e-65,8.209394285542283e-63,0.24242424242424243,0.005252100840336135,0.2371721415839063
small_cluster,20,cluster_20,Ccdc40,17.012947,5.3965745,6.584061279181711e-65,1.1132493715449407e-62,0.48484848484848486,0.023109243697478993,0.46173924115100584
small_cluster,20,cluster_20,Wfdc13,16.923046,5.8673215,3.042747887102182e-64,5.040818999632615e-62,0.2727272727272727,0.006902761104441777,0.26582451162283094
small_cluster,20,cluster_20,D430036J16Rik,16.840574,5.322723,1.2303850009002236e-63,2.017954439976457e-61,0.5151515151515151,0.026710684273709484,0.48844083087780565
small_cluster,20,cluster_20,Mapk15,16.808657,4.6838455,2.1089639905422498e-63,3.4246651889983604e-61,0.7272727272727273,0.053871548619447776,0.6734011786532795
small_cluster,20,cluster_20,Dtx1,16.79671,6.1368527,2.5796703838564816e-63,4.147958231924525e-61,0.21212121212121213,0.004051620648259304,0.20806959147295281
small_cluster,20,cluster_20,Gm15402,16.780218,5.2896447,3.4057974583973466e-63,5.4231537975897944e-61,0.48484848484848486,0.023709483793517408,0.46113900105496747
small_cluster,20,cluster_20,Nhlrc4,16.779028,6.04642,3.4748200685596777e-63,5.479858071581468e-61,0.30303030303030304,0.008853541416566626,0.2941767616137364
small_cluster,20,cluster_20,Ccdc65,16.686548,5.142541,1.6419438788821793e-62,2.5647163388139644e-60,0.45454545454545453,0.020858343337334936,0.4336871112081196
small_cluster,20,cluster_20,Calml4,16.594336,5.1486197,7.6587151429090614e-62,1.185005538291052e-59,0.6666666666666666,0.0468187274909964,0.6198479391756703
small_cluster,20,cluster_20,Drc7,16.58469,4.853047,8.992782139175991e-62,1.3784170080806115e-59,0.45454545454545453,0.020858343337334936,0.4336871112081196
small_cluster,20,cluster_20,1700013F07Rik,16.584047,4.98565,9.089470586541794e-62,1.3803371026839997e-59,0.5151515151515151,0.0273109243697479,0.4878405907817672
small_cluster,20,cluster_20,1700028P14Rik,16.561234,4.8525205,1.3284153918719593e-61,1.998838609366239e-59,0.5454545454545454,0.030612244897959183,0.5148423005565862
small_cluster,20,cluster_20,Mlf1,16.547794,5.8566704,1.660782858280598e-61,2.4762272416963714e-59,0.9696969696969697,0.1095438175270108,0.8601531521699589
small_cluster,20,cluster_20,Agrp,16.53385,5.9374757,2.093337271098179e-61,3.0930472597550665e-59,0.21212121212121213,0.004201680672268907,0.2079195314489432
small_cluster,20,cluster_20,Zmynd10,16.45137,4.731116,8.199198805253044e-61,1.19004477526509e-58,0.6060606060606061,0.03841536614645858,0.5676452399141475
small_cluster,20,cluster_20,Gm26717,16.323872,5.6446743,6.676290299265389e-60,9.521551060717534e-58,0.3939393939393939,0.016356542617046818,0.3775828513223471
small_cluster,20,cluster_20,Gm1661,16.306559,5.3930197,8.864941678382449e-60,1.2533957626478494e-57,0.42424242424242425,0.01920768307322929,0.40503474116919497
small_cluster,20,cluster_20,Ccdc74a,16.248674,5.1393604,2.2824906522309296e-59,3.1995836912170493e-57,0.5151515151515151,0.028661464585834334,0.4864900505656808
small_cluster,20,cluster_20,Spata33,16.177095,5.197975,7.316607048003777e-59,1.0169463745280503e-56,0.45454545454545453,0.022358943577430974,0.4321865109680236
small_cluster,20,cluster_20,Spef1,16.172827,5.1249056,7.841553146035956e-59,1.0807505306566026e-56,0.8181818181818182,0.07893157262905162,0.7392502455527666
small_cluster,20,cluster_20,Nme5,16.159866,4.880493,9.6769796674492e-59,1.3226011960486196e-56,0.8787878787878788,0.08778511404561824,0.7910027647422605
small_cluster,20,cluster_20,Lrrc71,15.998673,4.9749284,1.3052695836364208e-57,1.7692335901835486e-55,0.42424242424242425,0.019657863145258102,0.4045845610971662
small_cluster,20,cluster_20,Dnah5,15.8788395,5.098073,8.880678158912956e-57,1.1841626218238324e-54,0.45454545454545453,0.023259303721488597,0.43128615082396593
small_cluster,20,cluster_20,Mns1,15.878848,4.6703367,8.879377548735269e-57,1.1841626218238324e-54,0.5757575757575758,0.03721488595438175,0.5385426898031941
small_cluster,20,cluster_20,Fam81a,15.847893,5.370045,1.4537377788733314e-56,1.9074202649041206e-54,0.2727272727272727,0.007953181272509003,0.2647740914547637
small_cluster,20,cluster_20,Syt5,15.838967,4.9940677,1.6755038323365195e-56,2.1809474884247028e-54,0.5454545454545454,0.03391356542617047,0.511540980028375
small_cluster,20,cluster_20,4833427G06Rik,15.790074,4.70687,3.641514878875875e-56,4.7027153959404117e-54,0.5454545454545454,0.03361344537815126,0.5118411000763942
small_cluster,20,cluster_20,Kndc1,15.73853,5.2049727,8.233350026202596e-56,1.0549622951542873e-53,0.3939393939393939,0.01755702280912365,0.3763823711302703
small_cluster,20,cluster_20,Pacrg,15.689519,5.0833645,1.7840219701443682e-55,2.2681972350649446e-53,0.5757575757575758,0.039315726290516204,0.5364418494670596
small_cluster,20,cluster_20,Dusp18,15.679238,4.9901705,2.0975450718736863e-55,2.6462951326000253e-53,0.7272727272727273,0.06512605042016807,0.6621466768525592
small_cluster,20,cluster_20,1700026D08Rik,15.674951,4.6654506,2.243998973953109e-55,2.8094524558629725e-53,0.5757575757575758,0.03811524609843937,0.5376423296591364
small_cluster,20,cluster_20,Lbh,15.651774,4.976846,3.230843578802586e-55,4.014323146662213e-53,0.6363636363636364,0.04876950780312125,0.5875941285605151
small_cluster,20,cluster_20,Ubxn11,15.583597,4.6966,9.410634990428388e-55,1.1604798832933533e-52,0.6363636363636364,0.04801920768307323,0.5883444286805631
small_cluster,20,cluster_20,Ccdc114,15.556571,5.055254,1.4358862669837737e-54,1.7574604973731993e-52,0.45454545454545453,0.024309723889555823,0.4302357306558987
small_cluster,20,cluster_20,Cfap58,15.53819,5.358237,1.9131246467414088e-54,2.3242338763856182e-52,0.3333333333333333,0.012755102040816327,0.320578231292517
small_cluster,20,cluster_20,Ak7,15.508984,4.7902174,3.01615128353198e-54,3.6373453824417646e-52,0.48484848484848486,0.027611044417767107,0.45723744043071773
small_cluster,20,cluster_20,Treml1,15.487709,5.4395137,4.199938652152953e-54,5.027970352843838e-52,0.2727272727272727,0.008403361344537815,0.26432391138273487
small_cluster,20,cluster_20,Ccdc108,15.463629,4.748726,6.105923771350536e-54,7.256757664776823e-52,0.5454545454545454,0.035264105642256904,0.5101904398122885
small_cluster,20,cluster_20,Smim5,15.417334,5.128844,1.2516658909666443e-53,1.4768757034348154e-51,0.8787878787878788,0.10264105642256903,0.7761468223653097
small_cluster,20,cluster_20,Fhad1,15.408394,5.117691,1.4374025357873574e-53,1.683917070674889e-51,0.48484848484848486,0.028361344537815126,0.4564871403106697
small_cluster,20,cluster_20,Cfap43,15.358667,4.6876984,3.098789762691909e-53,3.604485879284397e-51,0.6666666666666666,0.055072028811524606,0.611594637855142
small_cluster,20,cluster_20,Ift172,15.356166,5.360919,3.2206592790833e-53,3.719861467341212e-51,0.9696969696969697,0.13580432172869147,0.8338926479682782
small_cluster,20,cluster_20,Fam47e,15.33154,4.640799,4.706911779673372e-53,5.398465741148459e-51,0.7272727272727273,0.06572629051620649,0.6615464367565208
small_cluster,20,cluster_20,Ccdc17,15.329968,4.9735394,4.822214631246549e-53,5.492301539380185e-51,0.7272727272727273,0.06737695078031213,0.6598957764924152
small_cluster,20,cluster_20,Tcte1,15.2839,5.409743,9.790156967915107e-53,1.1073680305570735e-50,0.30303030303030304,0.010804321728691477,0.29222598130161154
small_cluster,20,cluster_20,Kcnk12,15.185595,5.5131626,4.4054915650767106e-52,4.948936106768708e-50,0.3333333333333333,0.013505402160864346,0.319827931172469
small_cluster,20,cluster_20,Agbl2,15.108034,5.419877,1.43353641351462e-51,1.599417055649883e-49,0.30303030303030304,0.011104441776710685,0.2919258612535924
small_cluster,20,cluster_20,Ttll9,15.051781,4.890235,3.3606509731715795e-51,3.724191662904532e-49,0.36363636363636365,0.016206482593037214,0.34742988104332645
small_cluster,20,cluster_20,Ppp1r36,15.036787,4.5657935,4.215206751132328e-51,4.639839323847068e-49,0.7575757575757576,0.07487995198079232,0.6826958055949652
small_cluster,20,cluster_20,Cep126,14.95528,5.2120414,1.438736711560543e-50,1.5524158425200306e-48,0.3939393939393939,0.019657863145258102,0.37428153079413584
small_cluster,20,cluster_20,Spag17,14.894694,5.068184,3.5681062631779786e-50,3.8248699883909824e-48,0.36363636363636365,0.016656662665066026,0.3469797009712976
small_cluster,20,cluster_20,Lrrc48,14.851116,4.7490754,6.841965127199781e-50,7.286692860467766e-48,0.6363636363636364,0.05312124849939976,0.5832423878642365
small_cluster,20,cluster_20,Plk5,14.822508,4.940054,1.0479794990878141e-49,1.1088975331960799e-47,0.42424242424242425,0.023109243697478993,0.4011331805449453
small_cluster,20,cluster_20,Vwa3a,14.817619,5.125496,1.1270940084910385e-49,1.1849659508500977e-47,0.3939393939393939,0.01995798319327731,0.3739814107461166
small_cluster,20,cluster_20,Syne1,14.775428,5.2918835,2.1101374503385532e-49,2.2043544154778734e-47,0.36363636363636365,0.017106842737094837,0.3465295208992688
small_cluster,20,cluster_20,Spa17,14.749176,4.8827486,3.1144250454872736e-49,3.232891466521315e-47,0.8787878787878788,0.11359543817527011,0.7651924406126087
small_cluster,20,cluster_20,Traf3ip1,14.716807,4.796873,5.028490244595383e-49,5.18693512588735e-47,0.696969696969697,0.06722689075630252,0.6297428062133945
small_cluster,20,cluster_20,1700040L02Rik,14.645425,4.7779026,1.4409815455123033e-48,1.4770961454967054e-46,0.48484848484848486,0.031062424969987994,0.45378605987849685
small_cluster,20,cluster_20,Ankrd66,14.616001,4.884071,2.2206593464289074e-48,2.2621760211664912e-46,0.42424242424242425,0.023709483793517408,0.40053294044890686
small_cluster,20,cluster_20,Ppp1r32,14.552832,4.8033485,5.603476812706912e-48,5.6038184881223215e-46,0.45454545454545453,0.027611044417767107,0.4269344101276874
small_cluster,20,cluster_20,Gm20661,14.549192,5.3949866,5.90968962984007e-48,5.8742314920610296e-46,0.24242424242424243,0.007503001200480192,0.23492124122376223
small_cluster,20,cluster_20,D830044I16Rik,14.516915,4.9338675,9.467625120028199e-48,9.354127686360391e-46,0.42424242424242425,0.024009603841536616,0.40023282040088765
small_cluster,20,cluster_20,Cryaa,14.509088,4.9852915,1.0612209116556547e-47,1.0422206091056523e-45,0.30303030303030304,0.012004801920768308,0.29102550110953473
small_cluster,20,cluster_20,Cfap44,14.475247,4.97753,1.7369950925260087e-47,1.695741459078516e-45,0.3939393939393939,0.020858343337334936,0.373081050602059
small_cluster,20,cluster_20,Iqca,14.407051,4.5514817,4.67240349386334e-47,4.534443177683588e-45,0.48484848484848486,0.03166266506602641,0.4531858197824584
small_cluster,20,cluster_20,Ccdc121,14.403035,4.7512517,4.952041726199592e-47,4.777555079494088e-45,0.36363636363636365,0.017707082833133252,0.3459292808032304
small_cluster,20,cluster_20,Cfap54,14.391938,5.5018454,5.814301948283604e-47,5.576629605485345e-45,0.2727272727272727,0.009903961584633853,0.26282331114263885
small_cluster,20,cluster_20,Lrrc6,14.362251,4.896498,8.927972115064211e-47,8.513236666230705e-45,0.3939393939393939,0.021158463385354143,0.37278093055403977
small_cluster,20,cluster_20,Dnah6,14.344896,4.6427755,1.1467165394697017e-46,1.0871270499330969e-44,0.48484848484848486,0.03226290516206483,0.45258557968642005
small_cluster,20,cluster_20,1700003E16Rik,14.291508,5.2860885,2.47200117941419e-46,2.330074215147823e-44,0.3333333333333333,0.015306122448979591,0.3180272108843537
small_cluster,20,cluster_20,Catip,14.282119,4.745098,2.8286665412889137e-46,2.6510262824959703e-44,0.48484848484848486,0.032713085234093636,0.4521353996143912
small_cluster,20,cluster_20,1700007G11Rik,14.264752,4.6240215,3.628763419918883e-46,3.381553911936909e-44,0.5757575757575758,0.04606842737094838,0.5296891483866274
small_cluster,20,cluster_20,Dnaic2,14.187795,4.5409546,1.0903361329407278e-45,1.010316548946942e-43,0.48484848484848486,0.032863145258103243,0.4519853395903816
small_cluster,20,cluster_20,Wdr19,14.161318,4.837472,1.589849322758759e-45,1.456710544277453e-43,0.48484848484848486,0.033763505402160866,0.451084979446324
small_cluster,20,cluster_20,Ak1,14.161589,4.6843824,1.583732548664933e-45,1.456710544277453e-43,0.6060606060606061,0.05312124849939976,0.5529393575612063
small_cluster,20,cluster_20,Ttc29,14.144758,4.7398996,2.0120571556016442e-45,1.833319411612365e-43,0.3939393939393939,0.02175870348139256,0.37218069045800134
small_cluster,20,cluster_20,4933434E20Rik,14.114211,6.1076226,3.1046975329109736e-45,2.813267637418391e-43,0.9696969696969697,0.17121848739495799,0.7984784823020117
small_cluster,20,cluster_20,Foxj1,14.073501,5.0852757,5.526461726572407e-45,4.980192240522749e-43,0.8787878787878788,0.125750300120048,0.7530375786678307
small_cluster,20,cluster_20,Cdh26,14.066839,4.5467763,6.072371148228453e-45,5.412660826200808e-43,0.5151515151515151,0.03751500600240096,0.47763650914911415
small_cluster,20,cluster_20,1700019L03Rik,13.999587,5.113095,1.5677948141622702e-44,1.3824410079072791e-42,0.3333333333333333,0.015906362545018007,0.31742697078831533
small_cluster,20,cluster_20,S100b,13.982448,5.0822144,1.9950588659311081e-44,1.74978398182546e-42,0.30303030303030304,0.013055222088835534,0.2899750809414675
small_cluster,20,cluster_20,Npl,13.894151,5.044482,6.873367412333304e-44,5.996281857961623e-42,0.24242424242424243,0.008253301320528211,0.23417094110371423
small_cluster,20,cluster_20,Chek2,13.861618,4.5503635,1.0820653293531867e-43,9.389922469164875e-42,0.5454545454545454,0.04426770708283313,0.5011868383717123
small_cluster,20,cluster_20,Gm11992,13.818341,4.697209,1.9757028580598565e-43,1.7054475039494582e-41,0.3939393939393939,0.022809123649459785,0.3711302702899341
small_cluster,20,cluster_20,Cfap70,13.806419,5.004432,2.3313562375040783e-43,2.001914850853633e-41,0.3939393939393939,0.023109243697478993,0.3708301502419149
small_cluster,20,cluster_20,Lhb,13.792258,4.5341487,2.837357700075078e-43,2.423724147861008e-41,0.48484848484848486,0.03466386554621849,0.4501846193022664
small_cluster,20,cluster_20,Hydin,13.736639,4.644424,6.125363088773362e-43,5.205289120153985e-41,0.3939393939393939,0.02295918367346939,0.37098021026592454
small_cluster,20,cluster_20,Rab23,13.721715,4.4730153,7.526393581264803e-43,6.36290624362495e-41,0.48484848484848486,0.035264105642256904,0.44958437920622796
small_cluster,20,cluster_20,Lrrc51,13.676442,5.3886185,1.4039630454925178e-42,1.180840918416553e-40,1.0,0.19492797118847538,0.8050720288115246
small_cluster,20,cluster_20,Fbxo36,13.667665,4.8739185,1.5839753804222364e-42,1.3254479701176072e-40,0.8484848484848485,0.12154861944777912,0.7269362290370693
small_cluster,20,cluster_20,Tekt2,13.64793,4.668564,2.076951677285944e-42,1.729141343104912e-40,0.3333333333333333,0.016506602641056422,0.3168267306922769
small_cluster,20,cluster_20,Ccdc176,13.625067,4.5770693,2.8414943893141354e-42,2.353704519148542e-40,0.48484848484848486,0.03601440576230492,0.44883407908617995
small_cluster,20,cluster_20,Serpinb12,13.605251,4.8031273,3.726828949199358e-42,3.071543798784858e-40,0.45454545454545453,0.03166266506602641,0.42288278947942815
small_cluster,20,cluster_20,Kif6,13.602792,5.096175,3.8543566879881354e-42,3.1607652019846705e-40,0.2727272727272727,0.011104441776710685,0.26162283095056205
small_cluster,20,cluster_20,Pih1d2,13.601831,4.6545653,3.905311500940594e-42,3.1866176083048096e-40,0.6363636363636364,0.06512605042016807,0.5712375859434683
small_cluster,20,cluster_20,Efhc1,13.599581,4.5134287,4.0273653310330296e-42,3.2699415244689466e-40,0.45454545454545453,0.031512605042016806,0.4230328495034377
small_cluster,20,cluster_20,Gm13580,13.59437,5.2163286,4.3246725991797564e-42,3.494037206854541e-40,0.24242424242424243,0.008703481392557022,0.2337207610316854
small_cluster,20,cluster_20,Lrguk,13.579241,4.971655,5.3174529143817395e-42,4.275075747488966e-40,0.2727272727272727,0.011104441776710685,0.26162283095056205
small_cluster,20,cluster_20,Riiad1,13.567607,6.009886,6.232410671763754e-42,4.986232557443772e-40,1.0,0.20858343337334934,0.7914165666266506
small_cluster,20,cluster_20,Vpreb3,13.482526,5.797867,1.9820305319589384e-41,1.5780234346921627e-39,0.9393939393939394,0.17241896758703482,0.7669749718069047
small_cluster,20,cluster_20,Dnajb13,13.469635,4.5218434,2.360311308367816e-41,1.8701191192531668e-39,0.45454545454545453,0.03196278511404562,0.42258266943140893
small_cluster,20,cluster_20,Ccdc181,13.463824,4.898328,2.5534942519590067e-41,2.0134547704990224e-39,0.8181818181818182,0.11914765906362546,0.6990341591181928
small_cluster,20,cluster_20,Smkr-ps,13.323142,5.0879006,1.6980780900640366e-40,1.3325444380449886e-38,0.30303030303030304,0.014405762304921969,0.2886245407253811
small_cluster,20,cluster_20,Ccdc96,13.313122,4.8578663,1.9419485545537564e-40,1.5166618211064838e-38,0.30303030303030304,0.014405762304921969,0.2886245407253811
small_cluster,20,cluster_20,Ly6c1,13.267058,4.5111604,3.5941432436841163e-40,2.793722433159393e-38,0.7272727272727273,0.08838535414165666,0.6388873731310707
small_cluster,20,cluster_20,Saxo2,13.240953,4.570542,5.0898612889849215e-40,3.9376799528604574e-38,0.5151515151515151,0.04351740696278512,0.47163410818873003
small_cluster,20,cluster_20,Dlec1,13.236952,4.921713,5.368378144500312e-40,4.13365117126524e-38,0.36363636363636365,0.021308523409363747,0.3423278402269999
small_cluster,20,cluster_20,Fhl1,13.17602,4.6326246,1.2058642090289048e-39,9.19878088013166e-38,0.5454545454545454,0.04921968787515006,0.49623485757939534
small_cluster,20,cluster_20,Cd177,13.167374,5.0570955,1.3521982424601517e-39,1.0267316377124512e-37,0.2727272727272727,0.011854741896758704,0.260872530830514
small_cluster,20,cluster_20,Ccdc81,13.132834,4.4753613,2.1351181178848276e-39,1.613736048452952e-37,0.36363636363636365,0.021308523409363747,0.3423278402269999
small_cluster,20,cluster_20,Cfap52,13.117216,4.486618,2.623972533809139e-39,1.9741180516974172e-37,0.48484848484848486,0.03841536614645858,0.4464331187020263
small_cluster,20,cluster_20,1700088E04Rik,13.094554,4.6631646,3.537478773414337e-39,2.649232390993997e-37,0.8484848484848485,0.13400360144057624,0.7144812470442723
small_cluster,20,cluster_20,Itpka,13.093087,4.844249,3.60645741804668e-39,2.6886140051537997e-37,0.30303030303030304,0.01485594237695078,0.2881743606533523
small_cluster,20,cluster_20,Rsph9,13.087426,4.635001,3.8855411432685326e-39,2.8835638140609594e-37,0.9393939393939394,0.17256902761104442,0.766824911782895
small_cluster,20,cluster_20,Ift88,13.07549,4.518276,4.546275311937656e-39,3.3587144770761037e-37,0.5454545454545454,0.0508703481392557,0.4945841973152897
small_cluster,20,cluster_20,Dnaaf1,12.986714,4.8080764,1.4554215507376458e-38,1.0704201279662838e-36,0.3333333333333333,0.01845738295318127,0.31487595038015204
small_cluster,20,cluster_20,Dnaaf3,12.925022,4.420373,3.2520457450340906e-38,2.3811072439421483e-36,0.48484848484848486,0.03976590636254502,0.44508257848593985
small_cluster,20,cluster_20,D630024D03Rik,12.862049,4.6354976,7.359966921017308e-38,5.341186613787826e-36,0.3939393939393939,0.026410564225690276,0.36752882971370365
small_cluster,20,cluster_20,Spata24,12.847654,4.6265063,8.86581845886833e-38,6.405651477704823e-36,0.6060606060606061,0.06602641056422569,0.5400341954963804
small_cluster,20,cluster_20,1700029J07Rik,12.829394,4.201415,1.1223832479560587e-37,8.038518624335074e-36,0.48484848484848486,0.03991596638655462,0.44493251846193027
small_cluster,20,cluster_20,Ubxn10,12.77344,4.5061827,2.307267034562007e-37,1.64528202755876e-35,0.6060606060606061,0.06602641056422569,0.5400341954963804
small_cluster,20,cluster_20,Tmem232,12.771067,4.734371,2.37871439535895e-37,1.6888872207048545e-35,0.36363636363636365,0.02265906362545018,0.3409773000109135
small_cluster,20,cluster_20,Spef2,12.697368,4.335563,6.1152294201065e-37,4.323098177550289e-35,0.3333333333333333,0.018907563025210083,0.31442577030812324
small_cluster,20,cluster_20,Ppil6,12.695134,4.2967134,6.292187196870828e-37,4.429105674501221e-35,0.696969696969697,0.08928571428571429,0.6076839826839827
small_cluster,20,cluster_20,Ampd1,12.65738,5.0610747,1.0184107624550705e-36,7.138014920951116e-35,0.2727272727272727,0.01290516206482593,0.25982211066244676
small_cluster,20,cluster_20,Lrrc34,12.639342,4.291877,1.2812183334181561e-36,8.941813568677097e-35,0.42424242424242425,0.031212484993997598,0.39302993924842666
small_cluster,20,cluster_20,RP23-356N23.5,12.54089,4.6635566,4.45959409391109e-36,3.0992289294167704e-34,0.30303030303030304,0.016206482593037214,0.28682382043726584
small_cluster,20,cluster_20,Spag16,12.540296,4.679041,4.493153963982596e-36,3.1093762938092215e-34,0.30303030303030304,0.016206482593037214,0.28682382043726584
small_cluster,20,cluster_20,Cfap61,12.53693,5.1978774,4.688094407055199e-36,3.230648586979509e-34,0.24242424242424243,0.010354141656662664,0.23207010076757978
small_cluster,20,cluster_20,Dnah10,12.506982,4.704685,6.837281176668369e-36,4.691976927972298e-34,0.36363636363636365,0.023859543817527012,0.3397768198188366
small_cluster,20,cluster_20,Ttc39a,12.48018,4.4037023,9.57699483350663e-36,6.517522500595113e-34,0.7272727272727273,0.10414165666266506,0.6231310706100622
small_cluster,20,cluster_20,Enkur,12.472927,4.2906747,1.0490039779026293e-35,7.109386050240093e-34,0.5454545454545454,0.053871548619447776,0.49158299683509765
small_cluster,20,cluster_20,Dnah9,12.43443,4.500385,1.6994747005170778e-35,1.1470405170033165e-33,0.3939393939393939,0.02806122448979592,0.365878169449598
small_cluster,20,cluster_20,Bbox1,12.433664,4.537239,1.7158440718542492e-35,1.1533425664951452e-33,0.2727272727272727,0.013205282112845138,0.25952199061442754
small_cluster,20,cluster_20,Ccdc30,12.420005,4.3952045,2.0354997051726152e-35,1.3626216597769822e-33,0.42424242424242425,0.032713085234093636,0.39152933900833065
small_cluster,20,cluster_20,Acot1,12.407088,4.4329276,2.391947144520806e-35,1.5947286633042985e-33,0.696969696969697,0.09483793517406963,0.6021317617956274
small_cluster,20,cluster_20,Pcp4l1,12.386246,4.533914,3.1022932712084214e-35,2.0599478518659642e-33,0.45454545454545453,0.03751500600240096,0.4170304485430536
small_cluster,20,cluster_20,Dnah11,12.358802,5.0308695,4.366176323121712e-35,2.8874862046580324e-33,0.24242424242424243,0.010654261704681874,0.23176998071956056
small_cluster,20,cluster_20,Lrrc36,12.356206,4.5460978,4.5094467279654326e-35,2.9702584652755447e-33,0.36363636363636365,0.02415966386554622,0.3394766997708174
small_cluster,20,cluster_20,Tsnaxip1,12.32743,4.8881745,6.44705042573554e-35,4.2295229612995435e-33,0.24242424242424243,0.010654261704681874,0.23176998071956056
small_cluster,20,cluster_20,Serpina9,12.245984,4.2829847,1.7652181848168113e-34,1.1455634582683139e-32,0.5454545454545454,0.055972388955582236,0.4894821564989632
small_cluster,20,cluster_20,March4,12.243334,4.5244255,1.823840486552152e-34,1.1776695992103087e-32,0.30303030303030304,0.016956782713085233,0.2860735203172178
small_cluster,20,cluster_20,Styxl1,12.185648,5.0585394,3.7069679684670585e-34,2.3749211582354775e-32,0.24242424242424243,0.010954381752701081,0.23146986067154135
small_cluster,20,cluster_20,Ift22,12.146879,4.0862885,5.959712238909355e-34,3.8033167482627367e-32,0.9090909090909091,0.18967587034813926,0.7194150387427698
small_cluster,20,cluster_20,Aldh3b1,12.106544,4.5323653,9.751781356732635e-34,6.175249653736368e-32,0.8787878787878788,0.1752701080432173,0.7035177707446615
small_cluster,20,cluster_20,Plcb3,12.09884,4.2068005,1.071138160847714e-33,6.756821913870522e-32,0.696969696969697,0.09798919567827132,0.5989805012914257
small_cluster,20,cluster_20,Psmc3ip,12.061327,4.5264416,1.6903802264215437e-33,1.062219390557078e-31,0.45454545454545453,0.040366146458583434,0.4141793080868711
small_cluster,20,cluster_20,Stoml3,12.055868,5.4017396,1.8061847875745388e-33,1.130657889351527e-31,0.21212121212121213,0.008553421368547419,0.2035677907526647
small_cluster,20,cluster_20,Spata18,12.048592,4.7544265,1.9729223492797403e-33,1.2303383821496967e-31,0.2727272727272727,0.014255702280912365,0.2584715704463603
small_cluster,20,cluster_20,Ulk4,12.030093,4.5237875,2.4688295728012924e-33,1.5337603721028027e-31,0.3939393939393939,0.030012004801920768,0.36392738913747313
small_cluster,20,cluster_20,Arhgap18,11.943286,4.610456,7.038668588140239e-33,4.356271830720304e-31,0.45454545454545453,0.04141656662665066,0.41312888791880387
small_cluster,20,cluster_20,Iqub,11.916552,4.7217536,9.704236239200487e-33,5.983427765380722e-31,0.24242424242424243,0.011404561824729893,0.23101968059951253
small_cluster,20,cluster_20,AU040972,11.884196,6.9537206,1.4300316545016925e-32,8.751473569209798e-31,1.0,0.2852641056422569,0.7147358943577431
small_cluster,20,cluster_20,Basp1,11.864658,5.0122743,1.8063840646660436e-32,1.0972779646143623e-30,0.9696969696969697,0.2650060024009604,0.7046909672960093
small_cluster,20,cluster_20,Fhit,11.838153,4.108275,2.4785130490105067e-32,1.5000034139048459e-30,0.48484848484848486,0.0468187274909964,0.43802975735748845
small_cluster,20,cluster_20,Wdr60,11.830418,4.333436,2.717856248778483e-32,1.638807365302055e-30,0.5151515151515151,0.054171668667466984,0.46097984648404816
small_cluster,20,cluster_20,Adig,11.798441,4.486836,3.9761129748640334e-32,2.3887263333606232e-30,0.45454545454545453,0.04216686674669868,0.41237858779875586
small_cluster,20,cluster_20,Ckb,11.749863,4.209577,7.073373898208638e-32,4.2339563979751776e-30,0.5757575757575758,0.06677671068427371,0.5089808650733021
small_cluster,20,cluster_20,Ift43,11.695896,4.255848,1.3376704214855326e-31,7.977866393739716e-30,0.9696969696969697,0.2534513805522209,0.7162455891447488
small_cluster,20,cluster_20,Eno4,11.665207,4.6184707,1.9193566209616629e-31,1.1364392758264345e-29,0.3333333333333333,0.022809123649459785,0.3105242096838735
small_cluster,20,cluster_20,Chchd6,11.547291,4.5015917,7.618426743169404e-31,4.462493464811478e-29,0.9696969696969697,0.2707082833133253,0.6989886863836444
small_cluster,20,cluster_20,Dnaic1,11.511614,4.6688046,1.1529978245468074e-30,6.705786283827018e-29,0.2727272727272727,0.015606242496998799,0.2571210302302739
small_cluster,20,cluster_20,Trp53bp2,11.468191,4.1857834,1.906018723689433e-30,1.1046153034357027e-28,0.7272727272727273,0.11944777911164466,0.6078249481610827
small_cluster,20,cluster_20,Cald1,11.458623,4.4083195,2.128727033256289e-30,1.2250263885065402e-28,0.3333333333333333,0.0234093637454982,0.30992396958783514
small_cluster,20,cluster_20,Csrp2,11.452795,4.018667,2.2768406109929028e-30,1.3056805196116992e-28,0.8787878787878788,0.18472388955582233,0.6940639892320565
small_cluster,20,cluster_20,4931406C07Rik,11.426655,4.0408745,3.0773589746855086e-30,1.7585980677288162e-28,0.7878787878787878,0.1482593037214886,0.6396194841572993
small_cluster,20,cluster_20,Wfdc3,11.409385,5.062118,3.753733622890461e-30,2.1347532130522875e-28,0.24242424242424243,0.012605042016806723,0.2298192004074357
small_cluster,20,cluster_20,Adam8,11.409203,3.8739903,3.761622331395105e-30,2.1347532130522875e-28,0.5151515151515151,0.054921968787515006,0.46022954636400015
small_cluster,20,cluster_20,Mycbpap,11.341908,4.43651,8.135105548153986e-30,4.600822968802536e-28,0.3939393939393939,0.034063625450180074,0.3598757684892139
small_cluster,20,cluster_20,Tbata,11.328108,4.349959,9.523987044370616e-30,5.367797646554036e-28,0.30303030303030304,0.019807923169267706,0.2832223798610353
small_cluster,20,cluster_20,Serpine2,11.320156,3.9739835,1.042860941102179e-29,5.857521333909875e-28,0.48484848484848486,0.05042016806722689,0.434428316781258
small_cluster,20,cluster_20,Odf2,11.277758,4.2482643,1.6899890686665114e-29,9.459901267986162e-28,0.5454545454545454,0.06707683073229291,0.4783777147222525
small_cluster,20,cluster_20,Ccdc138,11.2574835,4.7500305,2.127483722000232e-29,1.1868319906301292e-27,0.21212121212121213,0.009753901560624249,0.20236731056058788
small_cluster,20,cluster_20,Ttc25,11.165083,3.8694103,6.0434998405235e-29,3.359981046929692e-27,0.36363636363636365,0.028661464585834334,0.3349748990505293
small_cluster,20,cluster_20,Acox2,11.095165,4.4329934,1.3241509122855476e-28,7.336959159592995e-27,0.48484848484848486,0.054921968787515006,0.4299265160609699
small_cluster,20,cluster_20,Ccdc67,11.087533,4.5360527,1.4421031351341637e-28,7.963613979574215e-27,0.21212121212121213,0.010054021608643457,0.20206719051256866
small_cluster,20,cluster_20,Wnt11,11.0362,3.9943187,2.556169514409121e-28,1.4068367854303355e-26,0.36363636363636365,0.029561824729891956,0.3340745389064717
small_cluster,20,cluster_20,Fsip1,11.007005,4.524587,3.535650646155721e-28,1.9394048912240793e-26,0.24242424242424243,0.013355342136854742,0.2290689002873877
small_cluster,20,cluster_20,Cep83,10.997802,4.074537,3.9156054052686307e-28,2.1406614750603604e-26,0.48484848484848486,0.0546218487394958,0.43022663610898904
small_cluster,20,cluster_20,Ccpg1os,10.907764,4.1461535,1.0582667107299699e-27,5.76632303079144e-26,0.8484848484848485,0.20093037214885953,0.647554476335989
small_cluster,20,cluster_20,B3gnt4,10.897258,4.8815355,1.1878360807494771e-27,6.450893894162972e-26,0.21212121212121213,0.01050420168067227,0.20161701044053987
small_cluster,20,cluster_20,Antxr2,10.886693,4.808493,1.3339707430398316e-27,7.220611932870059e-26,0.24242424242424243,0.013805522208883553,0.22861872021535887
small_cluster,20,cluster_20,Trp73,10.735914,4.682699,6.903246029583425e-27,3.6759785107531737e-25,0.21212121212121213,0.010804321728691477,0.20131689039252065
small_cluster,20,cluster_20,Kbtbd11,10.719689,4.40985,8.227961269987188e-27,4.367210122623297e-25,0.42424242424242425,0.04426770708283313,0.37997471715959114
small_cluster,20,cluster_20,4930404N11Rik,10.718574,4.177233,8.327734877544125e-27,4.405909023438748e-25,0.36363636363636365,0.03181272509003601,0.3318236385463276
small_cluster,20,cluster_20,Wdr95,10.710631,4.372807,9.07409006978869e-27,4.785342483427791e-25,0.24242424242424243,0.014105642256902761,0.22831860016733968
small_cluster,20,cluster_20,Dzip1l,10.6176,4.532562,2.4682369685006393e-26,1.2810618519107274e-24,0.21212121212121213,0.010954381752701081,0.20116683036851105
small_cluster,20,cluster_20,Mycbp,10.564652,4.106972,4.34574785407843e-26,2.2343138104934274e-24,0.7878787878787878,0.1826230492196879,0.6052557386591
small_cluster,20,cluster_20,Plet1,10.528035,3.9960308,6.415951795295087e-26,3.288375793582335e-24,0.8787878787878788,0.22509003601440578,0.653697842773473
small_cluster,20,cluster_20,Dpcd,10.522175,3.983031,6.827918556142306e-26,3.488619695928036e-24,1.0,0.40741296518607445,0.5925870348139255
small_cluster,20,cluster_20,Cfap69,10.519123,4.1456313,7.052719171285374e-26,3.592287177896007e-24,0.36363636363636365,0.032713085234093636,0.33092327840227
small_cluster,20,cluster_20,Oscp1,10.456987,3.7110622,1.3611495612371308e-25,6.911521347941233e-24,0.5454545454545454,0.07382953181272509,0.4716250136418203
small_cluster,20,cluster_20,Akap14,10.4488735,4.4073772,1.4827649097158055e-25,7.505810890200286e-24,0.2727272727272727,0.01875750300120048,0.2539697697260722
small_cluster,20,cluster_20,Wdr54,10.435541,4.1148305,1.7063917569885381e-25,8.611240371190466e-24,0.3333333333333333,0.027911164465786314,0.30542216886754703
small_cluster,20,cluster_20,Morn1,10.429926,4.044644,1.8102948552059462e-25,9.107560098230896e-24,0.3939393939393939,0.039315726290516204,0.3546236676488777
small_cluster,20,cluster_20,Etnk1,10.423986,3.912897,1.9270276769463035e-25,9.66519294483068e-24,0.6060606060606061,0.09603841536614646,0.5100221906944596
small_cluster,20,cluster_20,Prr18,10.404157,4.898916,2.3734888801501136e-25,1.1868168025409151e-23,0.21212121212121213,0.011554621848739496,0.20056659027247264
small_cluster,20,cluster_20,Rabl2,10.324227,3.7733607,5.475810419217172e-25,2.7297497472820924e-23,0.696969696969697,0.13175270108043216,0.5652169958892649
small_cluster,20,cluster_20,Spag6,10.296192,3.9235702,7.330586633631307e-25,3.6433015569147596e-23,0.3939393939393939,0.03961584633853541,0.3543235476008585
small_cluster,20,cluster_20,Erich3,10.273826,4.872672,9.246326266383897e-25,4.5677408763542855e-23,0.21212121212121213,0.011854741896758704,0.20026647022445343
small_cluster,20,cluster_20,Kcnmb1,10.191322,4.239781,2.1679543681795983e-24,1.0645694488776524e-22,0.24242424242424243,0.015456182472989195,0.22696805995125324
small_cluster,20,cluster_20,Mfsd6l,10.188542,4.431171,2.2308325075656566e-24,1.0921756404950548e-22,0.24242424242424243,0.015606242496998799,0.22681799992724364
small_cluster,20,cluster_20,Tuba1a,10.16435,5.2121234,2.860235272180221e-24,1.3961523422329704e-22,1.0,0.4500300120048019,0.549969987995198
small_cluster,20,cluster_20,Tbcel,10.157067,3.8677044,3.082072234854604e-24,1.495534518457111e-22,0.6060606060606061,0.10204081632653061,0.5040197897340755
small_cluster,20,cluster_20,Slc24a4,10.156176,4.307811,3.1103834771963348e-24,1.5048200415780851e-22,0.2727272727272727,0.019807923169267706,0.252919349558005
small_cluster,20,cluster_20,Elof1,10.134198,5.061428,3.895546826384643e-24,1.8791430441039567e-22,1.0,0.5631752701080432,0.43682472989195675
small_cluster,20,cluster_20,Tppp3,10.127437,5.3371778,4.1744943011544165e-24,2.0019263460009822e-22,1.0,0.5418667466986795,0.4581332533013205
small_cluster,20,cluster_20,Lrrc73,10.084067,4.270876,6.4979140379745355e-24,3.080123934590184e-22,0.3333333333333333,0.03016206482593037,0.30317126850740295
small_cluster,20,cluster_20,Mak,10.076481,4.672206,7.019531832946051e-24,3.317790823981216e-22,0.2727272727272727,0.02040816326530612,0.25231910946196656
small_cluster,20,cluster_20,Stk33,10.057284,4.001219,8.531906265828819e-24,4.021028582352254e-22,0.3333333333333333,0.03016206482593037,0.30317126850740295
small_cluster,20,cluster_20,Ccdc60,10.02234,4.2896786,1.2159021101479395e-23,5.697717288153245e-22,0.24242424242424243,0.01605642256902761,0.2263678198552148
small_cluster,20,cluster_20,Gas8,10.006066,3.5695732,1.433396033688842e-23,6.69775736425376e-22,0.5757575757575758,0.09108643457382953,0.48467114118374627
small_cluster,20,cluster_20,Tex26,9.977599,4.2972074,1.910337681827873e-23,8.703180088794153e-22,0.24242424242424243,0.016206482593037214,0.2262177598312052
small_cluster,20,cluster_20,Dync2li1,9.977624,3.8408556,1.909848111993378e-23,8.703180088794153e-22,0.7878787878787878,0.19852941176470587,0.589349376114082
small_cluster,20,cluster_20,Casc1,9.970234,4.2674694,2.0574353885274208e-23,9.3473678136394e-22,0.2727272727272727,0.020558223289315725,0.252169049437957
small_cluster,20,cluster_20,Efcab2,9.954218,3.8879657,2.4171555337014834e-23,1.0951317101723213e-21,0.3333333333333333,0.03046218487394958,0.30287114845938373
small_cluster,20,cluster_20,Gm15728,9.942172,4.2163835,2.728132984653786e-23,1.2326200848844834e-21,0.30303030303030304,0.025510204081632654,0.27752009894867036
small_cluster,20,cluster_20,Ctsk,9.9360285,4.451237,2.901650547775838e-23,1.3074167756613054e-21,0.2727272727272727,0.020858343337334936,0.25186892938993777
small_cluster,20,cluster_20,Zfp474,9.9147625,4.662353,3.591079330116656e-23,1.6092156309629311e-21,0.24242424242424243,0.016506602641056422,0.22591763978318602
small_cluster,20,cluster_20,Plin5,9.913142,4.2588005,3.6498208793843715e-23,1.6222415241946634e-21,0.24242424242424243,0.016356542617046818,0.2260676998071956
small_cluster,20,cluster_20,Dmwd,9.894071,4.5958376,4.416921165891354e-23,1.9578898389671376e-21,0.24242424242424243,0.016656662665066026,0.2257675797591764
small_cluster,20,cluster_20,Ccdc102a,9.870864,4.1437654,5.568295907527254e-23,2.4616070398747843e-21,0.2727272727272727,0.02070828331332533,0.2520189894139474
small_cluster,20,cluster_20,Efcab1,9.843115,3.603179,7.3402666143233e-23,3.2275526204159906e-21,0.36363636363636365,0.03586434573829532,0.3277720178980683
small_cluster,20,cluster_20,1700037C18Rik,9.828301,3.7902153,8.504123191413601e-23,3.7293081407052e-21,0.5454545454545454,0.08643457382953182,0.4590199716250136
small_cluster,20,cluster_20,Plekhb1,9.819172,3.6921315,9.310531374908297e-23,4.072054002129893e-21,0.5454545454545454,0.08418367346938775,0.46127087198515765
small_cluster,20,cluster_20,Ift74,9.7621565,3.6257803,1.6363767255472344e-22,7.100056792513277e-21,0.6060606060606061,0.10804321728691477,0.4980173887736913
small_cluster,20,cluster_20,Metrn,9.754268,4.1585813,1.768722910822487e-22,7.63390117378937e-21,0.3333333333333333,0.03226290516206483,0.3010704281712685
small_cluster,20,cluster_20,Cd24a,9.727693,4.419452,2.297442158300204e-22,9.863965664471637e-21,1.0,0.6715186074429772,0.3284813925570228
small_cluster,20,cluster_20,Rsph14,9.697665,4.3032565,3.0847592868350054e-22,1.3107030327300756e-20,0.2727272727272727,0.02175870348139256,0.2509685692458801
small_cluster,20,cluster_20,9530053A07Rik,9.682926,3.776518,3.5636759663979973e-22,1.5102803494804536e-20,0.5151515151515151,0.07803121248499399,0.43712030266652113
small_cluster,20,cluster_20,Rsph10b,9.648245,4.172983,5.0004323110423995e-22,2.1082799571569767e-20,0.24242424242424243,0.01725690276110444,0.22516733966313798
small_cluster,20,cluster_20,Chchd10,9.647204,4.322201,5.051399685801273e-22,2.1243078524827355e-20,1.0,0.6797719087635054,0.32022809123649465
small_cluster,20,cluster_20,Klk11,9.592239,3.7984085,8.619381486094057e-22,3.606287646771138e-20,0.36363636363636365,0.038865546218487396,0.3247708174178763
small_cluster,20,cluster_20,Gm166,9.581841,3.8106432,9.53298597134454e-22,3.9682868760411624e-20,0.6363636363636364,0.12590036014405762,0.5104632762195788
small_cluster,20,cluster_20,Iqck,9.55627,3.9368699,1.2207790777354536e-21,5.056060013621004e-20,0.3333333333333333,0.033013205282112844,0.3003201280512205
small_cluster,20,cluster_20,Cystm1,9.553196,3.5438812,1.2575570418161839e-21,5.1952627311907386e-20,1.0,0.5169567827130852,0.4830432172869148
small_cluster,20,cluster_20,Lrrc56,9.475152,4.1985054,2.663734933634041e-21,1.0921979161632976e-19,0.30303030303030304,0.02806122448979592,0.2749690785405071
small_cluster,20,cluster_20,Bok,9.4714155,3.3377554,2.760767073420507e-21,1.1291606177349062e-19,0.7575757575757576,0.17346938775510204,0.5841063698206556
small_cluster,20,cluster_20,2300005B03Rik,9.423196,4.0515847,4.375645726269652e-21,1.7851981481728496e-19,0.2727272727272727,0.02265906362545018,0.25006820910182254
small_cluster,20,cluster_20,Kif19a,9.407138,3.8831894,5.098315996662652e-21,2.069739620328321e-19,0.36363636363636365,0.040366146458583434,0.3232702171777802
small_cluster,20,cluster_20,Mdh1b,9.332005,4.428515,1.0388754936920175e-20,4.207060980751303e-19,0.24242424242424243,0.018607442977190875,0.22381679944705155
small_cluster,20,cluster_20,Nudc,9.326779,3.081523,1.0913625811183641e-20,4.408728495793667e-19,1.0,0.5124549819927972,0.48754501800720285
small_cluster,20,cluster_20,Dydc2,9.311079,3.9442587,1.2653963737965962e-20,5.086707334960287e-19,0.24242424242424243,0.018307322929171668,0.22411691949507076
small_cluster,20,cluster_20,Cmbl,9.269626,3.351371,1.8680101331055303e-20,7.436221891520341e-19,0.7575757575757576,0.1946278511404562,0.5629479064353013
small_cluster,20,cluster_20,Pltp,9.254037,3.3052268,2.1616981708629135e-20,8.584506464969163e-19,0.7272727272727273,0.16431572629051622,0.5629570009822111
small_cluster,20,cluster_20,Pibf1,9.228362,3.8711617,2.748017597579624e-20,1.086029798021769e-18,0.2727272727272727,0.023559423769507804,0.2491678489577649
small_cluster,20,cluster_20,Fam179a,9.228614,3.5479994,2.7415576709298385e-20,1.086029798021769e-18,0.36363636363636365,0.04096638655462185,0.3226699770817418
small_cluster,20,cluster_20,Cetn2,9.198261,3.301381,3.637875188163258e-20,1.430810334797736e-18,0.8787878787878788,0.32863145258103243,0.5501564262068463
small_cluster,20,cluster_20,Wdr78,9.190826,3.8908064,3.89833905539433e-20,1.5259345786998186e-18,0.30303030303030304,0.029411764705882353,0.2736185383244207
small_cluster,20,cluster_20,Fam216a,9.165171,3.544817,4.946877887233186e-20,1.9271673213423156e-18,0.6363636363636364,0.13385354141656663,0.5025100949470698
small_cluster,20,cluster_20,Ropn1l,9.164415,3.8226435,4.981646402773241e-20,1.9361133329830317e-18,0.36363636363636365,0.04246698679471789,0.32116937684164576
small_cluster,20,cluster_20,Ift57,9.1511755,3.526821,5.631710931619681e-20,2.183586075401759e-18,0.696969696969697,0.1715186074429772,0.5254510895267198
small_cluster,20,cluster_20,4430402I18Rik,9.145159,3.9079423,5.954256294154399e-20,2.297782528951207e-18,0.3333333333333333,0.03601440576230492,0.2973189275710284
small_cluster,20,cluster_20,Jam3,9.141995,3.8050368,6.13102494764894e-20,2.354916631531388e-18,0.2727272727272727,0.023859543817527012,0.2488677289097457
small_cluster,20,cluster_20,Cfap20,9.1335335,3.1895251,6.629922041046586e-20,2.5405923223178753e-18,0.9090909090909091,0.37439975990396157,0.5346911491869475
small_cluster,20,cluster_20,Cds1,9.09294,3.609419,9.639598431349003e-20,3.6767221830826745e-18,0.45454545454545453,0.0663265306122449,0.3882189239332096
small_cluster,20,cluster_20,Ttll3,9.085148,4.4077754,1.0355800353851801e-19,3.940730431636274e-18,0.24242424242424243,0.019507803121248498,0.22291643930299393
small_cluster,20,cluster_20,Supt20,9.073979,3.451115,1.147479385986395e-19,4.346376307058398e-18,0.5757575757575758,0.11074429771908763,0.4650132780384882
small_cluster,20,cluster_20,Rfx3,9.052711,4.034126,1.394629377488067e-19,5.2461734908673824e-18,0.2727272727272727,0.02460984393757503,0.24811742878969767
small_cluster,20,cluster_20,Dnal1,9.043465,4.0017896,1.517829515502324e-19,5.683543809076168e-18,0.30303030303030304,0.03046218487394958,0.27256811815635346
small_cluster,20,cluster_20,Rsph4a,9.039665,3.9614434,1.5715255994819638e-19,5.871205320524758e-18,0.24242424242424243,0.019507803121248498,0.22291643930299393
small_cluster,20,cluster_20,Lpcat4,8.991939,3.5398378,2.4290814796096738e-19,9.013431073999606e-18,0.5454545454545454,0.1014405762304922,0.44401396922405323
small_cluster,20,cluster_20,Hspa4l,8.969979,3.3146918,2.9657017449305435e-19,1.0979791042574682e-17,0.6666666666666666,0.1490096038415366,0.51765706282513
small_cluster,20,cluster_20,Setd4,8.935429,4.0578856,4.056025277204294e-19,1.4982628507078296e-17,0.36363636363636365,0.045168067226890755,0.3184682964094729
small_cluster,20,cluster_20,Hipk1,8.920397,3.38732,4.646188458521291e-19,1.7124075709709595e-17,0.6666666666666666,0.16191476590636256,0.5047519007603041
small_cluster,20,cluster_20,Arl3,8.905809,3.2015586,5.299803644618272e-19,1.948925551017585e-17,0.9090909090909091,0.4141656662665066,0.4949252428244025
small_cluster,20,cluster_20,Mrps17,8.900729,3.1913488,5.548098412700835e-19,2.0356680551835884e-17,0.9090909090909091,0.3713985594237695,0.5376923496671395
small_cluster,20,cluster_20,Arhgef28,8.892432,3.0582228,5.978584680694151e-19,2.1887224854478743e-17,0.6666666666666666,0.148859543817527,0.5178071228491397
small_cluster,20,cluster_20,Ramp1,8.887136,3.0616465,6.270373577441835e-19,2.290432005425914e-17,0.9090909090909091,0.3370348139255702,0.5720560951653388
small_cluster,20,cluster_20,Flt3l,8.878893,3.790868,6.752882669928082e-19,2.4612006370997883e-17,0.3939393939393939,0.052671068427370946,0.34126832551202296
small_cluster,20,cluster_20,Kif9,8.871332,3.8413155,7.227597580627926e-19,2.628377559199082e-17,0.2727272727272727,0.02536014405762305,0.24736712866964966
small_cluster,20,cluster_20,Abhd3,8.85859,3.944696,8.103267971231154e-19,2.940303053012437e-17,0.36363636363636365,0.04591836734693878,0.3177179962894249
small_cluster,20,cluster_20,Rfc2,8.855887,3.1319928,8.30209545648328e-19,3.0057984013638474e-17,0.7575757575757576,0.20588235294117646,0.5516934046345812
small_cluster,20,cluster_20,Bbs7,8.825308,4.0623827,1.091593213824065e-18,3.917553676133149e-17,0.24242424242424243,0.02040816326530612,0.2220160791589363
small_cluster,20,cluster_20,Lztfl1,8.783003,3.0430703,1.5916735945514473e-18,5.601939618935255e-17,0.6666666666666666,0.14960984393757504,0.5170568227290916
small_cluster,20,cluster_20,Gm5617,8.779129,3.1494334,1.6474535206153533e-18,5.785842653450195e-17,0.7272727272727273,0.19297719087635054,0.5342955363963767
small_cluster,20,cluster_20,Fhl2,8.769465,3.495995,1.7951692052425925e-18,6.277733504303573e-17,0.48484848484848486,0.08073229291716687,0.404116191931318
small_cluster,20,cluster_20,Tctex1d2,8.760086,3.5049217,1.951009918649908e-18,6.808194399101518e-17,0.6363636363636364,0.15336134453781514,0.4830022918258212
small_cluster,20,cluster_20,Ifi35,8.758687,3.2900398,1.9753830520760037e-18,6.878610920827715e-17,0.9090909090909091,0.3994597839135654,0.5096311251773437
small_cluster,20,cluster_20,Nat9,8.755952,3.3692777,2.0238885227207028e-18,7.032583826513187e-17,0.7272727272727273,0.20483193277310924,0.5224407944996181
small_cluster,20,cluster_20,Lrrc46,8.7430725,3.9036636,2.2685430620621e-18,7.86604117566184e-17,0.30303030303030304,0.03226290516206483,0.2707673978682382
small_cluster,20,cluster_20,Ift46,8.728197,3.4076612,2.5876419664231427e-18,8.953568753440077e-17,0.6060606060606061,0.13355342136854742,0.47250718469205866
small_cluster,20,cluster_20,Capsl,8.700564,3.5136564,3.3023738728863563e-18,1.1402575555622975e-16,0.8787878787878788,0.36944777911164467,0.5093400996762341
small_cluster,20,cluster_20,Smim22,8.699904,2.853002,3.3216507732888834e-18,1.1445040826199784e-16,0.9393939393939394,0.4902460984393758,0.44914784095456367
small_cluster,20,cluster_20,Uhrf1bp1,8.669038,4.281919,4.357868370672557e-18,1.4983941121048346e-16,0.24242424242424243,0.021308523409363747,0.2211157190148787
small_cluster,20,cluster_20,Mcee,8.666803,3.0312474,4.4442315727775675e-18,1.5248920925758344e-16,0.8787878787878788,0.36914765906362546,0.5096402197242533
small_cluster,20,cluster_20,Wdr66,8.659944,3.7284458,4.719959718586904e-18,1.6127512363446629e-16,0.24242424242424243,0.020858343337334936,0.2215658990869075
small_cluster,20,cluster_20,Dpy30,8.650885,2.8006947,5.1101736096646e-18,1.7424523362184845e-16,0.9696969696969697,0.5022509003601441,0.46744606933682564
small_cluster,20,cluster_20,Spire2,8.571383,3.758061,1.0224907133356565e-17,3.443505172365113e-16,0.3333333333333333,0.040516206482593034,0.2928171268507403
small_cluster,20,cluster_20,Dnajc15,8.5402565,3.3484712,1.3392429507942182e-17,4.491804424534964e-16,0.7878787878787878,0.27190876350540216,0.5159700243733857
small_cluster,20,cluster_20,B9d1,8.5089245,3.2848969,1.7555446953315155e-17,5.852172469132558e-16,0.7878787878787878,0.2732593037214886,0.5146194841572993
small_cluster,20,cluster_20,Cyfip2,8.505897,3.844841,1.80197300220491e-17,5.994758460276416e-16,0.45454545454545453,0.07863145258103241,0.37591400196442215
small_cluster,20,cluster_20,Ccdc37,8.490925,3.51697,2.0499841331897198e-17,6.806030317498906e-16,0.30303030303030304,0.03331332533013205,0.269716977700171
small_cluster,20,cluster_20,Tcea3,8.478555,3.1271138,2.280085297079597e-17,7.539451402702111e-16,0.7575757575757576,0.24444777911164467,0.513127978464113
small_cluster,20,cluster_20,Fgd2,8.454956,3.9711924,2.7919156782708756e-17,9.21332173829389e-16,0.24242424242424243,0.02220888355342137,0.22021535887082105
small_cluster,20,cluster_20,Map1b,8.446392,3.7689986,3.0044292069720966e-17,9.874878441593058e-16,0.30303030303030304,0.034213685474189674,0.26881661755611336
small_cluster,20,cluster_20,Tmem107,8.41616,3.4875562,3.8902800528085235e-17,1.2735425777667185e-15,0.7878787878787878,0.27956182472989194,0.508316963148896
small_cluster,20,cluster_20,Ccdc103,8.390694,4.243311,4.8328024528868336e-17,1.5633686988125634e-15,0.24242424242424243,0.022809123649459785,0.21961511877478265
small_cluster,20,cluster_20,Swi5,8.373019,2.3409972,5.616049489413586e-17,1.8060554446249456e-15,1.0,0.7819627851140456,0.2180372148859544
small_cluster,20,cluster_20,Crip1,8.355586,3.309402,6.51088711329801e-17,2.0897271926653747e-15,1.0,0.7759603841536614,0.22403961584633858
small_cluster,20,cluster_20,BC022687,8.351313,3.4560814,6.750846472729446e-17,2.1625123632663213e-15,0.48484848484848486,0.0894357743097239,0.395412710538761
small_cluster,20,cluster_20,Fam149a,8.3199625,3.7591624,8.799103009547883e-17,2.8022153098950453e-15,0.30303030303030304,0.035264105642256904,0.26776619738804613
small_cluster,20,cluster_20,Phtf1,8.24675,3.4261885,1.6276122765214662e-16,5.1434429570767955e-15,0.3939393939393939,0.05912364945978391,0.33481574447961
small_cluster,20,cluster_20,Nek5,8.185311,3.698851,2.7160095580283217e-16,8.549956384111805e-15,0.3333333333333333,0.043967587034813925,0.2893657462985194
small_cluster,20,cluster_20,Acot13,8.18107,2.9619334,2.8133355524750085e-16,8.839370957115443e-15,0.8181818181818182,0.3187274909963986,0.49945432718541966
small_cluster,20,cluster_20,Scrn1,8.157259,3.6204507,3.427122747570604e-16,1.0747273457534507e-14,0.24242424242424243,0.023259303721488597,0.21916493870275383
small_cluster,20,cluster_20,Sec14l3,8.146319,3.239065,3.7516861322511413e-16,1.1742634399818887e-14,0.8787878787878788,0.4677370948379352,0.4110507839499436
small_cluster,20,cluster_20,Naaa,8.130744,3.3684566,4.2666358213396954e-16,1.327838597832872e-14,0.42424242424242425,0.07082833133253301,0.35341409290989123
small_cluster,20,cluster_20,Med31,8.073769,2.973918,6.816111498020449e-16,2.0666178718280317e-14,0.7575757575757576,0.251500600240096,0.5060751573356616
small_cluster,20,cluster_20,Wdr31,8.071228,3.4234807,6.9594704238572545e-16,2.1059460225402738e-14,0.3333333333333333,0.04441776710684274,0.28891556622649056
small_cluster,20,cluster_20,Lgals3bp,8.03192,2.9779148,9.595892347038875e-16,2.866707292965111e-14,0.8181818181818182,0.32142857142857145,0.4967532467532468
small_cluster,20,cluster_20,Wdr34,7.9956055,2.96536,1.289386095470386e-15,3.824090660363436e-14,0.5151515151515151,0.10264105642256903,0.4125104587289461
small_cluster,20,cluster_20,Areg,7.985361,3.6056058,1.4011173346909096e-15,4.147964874777186e-14,0.3333333333333333,0.04546818727490996,0.28786514605842334
small_cluster,20,cluster_20,Mok,7.9778175,3.2694845,1.4894310137194834e-15,4.401469920002386e-14,0.42424242424242425,0.07307923169267708,0.35116319254974715
small_cluster,20,cluster_20,4930402H24Rik,7.967426,3.3998654,1.620134314973437e-15,4.779104838107795e-14,0.36363636363636365,0.05342136854741897,0.3102149950889447
small_cluster,20,cluster_20,Sri,7.9597354,2.4091716,1.7240770778061602e-15,5.067488916325956e-14,0.9696969696969697,0.6081932773109243,0.3615036923860454
small_cluster,20,cluster_20,Fam161a,7.9541364,3.3386066,1.8038550921876018e-15,5.2924914788853056e-14,0.48484848484848486,0.0975390156062425,0.38730946924224235
small_cluster,20,cluster_20,Bphl,7.9156704,2.8874235,2.459241351805518e-15,7.176871425438131e-14,0.8787878787878788,0.4831932773109244,0.3955946014769544
small_cluster,20,cluster_20,1110004E09Rik,7.902763,2.9531674,2.7278810647491295e-15,7.918580060699199e-14,0.8181818181818182,0.3565426170468187,0.4616392011349995
small_cluster,20,cluster_20,Dnah12,7.8991094,4.099231,2.8090285467898135e-15,8.12537516682535e-14,0.24242424242424243,0.025210084033613446,0.217214158390629
small_cluster,20,cluster_20,Lsm10,7.829684,2.9152613,4.890986768794576e-15,1.412272429489434e-13,0.6363636363636364,0.16701680672268907,0.4693468296409473
small_cluster,20,cluster_20,Fam213a,7.8293614,3.0383463,4.903541224759886e-15,1.413409132289752e-13,0.696969696969697,0.2150360144057623,0.4819336825639347
small_cluster,20,cluster_20,Ogg1,7.810822,3.1359413,5.681615877886104e-15,1.6290940911400346e-13,0.45454545454545453,0.08493397358943577,0.36961148095601876
small_cluster,20,cluster_20,Nudt4,7.7803826,2.8486006,7.230545573300079e-15,2.0588225338141424e-13,0.8484848484848485,0.3619447779111645,0.48654007057368404
small_cluster,20,cluster_20,Nek1,7.765243,3.6003697,8.148871693863689e-15,2.308284018152994e-13,0.2727272727272727,0.03226290516206483,0.2404643675652079
small_cluster,20,cluster_20,Ndufaf3,7.7598195,2.7573738,8.505030336946577e-15,2.402821181510085e-13,0.7878787878787878,0.3043217286914766,0.48355705918731123
small_cluster,20,cluster_20,Ribc1,7.7576346,3.9328995,8.65279624498824e-15,2.438393663471686e-13,0.24242424242424243,0.025960384153661465,0.21646385827058096
small_cluster,20,cluster_20,Tmem158,7.7468357,3.0007796,9.421086946192204e-15,2.6503472899570896e-13,0.7575757575757576,0.26410564225690275,0.4934701153188548
small_cluster,20,cluster_20,9530034E10Rik,7.7408814,3.982243,9.87297657684598e-15,2.7727172746036116e-13,0.24242424242424243,0.02611044417767107,0.21631379824657138
small_cluster,20,cluster_20,Ccdc34,7.723518,2.9917512,1.1316231230181854e-14,3.1617974174823264e-13,0.6666666666666666,0.19582833133253302,0.4708383353341336
small_cluster,20,cluster_20,B9d2,7.6728277,2.8797517,1.6824531583170573e-14,4.661134163776699e-13,0.5757575757575758,0.1406062424969988,0.435151333260577
small_cluster,20,cluster_20,Gga1,7.6680975,2.9514873,1.7456591775478187e-14,4.828087044007045e-13,0.696969696969697,0.22764105642256902,0.469328640547128
small_cluster,20,cluster_20,Enah,7.6468143,3.4758544,2.0601950258000018e-14,5.688427376792227e-13,0.42424242424242425,0.08013205282112845,0.3441103714212958
small_cluster,20,cluster_20,Ift81,7.604623,3.271316,2.857356657756118e-14,7.863004453667466e-13,0.42424242424242425,0.07878151260504201,0.34546091163738224
small_cluster,20,cluster_20,Ttc30b,7.5602374,3.6090271,4.023350186412561e-14,1.101618804797202e-12,0.2727272727272727,0.034063625450180074,0.23866364727709263
small_cluster,20,cluster_20,Slc1a4,7.550065,3.5872996,4.35041250512575e-14,1.1891852582761238e-12,0.2727272727272727,0.034063625450180074,0.23866364727709263
small_cluster,20,cluster_20,Dnal4,7.532396,2.8665097,4.981768549648528e-14,1.359500598715233e-12,0.696969696969697,0.23694477791116447,0.46002491905853254
small_cluster,20,cluster_20,Ankrd42,7.4897227,3.626257,6.901932115913331e-14,1.8772568595869742e-12,0.24242424242424243,0.0273109243697479,0.21511331805449452
small_cluster,20,cluster_20,Unc119b,7.4779525,3.1993544,7.54895796160515e-14,2.0498420451702992e-12,0.36363636363636365,0.05927370948379352,0.30436265415257013
small_cluster,20,cluster_20,Hacd1,7.467936,3.3688192,8.146241663206624e-14,2.208372058152923e-12,0.30303030303030304,0.04201680672268908,0.26101349630761395
small_cluster,20,cluster_20,Nenf,7.4612656,2.096426,8.569547941201837e-14,2.31929299973022e-12,0.9696969696969697,0.7300420168067226,0.23965495289024707
small_cluster,20,cluster_20,Nupr1l,7.459524,3.5323637,8.683559424970863e-14,2.342418719226104e-12,0.3333333333333333,0.051470588235294115,0.2818627450980392
small_cluster,20,cluster_20,Clic6,7.452606,2.8625846,9.151416541473627e-14,2.4645711444451386e-12,0.696969696969697,0.24504801920768307,0.451921677762014
small_cluster,20,cluster_20,Azin2,7.4241204,3.4427428,1.1353171289324118e-13,3.0326280507525218e-12,0.2727272727272727,0.03466386554621849,0.23806340718105423
small_cluster,20,cluster_20,Rfk,7.423306,2.356582,1.1423226544092914e-13,3.046379488612486e-12,0.9090909090909091,0.49369747899159666,0.4153934300993124
small_cluster,20,cluster_20,Arl6,7.422514,2.9435413,1.1491767175864193e-13,3.059683010573841e-12,0.6060606060606061,0.17121848739495799,0.4348421186656481
small_cluster,20,cluster_20,Nupr1,7.4137077,3.049771,1.2281627812196696e-13,3.259400934431036e-12,0.9696969696969697,0.621998799519808,0.34769817017716176
small_cluster,20,cluster_20,Ccdc157,7.3845816,4.0489407,1.5293352496460403e-13,4.045585069265275e-12,0.24242424242424243,0.028661464585834334,0.2137627778384081
small_cluster,20,cluster_20,Ssbp4,7.3757553,2.8630602,1.634160910201503e-13,4.308982811610105e-12,0.696969696969697,0.24489795918367346,0.45207173778602355
small_cluster,20,cluster_20,Pttg1,7.371903,2.810551,1.682094667633328e-13,4.4140855430166736e-12,0.7575757575757576,0.33373349339735897,0.4238422641783986
small_cluster,20,cluster_20,Megf6,7.3324165,3.723963,2.26039263369545e-13,5.9127112576138874e-12,0.24242424242424243,0.028661464585834334,0.2137627778384081
small_cluster,20,cluster_20,Ruvbl2,7.299061,2.78185,2.89783671949993e-13,7.532079245090071e-12,0.696969696969697,0.23769507803121248,0.45927461893848454
small_cluster,20,cluster_20,Akap9,7.2929645,2.8781068,3.0320797636927146e-13,7.85610429768155e-12,0.6060606060606061,0.1803721488595438,0.4256884572010623
small_cluster,20,cluster_20,Cfap36,7.286623,2.8263066,3.1782017673097616e-13,8.221717221710946e-12,0.6666666666666666,0.21368547418967587,0.45298119247699076
small_cluster,20,cluster_20,St3gal6,7.2585473,3.6807082,3.9126960048383117e-13,1.0089957103042947e-11,0.3333333333333333,0.0546218487394958,0.27871148459383754
small_cluster,20,cluster_20,Bola1,7.2514524,2.8440356,4.1232614796590564e-13,1.0616265545979307e-11,0.7272727272727273,0.2932172869147659,0.4340554403579614
small_cluster,20,cluster_20,Wrb,7.2511425,3.6697934,4.1327081227511176e-13,1.0623910019003305e-11,0.2727272727272727,0.03706482593037215,0.23566244679690057
small_cluster,20,cluster_20,Cspp1,7.2468615,3.1259549,4.265405640316916e-13,1.0947874476813417e-11,0.42424242424242425,0.08538415366146458,0.3388582705809597
small_cluster,20,cluster_20,Fam187b,7.242537,3.3440747,4.403683206671126e-13,1.1285126292595803e-11,0.36363636363636365,0.06317527010804322,0.3004610935283204
small_cluster,20,cluster_20,Cxcl17,7.2088585,2.6588295,5.642286763943778e-13,1.4258728076339276e-11,0.9696969696969697,0.5670768307322929,0.40262013896467685
small_cluster,20,cluster_20,Nphp1,7.2078466,2.9163873,5.684365771197651e-13,1.4342966617448104e-11,0.5454545454545454,0.14300720288115246,0.402447342573393
small_cluster,20,cluster_20,Usp2,7.1965065,2.8950975,6.17747826881588e-13,1.556325976756517e-11,0.48484848484848486,0.10744297719087635,0.3774055076576085
small_cluster,20,cluster_20,Fam134b,7.1792874,2.9321804,7.007574014038154e-13,1.7600493323773316e-11,0.5454545454545454,0.1443577430972389,0.4010968023573065
small_cluster,20,cluster_20,Cyb561,7.171314,2.7022579,7.428151117382989e-13,1.859986358415243e-11,0.7272727272727273,0.28721488595438177,0.4400578413183455
small_cluster,20,cluster_20,Appl2,7.0989814,2.8238337,1.2567961068169976e-12,3.1043242391424064e-11,0.5757575757575758,0.1638655462184874,0.41189202953908843
small_cluster,20,cluster_20,Ly6a,7.0506773,2.1630802,1.7804874569941467e-12,4.378077178734783e-11,1.0,0.7996698679471789,0.20033013205282113
small_cluster,20,cluster_20,Kif21a,7.04672,2.6550393,1.831845744579977e-12,4.497620068391648e-11,0.5454545454545454,0.1377551020408163,0.4076994434137291
small_cluster,20,cluster_20,Hist1h4h,7.0233207,3.9523644,2.1665647958163943e-12,5.303556599430549e-11,0.24242424242424243,0.031362545018007205,0.21106169740623523
small_cluster,20,cluster_20,Lca5,7.002346,3.5570536,2.5171155649877424e-12,6.097963424130571e-11,0.24242424242424243,0.03091236494597839,0.21151187747826405
small_cluster,20,cluster_20,Ino80b,7.0011744,2.719461,2.538260032210857e-12,6.128061920964212e-11,0.6666666666666666,0.226140456182473,0.4405262104841936
small_cluster,20,cluster_20,Tusc3,6.9928,2.485308,2.6945333206069275e-12,6.442134255287786e-11,0.7575757575757576,0.32668067226890757,0.43089508530685
small_cluster,20,cluster_20,Ruvbl1,6.9786515,2.8149471,2.980268915463747e-12,7.114904000366945e-11,0.5151515151515151,0.13535414165666265,0.3797973734948525
small_cluster,20,cluster_20,Slc9a3r1,6.9763756,2.344271,3.0289257419865744e-12,7.210074179146852e-11,0.8484848484848485,0.4576830732292917,0.3908017752555568
small_cluster,20,cluster_20,Mipep,6.9176636,3.129203,4.591527085403135e-12,1.0819775248232301e-10,0.3939393939393939,0.07968187274909964,0.31425752119029426
small_cluster,20,cluster_20,Rpap3,6.8904333,3.021615,5.5622743216427776e-12,1.3069750880983265e-10,0.3333333333333333,0.05687274909963986,0.27646058423369346
small_cluster,20,cluster_20,Polk,6.8626223,3.318775,6.760777359173389e-12,1.572815737131954e-10,0.2727272727272727,0.03991596638655462,0.2328113063407181
small_cluster,20,cluster_20,Fkbp1a,6.8608384,2.09554,6.845758703134791e-12,1.5880804595489916e-10,0.9393939393939394,0.5624249699879952,0.37696896940594427
small_cluster,20,cluster_20,Cdpf1,6.8598223,2.5348804,6.894628979418661e-12,1.5971583318000772e-10,0.7575757575757576,0.30837334933973587,0.4492024082360217
small_cluster,20,cluster_20,Fam174a,6.8379064,2.6571457,8.035886187789225e-12,1.856289709379311e-10,0.7272727272727273,0.31422569027611047,0.4130470369966168
small_cluster,20,cluster_20,Mt1,6.811946,2.4637945,9.628735693750371e-12,2.2086838337510468e-10,1.0,0.7575030012004802,0.2424969987995198
small_cluster,20,cluster_20,Strbp,6.7652607,2.987715,1.3306935287639673e-11,3.03542483522362e-10,0.3939393939393939,0.08178271308523409,0.3121566808541598
small_cluster,20,cluster_20,Fam126a,6.755503,3.5245578,1.423404288865706e-11,3.2334146456629427e-10,0.24242424242424243,0.033013205282112844,0.20941103714212958
small_cluster,20,cluster_20,Akip1,6.740114,2.430543,1.5826214835938663e-11,3.5802172348169655e-10,0.7272727272727273,0.30657262905162064,0.42070009822110666
small_cluster,20,cluster_20,Fam84b,6.7016478,2.9426894,2.0608256150283374e-11,4.642802323087879e-10,0.45454545454545453,0.11119447779111645,0.34335097675433807
small_cluster,20,cluster_20,Znhit1,6.664614,2.2613008,2.6536159350531784e-11,5.945622261039232e-10,0.8484848484848485,0.4959483793517407,0.3525364691331078
small_cluster,20,cluster_20,Paqr7,6.647268,3.0161006,2.985836595448984e-11,6.642172675345911e-10,0.30303030303030304,0.04996998799519808,0.25306031503510495
small_cluster,20,cluster_20,Tmem138,6.6354375,2.9971638,3.235418680613598e-11,7.170824564965353e-10,0.3939393939393939,0.08478391356542617,0.3091554803739678
small_cluster,20,cluster_20,Synj1,6.6325903,3.0291727,3.2984661089289554e-11,7.300694015188096e-10,0.30303030303030304,0.0507202881152461,0.25231001491505695
small_cluster,20,cluster_20,Morn2,6.619648,2.5198915,3.600547005090763e-11,7.95856757823364e-10,0.6363636363636364,0.2184873949579832,0.41787624140565316
small_cluster,20,cluster_20,Agbl3,6.6182976,3.4011173,3.6335943047430295e-11,8.020804871075429e-10,0.24242424242424243,0.03391356542617047,0.20851067699807196
small_cluster,20,cluster_20,2010300C02Rik,6.5368023,2.9878967,6.284809926924843e-11,1.3616534691082477e-09,0.42424242424242425,0.10354141656662665,0.3207010076757976
small_cluster,20,cluster_20,Igfbp5,6.5269637,2.4067054,6.71164041495613e-11,1.4502979505361725e-09,0.8181818181818182,0.45933373349339734,0.3588480846884209
small_cluster,20,cluster_20,1110032A03Rik,6.4847956,2.77061,8.885224728162085e-11,1.9124221885378784e-09,0.6060606060606061,0.2183373349339736,0.3877232711266325
small_cluster,20,cluster_20,Otud3,6.423153,3.19719,1.3348030899335188e-10,2.8284374002583515e-09,0.2727272727272727,0.04411764705882353,0.22860962566844917
small_cluster,20,cluster_20,Bcl9,6.4226913,3.1675255,1.3388585785727504e-10,2.8333702641511844e-09,0.3333333333333333,0.06512605042016807,0.26820728291316526
small_cluster,20,cluster_20,Eml2,6.402921,2.6764858,1.5243177613694053e-10,3.2141389330093706e-09,0.5757575757575758,0.19252701080432172,0.3832305649532541
small_cluster,20,cluster_20,Pkig,6.3730073,2.578582,1.853570509153294e-10,3.887520450207567e-09,0.6666666666666666,0.27911164465786314,0.3875550220088035
small_cluster,20,cluster_20,Dnajc7,6.3161497,2.561747,2.6816067541456637e-10,5.5955511927153985e-09,0.696969696969697,0.32683073229291715,0.37013896467677987
small_cluster,20,cluster_20,Lrrc45,6.3155947,3.0442388,2.691243882637807e-10,5.6085248944272775e-09,0.36363636363636365,0.07968187274909964,0.283954490887264
small_cluster,20,cluster_20,Nme7,6.302043,2.6945033,2.9374808675639074e-10,6.106162700749765e-09,0.3939393939393939,0.08928571428571429,0.3046536796536796
small_cluster,20,cluster_20,Mrpl33,6.296467,2.0165033,3.045066331023298e-10,6.313796826183706e-09,0.8484848484848485,0.5739795918367347,0.27450525664811376
small_cluster,20,cluster_20,Osbpl3,6.287893,2.691159,3.2180415255145064e-10,6.664027659086291e-09,0.42424242424242425,0.10324129651860744,0.32100112772381684
small_cluster,20,cluster_20,AI467606,6.275008,3.2640555,3.496158659524108e-10,7.230832052314615e-09,0.2727272727272727,0.046368547418967586,0.22635872530830511
small_cluster,20,cluster_20,Glipr1,6.2365584,3.1316905,4.473021427855138e-10,9.135993080728782e-09,0.30303030303030304,0.05672268907563025,0.2463076139546728
small_cluster,20,cluster_20,Kctd13,6.2171135,2.8434546,5.063842360330275e-10,1.0190439086107588e-08,0.3333333333333333,0.06707683073229291,0.2662565026010404
small_cluster,20,cluster_20,Smyd3,6.208906,2.8682947,5.335461754438588e-10,1.0723885813057265e-08,0.36363636363636365,0.07968187274909964,0.283954490887264
small_cluster,20,cluster_20,Mdm1,6.2075305,2.9734297,5.382360253653638e-10,1.080490704041289e-08,0.24242424242424243,0.03676470588235294,0.20565953654188948
small_cluster,20,cluster_20,Itln1,6.2002482,2.911653,5.63741224667923e-10,1.1289279396555075e-08,0.3939393939393939,0.0937875150060024,0.3001518789333915
small_cluster,20,cluster_20,Smad5,6.195188,2.6236155,5.82154096966303e-10,1.160134792751438e-08,0.3939393939393939,0.0901860744297719,0.30375331950962203
small_cluster,20,cluster_20,2610015P09Rik,6.1894526,2.9140105,6.037340698874737e-10,1.2016799126485992e-08,0.36363636363636365,0.08073229291716687,0.28290407071919677
small_cluster,20,cluster_20,Josd2,6.1870785,2.3949862,6.128943084763575e-10,1.218038114086049e-08,0.6666666666666666,0.27836134453781514,0.3883053221288515
small_cluster,20,cluster_20,Psmd9,6.1854863,2.4490645,6.191138014302362e-10,1.227821699789275e-08,0.6363636363636364,0.24534813925570229,0.39101549710793404
small_cluster,20,cluster_20,2010107E04Rik,6.1850047,2.1933713,6.210058351853621e-10,1.2300865583182517e-08,0.7878787878787878,0.42662064825930374,0.3612581396194841
small_cluster,20,cluster_20,Dusp14,6.18355,2.5293026,6.267594355136922e-10,1.2399857058938558e-08,0.6363636363636364,0.24114645858343337,0.395217177780203
small_cluster,20,cluster_20,Dync2h1,6.1800427,3.33553,6.408432360182016e-10,1.2647978235781618e-08,0.24242424242424243,0.03811524609843937,0.20430899632580307
small_cluster,20,cluster_20,Tmem17,6.172125,3.1375928,6.737820111405676e-10,1.325023832699814e-08,0.2727272727272727,0.04726890756302521,0.2254583651642475
small_cluster,20,cluster_20,Usp18,6.1608815,2.2714949,7.234106990658111e-10,1.4209172305842357e-08,0.6666666666666666,0.25315126050420167,0.41351540616246496
small_cluster,20,cluster_20,Chchd4,6.1581216,2.383902,7.361291319320213e-10,1.4441691259350575e-08,0.6060606060606061,0.21653661464585836,0.3895239914147477
small_cluster,20,cluster_20,Tbc1d9b,6.154145,3.082073,7.548363611291732e-10,1.4791004968792795e-08,0.3333333333333333,0.07097839135654262,0.2623549419767907
small_cluster,20,cluster_20,1810043G02Rik,6.1189814,2.6615314,9.417537147934219e-10,1.8431626105402043e-08,0.5151515151515151,0.15681272509003602,0.3583387900614791
small_cluster,20,cluster_20,Arhgap39,6.089774,3.112172,1.1307006850768582e-09,2.2050680066522653e-08,0.24242424242424243,0.03871548619447779,0.20370875622976464
small_cluster,20,cluster_20,Prkar2b,6.044011,2.6239007,1.5032912717570805e-09,2.9212654203895588e-08,0.45454545454545453,0.1290516206482593,0.3254938338971952
small_cluster,20,cluster_20,Dnaja4,6.026191,2.1734972,1.6786862948805837e-09,3.2582407008682194e-08,0.7272727272727273,0.3179771908763505,0.4092955363963768
small_cluster,20,cluster_20,Myh14,6.018832,2.1993034,1.7567967821651567e-09,3.4017974054652576e-08,0.7575757575757576,0.41221488595438177,0.3453608716213758
small_cluster,20,cluster_20,Wdr35,5.966147,3.085529,2.4292140373801887e-09,4.670754915248825e-08,0.2727272727272727,0.04996998799519808,0.22275728473207462
small_cluster,20,cluster_20,Ephx4,5.9614687,2.7615829,2.4998071375112492e-09,4.795244077464561e-08,0.2727272727272727,0.048619447779111646,0.22410782494816106
small_cluster,20,cluster_20,Ptges3,5.958523,2.3602352,2.54527779919473e-09,4.876764157078594e-08,0.6060606060606061,0.2469987995198079,0.35906180654079817
small_cluster,20,cluster_20,Rogdi,5.9519234,2.4681196,2.650098066173647e-09,5.065764380339625e-08,0.5454545454545454,0.1914765906362545,0.3539779548182909
small_cluster,20,cluster_20,Nfyb,5.9505363,2.4201565,2.672650161191187e-09,5.102926111024058e-08,0.5757575757575758,0.2105342136854742,0.3652233620721016
small_cluster,20,cluster_20,B230118H07Rik,5.939458,2.624571,2.85965931502484e-09,5.453636328572372e-08,0.48484848484848486,0.1520108043217287,0.33283768052675616
small_cluster,20,cluster_20,D430042O09Rik,5.937382,2.7571871,2.896093492823711e-09,5.5167049216958985e-08,0.3333333333333333,0.07142857142857142,0.26190476190476186
small_cluster,20,cluster_20,Dyrk3,5.9354405,2.953398,2.9305757439503756e-09,5.569452233665134e-08,0.30303030303030304,0.06077430972388956,0.24225599330641348
small_cluster,20,cluster_20,Kremen1,5.934932,2.8189294,2.9396676655242926e-09,5.580264974799065e-08,0.36363636363636365,0.08658463385354141,0.2770517297828222
small_cluster,20,cluster_20,Kifap3,5.924276,2.8105183,3.136769271237051e-09,5.947532117636864e-08,0.36363636363636365,0.08658463385354141,0.2770517297828222
small_cluster,20,cluster_20,Dalrd3,5.9195857,2.3628242,3.227540233996218e-09,6.112573600204616e-08,0.6363636363636364,0.25585234093637454,0.3805112954272618
small_cluster,20,cluster_20,B4galt4,5.910704,2.4856784,3.4064839842360692e-09,6.429199519615163e-08,0.5151515151515151,0.1674669867947179,0.34768452835679725
small_cluster,20,cluster_20,Oaz2,5.888812,2.0822244,3.889810964670042e-09,7.31614559994878e-08,0.696969696969697,0.3047719087635054,0.3921977882061916
small_cluster,20,cluster_20,Katnb1,5.871062,3.3131957,4.330129264288472e-09,8.125680785308378e-08,0.24242424242424243,0.04171668667466987,0.20070755574957255
small_cluster,20,cluster_20,Sdccag8,5.8085155,3.183008,6.30291553088632e-09,1.1720421499100514e-07,0.24242424242424243,0.041566626650660264,0.20085761577358216
small_cluster,20,cluster_20,Calm3,5.7625628,2.3347936,8.284610791844912e-09,1.5284128413616244e-07,0.6666666666666666,0.3269807923169268,0.33968587434973985
small_cluster,20,cluster_20,Hmgcr,5.7600136,2.893314,8.410721000422246e-09,1.5499352261564634e-07,0.2727272727272727,0.05237094837935174,0.22035632434792096
small_cluster,20,cluster_20,Sssca1,5.7513895,2.3518815,8.851291657846642e-09,1.6274667542639324e-07,0.6060606060606061,0.2543517406962785,0.35170886536432755
small_cluster,20,cluster_20,Evi5,5.706685,2.586734,1.1519758427953339e-08,2.1039594429494734e-07,0.36363636363636365,0.08883553421368548,0.27480082942267814
small_cluster,20,cluster_20,Cyp2s1,5.7045755,2.2663143,1.166333116220696e-08,2.1278119509605822e-07,0.5454545454545454,0.1839735894357743,0.3614809560187711
small_cluster,20,cluster_20,Snrnp25,5.6748343,2.69756,1.3882316228470969e-08,2.5130669808294965e-07,0.3939393939393939,0.1056422569027611,0.28829713703663284
small_cluster,20,cluster_20,Prr15l,5.631705,2.1423876,1.78437022994475e-08,3.160416429948579e-07,0.696969696969697,0.3679471788715486,0.3290225180981484
small_cluster,20,cluster_20,Kif3a,5.625866,2.812453,1.8457974858527244e-08,3.2586571114607676e-07,0.30303030303030304,0.06572629051620649,0.23730401251409655
small_cluster,20,cluster_20,Mrpl40,5.5924225,2.157982,2.2392329620973858e-08,3.932083491580217e-07,0.6363636363636364,0.27490996398559425,0.3614536723780421
small_cluster,20,cluster_20,Ccdc162,5.560933,3.2373397,2.683357829528557e-08,4.68188848532956e-07,0.2727272727272727,0.05702280912364946,0.21570446360362325
small_cluster,20,cluster_20,B230219D22Rik,5.5161595,2.2882438,3.4648791657678015e-08,6.013490285477007e-07,0.45454545454545453,0.13880552220888356,0.31573993233657094
small_cluster,20,cluster_20,Adck4,5.470946,2.3841684,4.47639927105006e-08,7.663614242640088e-07,0.45454545454545453,0.14705882352941177,0.3074866310160428
small_cluster,20,cluster_20,Cep19,5.4651985,2.6933305,4.623886681081359e-08,7.899621401709936e-07,0.3333333333333333,0.08373349339735894,0.24959983993597437
small_cluster,20,cluster_20,9530068E07Rik,5.4582644,2.0140243,4.808118578444064e-08,8.20582235224361e-07,0.696969696969697,0.32157863145258103,0.375391065517116
small_cluster,20,cluster_20,Sptbn1,5.45422,2.3968,4.918833898364554e-08,8.386049352087012e-07,0.5151515151515151,0.1952280912364946,0.31992342391502054
small_cluster,20,cluster_20,Fuz,5.434112,2.615601,5.5069966274764874e-08,9.311366153323905e-07,0.30303030303030304,0.06857743097238896,0.2344528720579141
small_cluster,20,cluster_20,Sqle,5.409659,2.9122572,6.314497932101052e-08,1.0632862482996855e-06,0.30303030303030304,0.07097839135654262,0.23205191167376044
small_cluster,20,cluster_20,Zfp467,5.3891053,2.0191302,7.080928901128094e-08,1.1874674325910211e-06,0.7272727272727273,0.41986794717887155,0.30740478009385575
small_cluster,20,cluster_20,Pla2g16,5.3662753,2.0945706,8.037917593058107e-08,1.3424632020748065e-06,0.6666666666666666,0.3329831932773109,0.3336834733893557
small_cluster,20,cluster_20,Ccdc28b,5.3610973,2.4508047,8.271797134400257e-08,1.3801194791586838e-06,0.3939393939393939,0.11449579831932773,0.2794435956200662
small_cluster,20,cluster_20,Lbp,5.3505235,2.0978417,8.770024919252306e-08,1.4602759258949956e-06,0.6666666666666666,0.35369147659063627,0.31297519007603036
small_cluster,20,cluster_20,Golgb1,5.307086,2.1540246,1.1139177713786461e-07,1.849126049431293e-06,0.6060606060606061,0.28436374549819926,0.3216968605624068
small_cluster,20,cluster_20,Tmem216,5.2883973,2.5679336,1.2339274194148814e-07,2.0442064248306537e-06,0.42424242424242425,0.13520408163265307,0.2890383426097712
small_cluster,20,cluster_20,Ift27,5.2847185,2.1048524,1.2589816759004096e-07,2.0836083215381046e-06,0.5757575757575758,0.22809123649459784,0.34766633926297796
small_cluster,20,cluster_20,Taf6,5.2732644,2.5755389,1.340181529023065e-07,2.2135264106251048e-06,0.36363636363636365,0.10114045618247298,0.2624959074538907
small_cluster,20,cluster_20,Ccdc23,5.2155986,2.1283767,1.8322479375541383e-07,2.9606599432340318e-06,0.6363636363636364,0.30642256902761106,0.3299410673360253
small_cluster,20,cluster_20,Foxp1,5.209513,2.1860228,1.8933690015091205e-07,3.0474136402110977e-06,0.48484848484848486,0.17436974789915966,0.3104787369493252
small_cluster,20,cluster_20,Sirt3,5.194621,2.584408,2.0513698271122506e-07,3.288663474533897e-06,0.36363636363636365,0.1056422569027611,0.25799410673360257
small_cluster,20,cluster_20,Barx2,5.184526,2.006145,2.1656508918524088e-07,3.45178233987088e-06,0.5454545454545454,0.19597839135654263,0.3494761540980028
small_cluster,20,cluster_20,Cdc14a,5.138634,2.2763891,2.7674259776989453e-07,4.376909687583452e-06,0.48484848484848486,0.17466986794717887,0.310178616901306
small_cluster,20,cluster_20,Atf6,5.080277,2.8846178,3.768848790057602e-07,5.915108995764088e-06,0.2727272727272727,0.06512605042016807,0.20760122230710465
small_cluster,20,cluster_20,Lsm14b,5.0708656,2.7733445,3.960101102285915e-07,6.203401927277106e-06,0.2727272727272727,0.06302521008403361,0.2097020626432391
small_cluster,20,cluster_20,Gns,5.0524125,2.4509072,4.362637547461424e-07,6.801484640296086e-06,0.3939393939393939,0.12680072028811526,0.26713867365127864
small_cluster,20,cluster_20,Cep164,5.0519214,2.3220205,4.3738824048139227e-07,6.812539916557754e-06,0.3939393939393939,0.12034813925570229,0.2735912546836916
small_cluster,20,cluster_20,2510046G10Rik,5.0198035,2.6201851,5.172435922954652e-07,8.003124676639551e-06,0.2727272727272727,0.06377551020408163,0.2089517625231911
small_cluster,20,cluster_20,Wwc1,5.0138397,2.3283076,5.335440669134277e-07,8.23203785648836e-06,0.42424242424242425,0.148109243697479,0.2761331805449453
small_cluster,20,cluster_20,Pak4,4.9877844,2.2524278,6.107565656106128e-07,9.350564508405209e-06,0.45454545454545453,0.16641656662665066,0.28812888791880387
small_cluster,20,cluster_20,March8,4.975317,2.8094225,6.514093538981381e-07,9.938385872821735e-06,0.2727272727272727,0.06497599039615846,0.20775128233111423
small_cluster,20,cluster_20,Arl4a,4.970169,2.0337584,6.689453872291791e-07,1.018697613365438e-05,0.6363636363636364,0.3358343337334934,0.30052930263014294
small_cluster,20,cluster_20,Ttc8,4.969042,2.7452896,6.728448457018996e-07,1.0236853723893185e-05,0.2727272727272727,0.06527611044417767,0.20745116228309504
small_cluster,20,cluster_20,Adipor2,4.9247394,2.4248023,8.447280696657571e-07,1.2722116685572159e-05,0.45454545454545453,0.171968787515006,0.28257666703044854
small_cluster,20,cluster_20,Sort1,4.9110723,2.6760297,9.057977426343966e-07,1.3579514421340711e-05,0.3333333333333333,0.09813925570228091,0.2351940776310524
small_cluster,20,cluster_20,Pla2g4a,4.8745255,2.3534725,1.0907028709397306e-06,1.6188794376726265e-05,0.3333333333333333,0.09228691476590636,0.24104641856742695
small_cluster,20,cluster_20,Hspb11,4.8662224,2.2092624,1.1375142030178596e-06,1.6822696522719488e-05,0.48484848484848486,0.19447779111644659,0.2903706937320383
small_cluster,20,cluster_20,BC029214,4.8627715,2.0377433,1.1575332289825019e-06,1.7103335575263075e-05,0.5757575757575758,0.2689075630252101,0.30685001273236573
small_cluster,20,cluster_20,Zc2hc1a,4.8201222,2.1913302,1.4347011174544157e-06,2.0897453843134877e-05,0.48484848484848486,0.19357743097238894,0.2912710538760959
small_cluster,20,cluster_20,Safb2,4.816356,2.5500207,1.4620328996396318e-06,2.1276665117115885e-05,0.36363636363636365,0.11569627851140456,0.24794008512495908
small_cluster,20,cluster_20,Znhit2,4.7998724,2.3009086,1.5876689722197834e-06,2.306409106587836e-05,0.45454545454545453,0.17737094837935174,0.2771745061661028
small_cluster,20,cluster_20,Gramd2,4.7691936,2.709621,1.8496496764192168e-06,2.6610617844694366e-05,0.30303030303030304,0.08418367346938775,0.21884662956091527
small_cluster,20,cluster_20,Prom1,4.739328,2.3832908,2.144284920431559e-06,3.042250603806055e-05,0.36363636363636365,0.11914765906362546,0.2444887045727382
small_cluster,20,cluster_20,Bnip3,4.7381654,2.277909,2.156615283316928e-06,3.057100022617194e-05,0.36363636363636365,0.11734693877551021,0.24628942486085342
small_cluster,20,cluster_20,Slc23a2,4.6794524,2.1015162,2.8764217600066245e-06,4.035602505206899e-05,0.48484848484848486,0.19297719087635054,0.2918712939721343
small_cluster,20,cluster_20,Fas,4.6092596,2.1408176,4.0410521643211016e-06,5.5807757673126526e-05,0.3333333333333333,0.09843937575030012,0.2348939575830332
small_cluster,20,cluster_20,Cnksr1,4.580815,2.5012157,4.631675298644529e-06,6.325071321654365e-05,0.30303030303030304,0.08898559423769507,0.21404470879260795
small_cluster,20,cluster_20,Nfkb1,4.5777965,2.4028895,4.6989995205528366e-06,6.411671475589607e-05,0.3939393939393939,0.14795918367346939,0.24598021026592454
small_cluster,20,cluster_20,Maz,4.571379,2.2330425,4.8452446279542165e-06,6.600237304242285e-05,0.3333333333333333,0.10489195678271308,0.22844137655062025
small_cluster,20,cluster_20,Ppp1r16a,4.5383196,2.4380286,5.670428775957494e-06,7.598096597588142e-05,0.36363636363636365,0.12695078031212484,0.2366855833242388
small_cluster,20,cluster_20,Spata6,4.5018063,2.6228058,6.737832558434616e-06,8.947950752298473e-05,0.30303030303030304,0.09078631452581032,0.21224398850449272
small_cluster,20,cluster_20,Gars,4.4973197,2.3739471,6.881552300784035e-06,9.116667147428027e-05,0.30303030303030304,0.0897358943577431,0.21329440867255994
small_cluster,20,cluster_20,Hectd1,4.493818,2.2622378,6.995747690849557e-06,9.26047279076865e-05,0.42424242424242425,0.1716686674669868,0.2525737567754375
small_cluster,20,cluster_20,Dym,4.4904256,2.7341003,7.10810012158148e-06,9.401608878553053e-05,0.30303030303030304,0.09498799519807923,0.20804230783222383
small_cluster,20,cluster_20,Oxld1,4.4751215,2.301015,7.636791874375105e-06,0.00010044187933570657,0.30303030303030304,0.08958583433373349,0.21344446869656955
small_cluster,20,cluster_20,Gch1,4.470736,2.2634687,7.795082549285108e-06,0.00010244162571380213,0.36363636363636365,0.12635054021608644,0.2372858234202772
small_cluster,20,cluster_20,Lfng,4.4626617,2.1192198,8.09478563570299e-06,0.0001062100633689318,0.3333333333333333,0.10429171668667467,0.22904161664665865
small_cluster,20,cluster_20,Swt1,4.345728,2.0721514,1.3881447965399238e-05,0.0001778668969379007,0.36363636363636365,0.1286014405762305,0.23503492306013316
small_cluster,20,cluster_20,Odc1,4.341775,2.288219,1.4133613806632349e-05,0.00018095659644229287,0.36363636363636365,0.1326530612244898,0.23098330241187384
small_cluster,20,cluster_20,Galk1,4.328466,2.231703,1.5015156217543561e-05,0.00019075412635471105,0.45454545454545453,0.2190876350540216,0.23545781949143293
small_cluster,20,cluster_20,Lsg1,4.3245716,2.4274719,1.5282844682721287e-05,0.00019371138258233986,0.30303030303030304,0.09408763505402161,0.20894266797628142
small_cluster,20,cluster_20,Atp13a3,4.3184233,2.0276158,1.571479992389053e-05,0.00019856581937729474,0.45454545454545453,0.1992797118847539,0.2552657426607006
small_cluster,20,cluster_20,Bbip1,4.2746477,2.157872,1.9143977263236006e-05,0.00023625310089867097,0.3939393939393939,0.15711284513805523,0.2368265488013387
small_cluster,20,cluster_20,Lyrm2,4.254738,2.3159487,2.0929424188381356e-05,0.00025635809269129397,0.30303030303030304,0.09828931572629052,0.20474098730401252
small_cluster,20,cluster_20,Adgre5,4.253501,2.1437545,2.10454227100689e-05,0.0002575865506476418,0.3939393939393939,0.1556122448979592,0.23832714904143473
small_cluster,20,cluster_20,Rtca,4.2278185,2.1775918,2.3596788860274964e-05,0.0002864625715006437,0.36363636363636365,0.13580432172869147,0.22783204190767217
small_cluster,20,cluster_20,Abcc1,4.1499877,2.1725693,3.3249287029840474e-05,0.00039688614015750626,0.30303030303030304,0.09963985594237695,0.20339044708792609
small_cluster,20,cluster_20,Spg7,4.1492906,2.0299304,3.335070664251829e-05,0.0003978072288319581,0.3333333333333333,0.11539615846338536,0.21793717486994796
small_cluster,20,cluster_20,Traf3ip2,4.142801,2.210216,3.43089587968138e-05,0.00040834632309618514,0.30303030303030304,0.09843937575030012,0.20459092728000292
small_cluster,20,cluster_20,Cenpv,4.110015,2.3024855,3.9563359139522904e-05,0.0004668191749980685,0.3333333333333333,0.12019807923169268,0.21313525410164064
small_cluster,20,cluster_20,Fam122a,4.10614,2.1390946,4.023255077250962e-05,0.00047428762876615415,0.36363636363636365,0.13745498199279713,0.22618138164356652
small_cluster,20,cluster_20,Klc1,4.083422,2.0744822,4.4377249272573624e-05,0.0005191378497285877,0.30303030303030304,0.09873949579831932,0.20429080723198373
small_cluster,20,cluster_20,Fam76a,4.022086,2.1110857,5.7684914488577724e-05,0.0006583787630669195,0.30303030303030304,0.09843937575030012,0.20459092728000292
small_cluster,20,cluster_20,Lpgat1,4.0141397,2.1160758,5.966305148274982e-05,0.0006793027851934456,0.36363636363636365,0.14570828331332533,0.21792808032303831
small_cluster,20,cluster_20,Hspbp1,4.014057,2.0032372,5.968387985267698e-05,0.0006793027851934456,0.3939393939393939,0.1676170468187275,0.22632234712066643
small_cluster,20,cluster_20,Cep170b,4.008867,2.1085854,6.1010804302841085e-05,0.0006939238567065858,0.36363636363636365,0.14795918367346939,0.21567717996289426
small_cluster,20,cluster_20,Baz2b,4.0061483,2.1057484,6.171694925660063e-05,0.0007014689430058953,0.3333333333333333,0.12229891956782712,0.2110344137655062
small_cluster,20,cluster_20,Sp3os,3.9469855,2.1774967,7.914133860928962e-05,0.0008829912207693599,0.3333333333333333,0.12484993997599039,0.20848339335734292
small_cluster,20,cluster_20,Fbxw9,3.8796854,2.0846329,0.00010459163293647338,0.001138292881082349,0.3333333333333333,0.1280012004801921,0.20533213285314122
small_cluster,19,cluster_19,Scg2,63.317867,11.483277,0.0,0.0,0.723404255319149,0.0010526315789473684,0.7223516237402016
small_cluster,19,cluster_19,Chga,57.10831,11.327501,0.0,0.0,0.9787234042553191,0.007067669172932331,0.9716557350823868
small_cluster,19,cluster_19,Calca,46.0967,11.093532,0.0,0.0,0.9148936170212766,0.012330827067669173,0.9025627899536074
small_cluster,19,cluster_19,Spock3,50.415398,11.078352,0.0,0.0,0.46808510638297873,0.0007518796992481203,0.4673332266837306
small_cluster,19,cluster_19,Cxcl13,47.341537,11.077526,0.0,0.0,0.8297872340425532,0.008721804511278195,0.8210654295312749
small_cluster,19,cluster_19,Prox1os,40.39365,10.91285,0.0,0.0,0.2978723404255319,0.0004511278195488722,0.29742121260598303
small_cluster,19,cluster_19,Runx1t1,45.23895,10.798927,0.0,0.0,0.3617021276595745,0.0004511278195488722,0.3612509998400256
small_cluster,19,cluster_19,Pgf,52.32792,10.369733,0.0,0.0,0.5531914893617021,0.0013533834586466164,0.5518381059030555
small_cluster,19,cluster_19,Scg5,54.802715,10.262329,0.0,0.0,0.9787234042553191,0.008270676691729323,0.9704527275635898
small_cluster,19,cluster_19,Ly6h,54.466404,10.220707,0.0,0.0,0.6595744680851063,0.002255639097744361,0.6573188289873619
small_cluster,19,cluster_19,Scg3,45.663277,10.166022,0.0,0.0,0.3829787234042553,0.0006015037593984962,0.3823772196448568
small_cluster,19,cluster_19,Chgb,55.8156,10.14388,0.0,0.0,0.6382978723404256,0.0016541353383458647,0.6366437370020797
small_cluster,19,cluster_19,Tcerg1l,57.002003,10.126648,0.0,0.0,0.6595744680851063,0.0016541353383458647,0.6579203327467604
small_cluster,19,cluster_19,Ddc,55.820084,10.102855,0.0,0.0,0.6382978723404256,0.0016541353383458647,0.6366437370020797
small_cluster,19,cluster_19,Scn9a,49.019676,10.0860195,0.0,0.0,0.44680851063829785,0.0007518796992481203,0.44605663093904974
small_cluster,19,cluster_19,Insm1,45.21089,9.978019,0.0,0.0,0.40425531914893614,0.0009022556390977444,0.4033530635098384
small_cluster,19,cluster_19,Ngf,55.39422,9.959657,0.0,0.0,0.8936170212765957,0.006015037593984963,0.8876019836826108
small_cluster,19,cluster_19,Snap25,54.084476,9.918982,0.0,0.0,0.5957446808510638,0.0015037593984962407,0.5942409214525676
small_cluster,19,cluster_19,St8sia5,41.267242,9.918065,0.0,0.0,0.3617021276595745,0.0010526315789473684,0.36064949608062713
small_cluster,19,cluster_19,Pkib,50.510445,9.906479,0.0,0.0,0.9574468085106383,0.01037593984962406,0.9470708686610143
small_cluster,19,cluster_19,Pcsk1,47.796757,9.851652,0.0,0.0,0.46808510638297873,0.0012030075187969924,0.46688209886418175
small_cluster,19,cluster_19,Stmn3,50.21515,9.830747,0.0,0.0,0.5531914893617021,0.0018045112781954887,0.5513869780835067
small_cluster,19,cluster_19,Elavl4,48.611885,9.698905,0.0,0.0,0.46808510638297873,0.0010526315789473684,0.4670324748040314
small_cluster,19,cluster_19,Resp18,38.41289,9.656143,0.0,0.0,0.3829787234042553,0.001954887218045113,0.3810238361862102
small_cluster,19,cluster_19,Tmem163,54.42433,9.595219,0.0,0.0,0.6595744680851063,0.002255639097744361,0.6573188289873619
small_cluster,19,cluster_19,Snca,46.86277,9.442184,0.0,0.0,0.574468085106383,0.0030075187969924814,0.5714605663093906
small_cluster,19,cluster_19,Snhg11,38.881363,9.3570385,0.0,0.0,0.3617021276595745,0.0015037593984962407,0.36019836826107826
small_cluster,19,cluster_19,Uchl1,49.139126,9.200033,0.0,0.0,0.723404255319149,0.005112781954887218,0.7182914733642618
small_cluster,19,cluster_19,Nov,41.307,9.072147,0.0,0.0,0.9148936170212766,0.016992481203007517,0.897901135818269
small_cluster,19,cluster_19,Dusp26,39.04723,8.946856,0.0,0.0,0.3829787234042553,0.0018045112781954887,0.38117421212605984
small_cluster,19,cluster_19,Ascl1,44.525097,8.78593,0.0,0.0,0.6170212765957447,0.004661654135338346,0.6123596224604063
small_cluster,19,cluster_19,Cib3,38.99616,8.091493,0.0,0.0,0.8297872340425532,0.015639097744360904,0.8141481362981923
small_cluster,19,cluster_19,Olfm1,39.07827,7.857547,0.0,0.0,0.7021276595744681,0.010225563909774436,0.6919020956646936
small_cluster,19,cluster_19,Slc38a5,36.86623,8.942523,1.6072292606062837e-297,7.752990324471664e-295,0.3617021276595745,0.001954887218045113,0.3597472404415294
small_cluster,19,cluster_19,Rundc3a,36.513397,7.4900002,6.797452757209222e-292,3.185286362028241e-289,0.574468085106383,0.007518796992481203,0.5669492881139018
small_cluster,19,cluster_19,Ceacam10,36.30208,9.449495,1.5001643655151502e-288,6.834498821892772e-286,0.2978723404255319,0.0010526315789473684,0.29681970884658454
small_cluster,19,cluster_19,Kcnc1,36.292698,9.129323,2.1093316619007715e-288,9.350040158603935e-286,0.2978723404255319,0.0010526315789473684,0.29681970884658454
small_cluster,19,cluster_19,Rab3c,36.28645,10.6972065,2.646840986711832e-288,1.1423905006068622e-285,0.23404255319148937,0.0003007518796992481,0.23374180131179012
small_cluster,19,cluster_19,Mt3,35.44755,9.205726,3.1636678233764366e-275,1.33044399926146e-272,0.2978723404255319,0.0012030075187969924,0.2966693329067349
small_cluster,19,cluster_19,Slc35d3,35.205948,7.673008,1.6214661790553812e-271,6.648416700671827e-269,0.44680851063829785,0.004360902255639097,0.44244760838265873
small_cluster,19,cluster_19,Agt,34.949966,9.874937,1.2963732999334574e-267,5.18580938834357e-265,0.23404255319148937,0.0004511278195488722,0.2335914253719405
small_cluster,19,cluster_19,Pcsk2,34.327686,10.630312,3.0325283165214056e-258,1.184202307601609e-255,0.2127659574468085,0.0003007518796992481,0.21246520556710927
small_cluster,19,cluster_19,Tmem45b,33.858513,6.7318745,2.7196479391024627e-251,1.037324322074872e-248,0.7021276595744681,0.014887218045112782,0.6872404415293554
small_cluster,19,cluster_19,Syp,33.11098,7.768225,2.0653331899903817e-240,7.527451033118278e-238,0.3617021276595745,0.0030075187969924814,0.35869460886258203
small_cluster,19,cluster_19,Col8a1,33.09683,7.753994,3.30104287063036e-240,1.1769653069827941e-237,0.3617021276595745,0.0030075187969924814,0.35869460886258203
small_cluster,19,cluster_19,Kcnj1,33.0521,8.964511,1.451180116261402e-239,5.064001082298565e-237,0.3191489361702128,0.002105263157894737,0.31704367301231806
small_cluster,19,cluster_19,Rab3b,32.655434,7.0723763,6.709224304200749e-234,2.2924580794415935e-231,0.5957446808510638,0.011278195488721804,0.584466485362342
small_cluster,19,cluster_19,Nnat,32.479355,8.878354,2.0865673112652896e-231,6.984038871849391e-229,0.3191489361702128,0.002255639097744361,0.31689329707246844
small_cluster,19,cluster_19,Dner,31.4601,8.011565,3.0541441503012584e-217,9.632888117132873e-215,0.2765957446808511,0.0016541353383458647,0.2749416093425052
small_cluster,19,cluster_19,Zcchc18,31.394388,7.6681266,2.4136089648646895e-216,7.468981251461467e-214,0.3191489361702128,0.002556390977443609,0.3165925451927692
small_cluster,19,cluster_19,Actl6b,31.056818,8.347078,9.229825829832542e-212,2.803303211760806e-209,0.2553191489361702,0.0013533834586466164,0.2539657654775236
small_cluster,19,cluster_19,Bex4,30.51829,7.33689,1.4906161786703998e-204,4.445017444795132e-202,0.5531914893617021,0.011428571428571429,0.5417629179331307
small_cluster,19,cluster_19,Aplp1,30.339,7.6387677,3.509321802711048e-202,1.0277926229689981e-199,0.3617021276595745,0.00406015037593985,0.3576419772836346
small_cluster,19,cluster_19,Tubb3,30.261702,7.7126575,3.660380978921735e-201,1.0532264637771118e-198,0.2978723404255319,0.002406015037593985,0.29546632538793793
small_cluster,19,cluster_19,Gzma,29.88643,7.1740127,2.9534403478678386e-196,8.210063583962783e-194,0.44680851063829785,0.007218045112781955,0.4395904655255159
small_cluster,19,cluster_19,Gdap1l1,29.665009,8.819818,2.1720269082070196e-193,5.937235553583888e-191,0.2127659574468085,0.0009022556390977444,0.21186370180771077
small_cluster,19,cluster_19,Hepacam2,29.34798,5.9546933,2.5355706302801185e-189,6.497795923003785e-187,0.6808510638297872,0.019548872180451128,0.6613021916493361
small_cluster,19,cluster_19,Upp1,29.235218,6.9150205,6.921641506279324e-188,1.74648988222288e-185,0.8085106382978723,0.03037593984962406,0.7781346984482482
small_cluster,19,cluster_19,Cnpy1,29.163033,8.369283,5.710676392739922e-187,1.4191030835958704e-184,0.23404255319148937,0.0013533834586466164,0.23268916973284276
small_cluster,19,cluster_19,Cryba2,29.066229,6.7566347,9.597198382633737e-186,2.3147595687290576e-183,0.48936170212765956,0.00962406015037594,0.47973764197728364
small_cluster,19,cluster_19,Cplx2,28.442778,6.886671,5.985964063312205e-178,1.4025113800340493e-175,0.5531914893617021,0.01368421052631579,0.5395072788353864
small_cluster,19,cluster_19,Syt7,28.35517,7.0488,7.227727968782442e-177,1.6696051607887443e-174,0.5319148936170213,0.01263157894736842,0.5192833146696528
small_cluster,19,cluster_19,Lrp11,28.158499,6.6904454,1.8858221148586916e-174,4.295745625805195e-172,0.48936170212765956,0.010526315789473684,0.4788353863381859
small_cluster,19,cluster_19,Lsamp,27.922806,7.938705,1.4105605891870582e-171,3.169123866199581e-169,0.2127659574468085,0.0012030075187969924,0.21156294992801153
small_cluster,19,cluster_19,Pnmal2,27.77946,8.194208,7.682031560448759e-170,1.702608103012434e-167,0.23404255319148937,0.0016541353383458647,0.23238841785314351
small_cluster,19,cluster_19,Skap1,27.630648,7.7485447,4.768056800856369e-168,1.0426786612112707e-165,0.2765957446808511,0.002706766917293233,0.27388897776355786
small_cluster,19,cluster_19,Serpinb12,26.683765,6.1996922,7.264147230360262e-157,1.508092135761249e-154,0.723404255319149,0.02887218045112782,0.6945320748680212
small_cluster,19,cluster_19,B3gat2,26.561283,7.5873227,1.9024330751895083e-155,3.8520746748374226e-153,0.23404255319148937,0.001954887218045113,0.23208766597344424
small_cluster,19,cluster_19,Nptx1,26.451403,7.4678726,3.515680666819888e-154,7.03179007518451e-152,0.2127659574468085,0.0015037593984962407,0.21126219804831228
small_cluster,19,cluster_19,Smpd3,25.864355,7.1808496,1.6777218051193576e-147,3.1995715495072774e-145,0.2553191489361702,0.002706766917293233,0.252612382018877
small_cluster,19,cluster_19,Nrp1,25.813269,7.2599,6.292718463176197e-147,1.1728054035744637e-144,0.2978723404255319,0.00406015037593985,0.293812190049592
small_cluster,19,cluster_19,Homer2,25.640991,6.264555,5.328809898742106e-145,9.819978780816772e-143,0.723404255319149,0.032180451127819545,0.6912238041913294
small_cluster,19,cluster_19,Hist3h2ba,25.519453,6.713151,1.199197583780375e-143,2.1853377301757698e-141,0.3829787234042553,0.007669172932330827,0.3753095504719245
small_cluster,19,cluster_19,Ncam1,25.495659,7.4678483,2.2023787743997138e-143,3.9693642064757915e-141,0.23404255319148937,0.002255639097744361,0.231786914093745
small_cluster,19,cluster_19,Dll3,25.417658,6.776598,1.6090276081963624e-142,2.8684415002204937e-140,0.2553191489361702,0.002857142857142857,0.25246200607902736
small_cluster,19,cluster_19,Pirt,25.186762,7.166842,5.5943518947906615e-140,9.865910260909853e-138,0.2127659574468085,0.0018045112781954887,0.21096144616861304
small_cluster,19,cluster_19,Podxl2,25.009895,7.5661745,4.77146133209383e-138,8.067704877079475e-136,0.23404255319148937,0.002406015037593985,0.23163653815389537
small_cluster,19,cluster_19,Espn,24.355633,5.597715,5.053012361017025e-131,8.371157144751538e-129,0.8085106382978723,0.0443609022556391,0.7641497360422331
small_cluster,19,cluster_19,Tmem171,24.334955,7.2105885,8.366510815309893e-131,1.3721914388189754e-128,0.2978723404255319,0.00481203007518797,0.2930603103503439
small_cluster,19,cluster_19,Sez6l2,24.071115,6.7329264,5.018153824448865e-128,7.913725084114023e-126,0.23404255319148937,0.002706766917293233,0.23133578627419613
small_cluster,19,cluster_19,Mfng,23.687937,7.0594463,4.801093277940264e-124,7.290993597360951e-122,0.23404255319148937,0.002857142857142857,0.2311854103343465
small_cluster,19,cluster_19,Tekt5,23.652105,5.949275,1.122900396116306e-123,1.6742444906094123e-121,0.425531914893617,0.011729323308270676,0.4138025915853463
small_cluster,19,cluster_19,Celf3,23.620749,7.328747,2.359336804142156e-123,3.4860795427689643e-121,0.2127659574468085,0.002255639097744361,0.21051031834906414
small_cluster,19,cluster_19,Kif1a,23.60713,7.106966,3.256145322780253e-123,4.768217807046332e-121,0.2127659574468085,0.002255639097744361,0.21051031834906414
small_cluster,19,cluster_19,Vwf,23.053455,6.478847,1.3580674215319357e-117,1.97112068854383e-115,0.3829787234042553,0.009924812030075189,0.37305391137418015
small_cluster,19,cluster_19,Dmpk,22.77259,6.711945,8.572521004862115e-115,1.233315061410031e-112,0.3191489361702128,0.006766917293233083,0.3123820188769797
small_cluster,19,cluster_19,Vil1,21.874632,6.9480186,4.53149989230327e-106,6.406993942557407e-104,0.2127659574468085,0.002857142857142857,0.20990881458966565
small_cluster,19,cluster_19,Mthfd2,21.692112,5.7729177,2.4355033276063398e-104,3.4140760748779127e-102,0.5957446808510638,0.03037593984962406,0.5653687410014397
small_cluster,19,cluster_19,Ckb,20.708525,5.5415354,2.902141590580456e-95,3.8078419381688045e-93,0.8085106382978723,0.06406015037593984,0.7444504879219325
small_cluster,19,cluster_19,Cacna2d1,20.525791,5.536479,1.2668206325121594e-93,1.5621898641978893e-91,0.6808510638297872,0.04556390977443609,0.6352871540553511
small_cluster,19,cluster_19,Meis2,20.469088,5.7056847,4.061554082426523e-93,4.898055037196867e-91,0.5957446808510638,0.03458646616541353,0.5611582146856503
small_cluster,19,cluster_19,Selm,20.445013,5.5167537,6.654057795926295e-93,7.965927146787384e-91,0.723404255319149,0.051729323308270674,0.6716749320108784
small_cluster,19,cluster_19,Stxbp5l,20.339876,6.84658,5.707504091131558e-92,6.783244536133963e-90,0.2553191489361702,0.005413533834586466,0.24990561510158374
small_cluster,19,cluster_19,Tesc,20.17251,6.4892845,1.7075101367462046e-90,2.0147391189046403e-88,0.2978723404255319,0.007819548872180452,0.29005279155335145
small_cluster,19,cluster_19,Dpp6,19.852013,6.6105824,1.0587520811655328e-87,1.2403280630854216e-85,0.2127659574468085,0.0037593984962406013,0.2090065589505679
small_cluster,19,cluster_19,Prox1,19.556982,6.4185047,3.597541989842042e-85,4.126103928349603e-83,0.2127659574468085,0.003909774436090226,0.2088561830107183
small_cluster,19,cluster_19,Gm11837,19.26491,6.2486963,1.0585112890896841e-82,1.1972857691282696e-80,0.2127659574468085,0.00406015037593985,0.20870580707086867
small_cluster,19,cluster_19,Hoxb5,18.93596,5.6798773,5.7654385577142295e-80,6.476640944182951e-78,0.44680851063829785,0.021954887218045113,0.42485362342025274
small_cluster,19,cluster_19,Cited4,18.808838,5.1853585,6.392366407008092e-79,7.132054519819028e-77,0.6382978723404256,0.04721804511278196,0.5910798272276436
small_cluster,19,cluster_19,Ttr,18.56185,5.594313,6.541257959707565e-77,7.200212872292871e-75,0.5531914893617021,0.03503759398496241,0.5181538953767397
small_cluster,19,cluster_19,Bex1,18.317516,5.5875382,5.998792078180566e-75,6.515641647300627e-73,0.574468085106383,0.0406015037593985,0.5338665813469845
small_cluster,19,cluster_19,Serpine2,17.832705,4.9424105,3.9390371967633525e-71,4.222493402883382e-69,0.6170212765957447,0.04857142857142857,0.5684498480243161
small_cluster,19,cluster_19,Bex2,17.301449,5.21261,4.587058872483155e-67,4.672816929664361e-65,0.8723404255319149,0.11954887218045113,0.7527915533514637
small_cluster,19,cluster_19,Car11,17.046537,5.3439374,3.7086599019368834e-65,3.708886039735782e-63,0.3404255319148936,0.015338345864661655,0.32508718605023196
small_cluster,19,cluster_19,Dnajc12,16.727497,5.5499187,8.26375299935036e-63,7.789299594387658e-61,0.9148936170212766,0.1518796992481203,0.7630139177731563
small_cluster,19,cluster_19,Cpe,15.789366,4.876995,3.6826138024292606e-56,3.374220613052643e-54,0.3829787234042553,0.02300751879699248,0.35997120460726284
small_cluster,19,cluster_19,Enho,15.66137,4.621155,2.778450190249896e-55,2.4901290475567514e-53,0.5319148936170213,0.04586466165413534,0.48605023196288594
small_cluster,19,cluster_19,Gch1,15.639602,4.8106475,3.911645390660299e-55,3.486679133272802e-53,0.8085106382978723,0.12270676691729324,0.6858038713805791
small_cluster,19,cluster_19,Snrpn,15.56397,4.5566006,1.2791327847918355e-54,1.1340030704524807e-52,0.6170212765957447,0.06526315789473684,0.5517581187010079
small_cluster,19,cluster_19,Agpat4,15.507112,4.903751,3.105387691063273e-54,2.738250726942405e-52,0.3829787234042553,0.023909774436090225,0.3590689489681651
small_cluster,19,cluster_19,B630019K06Rik,15.283391,4.62725,9.867006814398905e-53,8.607913763987044e-51,0.5531914893617021,0.053082706766917294,0.5001087825947849
small_cluster,19,cluster_19,Tmem117,15.210054,5.4662576,3.0329183765430263e-52,2.60434001537603e-50,0.23404255319148937,0.00887218045112782,0.22517037274036156
small_cluster,19,cluster_19,Lysmd2,15.06303,4.699066,2.8349154263950264e-51,2.4090905651971414e-49,0.5106382978723404,0.046917293233082705,0.4637210046392577
small_cluster,19,cluster_19,Tmem158,14.988477,5.6581464,8.733333074768448e-51,7.383267822643161e-49,1.0,0.2613533834586466,0.7386466165413534
small_cluster,19,cluster_19,Degs2,14.835705,4.7708626,8.609462333447752e-50,7.095667926174703e-48,0.46808510638297873,0.03984962406015038,0.4282354823228284
small_cluster,19,cluster_19,Cdc14b,14.466366,5.3719726,1.9764308801443085e-47,1.5968198455786605e-45,0.23404255319148937,0.009924812030075189,0.22411774116141417
small_cluster,19,cluster_19,1500009L16Rik,14.362227,4.87412,8.930941078456344e-47,7.145188518427438e-45,0.2765957446808511,0.014135338345864662,0.2624604063349864
small_cluster,19,cluster_19,Arg1,14.0640955,4.4616838,6.312498272094983e-45,4.906695931783404e-43,0.40425531914893614,0.032180451127819545,0.3720748680211166
small_cluster,19,cluster_19,Fhl2,13.595803,4.2887144,4.2408169396638517e-42,3.1050731530101263e-40,0.5957446808510638,0.07909774436090225,0.5166469364901616
small_cluster,19,cluster_19,Map1b,13.22117,4.6058893,6.6225390659305734e-40,4.6817354836347986e-38,0.3829787234042553,0.03308270676691729,0.34989601663733805
small_cluster,19,cluster_19,Atp6v0e2,13.082699,4.174423,4.1349457849599716e-39,2.8981728982533545e-37,0.6382978723404256,0.10015037593984963,0.5381474964005759
small_cluster,19,cluster_19,Sult2b1,12.961459,4.483088,2.023600394169768e-38,1.4063165281685747e-36,0.5319148936170213,0.0687218045112782,0.4631930891057431
small_cluster,19,cluster_19,Stxbp1,12.895891,4.7460465,4.747415411985853e-38,3.2715277383184864e-36,0.2765957446808511,0.01774436090225564,0.25885138377859546
small_cluster,19,cluster_19,Fxyd6,12.890252,3.841015,5.107665008278531e-38,3.505054970743773e-36,0.3191489361702128,0.02300751879699248,0.2961414173732203
small_cluster,19,cluster_19,Foxa2,12.650434,4.7840943,1.1125856503595211e-36,7.509266358661113e-35,0.425531914893617,0.04541353383458647,0.38011838105903056
small_cluster,19,cluster_19,Fgf13,12.643617,4.7027354,1.2134148573839721e-36,8.156236506538741e-35,0.2553191489361702,0.015639097744360904,0.2396800511918093
small_cluster,19,cluster_19,Fdps,12.512335,4.23263,6.391743668492582e-36,4.2788158329366054e-34,0.7659574468085106,0.1756390977443609,0.5903183490641497
small_cluster,19,cluster_19,Tmem191c,12.478377,4.6290355,9.796318809316907e-36,6.401172302454446e-34,0.2765957446808511,0.018947368421052633,0.2576483762597984
small_cluster,19,cluster_19,Car8,12.397644,4.1535344,2.691199752986255e-35,1.7309163587736298e-33,1.0,0.48781954887218043,0.5121804511278196
small_cluster,19,cluster_19,Pip5k1b,12.304663,4.4764056,8.549265619908985e-35,5.477207243442471e-33,0.3617021276595745,0.03368421052631579,0.3280179171332587
small_cluster,19,cluster_19,Rbp4,12.1657295,3.996729,4.731996910449484e-34,3.0081194313287594e-32,0.6382978723404256,0.11458646616541353,0.523711406175012
small_cluster,19,cluster_19,Ccdc85b,12.159855,3.9389055,5.084878670980984e-34,3.2199650611103906e-32,0.5957446808510638,0.09714285714285714,0.49860182370820666
small_cluster,19,cluster_19,Igfbp5,12.065232,4.098956,1.612067085414995e-33,1.009141689614173e-31,1.0,0.45729323308270675,0.5427067669172932
small_cluster,19,cluster_19,H1fx,11.977451,3.7936146,4.664451522746304e-33,2.9088087233673818e-31,0.40425531914893614,0.04285714285714286,0.36139817629179327
small_cluster,19,cluster_19,Gstm5,11.847015,3.8895497,2.2299112202314425e-32,1.3749163128953341e-30,0.723404255319149,0.16541353383458646,0.5579907214845625
small_cluster,19,cluster_19,Nrxn1,11.631069,4.0569344,2.8648623685736092e-31,1.684107803117411e-29,0.3404255319148936,0.032330827067669175,0.30809470484722445
small_cluster,19,cluster_19,Guk1,11.536361,3.4974718,8.650853861856649e-31,5.04920477538473e-29,0.9787234042553191,0.4699248120300752,0.5087985922252439
small_cluster,19,cluster_19,Tuba1a,11.4259615,4.304746,3.1020438560603172e-30,1.7789028420715126e-28,1.0,0.4488721804511278,0.5511278195488722
small_cluster,19,cluster_19,Atp6v0b,11.359427,3.1225433,6.6579385382912e-30,3.8047682915161664e-28,1.0,0.7021052631578948,0.2978947368421052
small_cluster,19,cluster_19,Mcf2l,11.318507,4.4926343,1.062661968840404e-29,6.051638524635926e-28,0.23404255319148937,0.016390977443609022,0.21765157574788035
small_cluster,19,cluster_19,Fdft1,11.3111105,3.8788266,1.1561678611115891e-29,6.5613526263291255e-28,0.6595744680851063,0.14390977443609024,0.5156646936490161
small_cluster,19,cluster_19,Rtn2,11.282674,4.6003766,1.5981380074123265e-29,9.007237614972358e-28,0.2765957446808511,0.02330827067669173,0.25328747400415935
small_cluster,19,cluster_19,Cystm1,11.163176,3.4503686,6.174575530012791e-29,3.444531063528564e-27,1.0,0.5159398496240601,0.48406015037593986
small_cluster,19,cluster_19,Vamp2,11.10362,3.804795,1.204641219037535e-28,6.607799542954719e-27,0.723404255319149,0.18842105263157893,0.53498320268757
small_cluster,19,cluster_19,Calm2,10.827041,2.8958101,2.563059775134767e-27,1.401224779066177e-25,1.0,0.7825563909774436,0.21744360902255644
small_cluster,19,cluster_19,Cd24a,10.730636,3.3536284,7.309139018279806e-27,3.969443345655864e-25,1.0,0.6708270676691729,0.3291729323308271
small_cluster,19,cluster_19,Fam174a,10.558825,3.6568344,4.6241577843173434e-26,2.438611312559124e-24,0.8297872340425532,0.3126315789473684,0.5171556550951848
small_cluster,19,cluster_19,Ptp4a3,10.512277,3.4473615,7.583987792703982e-26,3.8992157927315985e-24,0.6595744680851063,0.16105263157894736,0.498521836506159
small_cluster,19,cluster_19,Psip1,10.464825,3.6167684,1.2530820387321417e-25,6.422437036639331e-24,0.574468085106383,0.12150375939849624,0.4529643257078868
small_cluster,19,cluster_19,Rab3a,10.32407,3.7304993,5.484763067553815e-25,2.750935751405202e-23,0.5319148936170213,0.10496240601503759,0.4269524876019837
small_cluster,19,cluster_19,Tm7sf2,10.2709675,4.3300457,9.524470475961104e-25,4.7625256181779904e-23,0.2553191489361702,0.02360902255639098,0.23171012637977922
small_cluster,19,cluster_19,Pclo,10.246755,4.1422,1.2238431405568996e-24,6.100988251754927e-23,0.3191489361702128,0.037142857142857144,0.28200607902735564
small_cluster,19,cluster_19,Ttc3,10.155235,3.6010766,3.1405281695093684e-24,1.560842500246156e-22,0.5319148936170213,0.10736842105263159,0.4245464725643897
small_cluster,19,cluster_19,Stmn2,10.150906,4.134476,3.2830363870247497e-24,1.6218397525178589e-22,0.23404255319148937,0.02,0.21404255319148938
small_cluster,19,cluster_19,Fam222a,10.075309,4.119446,7.103748715561455e-24,3.47786813981861e-22,0.23404255319148937,0.020451127819548873,0.21359142537194048
small_cluster,19,cluster_19,Celf4,9.796472,3.5746052,1.1658711451724763e-22,5.574767537018595e-21,0.40425531914893614,0.06360902255639098,0.3406462965925452
small_cluster,19,cluster_19,Grasp,9.717052,3.1549914,2.5505711419294734e-22,1.2160441075228283e-20,0.7446808510638298,0.25278195488721805,0.4918988961766117
small_cluster,19,cluster_19,Mien1,9.694455,2.7892807,3.183318908281497e-22,1.5133221279630385e-20,0.9148936170212766,0.6243609022556391,0.29053271476563747
small_cluster,19,cluster_19,Atp6v0e,9.640638,2.6667628,5.385179473354965e-22,2.5234951012141367e-20,0.9574468085106383,0.6359398496240601,0.3215069588865782
small_cluster,19,cluster_19,Igsf8,9.594488,3.3203456,8.433473626150432e-22,3.9183399700423005e-20,0.5531914893617021,0.12481203007518797,0.42837945928651416
small_cluster,19,cluster_19,Prnp,9.568059,3.0141761,1.089320106617325e-21,4.990485773360544e-20,0.8297872340425532,0.3631578947368421,0.46662933930571104
small_cluster,19,cluster_19,Cirbp,9.474809,2.5172555,2.6725049649703544e-21,1.2175487202910773e-19,0.9148936170212766,0.6565413533834586,0.25835226363781794
small_cluster,19,cluster_19,Gm11992,9.387715,3.9635134,6.131558749340577e-21,2.7703497258384245e-19,0.23404255319148937,0.023157894736842106,0.21088465845464727
small_cluster,19,cluster_19,Serinc1,9.386352,2.965839,6.21144298391387e-21,2.7987328675596533e-19,0.723404255319149,0.24285714285714285,0.4805471124620061
small_cluster,19,cluster_19,Shisa4,9.376965,3.8543599,6.789948812168165e-21,3.05101234159918e-19,0.2553191489361702,0.027518796992481203,0.227800351943689
small_cluster,19,cluster_19,Hmgn2,9.308268,3.611432,1.2993407144627932e-20,5.806672222862199e-19,0.3191489361702128,0.043308270676691726,0.27584066549352104
small_cluster,19,cluster_19,Cd200,9.299567,3.6946902,1.4101830338254922e-20,6.267862313759322e-19,0.2765957446808511,0.03263157894736842,0.24396416573348265
small_cluster,19,cluster_19,Camk2n1,9.195477,2.6821945,3.7333676160986884e-20,1.6371915045891601e-18,0.8723404255319149,0.503609022556391,0.368731402975524
small_cluster,19,cluster_19,Dynll2,9.14732,2.8420835,5.836363261700161e-20,2.5390502348844654e-18,0.851063829787234,0.4168421052631579,0.43422172452407615
small_cluster,19,cluster_19,Tspan13,9.066509,2.6535602,1.2289124562939863e-19,5.304050840967808e-18,0.851063829787234,0.4378947368421053,0.41316909294512877
small_cluster,19,cluster_19,Cd164l2,9.00913,3.5974126,2.0769765137117047e-19,8.894123185740382e-18,0.2978723404255319,0.040150375939849624,0.2577219644856823
small_cluster,19,cluster_19,Aldoc,8.970213,3.4820476,2.959422252063124e-19,1.2574477812457848e-17,0.48936170212765956,0.11263157894736842,0.37673012318029114
small_cluster,19,cluster_19,Tmem184a,8.931587,3.129152,4.1993889193990785e-19,1.761487919873767e-17,0.5957446808510638,0.16917293233082706,0.4265717485202367
small_cluster,19,cluster_19,Eif1b,8.768702,3.0008807,1.8073900651768073e-18,7.466751752887862e-17,0.8085106382978723,0.42466165413533835,0.38384898416253393
small_cluster,19,cluster_19,Eid1,8.679971,3.0744984,3.9587097436086834e-18,1.6272380577675693e-16,0.5531914893617021,0.14902255639097745,0.4041689329707247
small_cluster,19,cluster_19,0610011F06Rik,8.657416,2.4634926,4.825756499473062e-18,1.9786808086964423e-16,0.8936170212765957,0.5321804511278195,0.36143657014877617
small_cluster,19,cluster_19,Panx1,8.591548,3.813596,8.580543091449781e-18,3.4834031495759375e-16,0.23404255319148937,0.02736842105263158,0.2066741321388578
small_cluster,19,cluster_19,Tspan3,8.567311,2.5107074,1.0592892997988197e-17,4.2897293348149237e-16,0.8723404255319149,0.4324812030075188,0.43985922252439613
small_cluster,19,cluster_19,Slc25a33,8.502483,3.1752095,1.8557797976922333e-17,7.478291022592216e-16,0.574468085106383,0.1712781954887218,0.4031898896176612
small_cluster,19,cluster_19,Ap3s1,8.3534355,3.254415,6.630580810253677e-17,2.5771236094739427e-15,0.40425531914893614,0.08330827067669173,0.3209470484722444
small_cluster,19,cluster_19,Habp4,8.31742,3.6546423,8.989888293262245e-17,3.436903447501027e-15,0.3191489361702128,0.053834586466165416,0.2653143497040474
small_cluster,19,cluster_19,Saraf,8.203587,2.1513643,2.333200367955467e-16,8.697004371554004e-15,0.8936170212765957,0.6618045112781955,0.2318125099984002
small_cluster,19,cluster_19,Tpd52,8.172223,2.633723,3.027584236085813e-16,1.1234255442543761e-14,0.7872340425531915,0.47593984962406016,0.31129419292913135
small_cluster,19,cluster_19,Cnn3,8.169723,3.0792944,3.091006405625837e-16,1.1443701141911818e-14,0.46808510638297873,0.11398496240601504,0.3541001439769637
small_cluster,19,cluster_19,Tubb2b,8.097009,3.3264697,5.63269649696677e-16,2.0667081710682774e-14,0.3617021276595745,0.07112781954887218,0.2905743081107023
small_cluster,19,cluster_19,Nebl,8.091625,3.465905,5.887378545817282e-16,2.1553324895077954e-14,0.2765957446808511,0.04195488721804511,0.23464085746280597
small_cluster,19,cluster_19,Klc1,8.084721,3.1772847,6.230694015866849e-16,2.2759379188024988e-14,0.425531914893617,0.09744360902255639,0.32808830587106064
small_cluster,19,cluster_19,Aip,8.07358,2.8880098,6.826679389037057e-16,2.4880970813243727e-14,0.6170212765957447,0.22045112781954887,0.3965701487761958
small_cluster,19,cluster_19,Mtch1,8.061009,2.2786124,7.56672133108208e-16,2.751702806010581e-14,0.8297872340425532,0.43413533834586465,0.3956518956966885
small_cluster,19,cluster_19,Tmsb10,8.024861,2.0497482,1.0164081871079318e-15,3.679936131734479e-14,0.9574468085106383,0.693984962406015,0.2634618461046233
small_cluster,19,cluster_19,Ubqln2,8.016891,2.994952,1.0845610908880907e-15,3.918036663360259e-14,0.44680851063829785,0.10827067669172932,0.33853783394656856
small_cluster,19,cluster_19,Tmprss4,8.003248,3.030532,1.211793246017076e-15,4.3680485775661676e-14,0.425531914893617,0.09819548872180452,0.3273364261718125
small_cluster,19,cluster_19,Emc9,7.967821,2.897578,1.614966439122873e-15,5.783201870754201e-14,0.48936170212765956,0.13263157894736843,0.3567301231802911
small_cluster,19,cluster_19,Kcnk1,7.9070864,2.3455043,2.6348331058130976e-15,9.353657525636497e-14,0.8085106382978723,0.446015037593985,0.3624956007038873
small_cluster,19,cluster_19,Tmem54,7.904928,3.3009043,2.6808812295379134e-15,9.496573012019723e-14,0.40425531914893614,0.09233082706766917,0.311924492081267
small_cluster,19,cluster_19,Gmds,7.899394,2.9827037,2.8026287905034776e-15,9.906447153674037e-14,0.5319148936170213,0.16330827067669174,0.36860662294032953
small_cluster,19,cluster_19,Gdi1,7.8313127,2.7342932,4.828023810512447e-15,1.6919747546199712e-13,0.574468085106383,0.1863157894736842,0.3881522956326988
small_cluster,19,cluster_19,Cxx1a,7.8220053,3.389558,5.198841356354338e-15,1.8180425817818232e-13,0.2553191489361702,0.037894736842105266,0.21742441209406493
small_cluster,19,cluster_19,Ddx28,7.7325745,3.3022726,1.0539302663497272e-14,3.6162155435987187e-13,0.2553191489361702,0.038345864661654135,0.21697328427451607
small_cluster,19,cluster_19,Actn1,7.662656,2.697939,1.821272258572853e-14,6.210121894564108e-13,0.5957446808510638,0.21037593984962405,0.38536874100143975
small_cluster,19,cluster_19,Ccdc92,7.5811124,3.5682793,3.426046078553404e-14,1.1585686955536987e-12,0.2553191489361702,0.04045112781954887,0.21486802111662132
small_cluster,19,cluster_19,Kif5b,7.567134,2.1624699,3.815492326613548e-14,1.2876108981232265e-12,0.851063829787234,0.5687218045112782,0.28234202527595587
small_cluster,19,cluster_19,Dnajb9,7.515787,2.1276565,5.6569638063614994e-14,1.9012267087732574e-12,0.851063829787234,0.4303759398496241,0.42068788993760997
small_cluster,19,cluster_19,Ank,7.5100503,3.0241494,5.910465206391242e-14,1.9823627781190748e-12,0.2765957446808511,0.045714285714285714,0.23088145896656537
small_cluster,19,cluster_19,Msrb1,7.470952,2.2837005,7.961677688384534e-14,2.6540543855120884e-12,0.7872340425531915,0.4413533834586466,0.3458806590945449
small_cluster,19,cluster_19,Rap1gap,7.4704647,3.2334502,7.99122112058879e-14,2.6584993427743763e-12,0.3829787234042553,0.09172932330827067,0.29124940009598466
small_cluster,19,cluster_19,Ak1,7.430504,3.098477,1.0818492446558909e-13,3.5845271639598517e-12,0.2978723404255319,0.05413533834586466,0.24373700207966725
small_cluster,19,cluster_19,Ift57,7.400567,2.662612,1.3560423103074932e-13,4.4659538014765454e-12,0.5319148936170213,0.17157894736842105,0.3603359462486002
small_cluster,19,cluster_19,Nptn,7.343917,2.52526,2.0743231517784608e-13,6.790613575313081e-12,0.6595744680851063,0.2816541353383459,0.37792033274676046
small_cluster,19,cluster_19,Cdo1,7.291463,2.6558762,3.066073888287354e-13,9.938078624861837e-12,0.46808510638297873,0.12857142857142856,0.3395136778115502
small_cluster,19,cluster_19,Msmo1,7.185925,2.5333283,6.675362664348125e-13,2.1258761758829827e-11,0.5106382978723404,0.16390977443609023,0.34672852343625016
small_cluster,19,cluster_19,Bnip3l,7.128913,2.4406242,1.0116468589772533e-12,3.196921027762222e-11,0.6170212765957447,0.2517293233082707,0.365291953287474
small_cluster,19,cluster_19,Arl3,7.128464,2.0804975,1.0149503512816728e-12,3.201192444494368e-11,0.7659574468085106,0.41413533834586463,0.351822108462646
small_cluster,19,cluster_19,Bzw2,7.0898,2.4659357,1.3430591835239884e-12,4.19571688932894e-11,0.5319148936170213,0.17759398496240603,0.35432090865461524
small_cluster,19,cluster_19,Stx7,7.0543427,2.2060912,1.7341842729272983e-12,5.3868098977804196e-11,0.6382978723404256,0.25082706766917295,0.3874708046712526
small_cluster,19,cluster_19,Prkaca,7.0258565,2.4661934,2.1275716051272137e-12,6.571431618774281e-11,0.48936170212765956,0.15413533834586465,0.33522636378179493
small_cluster,19,cluster_19,Ica1,7.006607,2.7891889,2.441670213472476e-12,7.513289525546357e-11,0.425531914893617,0.12180451127819548,0.30372740361542155
small_cluster,19,cluster_19,Acyp2,6.991823,3.0715237,2.7133669049060704e-12,8.302598993911281e-11,0.46808510638297873,0.1530827067669173,0.31500239961606147
small_cluster,19,cluster_19,Pea15a,6.9898458,2.635584,2.7518819977857148e-12,8.404770325080728e-11,0.425531914893617,0.11729323308270677,0.30823868181091024
small_cluster,19,cluster_19,Ldlr,6.9848576,3.0789318,2.851454736789399e-12,8.66050169223758e-11,0.3404255319148936,0.08,0.2604255319148936
small_cluster,19,cluster_19,Palmd,6.944186,2.984795,3.806481718902912e-12,1.1371604129640559e-10,0.2553191489361702,0.045263157894736845,0.21005599104143335
small_cluster,19,cluster_19,Blcap,6.9341974,3.1701121,4.085335702182665e-12,1.2160361316061323e-10,0.2765957446808511,0.05368421052631579,0.2229115341545353
small_cluster,19,cluster_19,Sc5d,6.9184055,2.8893886,4.567557958933835e-12,1.3571108348636563e-10,0.3617021276595745,0.08902255639097745,0.27267957126859704
small_cluster,19,cluster_19,Cxxc5,6.903241,2.7991285,5.082916049269507e-12,1.5075028232200576e-10,0.40425531914893614,0.11082706766917293,0.2934282514797632
small_cluster,19,cluster_19,Arpc5l,6.8865952,2.1133378,5.714356168717172e-12,1.6917176087207644e-10,0.7659574468085106,0.4372932330827068,0.32866421372580384
small_cluster,19,cluster_19,Nrtn,6.8747616,2.855944,6.209366372111125e-12,1.834951673315217e-10,0.3617021276595745,0.08962406015037594,0.27207806750919855
small_cluster,19,cluster_19,Trappc2l,6.855487,2.06988,7.107009700928324e-12,2.0889259158588788e-10,0.7446808510638298,0.42947368421052634,0.3152071668533034
small_cluster,19,cluster_19,Ints12,6.8371,2.7824197,8.081225309130603e-12,2.3667888624116254e-10,0.3404255319148936,0.08030075187969925,0.26012478003519435
small_cluster,19,cluster_19,Higd1a,6.8330297,2.1600015,8.313972988666657e-12,2.4306144560984285e-10,0.723404255319149,0.3818045112781955,0.3415997440409535
small_cluster,19,cluster_19,Rabggtb,6.812377,2.313713,9.599921094788816e-12,2.796595131005886e-10,0.6382978723404256,0.2894736842105263,0.34882418812989924
small_cluster,19,cluster_19,Arl4a,6.7331963,2.2971528,1.6597610705424547e-11,4.5143849615201993e-10,0.6808510638297872,0.3348872180451128,0.34596384578467443
small_cluster,19,cluster_19,Cxx1b,6.6934137,2.902322,2.1802354955062438e-11,5.900667056402294e-10,0.2978723404255319,0.06511278195488722,0.23275955847064467
small_cluster,19,cluster_19,1110008P14Rik,6.6827497,2.2895548,2.3450002746127667e-11,6.336136656330147e-10,0.6595744680851063,0.3219548872180451,0.33761958086706123
small_cluster,19,cluster_19,Ogfrl1,6.6136518,3.0287285,3.7495365324448114e-11,9.855152030228743e-10,0.3191489361702128,0.07609022556390978,0.24305871060630302
small_cluster,19,cluster_19,Tmed4,6.579753,2.1791892,4.712305542900611e-11,1.2326399235903177e-09,0.6382978723404256,0.30781954887218044,0.3304783234682451
small_cluster,19,cluster_19,Pik3r3,6.576366,3.2713885,4.8208528213785783e-11,1.2590255911374215e-09,0.2553191489361702,0.05097744360902256,0.20434170532714763
small_cluster,19,cluster_19,Hagh,6.491108,2.4134243,8.520738349590578e-11,2.1973054979816834e-09,0.6170212765957447,0.3124812030075188,0.3045400735882259
small_cluster,19,cluster_19,Snhg20,6.389892,2.7602475,1.6600285261547122e-10,4.234234503493536e-09,0.3191489361702128,0.07984962406015038,0.2392993121100624
small_cluster,19,cluster_19,Rab6a,6.355839,2.0563126,2.0729218464591883e-10,5.2385194458824575e-09,0.6808510638297872,0.36857142857142855,0.31227963525835867
small_cluster,19,cluster_19,Asns,6.3459377,2.7755759,2.210744684027799e-10,5.552591663513006e-09,0.3404255319148936,0.09082706766917294,0.24959846424572069
small_cluster,19,cluster_19,Grcc10,6.3443313,2.1497095,2.233939226896979e-10,5.602268694241185e-09,0.6170212765957447,0.31203007518796994,0.30499120140777475
small_cluster,19,cluster_19,Pla2g12a,6.3404593,2.6946888,2.2908097804007202e-10,5.727373659809789e-09,0.40425531914893614,0.12466165413533835,0.2795936650135978
small_cluster,19,cluster_19,Ctsz,6.2439294,2.0120544,4.267132836624774e-10,1.0508295143165603e-08,0.6808510638297872,0.37353383458646616,0.30731722924332106
small_cluster,19,cluster_19,Tle1,6.218173,2.76543,5.029772750339517e-10,1.231243326542066e-08,0.3191489361702128,0.08210526315789474,0.23704367301231805
small_cluster,19,cluster_19,Slc38a1,6.16503,3.111924,7.046986576370848e-10,1.7173495815610444e-08,0.2978723404255319,0.07548872180451127,0.22238361862102063
small_cluster,19,cluster_19,Agfg2,6.1539946,2.407821,7.555522689058191e-10,1.8385478875852134e-08,0.46808510638297873,0.17233082706766917,0.29575427931530957
small_cluster,19,cluster_19,Slmo2,6.118836,2.3340814,9.426145131961288e-10,2.2768513447613708e-08,0.5319148936170213,0.2350375939849624,0.2968772996320589
small_cluster,19,cluster_19,Fam220a,6.104744,2.2596152,1.0296550523169883e-09,2.4797903837079185e-08,0.44680851063829785,0.15218045112781955,0.2946280595104783
small_cluster,19,cluster_19,Krtap17-1,6.0952215,2.853936,1.0928588884941633e-09,2.616639216086536e-08,0.2978723404255319,0.07293233082706767,0.22494000959846422
small_cluster,19,cluster_19,Bnip3,6.0816708,2.4720001,1.1893651412885595e-09,2.8311723776884855e-08,0.3829787234042553,0.11669172932330828,0.266286994080947
small_cluster,19,cluster_19,Wdr6,6.001179,2.7353323,1.958896774863216e-09,4.589695143504515e-08,0.3617021276595745,0.11203007518796992,0.24967205247160457
small_cluster,19,cluster_19,Otud6b,5.9885454,2.7360232,2.117257682570441e-09,4.939573156480188e-08,0.2765957446808511,0.06511278195488722,0.21148296272596384
small_cluster,19,cluster_19,Spcs3,5.9712796,2.4102025,2.3539957536890496e-09,5.4762956533693766e-08,0.40425531914893614,0.13609022556390976,0.2681650935850264
small_cluster,19,cluster_19,Faim,5.9219155,2.3478868,3.182129475117368e-09,7.340380523403651e-08,0.46808510638297873,0.1855639097744361,0.28252119660854264
small_cluster,19,cluster_19,Spint1,5.9020104,2.017946,3.590989028922639e-09,8.23717637249793e-08,0.6170212765957447,0.31593984962406013,0.30108142697168455
small_cluster,19,cluster_19,Tstd1,5.8769774,2.4721882,4.178255462564586e-09,9.557540842611126e-08,0.5106382978723404,0.23022556390977444,0.28041273396256594
small_cluster,19,cluster_19,Tusc3,5.8624277,2.1066556,4.561481001631848e-09,1.0361890568942374e-07,0.6170212765957447,0.3267669172932331,0.2902543593025116
small_cluster,19,cluster_19,Hist3h2a,5.828698,2.3202713,5.586136660544683e-09,1.2636996878564598e-07,0.5319148936170213,0.24977443609022557,0.28214045752679573
small_cluster,19,cluster_19,Agpat5,5.8282614,2.4904983,5.600786194806743e-09,1.2652685176449779e-07,0.3404255319148936,0.09954887218045112,0.2408766597344425
small_cluster,19,cluster_19,Cbarp,5.8065343,2.6301813,6.377921375777957e-09,1.389167177744147e-07,0.2978723404255319,0.07894736842105263,0.21892497200447927
small_cluster,19,cluster_19,Tmem251,5.8047714,2.600474,6.445380727807417e-09,1.4019985320526453e-07,0.3617021276595745,0.11548872180451128,0.2462134058550632
small_cluster,19,cluster_19,Dctn6,5.798828,2.2231655,6.67799561024465e-09,1.450672927200298e-07,0.5106382978723404,0.22526315789473683,0.28537513997760355
small_cluster,19,cluster_19,Sqle,5.798489,3.1018484,6.691505049184655e-09,1.4516848453925598e-07,0.2765957446808511,0.07067669172932331,0.20591905295152776
small_cluster,19,cluster_19,Svip,5.7869883,3.028678,7.16596336001806e-09,1.5464337508902134e-07,0.2765957446808511,0.0712781954887218,0.20531754919212927
small_cluster,19,cluster_19,AI413582,5.7129436,2.0857654,1.1103850758485112e-08,2.3498613714827656e-07,0.5106382978723404,0.22526315789473683,0.28537513997760355
small_cluster,19,cluster_19,Hoxb2,5.6316733,2.0778468,1.784692489515778e-08,3.7145611066685627e-07,0.5957446808510638,0.30105263157894735,0.29469204927211645
small_cluster,19,cluster_19,Ogt,5.600833,2.4123654,2.13324119167328e-08,4.400916828255782e-07,0.3617021276595745,0.11578947368421053,0.24591265397536397
small_cluster,19,cluster_19,Ctxn1,5.556619,2.045971,2.750499615331785e-08,5.631828238583846e-07,0.2765957446808511,0.06736842105263158,0.2092273236282195
small_cluster,19,cluster_19,2210013O21Rik,5.522743,2.0987246,3.337469366662393e-08,6.792130461851537e-07,0.5319148936170213,0.24796992481203006,0.2839449688049912
small_cluster,19,cluster_19,Rnf6,5.4613867,2.2447677,4.724299816935605e-08,9.346591230103844e-07,0.3829787234042553,0.13548872180451127,0.24749000159974405
small_cluster,19,cluster_19,Acot7,5.45703,2.0627515,4.841646302656731e-08,9.55569687242756e-07,0.46808510638297873,0.19037593984962406,0.27770916653335465
small_cluster,19,cluster_19,Usmg5,5.436996,2.455213,5.4186316185782656e-08,1.065599246718251e-06,0.3191489361702128,0.09954887218045112,0.21960006398976167
small_cluster,19,cluster_19,Hspa4l,5.437133,2.3149455,5.4144817346580005e-08,1.065599246718251e-06,0.40425531914893614,0.14977443609022556,0.2544808830587106
small_cluster,19,cluster_19,Psmd5,5.435105,2.4169924,5.476423265790747e-08,1.0756744668531024e-06,0.3617021276595745,0.12631578947368421,0.23538633818589028
small_cluster,19,cluster_19,Zwint,5.4135203,2.2335074,6.179755466894601e-08,1.2094769619634648e-06,0.40425531914893614,0.15353383458646616,0.25072148456247
small_cluster,19,cluster_19,Scd2,5.383578,2.4204178,7.301957528624251e-08,1.4223207295364173e-06,0.3829787234042553,0.1419548872180451,0.2410238361862102
small_cluster,19,cluster_19,C1galt1c1,5.336528,2.3847783,9.474341029973498e-08,1.8281019674422981e-06,0.3617021276595745,0.13007518796992482,0.23162693968964967
small_cluster,19,cluster_19,Tspan7,5.261975,2.6413157,1.425163143338186e-07,2.705335730774258e-06,0.2978723404255319,0.09218045112781954,0.20569188929771237
small_cluster,19,cluster_19,Pmvk,5.189016,2.2706225,2.1140818154983058e-07,3.940119983634967e-06,0.425531914893617,0.18300751879699248,0.24252439609662454
small_cluster,19,cluster_19,Trp53i13,5.166849,2.4763288,2.380735175342006e-07,4.353003078125334e-06,0.3191489361702128,0.10646616541353383,0.21268277075667896
small_cluster,19,cluster_19,Ptprz1,5.132017,2.282533,2.866532314083616e-07,5.183461574783394e-06,0.3191489361702128,0.10466165413533834,0.21448728203487444
small_cluster,19,cluster_19,Zfand3,5.1203804,2.2081974,3.0491982069821555e-07,5.495593383814762e-06,0.3404255319148936,0.1181954887218045,0.2222300431930891
small_cluster,19,cluster_19,Cadm1,5.072864,2.357502,3.918727628456852e-07,6.963277555181021e-06,0.3404255319148936,0.1193984962406015,0.2210270356742921
small_cluster,19,cluster_19,Gtpbp2,4.9987717,2.3119588,5.769662946762525e-07,1.0045460933105326e-05,0.3404255319148936,0.12300751879699248,0.21741801311790113
small_cluster,19,cluster_19,Borcs6,4.970855,2.201942,6.665817990891683e-07,1.1483832024014127e-05,0.3191489361702128,0.10736842105263159,0.2117805151175812
small_cluster,19,cluster_19,Tomm20,4.949529,2.0591972,7.439326071355956e-07,1.2776166167152777e-05,0.3829787234042553,0.15037593984962405,0.23260278355463126
small_cluster,19,cluster_19,Znrf1,4.9426622,2.005412,7.706290132515114e-07,1.3179443635388988e-05,0.44680851063829785,0.20165413533834586,0.245154375299952
small_cluster,19,cluster_19,Srebf2,4.9207697,2.3385549,8.620450469071551e-07,1.4696882343372402e-05,0.3191489361702128,0.11293233082706768,0.20621660534314512
small_cluster,19,cluster_19,Gnpnat1,4.8887706,2.2261531,1.0146767794638496e-06,1.7121104794224894e-05,0.3191489361702128,0.11127819548872181,0.20787074068149097
small_cluster,19,cluster_19,Mageh1,4.7938824,2.211382,1.6358421991560285e-06,2.7018577954036274e-05,0.3404255319148936,0.13022556390977444,0.21019996800511917
small_cluster,19,cluster_19,Ube2w,4.5777817,2.0049958,4.699327908157095e-06,7.27796761300137e-05,0.3617021276595745,0.14917293233082707,0.21252919532874742
small_cluster,19,cluster_19,Rock1,4.348392,2.090956,1.3713919542048482e-05,0.00020082320929387245,0.3829787234042553,0.1818045112781955,0.20117421212605982
small_cluster,18,cluster_18,Lman1l,44.724472,9.288329,0.0,0.0,0.47692307692307695,0.0027141133896260556,0.4742089635334509
small_cluster,18,cluster_18,Cgref1,39.37249,8.099563,0.0,0.0,0.49230769230769234,0.0052774427020506635,0.4870302496056417
small_cluster,18,cluster_18,Fgl2,38.656395,7.55121,0.0,0.0,0.4461538461538462,0.004221954161640531,0.44193189199220567
small_cluster,18,cluster_18,Lmcd1,33.1051,6.6864657,2.5098279988050415e-240,8.232737801680298e-237,0.47692307692307695,0.00859469240048251,0.46832838452259445
small_cluster,18,cluster_18,Fkbp11,29.929905,5.8602657,8.035641464644357e-197,2.196542594360535e-193,0.5692307692307692,0.01718938480096502,0.5520413844298042
small_cluster,18,cluster_18,Dmbt1,29.788017,7.572443,5.5848856352543065e-195,1.3085387043400839e-191,0.8615384615384616,0.04674306393244873,0.8147953976060128
small_cluster,18,cluster_18,Wfdc18,28.910194,7.755184,8.889042084114255e-184,1.8223647402694739e-180,0.49230769230769234,0.013570566948130277,0.47873712535956203
small_cluster,18,cluster_18,Tff1,27.174982,7.806202,1.2834263232710233e-162,1.9135886479970957e-159,0.2923076923076923,0.004523522316043426,0.2877841699916489
small_cluster,18,cluster_18,Gp2,26.77956,8.273734,5.591287291554931e-158,7.641891905732703e-155,0.7692307692307693,0.047044632086851626,0.7221861371439177
small_cluster,18,cluster_18,Cldn2,26.220053,6.5538907,1.5698699312724308e-151,1.9805720571383952e-148,0.26153846153846155,0.0037696019300361883,0.2577688596084254
small_cluster,18,cluster_18,Azgp1,24.850143,5.1576967,2.5766139082941342e-136,3.018503193566578e-133,0.4307692307692308,0.014324487334137515,0.4164447434350933
small_cluster,18,cluster_18,Kcnn4,24.35526,5.18181,5.099171513840423e-131,5.575434133233119e-128,0.6615384615384615,0.039806996381182146,0.6217314651572794
small_cluster,18,cluster_18,Pycr1,23.313646,5.3793697,3.22357672539027e-120,3.1099930513603415e-117,0.3076923076923077,0.007840772014475271,0.29985153567783246
small_cluster,18,cluster_18,Sox9,21.6904,4.3239975,2.5278536711149763e-104,1.9742537171407966e-101,0.4307692307692308,0.019300361881785282,0.4114688688874455
small_cluster,18,cluster_18,Creb3l4,19.392267,3.9405484,8.969359763578603e-84,5.448387758609358e-81,0.6461538461538462,0.05744873341375151,0.5887051127400946
small_cluster,18,cluster_18,Serpinb11,18.16266,4.4622283,1.019617066899696e-73,5.972406969364969e-71,0.7230769230769231,0.0885102533172497,0.6345666697596734
small_cluster,18,cluster_18,Cited4,18.091003,4.3318377,3.7519933874222023e-73,2.1219463292107426e-70,0.5384615384615384,0.04659227985524728,0.49186925860629116
small_cluster,18,cluster_18,Tpd52l1,17.796362,3.8254716,7.54108042102241e-71,3.7479169692481375e-68,0.5692307692307692,0.052322074788902294,0.5169086944418669
small_cluster,18,cluster_18,Selm,16.612806,3.052702,5.6296285818853805e-62,2.367475342859029e-59,0.5384615384615384,0.0517189384800965,0.4867425999814419
small_cluster,18,cluster_18,Ccl28,16.279753,4.299735,1.3742460680413877e-59,5.497319454133366e-57,0.26153846153846155,0.01281664656212304,0.24872181497633852
small_cluster,18,cluster_18,Gjb1,15.722513,4.2087936,1.0603293889027952e-55,3.952377797135169e-53,0.3076923076923077,0.01945114595898673,0.288241161733321
small_cluster,18,cluster_18,Mfsd4,15.343812,3.5376172,3.8962832433153897e-53,1.3596370526301213e-50,0.5076923076923077,0.0548854041013269,0.45280690359098075
small_cluster,18,cluster_18,Creb3l1,15.336842,4.0571356,4.33792593301145e-53,1.48221506723585e-50,0.5846153846153846,0.07840772014475271,0.5062076644706319
small_cluster,18,cluster_18,Gpd1,15.306466,3.4184866,6.922424139290536e-53,2.317034251193961e-50,0.5230769230769231,0.05865500603136309,0.46442191704556
small_cluster,18,cluster_18,BC048546,14.735835,5.3414845,3.794763915987734e-49,1.1525541293724967e-46,0.7846153846153846,0.17189384800965019,0.6127215366057344
small_cluster,18,cluster_18,Jam2,14.587463,4.4213324,3.3751420286391373e-48,9.884947216376873e-46,0.23076923076923078,0.012515078407720145,0.21825415236151063
small_cluster,18,cluster_18,Pf4,14.164771,4.116358,1.5135920834442904e-45,4.069577665667182e-43,0.23076923076923078,0.013268998793727383,0.2175002319755034
small_cluster,18,cluster_18,Nucb2,14.119163,3.1280217,2.8940885176434856e-45,7.655797706108195e-43,0.7230769230769231,0.12952352231604342,0.5935534007608796
small_cluster,18,cluster_18,Sel1l3,13.9943,3.5945868,1.6888386186240435e-44,4.3966098704845936e-42,0.2923076923076923,0.021712907117008445,0.27059478519068386
small_cluster,18,cluster_18,Galnt6,13.869042,4.0386195,9.757127790216528e-44,2.4619485059590963e-41,0.27692307692307694,0.02005428226779252,0.2568687946552844
small_cluster,18,cluster_18,Tnf,13.481564,3.798152,2.008051442767691e-41,4.91553010639297e-39,0.2153846153846154,0.012665862484921592,0.2027187528996938
small_cluster,18,cluster_18,Cryab,13.387092,4.604659,7.194345663044054e-41,1.7100646843418194e-38,0.3076923076923077,0.02699034981905911,0.2807019578732486
small_cluster,18,cluster_18,Ncald,13.195125,3.4663262,9.359991506012063e-40,2.1621580378887868e-37,0.26153846153846155,0.01945114595898673,0.24208731557947483
small_cluster,18,cluster_18,Spdef,13.166007,3.2652538,1.3768888737187111e-39,3.093473207926107e-37,0.4307692307692308,0.05186972255729795,0.37889950821193286
small_cluster,18,cluster_18,Prss32,12.908917,4.296537,4.008972977057594e-38,8.88529267523265e-36,0.2153846153846154,0.01402291917973462,0.20136169620488079
small_cluster,18,cluster_18,Aldoc,11.945415,2.8731582,6.86077468908219e-33,1.4065445709454627e-30,0.5846153846153846,0.11067551266586248,0.47393987194952214
small_cluster,18,cluster_18,Homer2,11.375887,2.7140808,5.5139587095848e-30,1.0639345505400035e-27,0.3076923076923077,0.03437876960193004,0.2733135380903777
small_cluster,18,cluster_18,Slc12a2,11.351588,3.1531618,7.282772283955283e-30,1.388892421269193e-27,0.5230769230769231,0.1005729794933655,0.4225039435835576
small_cluster,18,cluster_18,Rab4a,11.262998,2.7946522,1.9984405611717706e-29,3.6827442296380006e-27,0.4461538461538462,0.07132086851628468,0.3748329776375615
small_cluster,18,cluster_18,Arg1,11.216711,2.9206073,3.375921518985117e-29,6.1520543147638775e-27,0.2923076923076923,0.03226779252110977,0.26003989978658254
small_cluster,18,cluster_18,Nupr1,11.123996,3.334472,9.587909319331198e-29,1.6552768499615893e-26,1.0,0.6200241254523522,0.3799758745476478
small_cluster,18,cluster_18,Tcn2,11.075129,2.95454,1.6564209197782732e-28,2.829891615133694e-26,0.8615384615384616,0.3848009650180941,0.4767374965203675
small_cluster,18,cluster_18,Cldn10,10.87858,2.4916027,1.4581665371278558e-27,2.4403458546361187e-25,0.8769230769230769,0.28437876960193004,0.5925443073211469
small_cluster,18,cluster_18,Ltf,10.610212,4.9740973,2.671409744597986e-26,4.337999130807086e-24,0.9846153846153847,0.6462605548854041,0.33835482972998054
small_cluster,18,cluster_18,Tmc5,10.599001,2.6153302,3.011792179368797e-26,4.842784660179181e-24,0.4153846153846154,0.06875753920386007,0.34662707618075533
small_cluster,18,cluster_18,Galnt12,10.585976,2.6424315,3.46155858221555e-26,5.511943913292936e-24,0.5384615384615384,0.11233413751507841,0.42612740094646
small_cluster,18,cluster_18,Ppp1r1b,10.395108,2.4054315,2.609912386665385e-25,3.963441949416572e-23,0.7076923076923077,0.19782870928829915,0.5098635984040085
small_cluster,18,cluster_18,Gne,10.358975,2.877909,3.810229783718245e-25,5.681052607523902e-23,0.4461538461538462,0.08368516284680337,0.3624686833070428
small_cluster,18,cluster_18,Pmm2,10.239838,2.3026433,1.3145652530413003e-24,1.925016492422354e-22,0.5230769230769231,0.1069059107358263,0.4161710123410968
small_cluster,18,cluster_18,P2rx4,10.160799,2.3756726,2.9663474262115413e-24,4.2305273162865643e-22,0.8307692307692308,0.2982509047044632,0.5325183260647677
small_cluster,18,cluster_18,Edem1,10.103331,2.7940776,5.339724278000659e-24,7.485198109699898e-22,0.38461538461538464,0.06498793727382389,0.31962744734156073
small_cluster,18,cluster_18,Galnt7,9.973676,2.423858,1.9873430718608596e-23,2.6937532001314014e-21,0.4307692307692308,0.08006634499396864,0.35070288577526215
small_cluster,18,cluster_18,Cacnb3,9.942814,2.6890852,2.710609770662814e-23,3.614383958674875e-21,0.26153846153846155,0.03211700844390832,0.22942145309455322
small_cluster,18,cluster_18,Lmo2,9.942813,2.5679429,2.710622687134989e-23,3.614383958674875e-21,0.2923076923076923,0.039806996381182146,0.2525006959265102
small_cluster,18,cluster_18,Tff2,9.921848,5.9347577,3.345044674215236e-23,4.3889662161443265e-21,0.676923076923077,0.21215319662243667,0.46476988030064026
small_cluster,18,cluster_18,Furin,9.913183,2.2417417,3.648330300714098e-23,4.711516949764718e-21,0.5230769230769231,0.11218335343787696,0.41089356963904616
small_cluster,18,cluster_18,Kcne3,9.86922,2.431394,5.660323843070006e-23,7.086639034365738e-21,0.7230769230769231,0.23205669481302774,0.49102022826389535
small_cluster,18,cluster_18,Snhg18,9.860126,2.5363224,6.197180291315533e-23,7.699996511959549e-21,0.3384615384615385,0.05247285886610374,0.2859886795954347
small_cluster,18,cluster_18,Slc25a29,9.745883,2.4951775,1.9210117456136916e-22,2.3689107999857264e-20,0.46153846153846156,0.09499396863691194,0.3665444929015496
small_cluster,18,cluster_18,Aldh18a1,9.709458,2.7494552,2.747940347040321e-22,3.289705812540752e-20,0.24615384615384617,0.03000603136308806,0.21614781479075812
small_cluster,18,cluster_18,Xbp1,9.677056,2.135703,3.774272536266685e-22,4.4533700623963954e-20,0.9384615384615385,0.5241254523522316,0.41433608610930683
small_cluster,18,cluster_18,Sec11c,9.625959,2.2302132,6.212439652331426e-22,7.277873052706266e-20,0.9230769230769231,0.5132689987937273,0.4098079242831958
small_cluster,18,cluster_18,Ceacam1,9.5136795,2.2949934,1.8403518293135946e-21,2.110741982697361e-19,0.5076923076923077,0.11444511459589868,0.393247193096409
small_cluster,18,cluster_18,Dnajc10,9.494677,2.5338788,2.208957851806797e-21,2.4814464196906356e-19,0.47692307692307695,0.10841375150784077,0.3685093254152362
small_cluster,18,cluster_18,Gjb2,9.4527025,2.4149318,3.301925612304003e-21,3.6103254644931967e-19,0.4461538461538462,0.09408926417370325,0.3520645819801429
small_cluster,18,cluster_18,Kdelr3,9.249497,2.5606914,2.2555035630423157e-20,2.3713149959908346e-18,0.4461538461538462,0.09996984318455972,0.3461840029692865
small_cluster,18,cluster_18,Atp2a3,9.222293,2.4067297,2.908136641851327e-20,3.0379840167518227e-18,0.3076923076923077,0.04945717732207479,0.25823513037023293
small_cluster,18,cluster_18,Cd81,9.206547,2.229776,3.367842991618314e-20,3.4959489180716435e-18,0.9384615384615385,0.4470747889022919,0.49138674955924655
small_cluster,18,cluster_18,Etv1,9.191323,2.2775679,3.8803683175238563e-20,3.977620048481798e-18,0.26153846153846155,0.03633896260554886,0.2251994989329127
small_cluster,18,cluster_18,Dcpp3,9.128546,4.366315,6.942553377885569e-20,7.028692466092668e-18,0.5846153846153846,0.16857659831121832,0.41603878630416635
small_cluster,18,cluster_18,Pdia5,9.104911,2.3456342,8.633739396477465e-20,8.687236800099808e-18,0.36923076923076925,0.06920989143546441,0.30002087779530484
small_cluster,18,cluster_18,Dcpp2,8.956357,4.6067824,3.355833223980189e-19,3.237589453323475e-17,0.2923076923076923,0.05006031363088058,0.24224737867681173
small_cluster,18,cluster_18,Gmds,8.956441,2.1880345,3.353264886689803e-19,3.237589453323475e-17,0.5846153846153846,0.1617913148371532,0.42282406977823145
small_cluster,18,cluster_18,Cnn3,8.9057255,2.1919506,5.303808931532119e-19,4.999297142876912e-17,0.47692307692307695,0.1129372738238842,0.36398580309919276
small_cluster,18,cluster_18,Tfcp2l1,8.902541,2.8194137,5.458238802343536e-19,5.0576595817647645e-17,0.26153846153846155,0.0393546441495778,0.22218381738888376
small_cluster,18,cluster_18,Sdf2l1,8.834817,2.0568376,1.0026273390974804e-18,9.03521482886691e-17,0.7538461538461538,0.2680940892641737,0.4857520645819801
small_cluster,18,cluster_18,Pigr,8.674582,2.1417174,4.1507321064852024e-18,3.6019130835166035e-16,0.8153846153846154,0.33021712907117007,0.4851674863134453
small_cluster,18,cluster_18,Dusp5,8.392997,2.1418717,4.739030858614354e-17,3.701183100577811e-15,0.7538461538461538,0.28769601930036187,0.46615013454579196
small_cluster,18,cluster_18,Kctd14,8.393523,2.054508,4.7178557415186745e-17,3.701183100577811e-15,0.5230769230769231,0.14550663449939685,0.3775702885775263
small_cluster,18,cluster_18,Sbpl,8.324992,4.346065,8.433401381265159e-17,6.403528521024531e-15,0.5230769230769231,0.1574185765983112,0.3656583464786119
small_cluster,18,cluster_18,Asns,8.320645,2.1239262,8.748583668312699e-17,6.612235978986018e-15,0.4,0.08956574185765984,0.31043425814234016
small_cluster,18,cluster_18,Arl4d,8.302312,2.2284036,1.021048026392191e-16,7.611913036753783e-15,0.36923076923076925,0.0793124246079614,0.28991834462280786
small_cluster,18,cluster_18,Fam114a1,8.227758,2.3843627,1.90749468945386e-16,1.3842840885722459e-14,0.27692307692307694,0.0485524728588661,0.22837060406421084
small_cluster,18,cluster_18,Vipr1,8.2186575,2.3928082,2.0579452366222437e-16,1.4803666590281322e-14,0.2923076923076923,0.05367913148371532,0.238628560823977
small_cluster,18,cluster_18,Slc9a3r2,8.197645,2.1079803,2.4514257049525265e-16,1.748079695083756e-14,0.4307692307692308,0.10389022919179734,0.32687900157743344
small_cluster,18,cluster_18,Agr2,8.036769,2.650618,9.223822120466338e-16,6.277174547625245e-14,0.8615384615384616,0.5702653799758746,0.291273081562587
small_cluster,18,cluster_18,Hilpda,8.020832,2.0458589,1.0503124119270413e-15,7.118253664469176e-14,0.3230769230769231,0.0643848009650181,0.258692122111905
small_cluster,18,cluster_18,Msln,7.907138,2.6485174,2.6337362367148057e-15,1.7347754224240775e-13,0.8,0.5227683956574186,0.27723160434258143
small_cluster,18,cluster_18,Mia,7.8720613,2.2571394,3.4884529447514926e-15,2.2614275394019458e-13,0.2923076923076923,0.05669481302774427,0.23561287927994806
small_cluster,18,cluster_18,Tmed3,7.5740857,2.1423023,3.616657952709858e-14,2.1648469738100137e-12,0.8615384615384616,0.6072074788902292,0.2543309826482324
small_cluster,18,cluster_18,Slc39a11,7.252966,2.1271672,4.07743000989083e-13,2.259254378115524e-11,0.3076923076923077,0.0698130277442702,0.2378792799480375
small_cluster,18,cluster_18,Ccdc162,7.000023,2.258679,2.5592071425791054e-12,1.2680832732761302e-10,0.26153846153846155,0.05609167671893848,0.20544678481952308
small_cluster,18,cluster_18,Fhl2,6.975858,2.0038636,3.04008988790408e-12,1.501822718419121e-10,0.3230769230769231,0.08036791314837154,0.24270900992855154
small_cluster,18,cluster_18,Slc37a1,6.8317766,2.127157,8.386946527801393e-12,3.930123142927733e-10,0.2923076923076923,0.07071773220747889,0.22158996010021342
small_cluster,18,cluster_18,Clu,6.69256,2.0315526,2.192993296491067e-11,1.001874179825905e-09,0.6615384615384615,0.28950542822677927,0.37203303331168225
small_cluster,18,cluster_18,Zfp750,6.172836,2.1616013,6.707590492673457e-10,2.6637092414125272e-08,0.2923076923076923,0.08066948130277443,0.2116382110049179
small_cluster,18,cluster_18,Muc5b,6.1606255,2.8528287,7.245815259448536e-10,2.8566975016878712e-08,0.5538461538461539,0.26990349819059106,0.2839426556555628
small_cluster,17,cluster_17,Hmx3,39.418827,28.67123,0.0,0.0,0.23469387755102042,0.0,0.23469387755102042
small_cluster,17,cluster_17,Lrmp,52.116055,11.718481,0.0,0.0,1.0,0.022579178663433855,0.9774208213365662
small_cluster,17,cluster_17,Gnat3,70.221405,11.443327,0.0,0.0,0.8673469387755102,0.002273071677526898,0.8650738670979833
small_cluster,17,cluster_17,Trpm5,71.1447,11.342396,0.0,0.0,0.9489795918367347,0.003636914684043037,0.9453426771526917
small_cluster,17,cluster_17,Ltc4s,59.470367,11.168867,0.0,0.0,1.0,0.013638430065161388,0.9863615699348386
small_cluster,17,cluster_17,Gng13,55.770145,11.140325,0.0,0.0,0.9693877551020408,0.01606303985452341,0.9533247152475174
small_cluster,17,cluster_17,Rgs13,70.807014,10.889042,0.0,0.0,0.8877551020408163,0.0024246097893620244,0.8853304922514543
small_cluster,17,cluster_17,Ly6g6f,71.23361,10.861874,0.0,0.0,0.9387755102040817,0.0033338384603727837,0.9354416717437088
small_cluster,17,cluster_17,Hmx2,57.795975,10.607257,0.0,0.0,0.5816326530612245,0.0013638430065161388,0.5802688100547083
small_cluster,17,cluster_17,Ovol3,60.729286,10.48573,0.0,0.0,0.7244897959183674,0.0033338384603727837,0.7211559574579945
small_cluster,17,cluster_17,Nrgn,58.816402,10.410524,0.0,0.0,0.6224489795918368,0.0018184573420215184,0.6206305222498152
small_cluster,17,cluster_17,Hck,64.600136,10.317336,0.0,0.0,0.8367346938775511,0.004243067131383543,0.8324916267461675
small_cluster,17,cluster_17,Vav1,57.857227,10.316753,0.0,0.0,0.6122448979591837,0.001969995453856645,0.610274902505327
small_cluster,17,cluster_17,Pik3r5,61.1745,10.29491,0.0,0.0,0.6938775510204082,0.0024246097893620244,0.6914529412310462
small_cluster,17,cluster_17,Gnb3,48.874054,10.194957,0.0,0.0,0.7653061224489796,0.013032277617820881,0.7522738448311587
small_cluster,17,cluster_17,Sh2d6,65.30149,10.185132,0.0,0.0,0.8571428571428571,0.004394605243218669,0.8527482518996384
small_cluster,17,cluster_17,Fyb,60.118134,10.097152,0.0,0.0,0.6938775510204082,0.0028792241248674043,0.6909983268955407
small_cluster,17,cluster_17,Sh2d7,60.619236,9.9791355,0.0,0.0,0.6836734693877551,0.0024246097893620244,0.6812488595983931
small_cluster,17,cluster_17,1810046K07Rik,60.664394,9.930441,0.0,0.0,0.7040816326530612,0.0028792241248674043,0.7012024085281938
small_cluster,17,cluster_17,Nkd1,55.50943,9.891638,0.0,0.0,0.5918367346938775,0.0024246097893620244,0.5894121249045156
small_cluster,17,cluster_17,Matk,61.105507,9.727868,0.0,0.0,0.8061224489795918,0.005303833914229429,0.8008186150653624
small_cluster,17,cluster_17,Otos,38.31226,9.718844,0.0,0.0,0.2653061224489796,0.0007576905591756327,0.264548431889804
small_cluster,17,cluster_17,Avil,61.385,9.68869,0.0,0.0,0.8979591836734694,0.008031519927261706,0.8899276637462077
small_cluster,17,cluster_17,Atp1a2,52.61181,9.683678,0.0,0.0,0.5612244897959183,0.0028792241248674043,0.5583452656710509
small_cluster,17,cluster_17,Vsig2,40.214428,9.217032,0.0,0.0,0.3163265306122449,0.0013638430065161388,0.31496268760572876
small_cluster,17,cluster_17,Dclk1,50.411083,9.044438,0.0,0.0,0.7448979591836735,0.010607667828458858,0.7342902913552146
small_cluster,17,cluster_17,Alox5ap,40.868313,9.018897,0.0,0.0,0.8367346938775511,0.029853008031519926,0.8068816858460311
small_cluster,17,cluster_17,B4galt6,38.56868,8.878208,0.0,0.0,0.29591836734693877,0.0013638430065161388,0.2945545243404226
small_cluster,17,cluster_17,Fxyd6,51.06103,8.815891,0.0,0.0,0.8163265306122449,0.013335353841491135,0.8029911767707538
small_cluster,17,cluster_17,Il25,38.06486,8.797538,0.0,0.0,0.29591836734693877,0.0015153811183512653,0.2944029862285875
small_cluster,17,cluster_17,Pik3cg,49.661156,8.781054,0.0,0.0,0.5714285714285714,0.004546143355053796,0.5668824280735176
small_cluster,17,cluster_17,Cd300lf,44.191338,8.76301,0.0,0.0,0.41836734693877553,0.002576147901197151,0.4157911990375784
small_cluster,17,cluster_17,Spib,47.765095,8.722873,0.0,0.0,0.5102040816326531,0.003636914684043037,0.50656716694861
small_cluster,17,cluster_17,Inpp5d,39.900406,8.573001,0.0,0.0,0.336734693877551,0.001969995453856645,0.3347646984236944
small_cluster,17,cluster_17,Hepacam2,55.78577,8.432437,0.0,0.0,0.8775510204081632,0.011516896499469617,0.8660341239086936
small_cluster,17,cluster_17,Alox5,50.434765,8.398097,0.0,0.0,0.6224489795918368,0.0057584482497348086,0.6166905313421019
small_cluster,17,cluster_17,Selm,41.95228,8.123723,0.0,0.0,0.9897959183673469,0.04258220942567056,0.9472137089416763
small_cluster,17,cluster_17,Espn,43.608788,7.949123,0.0,0.0,0.9693877551020408,0.036066070616760114,0.9333216844852806
small_cluster,17,cluster_17,Mctp1,39.636776,7.88844,0.0,0.0,0.4387755102040816,0.005455372026064555,0.43332013817801707
small_cluster,17,cluster_17,Tmem45b,50.053562,7.796758,0.0,0.0,0.7142857142857143,0.009395362933777846,0.7048903513519365
small_cluster,17,cluster_17,Prss53,39.017593,7.6552577,0.0,0.0,0.3673469387755102,0.0031823003485376574,0.36416463842697255
small_cluster,17,cluster_17,Sox9,37.367935,6.968295,1.2967466775612802e-305,5.0637957758767995e-303,0.5816326530612245,0.015002273071677527,0.5666303799895469
small_cluster,17,cluster_17,Adgrf3,37.22296,9.685109,2.9021160124883803e-303,1.1069210400191146e-300,0.24489795918367346,0.0006061524473405061,0.24429180673633297
small_cluster,17,cluster_17,Etv1,37.0077,6.948955,8.609552278238503e-300,3.209210611713402e-297,0.7346938775510204,0.028186088801333536,0.7065077887496869
small_cluster,17,cluster_17,Kcnq3,36.56209,10.276677,1.1456734880517293e-292,4.175597972785869e-290,0.24489795918367346,0.0007576905591756327,0.24414026862449784
small_cluster,17,cluster_17,Pde2a,36.362083,7.482214,1.6930013360635176e-289,6.036285850603859e-287,0.41836734693877553,0.0066676769207455674,0.41169967001803
small_cluster,17,cluster_17,Sucnr1,35.661674,8.747421,1.553416956485799e-278,5.420764149643316e-276,0.25510204081632654,0.0012123048946810122,0.25388973592164554
small_cluster,17,cluster_17,Atp4a,35.001446,10.398192,2.138669957614758e-268,7.307567911424926e-266,0.20408163265306123,0.00030307622367025305,0.20377855642939097
small_cluster,17,cluster_17,Rac2,34.910076,7.6749187,5.228416993206054e-267,1.7500258592973979e-264,0.41836734693877553,0.007728443703591453,0.4106389032351841
small_cluster,17,cluster_17,Cryba2,34.87299,6.550676,1.9091119677813606e-266,6.262269076716419e-264,0.40816326530612246,0.007122291256250947,0.4010409740498715
small_cluster,17,cluster_17,Pou2f3,34.19484,6.6016088,2.8848736047161176e-256,9.277414115872361e-254,0.4387755102040816,0.009395362933777846,0.42938014727030377
small_cluster,17,cluster_17,Nxph4,33.466507,9.057129,1.4807651566363987e-245,4.6703902565372256e-243,0.20408163265306123,0.0006061524473405061,0.20347548020572073
small_cluster,17,cluster_17,Atp2a3,33.339092,6.61576,1.0483468803242626e-243,3.2441390913581567e-241,0.7653061224489796,0.04136990453098954,0.72393621791799
small_cluster,17,cluster_17,Zfp428,33.204037,7.1380916,9.413944284755506e-242,2.8592240780421306e-239,0.9183673469387755,0.0662221548719503,0.8521451920668253
small_cluster,17,cluster_17,Ms4a15,32.762756,8.592163,1.998365669338063e-235,5.959126425966103e-233,0.23469387755102042,0.0015153811183512653,0.23317849643266916
small_cluster,17,cluster_17,Pcdh20,32.50263,8.836383,9.789409343075364e-232,2.867073261353197e-229,0.21428571428571427,0.0010607667828458857,0.21322494750286838
small_cluster,17,cluster_17,Ano7,31.335138,7.6787286,1.5508011074216113e-215,4.462226133828394e-213,0.21428571428571427,0.0013638430065161388,0.21292187127919812
small_cluster,17,cluster_17,Ero1lb,31.24419,6.325615,2.677346634273551e-214,7.570890025641467e-212,0.5306122448979592,0.020003030762236702,0.5106092141357225
small_cluster,17,cluster_17,Ccdc109b,29.401363,5.9992213,5.275502071631703e-190,1.4665001606242637e-187,0.6428571428571429,0.037126837399606004,0.6057303054575369
small_cluster,17,cluster_17,Camk2b,29.332811,6.7690816,3.959049067878486e-189,1.0822060627045842e-186,0.2755102040816326,0.004394605243218669,0.27111559883841396
small_cluster,17,cluster_17,Pnpla3,29.31428,7.3645406,6.821341242395556e-189,1.8340461920742545e-186,0.20408163265306123,0.0016669192301863919,0.20241471342287484
small_cluster,17,cluster_17,Chdh,29.054546,6.573845,1.3481709224951236e-185,3.5663469838455683e-183,0.2755102040816326,0.004546143355053796,0.2709640607265788
small_cluster,17,cluster_17,1500009L16Rik,28.919514,6.0316563,6.787099698349819e-184,1.7393003461349278e-181,0.37755102040816324,0.010607667828458858,0.3669433525797044
small_cluster,17,cluster_17,Upp1,27.606297,5.7058873,9.349800623365614e-168,2.3591704619049144e-165,0.5408163265306123,0.028337626913168663,0.5124786996174436
small_cluster,17,cluster_17,Ptpn6,27.531313,5.709266,7.408902308025898e-167,1.8411122235444358e-164,0.8061224489795918,0.07501136535838764,0.7311110836212042
small_cluster,17,cluster_17,Jakmip1,26.725595,6.43503,2.3733464487927832e-157,5.641341319804411e-155,0.24489795918367346,0.004394605243218669,0.2405033539404548
small_cluster,17,cluster_17,Foxe1,26.41083,5.3985977,1.028991677201065e-153,2.410927499682095e-151,0.45918367346938777,0.02151841188058797,0.4376652615887998
small_cluster,17,cluster_17,Coprs,25.993017,5.4686255,5.939284411987546e-149,1.3163541032568614e-146,0.8367346938775511,0.09410516744961357,0.7426295264279374
small_cluster,17,cluster_17,Ccdc28b,25.990541,5.7992363,6.334862230429376e-149,1.385307672550296e-146,0.8673469387755102,0.10471283527807243,0.7626341034974378
small_cluster,17,cluster_17,Wnk2,25.691029,6.9359984,1.4724209194906263e-145,3.136256558515034e-143,0.20408163265306123,0.0030307622367025306,0.2010508704163587
small_cluster,17,cluster_17,Bmx,25.142487,5.287243,1.7076095005116498e-139,3.545127014922983e-137,0.6122448979591837,0.04743142900439461,0.5648134689547891
small_cluster,17,cluster_17,Hap1,24.962507,5.569672,1.5620922279602013e-137,3.162947485280896e-135,0.5306122448979592,0.03500530383391423,0.495606941064045
small_cluster,17,cluster_17,Degs2,24.7674,5.456032,2.013681090485843e-135,3.9790823572359405e-133,0.5306122448979592,0.035611456281254734,0.4950007886167045
small_cluster,17,cluster_17,Plac8,24.577957,7.43502,2.1739559404043143e-133,4.1947119268907246e-131,1.0,0.18063342930747084,0.8193665706925292
small_cluster,17,cluster_17,Itgb7,24.12724,5.5491724,1.2946199475557798e-128,2.4128479272570846e-126,0.45918367346938777,0.02712532201848765,0.4320583514509001
small_cluster,17,cluster_17,Gm12446,23.733818,6.141019,1.6144980850131608e-124,2.9421536769223165e-122,0.22448979591836735,0.005152295802394302,0.21933750011597306
small_cluster,17,cluster_17,Txndc16,23.547064,6.3228526,1.3453984874200654e-122,2.3726753324920957e-120,0.21428571428571427,0.004697681466888923,0.20958803281882535
small_cluster,17,cluster_17,2210011C24Rik,23.533579,6.295283,1.8490797493611726e-122,3.226250741411978e-120,0.22448979591836735,0.005303833914229429,0.21918596200413792
small_cluster,17,cluster_17,Chn2,23.484818,6.073959,5.830513325495267e-122,1.0065920952783987e-119,0.32653061224489793,0.013335353841491135,0.3131952584034068
small_cluster,17,cluster_17,Rassf6,22.8012,4.8604946,4.461018294335907e-115,7.542800107773527e-113,0.6428571428571429,0.0662221548719503,0.5766349879851926
small_cluster,17,cluster_17,Pcolce2,22.797094,6.477918,4.8996777662515365e-115,8.199960718805249e-113,0.25510204081632654,0.008031519927261706,0.24707052088906484
small_cluster,17,cluster_17,Cited4,22.506268,5.3271065,3.603687943984621e-112,5.851889699929878e-110,0.5306122448979592,0.04424912865585695,0.48636311624210227
small_cluster,17,cluster_17,Cnn3,22.154488,4.9417844,9.442983390165125e-109,1.4891766402124827e-106,0.7653061224489796,0.10683436884376421,0.6584717536052154
small_cluster,17,cluster_17,Rab3b,21.98375,5.127904,4.1199249706447595e-107,6.435322804147115e-105,0.2857142857142857,0.01136535838763449,0.2743489273266512
small_cluster,17,cluster_17,Ethe1,21.200142,5.1624427,9.520880993916087e-100,1.4067744971280878e-97,0.9387755102040817,0.2163964237005607,0.722379086503521
small_cluster,17,cluster_17,Ptpn18,21.000742,5.953962,6.45693427167425e-98,9.208711216498207e-96,0.9795918367346939,0.2645855432641309,0.715006293470563
small_cluster,17,cluster_17,Ank,20.895863,4.7966294,5.839286276826562e-97,8.256046053985555e-95,0.47959183673469385,0.040915290195484164,0.4386765465392097
small_cluster,17,cluster_17,Rab11fip4,20.552654,4.891149,7.286913443098952e-94,1.0214757895749222e-91,0.37755102040816324,0.025155326564631004,0.35239569384353225
small_cluster,17,cluster_17,Tspan6,20.487526,4.683278,2.7817880588710616e-93,3.866449657080024e-91,0.5612244897959183,0.06122139718139112,0.5000030926145272
small_cluster,17,cluster_17,Ly6g6d,20.315035,4.90546,9.46838075799996e-92,1.3049656538819944e-89,0.5510204081632653,0.06061524473405061,0.49040516342921464
small_cluster,17,cluster_17,Slitrk6,20.295044,4.9133496,1.4222741428935668e-91,1.9438931847997826e-89,0.35714285714285715,0.022882254887104107,0.33426060225575305
small_cluster,17,cluster_17,Igsf8,20.266344,4.7607784,2.549022837450438e-91,3.398904354229645e-89,0.7346938775510204,0.1188058796787392,0.6158879978722812
small_cluster,17,cluster_17,Cadps2,20.013481,4.9754353,4.2025541703855944e-89,5.42725125578694e-87,0.5204081632653061,0.05515987270798606,0.4652482905573201
small_cluster,17,cluster_17,Gamt,19.88816,4.7219586,5.153045203889922e-88,6.602741749140517e-86,0.4387755102040816,0.03758145173511138,0.4011940584689702
small_cluster,17,cluster_17,Samd14,19.800928,5.512969,2.9225492077475905e-87,3.687133042789864e-85,0.23469387755102042,0.009546901045612972,0.22514697650540744
small_cluster,17,cluster_17,Clmn,19.566366,4.717605,2.992778086179803e-85,3.6905679241680416e-83,0.5306122448979592,0.06016063039854523,0.470451614499414
small_cluster,17,cluster_17,Bcl2l14,19.101267,4.9447203,2.464383812692399e-81,3.016295441191645e-79,0.4489795918367347,0.043946052432186695,0.405033539404548
small_cluster,17,cluster_17,Ivns1abp,18.82116,4.164313,5.066300689858466e-79,6.065138511997716e-77,0.7653061224489796,0.15229580239430215,0.6130103200546774
small_cluster,17,cluster_17,Scg5,18.734869,4.2929606,2.572779059214276e-78,3.057691981896619e-76,0.24489795918367346,0.011668434611304743,0.23322952457236873
small_cluster,17,cluster_17,Rgs2,18.685387,4.58939,6.510493124136346e-78,7.681913505680591e-76,0.9387755102040817,0.28186088801333536,0.6569146221907463
small_cluster,17,cluster_17,Ptgs1,18.6205,4.334122,2.1915670779813754e-77,2.567420831855181e-75,0.47959183673469385,0.05182603424761328,0.42776580248708057
small_cluster,17,cluster_17,Anxa4,18.593044,4.8618727,3.6581203579236065e-77,4.255094467397523e-75,0.9795918367346939,0.3873314138505834,0.5922604228841104
small_cluster,17,cluster_17,Pnpla6,18.14991,4.601101,1.2861003364271295e-73,1.464814695676483e-71,0.41836734693877553,0.04152144264282467,0.3768459042959509
small_cluster,17,cluster_17,Fam49a,18.1207,4.6113486,2.1879207765448058e-73,2.4747647349042317e-71,0.2755102040816326,0.01666919230186392,0.2588410117797687
small_cluster,17,cluster_17,Lmo2,17.776527,4.993475,1.0742969332938844e-70,1.1746362668635332e-68,0.3877551020408163,0.037126837399606004,0.35062826464121033
small_cluster,17,cluster_17,Lyrm9,17.54238,4.5160475,6.801853502664616e-69,7.339289427447525e-67,0.3877551020408163,0.03758145173511138,0.3501736503057049
small_cluster,17,cluster_17,Cystm1,17.412354,4.096745,6.649248710857715e-68,7.081449877063466e-66,1.0,0.5121988180027277,0.4878011819972723
small_cluster,17,cluster_17,Pygl,17.133192,4.968493,8.391997340618234e-66,8.76669734926622e-64,0.2653061224489796,0.017578420972874678,0.24772770147610493
small_cluster,17,cluster_17,Ttc25,16.965454,4.583616,1.4795258509225514e-64,1.5261448730176582e-62,0.3163265306122449,0.026064555235641763,0.29026197537660314
small_cluster,17,cluster_17,Calm2,16.633385,3.644441,3.993829090752521e-62,3.8989756498471486e-60,1.0,0.780875890286407,0.21912410971359297
small_cluster,17,cluster_17,Ociad2,16.5764,4.0389338,1.0323036682322458e-61,1.0018232226436132e-59,0.7551020408163265,0.19715108349749963,0.5579509573188268
small_cluster,17,cluster_17,Reep5,16.367844,3.7281296,3.2450884161265136e-60,2.9900390512860083e-58,0.9795918367346939,0.6652523109562055,0.31433952577848834
small_cluster,17,cluster_17,Ascl2,16.249372,4.2550416,2.2566001214719994e-59,2.0447789277492962e-57,0.30612244897959184,0.026367631459312018,0.2797548175202798
small_cluster,17,cluster_17,Bpgm,15.946208,3.6564703,3.0273129672484194e-57,2.6410085093532622e-55,0.9081632653061225,0.3841491135020458,0.5240141518040766
small_cluster,17,cluster_17,Pip5k1b,15.94171,4.373746,3.253273841415136e-57,2.8231187446058014e-55,0.32653061224489793,0.031671465373541444,0.2948591468713565
small_cluster,17,cluster_17,Chil1,15.897797,4.814592,6.563311706028521e-57,5.665519752135462e-55,0.2653061224489796,0.02060918320957721,0.2446969392394024
small_cluster,17,cluster_17,Tmem245,15.852476,4.0392814,1.351493065026717e-56,1.1605150659425753e-54,0.47959183673469385,0.07288983179269587,0.406702004941998
small_cluster,17,cluster_17,Kctd13,15.836942,4.042321,1.7303501014008987e-56,1.47043896440809e-54,0.4489795918367347,0.06273677829974239,0.3862428135369923
small_cluster,17,cluster_17,Wdr25,15.599693,4.8625765,7.314510968845408e-55,5.998264720001677e-53,0.21428571428571427,0.013638430065161388,0.2006472842205529
small_cluster,17,cluster_17,H2afj,15.575513,2.6066897,1.0679256077564856e-54,8.670815788521843e-53,0.9897959183673469,0.785573571753296,0.20422234661405092
small_cluster,17,cluster_17,Nfatc1,15.445889,4.753571,8.041098283211223e-54,6.402041404997441e-52,0.21428571428571427,0.013941506288831642,0.20034420799688263
small_cluster,17,cluster_17,Dpy30,15.303195,3.3893828,7.279376390609157e-53,5.605119820769051e-51,0.9285714285714286,0.49825731171389603,0.43031411685753257
small_cluster,17,cluster_17,Hacd1,15.291891,4.0134745,8.659896687244297e-53,6.63696100782681e-51,0.3469387755102041,0.03879375662979239,0.3081450188804117
small_cluster,17,cluster_17,Creb3l4,14.871677,4.1370497,5.033651226851983e-50,3.718779899621594e-48,0.40816326530612246,0.058039096832853465,0.350124168473269
small_cluster,17,cluster_17,Stard5,14.868656,3.7459383,5.265957177586686e-50,3.872958012089652e-48,0.47959183673469385,0.08092135171995757,0.3986704850147363
small_cluster,17,cluster_17,Plk2,14.571382,3.5803814,4.271646593997984e-48,3.006835870736521e-46,0.7448979591836735,0.23594484012729203,0.5089531190563815
small_cluster,17,cluster_17,Itpr2,14.443872,4.3485203,2.740044308978017e-47,1.9123177324063172e-45,0.30612244897959184,0.03394453705106834,0.2721779119285235
small_cluster,17,cluster_17,Tmem191c,14.432846,4.449021,3.2153630338657083e-47,2.234541064340317e-45,0.22448979591836735,0.017729959084709805,0.20675983683365753
small_cluster,17,cluster_17,Pitpnc1,14.343509,3.5905008,1.1698760167512872e-46,7.994640229474109e-45,0.3979591836734694,0.057432944385512955,0.34052623928795644
small_cluster,17,cluster_17,Tuba1a,14.327335,3.2630937,1.4767893975979763e-46,1.0008604508266284e-44,0.9591836734693877,0.44521897257160176,0.5139647008977859
small_cluster,17,cluster_17,Scand1,14.234092,2.9551418,5.628972770930817e-46,3.768195200654544e-44,0.9081632653061225,0.5344749204424913,0.3736883448636311
small_cluster,17,cluster_17,Nav2,13.897428,3.8471289,6.565939642583948e-44,4.1739525611635404e-42,0.3673469387755102,0.052583724806788905,0.3147632139687213
small_cluster,17,cluster_17,Cox17,13.812495,2.7315042,2.142780733935151e-43,1.351682569895016e-41,0.8979591836734694,0.5567510228822549,0.3412081607912145
small_cluster,17,cluster_17,Lima1,13.740861,3.2270055,5.7784351406322906e-43,3.6172562878439006e-41,0.6938775510204082,0.21715411425973632,0.47672343676067186
small_cluster,17,cluster_17,Cirbp,13.689087,2.534725,1.179831814599445e-42,7.329705148199051e-41,0.9489795918367347,0.6540384906804061,0.29494110115632866
small_cluster,17,cluster_17,Hsp90b1,13.505873,2.5430083,1.4439248549152352e-41,8.738675847034971e-40,0.9387755102040817,0.6079709046825277,0.330804605521554
small_cluster,17,cluster_17,Bik,13.453793,3.2358346,2.9247681183664393e-41,1.763570658431175e-39,0.6938775510204082,0.2329140778905895,0.46096347312981867
small_cluster,17,cluster_17,Gnai2,13.431343,2.610109,3.961619755489505e-41,2.380019253105618e-39,0.9183673469387755,0.5575087134414305,0.36085863349734504
small_cluster,17,cluster_17,Cdh13,13.30478,3.4614997,2.171310444922243e-40,1.2673189539918047e-38,0.45918367346938777,0.08895287164721928,0.3702308018221685
small_cluster,17,cluster_17,Bvht,13.2207365,3.8737948,6.660883220752944e-40,3.846660059984825e-38,0.3877551020408163,0.06546446431277467,0.3222906377280417
small_cluster,17,cluster_17,Sh3bgrl,13.199716,2.9030213,8.806636567549651e-40,5.050267354698665e-38,0.7448979591836735,0.28292165479618125,0.46197630438749226
small_cluster,17,cluster_17,P3h3,13.173651,4.1619925,1.2443264985426914e-39,7.110870697769575e-38,0.25510204081632654,0.027731474465828156,0.22737056635049838
small_cluster,17,cluster_17,Kctd12,13.059027,3.328559,5.6445075240696595e-39,3.1812909932050338e-37,0.5204081632653061,0.12138202757993635,0.3990261356853698
small_cluster,17,cluster_17,2310001H17Rik,12.921511,3.4884577,3.403926361980223e-38,1.898904634790396e-36,0.5102040816326531,0.12183664191544173,0.3883674397172113
small_cluster,17,cluster_17,1110007C09Rik,12.89391,2.9505332,4.871015613374951e-38,2.6898830664970562e-36,0.7244897959183674,0.27807243521745717,0.4464173607009102
small_cluster,17,cluster_17,Pla2g16,12.893118,2.9953573,4.921331836584745e-38,2.7085491091216916e-36,0.7653061224489796,0.3282315502348841,0.43707457221409546
small_cluster,17,cluster_17,Cap1,12.679146,3.6273649,7.716845933117628e-37,4.082709359647168e-35,0.37755102040816324,0.06576754053644492,0.31178347987171834
small_cluster,17,cluster_17,Kdm4a,12.5600195,3.7526002,3.502484674359657e-36,1.8178560488662259e-34,0.32653061224489793,0.05000757690559176,0.27652303533930617
small_cluster,17,cluster_17,Strbp,12.54255,3.4653566,4.367116100851368e-36,2.259465967509883e-34,0.40816326530612246,0.07849674193059554,0.32966652337552693
small_cluster,17,cluster_17,Stox2,12.537523,3.8424554,4.6531346440780624e-36,2.3998761414315817e-34,0.2857142857142857,0.03803606607061676,0.24767821964366893
small_cluster,17,cluster_17,Ndufa4,12.244764,2.0805273,1.7919709285036363e-34,8.747058094758376e-33,0.9489795918367347,0.7443552053341416,0.20462438650259318
small_cluster,17,cluster_17,Myo1b,12.037128,3.7774353,2.2671006257544926e-33,1.0840442379883216e-31,0.3469387755102041,0.061372935293226245,0.28556584021697784
small_cluster,17,cluster_17,Tmem256,11.869179,2.1996682,1.7113928835615616e-32,8.06567663313022e-31,0.8673469387755102,0.571298681618427,0.29604825715708316
small_cluster,17,cluster_17,St6galnac2,11.8428,3.0585668,2.344919079547543e-32,1.0956985134945656e-30,0.45918367346938777,0.10713744506743446,0.3520462284019533
small_cluster,17,cluster_17,Snx7,11.774349,3.0860088,5.29238969215768e-32,2.4313860879853814e-30,0.45918367346938777,0.10910744052129111,0.35007623294809664
small_cluster,17,cluster_17,Mrpl54,11.743979,2.235521,7.583259634521196e-32,3.4644301188240144e-30,0.8571428571428571,0.5309895438702834,0.3261533132725737
small_cluster,17,cluster_17,Psmg4,11.489806,3.0764534,1.4844514211982487e-30,6.544754773944214e-29,0.5612244897959183,0.1839672677678436,0.3772572220280747
small_cluster,17,cluster_17,Arhgef2,11.478309,3.6034927,1.695651445428738e-30,7.455865779216282e-29,0.3163265306122449,0.05470525837248068,0.2616212722397642
small_cluster,17,cluster_17,Camk2d,11.340774,3.4586015,8.2412753150206e-30,3.585282664234824e-28,0.3163265306122449,0.05576602515532657,0.26056050545691833
small_cluster,17,cluster_17,Sec11c,11.272339,2.575181,1.7973124158133947e-29,7.777762778827305e-28,0.8163265306122449,0.5128049704500682,0.3035215601621767
small_cluster,17,cluster_17,Ndufa1,11.149833,2.2764907,7.174147151905392e-29,3.0403924402687427e-27,0.8163265306122449,0.567661766934384,0.24866476367786094
small_cluster,17,cluster_17,Xrcc6bp1,11.136244,3.5909219,8.357007607634525e-29,3.5325588085776766e-27,0.30612244897959184,0.05440218214881042,0.2517202668307814
small_cluster,17,cluster_17,Smim22,11.069698,2.2683806,1.7599217344582753e-28,7.326009230165019e-27,0.7959183673469388,0.48795272010910745,0.3079656472378313
small_cluster,17,cluster_17,Vps13d,11.041182,3.2144608,2.4183227494795567e-28,1.0015886720761165e-26,0.3979591836734694,0.09365055311410819,0.3043086305593612
small_cluster,17,cluster_17,Crip1,11.016616,2.107437,3.1778181519078615e-28,1.302984887736021e-26,0.9795918367346939,0.7740566752538264,0.20553516148086748
small_cluster,17,cluster_17,Tmem54,10.947041,3.3838317,6.865422781932538e-28,2.80099002603173e-26,0.3877551020408163,0.09016517654190029,0.29758992549891605
small_cluster,17,cluster_17,Hsbp1l1,10.77034,3.60706,4.7524186883180384e-27,1.8691707171967422e-25,0.25510204081632654,0.040006061524473405,0.21509597929185315
small_cluster,17,cluster_17,Tspan13,10.754689,2.3157141,5.632359328691868e-27,2.1994363178541745e-25,0.7653061224489796,0.43597514774965906,0.3293309746993205
small_cluster,17,cluster_17,2810001G20Rik,10.52484,3.048899,6.637384577431971e-26,2.4967831296894896e-24,0.35714285714285715,0.07895135626610092,0.27819150087675626
small_cluster,17,cluster_17,Htatip2,10.468226,2.7370815,1.2088634347826669e-25,4.526613971203315e-24,0.5816326530612245,0.2273071677526898,0.3543254853085347
small_cluster,17,cluster_17,Ogt,10.420607,3.0895398,1.9967619991485528e-25,7.44293035182623e-24,0.41836734693877553,0.11304743142900439,0.3053199155097711
small_cluster,17,cluster_17,2700029M09Rik,10.310953,2.8127089,6.28745205854545e-25,2.2966704056170142e-23,0.46938775510204084,0.14290043946052433,0.3264873156415165
small_cluster,17,cluster_17,Bmyc,10.065726,2.5205336,7.830731784569965e-24,2.7501462954760596e-22,0.5510204081632653,0.2089710562206395,0.34204935194262576
small_cluster,17,cluster_17,Bloc1s2,10.057698,2.5578132,8.496149147098693e-24,2.971116037560036e-22,0.5612244897959183,0.22109410516744962,0.3401303846284687
small_cluster,17,cluster_17,Ephb6,9.99011,3.3226004,1.6839333548479365e-23,5.826622563894727e-22,0.2653061224489796,0.048189119563570235,0.21711700288540936
small_cluster,17,cluster_17,Commd1,9.976107,2.630522,1.9392657402204432e-23,6.681911219612498e-22,0.7142857142857143,0.4649189271101682,0.2493667871755461
small_cluster,17,cluster_17,Ahnak2,9.872388,2.7136714,5.484311311473319e-23,1.850785798754607e-21,0.40816326530612246,0.11062282163964238,0.2975404436664801
small_cluster,17,cluster_17,Rilpl2,9.872438,2.4524612,5.481563299116077e-23,1.850785798754607e-21,0.5612244897959183,0.22003333838460373,0.3411911514113146
small_cluster,17,cluster_17,Ckap4,9.803372,2.6072688,1.0888872477791301e-22,3.64466117363786e-21,0.5204081632653061,0.19290801636611607,0.32750014689919005
small_cluster,17,cluster_17,Acly,9.771184,2.823793,1.4969198747763218e-22,4.990037167928141e-21,0.45918367346938777,0.1518411880587968,0.30734248541059095
small_cluster,17,cluster_17,Spa17,9.687935,2.7370472,3.3931852623832457e-22,1.1197511365864711e-20,0.40816326530612246,0.11304743142900439,0.29511583387711804
small_cluster,17,cluster_17,Sort1,9.5408745,3.1782064,1.4163316331084046e-21,4.5369638895724505e-20,0.35714285714285715,0.09546901045612971,0.26167384668672744
small_cluster,17,cluster_17,Dtnb,9.470487,3.2893288,2.7854238191209666e-21,8.887886392490851e-20,0.35714285714285715,0.09562054856796484,0.26152230857489234
small_cluster,17,cluster_17,Fdps,9.3908615,2.6414711,5.951129082049272e-21,1.8277990276159195e-19,0.47959183673469385,0.1753295953932414,0.30426224134145247
small_cluster,17,cluster_17,Gusb,9.33406,2.5724883,1.0189176185345586e-20,3.117773854773376e-19,0.5,0.19321109258978633,0.3067889074102137
small_cluster,17,cluster_17,Ssbp1,9.317721,2.494157,1.1886592071953063e-20,3.6303909976182903e-19,0.5612244897959183,0.2500378845279588,0.31118660526795955
small_cluster,17,cluster_17,2610016A17Rik,9.271537,3.1058202,1.8348298299518885e-20,5.557556258063783e-19,0.35714285714285715,0.09895438702833763,0.2581884701145195
small_cluster,17,cluster_17,Ppp3ca,9.271435,2.2641656,1.8365925808612706e-20,5.557556258063783e-19,0.6122448979591837,0.29034702227610243,0.32189787568308126
small_cluster,17,cluster_17,Aldoc,9.243014,3.239241,2.396482550432882e-20,7.198664891877234e-19,0.37755102040816324,0.111380512198818,0.26617050820934524
small_cluster,17,cluster_17,Dynll2,9.22512,2.2118194,2.83244027532453e-20,8.446336901017747e-19,0.6836734693877551,0.4159721169874223,0.26770135240033277
small_cluster,17,cluster_17,2610524H06Rik,9.218384,2.9376028,3.016110795172418e-20,8.977719265267301e-19,0.2857142857142857,0.06303985452341264,0.22267443119087305
small_cluster,17,cluster_17,Mpzl1,9.032703,2.7037477,1.674823508517562e-19,4.785501805434936e-18,0.35714285714285715,0.09986361569934839,0.2572792414435088
small_cluster,17,cluster_17,Bub3,8.994684,2.1332986,2.3691256152109926e-19,6.6877847186016335e-18,0.6428571428571429,0.35975147749659037,0.28310566536055254
small_cluster,17,cluster_17,Oxr1,8.976538,3.0089555,2.794214993563412e-19,7.860706708307636e-18,0.29591836734693877,0.07122291256250947,0.22469545478442932
small_cluster,17,cluster_17,Abhd16a,8.947656,2.1987817,3.631119097450195e-19,1.0180168259364213e-17,0.6326530612244898,0.35444764358236097,0.27820541764212886
small_cluster,17,cluster_17,Hint3,8.899842,2.8489926,5.592610110652438e-19,1.5599387487212694e-17,0.3673469387755102,0.11001666919230187,0.25733026958320837
small_cluster,17,cluster_17,1500012F01Rik,8.815799,2.0731194,1.188343392400236e-18,3.28668127803647e-17,0.6530612244897959,0.35884224882557963,0.29421897566421623
small_cluster,17,cluster_17,Smim4,8.797722,2.7546508,1.3962107595704404e-18,3.848613893733579e-17,0.35714285714285715,0.10562206394908319,0.25152079319377396
small_cluster,17,cluster_17,Rab3a,8.775994,2.6973443,1.6940085855958643e-18,4.638302973682432e-17,0.35714285714285715,0.10425822094256705,0.2528846362002901
small_cluster,17,cluster_17,Skap2,8.772519,2.2336104,1.7471349592360684e-18,4.775793411071793e-17,0.5816326530612245,0.2901954841642673,0.29143716889695714
small_cluster,17,cluster_17,Agap1,8.597731,2.9241135,8.130790817291807e-18,2.154331182462083e-16,0.32653061224489793,0.09213517199575694,0.234395440249141
small_cluster,17,cluster_17,Vamp2,8.4855995,2.3562577,2.146086586673022e-17,5.551729670035369e-16,0.46938775510204084,0.18805879678739204,0.28132895831464877
small_cluster,17,cluster_17,Alkbh7,8.441691,2.370213,3.1277864198384615e-17,8.040568193067493e-16,0.46938775510204084,0.19184724958327018,0.27754050551877063
small_cluster,17,cluster_17,Cmip,8.357085,2.1629274,6.428702236390086e-17,1.6246093278741726e-15,0.5306122448979592,0.23943021669949993,0.2911820281984593
small_cluster,17,cluster_17,Itpr3,8.311756,2.7164333,9.429631126308058e-17,2.3720150322481356e-15,0.3163265306122449,0.08955902409455978,0.22676750651768512
small_cluster,17,cluster_17,Erp29,8.289601,2.0627248,1.1362827084376597e-16,2.8365559666797653e-15,0.6020408163265306,0.34884073344446126,0.25320008288206935
small_cluster,17,cluster_17,Slc35g1,8.188707,2.7767081,2.6404729088538515e-16,6.482993439837129e-15,0.2857142857142857,0.0759205940293984,0.20979369168488732
small_cluster,17,cluster_17,Pla2g12a,8.129925,2.525878,4.295554694717294e-16,1.0452728864697081e-14,0.3673469387755102,0.12304894681012274,0.24429799196538748
small_cluster,17,cluster_17,Adgrg2,8.103247,2.7202377,5.351147175633003e-16,1.2944567083710456e-14,0.30612244897959184,0.0884982573117139,0.21762419166787794
small_cluster,17,cluster_17,Hivep3,8.082782,2.6276393,6.330592302557825e-16,1.5069382344593745e-14,0.3673469387755102,0.12517048037581452,0.2421764583996957
small_cluster,17,cluster_17,Borcs5,8.0679655,2.7630267,7.147931576179823e-16,1.6916771396958915e-14,0.3163265306122449,0.09486285800878921,0.2214636726034557
small_cluster,17,cluster_17,Abca3,7.9665923,2.8514214,1.631095213944878e-15,3.78381790720084e-14,0.3163265306122449,0.09743900590998636,0.21888752470225856
small_cluster,17,cluster_17,Morn2,7.917379,2.259997,2.4256945682971354e-15,5.5810887085563365e-14,0.47959183673469385,0.21669949992423093,0.2628923368104629
small_cluster,17,cluster_17,Srp19,7.7903175,2.0665128,6.684099306286673e-15,1.5079217705970802e-13,0.5408163265306123,0.27489013486891956,0.26592619166169273
small_cluster,17,cluster_17,Slc4a2,7.6798644,2.584589,1.5925721834510407e-14,3.5201854960620646e-13,0.32653061224489793,0.10728898317926959,0.21924162906562833
small_cluster,17,cluster_17,Gpr137b,7.676323,2.6907084,1.6371990163878815e-14,3.613957075071016e-13,0.3163265306122449,0.10213668737687528,0.21418984323536963
small_cluster,17,cluster_17,Prom1,7.553073,2.6885943,4.2510644155996346e-14,9.222448079398095e-13,0.336734693877551,0.1171389604485528,0.21959573342899819
small_cluster,17,cluster_17,3830406C13Rik,7.502446,2.3509994,6.263770863657263e-14,1.3394016419145079e-12,0.32653061224489793,0.10683436884376421,0.21969624340113372
small_cluster,17,cluster_17,Dctn6,7.4471173,2.1367416,9.540171607420027e-14,2.013749736593254e-12,0.46938775510204084,0.22367025306864677,0.24571750203339407
small_cluster,17,cluster_17,Zbtb20,7.4219413,2.0694609,1.1541597186338287e-13,2.4237354091310405e-12,0.4897959183673469,0.23958175481133506,0.2502141635560119
small_cluster,17,cluster_17,Coq2,7.392708,2.0151062,1.4386837572042422e-13,3.0058410575677424e-12,0.5306122448979592,0.2941354750719806,0.2364767698259786
small_cluster,17,cluster_17,Snrnp25,7.3025446,2.3743956,2.8237559022969267e-13,5.7890525691964864e-12,0.3163265306122449,0.1039551447188968,0.2123713858933481
small_cluster,17,cluster_17,Lpcat4,7.2494273,2.477856,4.185369607498853e-13,8.527235643799838e-12,0.30612244897959184,0.10062130625852402,0.20550114272106784
small_cluster,17,cluster_17,Fam98c,7.2208533,2.1398692,5.166243958365597e-13,1.0460687303846192e-11,0.41836734693877553,0.1815426579784816,0.23682468896029393
small_cluster,17,cluster_17,Tcf4,7.1885185,2.3104331,6.549808034442977e-13,1.3229482952327497e-11,0.35714285714285715,0.13608122442794363,0.22106163271491353
small_cluster,17,cluster_17,Cflar,7.1831584,2.4508536,6.811903799644236e-13,1.3741947628285993e-11,0.29591836734693877,0.09577208667979997,0.2001462806671388
small_cluster,17,cluster_17,Pea15a,7.034012,2.2839093,2.0067825405575814e-12,3.913583882007716e-11,0.32653061224489793,0.11638126988937718,0.21014934235552074
small_cluster,17,cluster_17,Rbm38,6.986644,2.232346,2.8153952589783904e-12,5.432387957941716e-11,0.3877551020408163,0.16532808001212304,0.22242702202869327
small_cluster,17,cluster_17,Gm5617,6.8694305,2.261517,6.44587512899867e-12,1.2137634671722982e-10,0.40816326530612246,0.1924534020306107,0.21570986327551175
small_cluster,17,cluster_17,Pop7,6.861191,2.0905576,6.828893576354447e-12,1.281472351782486e-10,0.42857142857142855,0.20988028489165025,0.2186911436797783
small_cluster,17,cluster_17,Clic6,6.7907352,2.1691642,1.1156334604187413e-11,2.0558993690255928e-10,0.45918367346938777,0.24412789816638886,0.2150557753029989
small_cluster,17,cluster_17,Aga,6.702007,2.0177987,2.055767011719573e-11,3.73384659570462e-10,0.42857142857142855,0.2056372177602667,0.22293421081116185
small_cluster,17,cluster_17,Ctnnbip1,6.678687,2.0661478,2.410926158688196e-11,4.369237561176255e-10,0.37755102040816324,0.1610850128807395,0.21646600752742373
small_cluster,17,cluster_17,Zfhx3,6.6766124,2.2700472,2.4452857681152905e-11,4.426614998108044e-10,0.35714285714285715,0.14956811638126988,0.20757474076158727
small_cluster,17,cluster_17,Asl,6.662579,2.0299513,2.6906311299729687e-11,4.860026559767254e-10,0.3979591836734694,0.184421882103349,0.21353730157012038
small_cluster,17,cluster_17,Ninj1,6.6077003,2.1675541,3.903360410900232e-11,6.951033018368589e-10,0.37755102040816324,0.16654038490680406,0.21101063550135918
small_cluster,17,cluster_17,Rogdi,6.3579855,2.008447,2.0441692195444667e-10,3.442137512294538e-09,0.3979591836734694,0.1901803303530838,0.2077788533203856
small_cluster,16,cluster_16,Fam64a,42.523567,8.373364,0.0,0.0,0.36507936507936506,0.002282757571145944,0.3627966075082191
small_cluster,16,cluster_16,Nusap1,45.33548,8.22741,0.0,0.0,0.42857142857142855,0.0030436767615279257,0.4255277518099006
small_cluster,16,cluster_16,Ube2c,43.48302,8.039193,0.0,0.0,0.5793650793650794,0.011261604017653325,0.5681034753474261
small_cluster,16,cluster_16,Ccnb1,43.91965,8.031398,0.0,0.0,0.46825396825396826,0.00532643433267387,0.4629275339212944
small_cluster,16,cluster_16,Shcbp1,37.710033,7.954214,0.0,0.0,0.29365079365079366,0.0019783898949931517,0.2916724037558005
small_cluster,16,cluster_16,Ccna2,43.545822,7.762877,0.0,0.0,0.4365079365079365,0.004261147466139096,0.4322467890417974
small_cluster,16,cluster_16,Pbk,44.126663,7.720067,0.0,0.0,0.42063492063492064,0.003348044437680718,0.4172868761972399
small_cluster,16,cluster_16,Mki67,38.229485,7.701364,0.0,0.0,0.30952380952380953,0.002282757571145944,0.3072410519526636
small_cluster,16,cluster_16,Birc5,45.475964,7.6995606,0.0,0.0,0.6349206349206349,0.012479074722264496,0.6224415601983704
small_cluster,16,cluster_16,Tpx2,41.342476,7.6966443,0.0,0.0,0.38095238095238093,0.003348044437680718,0.3776043365147002
small_cluster,16,cluster_16,Cenpf,39.609478,7.684439,0.0,0.0,0.3492063492063492,0.0030436767615279257,0.34616267244482124
small_cluster,16,cluster_16,2810417H13Rik,42.179024,7.6629467,0.0,0.0,0.42063492063492064,0.004413331304215493,0.41622158933070513
small_cluster,16,cluster_16,Cdkn3,40.48139,7.6265717,0.0,0.0,0.36507936507936506,0.003195860599604322,0.36188350447976075
small_cluster,16,cluster_16,Cdca3,47.346416,7.5543904,0.0,0.0,0.5952380952380952,0.008522294932278192,0.586715800305817
small_cluster,16,cluster_16,Aurkb,38.08134,7.48873,0.0,0.0,0.3333333333333333,0.003195860599604322,0.330137472733729
small_cluster,16,cluster_16,Ckap2,44.556747,7.4069567,0.0,0.0,0.4603174603174603,0.004565515142291888,0.4557519451751684
small_cluster,16,cluster_16,Plk1,38.961487,7.3391666,0.0,0.0,0.3492063492063492,0.003348044437680718,0.34585830476866847
small_cluster,16,cluster_16,Cdc20,41.10446,7.311719,0.0,0.0,0.6587301587301587,0.019783898949931517,0.6389462597802272
small_cluster,16,cluster_16,Racgap1,42.82372,7.1547694,0.0,0.0,0.5396825396825397,0.009587581798812967,0.5300949578837267
small_cluster,16,cluster_16,Cenpa,40.245598,7.1366377,0.0,0.0,0.5396825396825397,0.012174707046111703,0.527507832636428
small_cluster,16,cluster_16,Cdk1,40.599125,6.9259267,0.0,0.0,0.6031746031746031,0.016131486836098007,0.5870431163385051
small_cluster,16,cluster_16,Ccnb2,40.17954,6.894889,0.0,0.0,0.5555555555555556,0.013239993912646478,0.5423155616429091
small_cluster,16,cluster_16,Cdca8,40.681324,6.8804398,0.0,0.0,0.5476190476190477,0.012174707046111703,0.535444340572936
small_cluster,16,cluster_16,Top2a,38.358795,6.7962008,0.0,0.0,0.40476190476190477,0.0060873535230558514,0.39867455123884893
small_cluster,16,cluster_16,Tk1,41.710796,6.669917,0.0,0.0,0.5714285714285714,0.012479074722264496,0.5589494967063069
small_cluster,16,cluster_16,Spc24,39.016132,6.5241814,0.0,0.0,0.5555555555555556,0.014609648455334044,0.5409459071002215
small_cluster,16,cluster_16,Asf1b,39.38081,6.3783517,0.0,0.0,0.48412698412698413,0.00943539796073657,0.47469158616624757
small_cluster,16,cluster_16,Anln,37.315033,6.9737167,9.361962533908817e-305,5.48376955423709e-302,0.35714285714285715,0.004565515142291888,0.3525773420005653
small_cluster,16,cluster_16,Ska1,36.390182,7.910104,6.087295166495317e-290,3.4426802767479204e-287,0.2777777777777778,0.0019783898949931517,0.27579938788278463
small_cluster,16,cluster_16,Kif20a,35.22945,6.623436,7.082443368781897e-272,3.871971789713063e-269,0.3333333333333333,0.004717698980368285,0.32861563435296504
small_cluster,16,cluster_16,1190002F15Rik,34.962395,5.8639746,8.392887059408007e-268,4.440378731011314e-265,0.5714285714285714,0.021914472683001066,0.5495140987455703
small_cluster,16,cluster_16,Kif22,34.937683,7.2318196,1.991991008226977e-267,1.020957641435333e-264,0.30158730158730157,0.0035002282757571144,0.29808707331154444
small_cluster,16,cluster_16,Cenpm,34.68825,6.194819,1.1847170781996828e-263,5.888043878652423e-261,0.4444444444444444,0.011718155531882515,0.43272628891256193
small_cluster,16,cluster_16,Spc25,34.631996,6.0759926,8.338869546271668e-263,4.022523512600048e-260,0.48412698412698413,0.014761832293410439,0.4693651518335737
small_cluster,16,cluster_16,Kifc1,34.212093,7.235295,1.598328828374553e-256,7.489768889763156e-254,0.2777777777777778,0.0028914929234515295,0.27488628485432626
small_cluster,16,cluster_16,Knstrn,33.612415,5.861702,1.1047992130498566e-247,5.033281081452972e-245,0.5,0.017501141378785574,0.48249885862121444
small_cluster,16,cluster_16,Esco2,32.848053,7.3623323,1.2142597792885589e-236,5.382452605435583e-234,0.24603174603174602,0.002282757571145944,0.24374898846060009
small_cluster,16,cluster_16,Cep55,32.846817,7.0648966,1.2646776311661132e-236,5.458415218093533e-234,0.2619047619047619,0.0028914929234515295,0.2590132689813104
small_cluster,16,cluster_16,Hmmr,32.6841,7.6214595,2.6277219864482256e-234,1.1050581615317269e-231,0.2222222222222222,0.0015218383807639629,0.22070038384145824
small_cluster,16,cluster_16,Sapcd2,32.494816,7.478112,1.2620978785214176e-231,5.174916826407443e-229,0.24603174603174602,0.0024349414092223404,0.24359680462252367
small_cluster,16,cluster_16,Tacc3,32.400513,5.639658,2.6993906493791826e-230,1.0798220985479993e-227,0.4365079365079365,0.013696545426875666,0.42281139108106086
small_cluster,16,cluster_16,Stmn1,32.311375,5.6554494,4.842362844096726e-229,1.8909426906197717e-226,0.7301587301587301,0.049916298889057985,0.6802424312696721
small_cluster,16,cluster_16,Nrm,31.842426,5.3295135,1.6757317362818808e-222,6.391552606223053e-220,0.6587301587301587,0.03956779789986303,0.6191623608302956
small_cluster,16,cluster_16,Cdca2,31.756718,6.859869,2.5647577007620286e-221,9.560134329590462e-219,0.24603174603174602,0.0027393090853751333,0.24329243694637087
small_cluster,16,cluster_16,Aurka,31.345224,6.412087,1.1302021276213657e-215,4.119210021137337e-213,0.31746031746031744,0.0065439050372850405,0.3109164124230324
small_cluster,16,cluster_16,Ect2,31.160013,6.2267413,3.711569259073346e-213,1.3233358134361293e-210,0.2857142857142857,0.004869882818444681,0.280844402895841
small_cluster,16,cluster_16,Nuf2,31.068394,7.4509573,6.439533700300435e-212,2.247123238694201e-209,0.21428571428571427,0.0018262060569167555,0.21245950822879753
small_cluster,16,cluster_16,Kif23,30.699734,5.5372887,5.738508547729002e-207,1.9607766394021533e-204,0.4365079365079365,0.016131486836098007,0.4203764496718385
small_cluster,16,cluster_16,Ndc80,30.32162,6.8661723,5.948130580266143e-202,1.990924278509082e-199,0.23015873015873015,0.0027393090853751333,0.227419421073355
small_cluster,16,cluster_16,Bub1b,30.267128,7.1652956,3.10543008660421e-201,1.018643177007913e-198,0.21428571428571427,0.002130573733069548,0.21215514055264473
small_cluster,16,cluster_16,Mis18bp1,29.880507,7.016406,3.5262961487500715e-196,1.1340153556009788e-193,0.21428571428571427,0.002282757571145944,0.21200295671456834
small_cluster,16,cluster_16,Mxd3,29.78094,6.586232,6.897411415006839e-195,2.1754700887985993e-192,0.25396825396825395,0.0041089636280627,0.24985929034019125
small_cluster,16,cluster_16,Prc1,29.20493,5.5192018,1.6789522461745644e-187,5.195565243303591e-185,0.42857142857142855,0.017805509054938367,0.41076591951649016
small_cluster,16,cluster_16,Rad51,29.169493,6.147412,4.728683662177399e-187,1.4362063100624357e-184,0.2777777777777778,0.005782985846903059,0.2719947919308747
small_cluster,16,cluster_16,Ckap2l,29.11171,5.361221,2.5520063379485207e-186,7.610082899762488e-184,0.373015873015873,0.012631258560340891,0.36038461445553216
small_cluster,16,cluster_16,Cenpe,28.317078,6.7201214,2.129801562313435e-176,6.1282237585092355e-174,0.2222222222222222,0.003348044437680718,0.2188741777845415
small_cluster,16,cluster_16,Arhgef39,28.116655,5.363103,6.130102660709247e-174,1.7334450644533164e-171,0.3492063492063492,0.01187033936995891,0.3373360098363903
small_cluster,16,cluster_16,H1fx,26.681671,4.6871424,7.682006557507078e-157,2.0321385411237677e-154,0.5317460317460317,0.03606756962410592,0.49567846212192584
small_cluster,16,cluster_16,Fbxo5,25.721352,5.816902,6.745355885136667e-146,1.702008951878869e-143,0.23015873015873015,0.00532643433267387,0.22483229582605627
small_cluster,16,cluster_16,Smc2,25.483147,4.8277607,3.0310862410081865e-143,7.532249308905343e-141,0.3492063492063492,0.015370567645716026,0.33383578156063315
small_cluster,16,cluster_16,Cks1b,25.417974,4.9255853,1.5961654485830834e-142,3.907270077941963e-140,0.7301587301587301,0.08933191295084462,0.6408268172078855
small_cluster,16,cluster_16,Tubb6,24.17599,4.5627513,3.9805420686447676e-129,9.46157543012215e-127,0.5476190476190477,0.048851012022523205,0.4987680355965245
small_cluster,16,cluster_16,Rrm2,23.211327,4.793438,3.49916455872055e-119,7.86161615446243e-117,0.40476190476190477,0.027393090853751332,0.3773688139081534
small_cluster,16,cluster_16,Cenpn,22.909523,5.2495546,3.7340847283692733e-116,8.276043733781684e-114,0.20634920634920634,0.005782985846903059,0.20056622050230327
small_cluster,16,cluster_16,Ube2t,22.564913,4.925566,9.586081127951267e-113,2.0687015339411677e-110,0.2857142857142857,0.013392177750722873,0.2723221079635628
small_cluster,16,cluster_16,Mad2l1,22.020594,4.69591,1.8285094908435782e-107,3.796124577129813e-105,0.3412698412698413,0.02130573733069548,0.3199641039391458
small_cluster,16,cluster_16,Smc4,21.992226,4.291489,3.4179988114974483e-107,7.007324813421207e-105,0.5714285714285714,0.06711307259169076,0.5043154988368806
small_cluster,16,cluster_16,Fam83d,20.947296,4.8724704,1.9859403816625297e-97,3.924266048150259e-95,0.2222222222222222,0.00897884644650738,0.21324337577571484
small_cluster,16,cluster_16,Pmf1,19.620342,3.660861,1.0365336240008553e-85,1.8478465181780467e-83,0.5793650793650794,0.08415766245624715,0.4952074169088323
small_cluster,16,cluster_16,Igfbp2,19.424015,4.708915,4.835660202636733e-84,8.52792075090807e-82,0.29365079365079366,0.020392634302237103,0.2732581593485566
small_cluster,16,cluster_16,Nek2,19.375824,4.3461814,1.2346797422042763e-83,2.154253452328972e-81,0.24603174603174602,0.013696545426875666,0.23233520060487034
small_cluster,16,cluster_16,Gpsm2,19.217548,4.032869,2.639475523503063e-82,4.556846111681447e-80,0.373015873015873,0.034545731243341954,0.3384701417725311
small_cluster,16,cluster_16,Gins2,18.687756,3.7803855,6.227812083079429e-78,1.0639827705686012e-75,0.38095238095238093,0.03743722416679349,0.3435151567855874
small_cluster,16,cluster_16,Tcf19,18.154163,4.4565673,1.1902858237176866e-73,1.9920283464075284e-71,0.2698412698412698,0.019783898949931517,0.2500573708913383
small_cluster,16,cluster_16,Chaf1b,18.001049,4.6097164,1.9116487430171066e-72,3.1042525776458976e-70,0.21428571428571427,0.012174707046111703,0.20211100723960257
small_cluster,16,cluster_16,Krt14,17.90702,4.914926,1.0395310106039304e-71,1.6715047161681432e-69,0.42857142857142855,0.05448181403134987,0.37408961454007866
small_cluster,16,cluster_16,Ezh2,17.737015,3.8259308,2.1716872494001214e-70,3.3601738280576784e-68,0.3253968253968254,0.03028458377720286,0.2951122416196226
small_cluster,16,cluster_16,Cenpq,17.689056,3.8482625,5.0921146820909306e-70,7.661997513850766e-68,0.30952380952380953,0.027393090853751332,0.2821307186700582
small_cluster,16,cluster_16,Rfc5,17.665623,3.4665158,7.715759667118835e-70,1.1504197663674182e-67,0.4365079365079365,0.05509054938365546,0.3814173871242811
small_cluster,16,cluster_16,Dnph1,17.540546,3.694184,7.024950798057085e-69,1.037983946296705e-66,0.3888888888888889,0.044742048394460505,0.3441468404944284
small_cluster,16,cluster_16,Ptn,17.522955,3.3087618,9.572150455505437e-69,1.4017217823280775e-66,0.9523809523809523,0.4011565971693806,0.5512243552115716
small_cluster,16,cluster_16,Fbln1,17.479235,3.5364826,2.062511014690299e-68,2.9935613408792557e-66,0.3888888888888889,0.04428549688023132,0.3446033920086576
small_cluster,16,cluster_16,Tpm2,16.905752,3.5737932,4.080857950549799e-64,5.397592842497359e-62,0.4126984126984127,0.054025262517120684,0.358673150181292
small_cluster,16,cluster_16,Pkmyt1,16.69399,3.8079355,1.4495177877543565e-62,1.901883298956736e-60,0.29365079365079366,0.027849642367980522,0.2658011512828131
small_cluster,16,cluster_16,Trim59,16.608208,3.9354897,6.0782680894632874e-62,7.911878963118046e-60,0.23015873015873015,0.01674022218840359,0.21341850797032655
small_cluster,16,cluster_16,Lgals7,16.466745,4.96077,6.360172939745191e-61,8.149468467559445e-59,0.24603174603174602,0.020240450464160707,0.22579129556758532
small_cluster,16,cluster_16,Lmnb1,16.357506,3.364755,3.8456320534052115e-60,4.8517085621460676e-58,0.48412698412698413,0.08004869882818445,0.4040782852987997
small_cluster,16,cluster_16,Fen1,16.25582,3.8816524,2.0313506312447098e-59,2.5049760678980817e-57,0.30158730158730157,0.031197686805661238,0.2703896147816403
small_cluster,16,cluster_16,Tmpo,16.106453,3.0934613,2.298318461840145e-58,2.7922015624177938e-56,0.753968253968254,0.2297975954953584,0.5241706584728956
small_cluster,16,cluster_16,Tubb5,16.06975,3.3026254,4.157638000994004e-58,5.013928003992842e-56,0.9603174603174603,0.6373459138639477,0.32297154645351267
small_cluster,16,cluster_16,Rrm1,16.062317,3.5750976,4.6870456232880944e-58,5.611112063324675e-56,0.373015873015873,0.049003195860599605,0.32401267715527343
small_cluster,16,cluster_16,Apitd1,15.626792,3.722,4.782812152828272e-55,5.563326391385567e-53,0.2777777777777778,0.02830619388220971,0.2494715838955681
small_cluster,16,cluster_16,Melk,15.498944,3.842162,3.526375407672906e-54,4.0729635958622065e-52,0.2222222222222222,0.018109876731091157,0.20411234549113105
small_cluster,16,cluster_16,H2afx,15.290655,3.2023375,8.82584478891425e-53,1.0122565061747037e-50,0.5952380952380952,0.14457464617257648,0.45066344906551875
small_cluster,16,cluster_16,Tyms,15.101563,3.2809374,1.5813774434758964e-51,1.788701479341254e-49,0.4444444444444444,0.07898341196164967,0.36546103248279477
small_cluster,16,cluster_16,Lsm2,15.07822,2.796956,2.2525892913793672e-51,2.5132460522389795e-49,0.7222222222222222,0.21762288844924668,0.5045993337729755
small_cluster,16,cluster_16,Ran,15.044768,2.3794854,3.736416115812765e-51,4.140605453746294e-49,0.9444444444444444,0.6753918733830467,0.2690525710613977
small_cluster,16,cluster_16,H2afv,14.866177,2.639554,5.46465916543272e-50,6.015159394111546e-48,0.9285714285714286,0.6329325825597322,0.29563884601169643
small_cluster,16,cluster_16,Cenpw,14.710353,3.8040574,5.531828176326349e-49,6.008444630458838e-47,0.2222222222222222,0.020240450464160707,0.2019817717580615
small_cluster,16,cluster_16,Sprr1a,14.666567,3.310972,1.0555220110217558e-48,1.1314782027952823e-46,0.31746031746031744,0.0409374524425506,0.27652286501776685
small_cluster,16,cluster_16,Hmgb2,14.581879,3.1995625,3.662960978302134e-48,3.9010534418917725e-46,0.9126984126984127,0.5811900776137574,0.33150833508465527
small_cluster,16,cluster_16,Mis18a,14.385871,3.1008775,6.34740366362575e-47,6.630813215740505e-45,0.3412698412698413,0.04869882818444681,0.29257101308539446
small_cluster,16,cluster_16,Ska2,14.295742,3.573753,2.326137622359679e-46,2.3844364465200684e-44,0.2222222222222222,0.02130573733069548,0.20091648489152672
small_cluster,16,cluster_16,Ccdc34,14.009777,2.8387246,1.3583080032652937e-44,1.366724512978778e-42,0.6349206349206349,0.18977324608126617,0.4451473888393687
small_cluster,16,cluster_16,Cdkn2d,13.976725,3.0087829,2.1621073435703133e-44,2.1622391793839457e-42,0.5873015873015873,0.16648911885557754,0.4208124684460098
small_cluster,16,cluster_16,Prim1,13.940471,3.2872608,3.595600224113204e-44,3.5740266227685247e-42,0.30952380952380953,0.04337239385177294,0.2661514156720366
small_cluster,16,cluster_16,Igfbp7,13.820931,2.6274405,1.905874868785292e-43,1.8830273327076852e-41,0.9920634920634921,0.5387307867904428,0.45333270527304925
small_cluster,16,cluster_16,H2afz,13.707279,2.6678975,9.183799240620845e-43,8.860205373260146e-41,0.8333333333333334,0.4414853142596256,0.39184801907370775
small_cluster,16,cluster_16,Serpinb8,13.706404,2.900443,9.295219529997103e-43,8.915257047455117e-41,0.4523809523809524,0.09313650890275453,0.35924444347819784
small_cluster,16,cluster_16,Rangap1,13.650524,3.085566,2.004317754953373e-42,1.911210203429667e-40,0.42063492063492064,0.08278800791355959,0.337846912721361
small_cluster,16,cluster_16,Hn1,13.533074,2.3605006,9.97621164355738e-42,9.403439492297964e-40,0.9047619047619048,0.5594277887688327,0.34533411599307207
small_cluster,16,cluster_16,Emp3,13.504238,3.148894,1.4763283384297716e-41,1.383614918776382e-39,0.3492063492063492,0.05798204230710698,0.2912243068992422
small_cluster,16,cluster_16,Nde1,13.477712,3.004962,2.1156617923048407e-41,1.9715323327040734e-39,0.4365079365079365,0.09070156749353218,0.3458063690144043
small_cluster,16,cluster_16,Ywhah,13.434045,2.40731,3.8196719059817493e-41,3.539346832203767e-39,0.8412698412698413,0.4145487749201035,0.4267210663497378
small_cluster,16,cluster_16,Krt6a,13.179775,3.6148498,1.147320073457681e-39,1.0339118969659024e-37,0.2619047619047619,0.03485009891949475,0.22705466298526716
small_cluster,16,cluster_16,2700094K13Rik,13.035423,2.5249078,7.693858693181423e-39,6.784246044455296e-37,0.753968253968254,0.3395221427484401,0.41444611121981384
small_cluster,16,cluster_16,Ddx39,13.014388,2.5047436,1.0135095762231925e-38,8.889075165581059e-37,0.6587301587301587,0.2136661086592604,0.44506405007089833
small_cluster,16,cluster_16,Reep4,12.910485,2.4470463,3.9281698284583196e-38,3.408778484473275e-36,0.6031746031746031,0.17075026632171664,0.4324243368528865
small_cluster,16,cluster_16,Rfc4,12.897802,2.9608166,4.631156138908758e-38,3.956020408033466e-36,0.30952380952380953,0.048851012022523205,0.26067279750128636
small_cluster,16,cluster_16,Psat1,12.5377865,2.5585935,4.637704954558789e-36,3.8222612542572208e-34,0.42857142857142855,0.09283214122660173,0.33573928734482683
small_cluster,16,cluster_16,Krt5,12.394431,2.6348162,2.8012564786911155e-35,2.2302625003404362e-33,0.9841269841269841,0.5346218231623802,0.4495051609646039
small_cluster,16,cluster_16,Dek,12.389419,2.5438166,2.9819862123480803e-35,2.3626838583923122e-33,0.6587301587301587,0.24273322173185208,0.41599693699830664
small_cluster,16,cluster_16,Serpinb5,11.9748335,2.1673663,4.814049632735018e-33,3.724303208796558e-31,0.7698412698412699,0.2902145792116877,0.4796266906295822
small_cluster,16,cluster_16,Lmna,11.960577,2.0429282,5.716352369730441e-33,4.401591324692439e-31,0.9206349206349206,0.6449551057677675,0.2756798148671531
small_cluster,16,cluster_16,Sae1,11.945381,2.1990845,6.863486506836058e-33,5.260188887785896e-31,0.6507936507936508,0.2291888601430528,0.42160479065059797
small_cluster,16,cluster_16,Anp32b,11.853199,2.098741,2.0712888491137722e-32,1.5233725746329587e-30,0.8333333333333334,0.450464160706133,0.3828691726272004
small_cluster,16,cluster_16,Apoe,11.775273,2.6010034,5.234734059499136e-32,3.815772147104237e-30,0.8333333333333334,0.3933952214274844,0.43993811190584897
small_cluster,16,cluster_16,Krt17,11.638238,2.90513,2.634013682476697e-31,1.89475694764475e-29,0.9365079365079365,0.5049459747374829,0.4315619617704536
small_cluster,16,cluster_16,Cbfb,11.607623,2.4007993,3.7694865614326625e-31,2.687971699741613e-29,0.48412698412698413,0.13011718155531882,0.3540098025716653
small_cluster,16,cluster_16,Mcm7,11.503673,2.8397133,1.2641936577844827e-30,8.937086285053146e-29,0.30952380952380953,0.05965606452594734,0.24986774499786218
small_cluster,16,cluster_16,Tipin,11.421552,2.6018267,3.263549183825199e-30,2.2874132548682518e-28,0.373015873015873,0.08385329478009436,0.2891625782357787
small_cluster,16,cluster_16,Cmc2,11.118895,2.4910684,1.0152178778211834e-28,6.852093997590629e-27,0.3968253968253968,0.09968041394003957,0.29714498288535723
small_cluster,16,cluster_16,Dnajc9,10.974885,2.5406263,5.046998737696448e-28,3.311033051878378e-26,0.42063492063492064,0.1150509815857556,0.30558393904916503
small_cluster,16,cluster_16,Chac2,10.830066,2.6186533,2.4797662390560914e-27,1.6075354184489706e-25,0.30952380952380953,0.06483031502054482,0.24469349450326472
small_cluster,16,cluster_16,Pinlyp,10.532554,2.3390937,6.115257777311197e-26,3.770539203221088e-24,0.30952380952380953,0.06467813118246842,0.24484567834134113
small_cluster,16,cluster_16,Wnt10a,10.483458,2.480334,1.0291084174552132e-25,6.274500800997381e-24,0.31746031746031744,0.06954801400091311,0.24791230345940435
small_cluster,16,cluster_16,Hmgb3,10.396479,2.137118,2.5726600246110975e-25,1.5455749840163594e-23,0.47619047619047616,0.14898797747679196,0.32720249871368423
small_cluster,16,cluster_16,Prss23,10.378063,2.0955176,3.1204219541457794e-25,1.8610196534525428e-23,0.5,0.15507533099984783,0.3449246690001522
small_cluster,16,cluster_16,Bok,10.358549,2.1056015,3.8272445639854937e-25,2.2660880178312666e-23,0.5158730158730159,0.16983716329325826,0.34603585257975766
small_cluster,16,cluster_16,Cdca4,10.343593,2.3533993,4.474403288731449e-25,2.6302755676876164e-23,0.3412698412698413,0.08111398569471923,0.26015585557512205
small_cluster,16,cluster_16,Orc6,10.334704,2.2495885,4.90923816028208e-25,2.865352849351829e-23,0.4444444444444444,0.13224775528838836,0.31219668915605603
small_cluster,16,cluster_16,Vrk1,10.332636,2.4998586,5.01630211481281e-25,2.917459964008684e-23,0.31746031746031744,0.07243950692436463,0.24502081053595282
small_cluster,16,cluster_16,Snrpa1,10.253128,2.0192254,1.1457435737618374e-24,6.570398724918844e-23,0.5714285714285714,0.21488357936387156,0.3565449920646998
small_cluster,16,cluster_16,Tnfrsf12a,10.189721,2.188277,2.203947620643457e-24,1.242163055882245e-22,0.5555555555555556,0.21138335108811443,0.3441722044674411
small_cluster,16,cluster_16,Anp32e,10.147056,2.1434622,3.415126694198462e-24,1.898694674967762e-22,0.5714285714285714,0.22797138943844164,0.34345718199012976
small_cluster,16,cluster_16,Trim47,10.124185,2.3493557,4.3155926874777275e-24,2.3831661840849226e-22,0.4126984126984127,0.12052959975650586,0.29216881294190683
small_cluster,16,cluster_16,Carhsp1,10.088275,2.0268304,6.225386205760912e-24,3.4262603745196216e-22,0.5714285714285714,0.21457921168771876,0.35684935974085263
small_cluster,16,cluster_16,Upk3bl,10.067557,2.1187723,7.686333945632519e-24,4.2021187680772982e-22,0.7380952380952381,0.3291736417592452,0.40892159633599295
small_cluster,16,cluster_16,Nucks1,10.049058,2.140676,9.274991937869504e-24,5.053792118704243e-22,0.5317460317460317,0.20118703393699588,0.33055899780903586
small_cluster,16,cluster_16,Ehd2,9.872429,2.3134546,5.482078242753443e-23,2.8817809378012573e-21,0.29365079365079366,0.06513468269669762,0.22851611095409605
small_cluster,16,cluster_16,Lsm3,9.728787,2.0018747,2.2728679725774982e-22,1.1505341857482576e-20,0.5158730158730159,0.1887079592147314,0.32716505665828455
small_cluster,16,cluster_16,Cox6b2,9.686049,2.472654,3.45639217086086e-22,1.7335867888161764e-20,0.2698412698412698,0.05950388068787095,0.2103373891533989
small_cluster,16,cluster_16,Terf1,9.647832,2.1531222,5.020573656255225e-22,2.5028093780012748e-20,0.4603174603174603,0.15903211078983412,0.3012853495276262
small_cluster,16,cluster_16,Prkcdbp,9.629165,2.0396998,6.021716553816099e-22,2.992793127246601e-20,0.5,0.17501141378785573,0.32498858621214427
small_cluster,16,cluster_16,Mcm6,9.594444,2.6907828,8.4370660905859705e-22,4.180553503072523e-20,0.2698412698412698,0.06193882209709329,0.20790244774417654
small_cluster,16,cluster_16,Mzt1,9.545266,2.040699,1.357584807824847e-21,6.6663917464477e-20,0.42063492063492064,0.13011718155531882,0.2905177390796018
small_cluster,16,cluster_16,Cdkn2c,9.47112,2.425474,2.7685870178016756e-21,1.3434199905019314e-19,0.3412698412698413,0.09663673717851164,0.24463310409132966
small_cluster,16,cluster_16,Dctpp1,9.439547,2.133915,3.7439642177785934e-21,1.811349768017307e-19,0.46825396825396826,0.16998934713133465,0.29826462112263363
small_cluster,16,cluster_16,Larp7,9.430067,2.2611272,4.098284392149611e-21,1.9769400681072286e-19,0.3492063492063492,0.09724547253081722,0.25196087667553196
small_cluster,16,cluster_16,Arl6ip1,9.352701,2.2053423,8.543753315988135e-21,4.0498872293503294e-19,0.6904761904761905,0.4637041546187795,0.22677203585741096
small_cluster,16,cluster_16,Col17a1,9.180615,2.1243873,4.286328878723334e-20,1.9802839419701803e-18,0.31746031746031744,0.0820270887231776,0.23543322873713984
small_cluster,16,cluster_16,Lbr,9.036753,2.1857185,1.613948160031495e-19,7.252154458267547e-18,0.3253968253968254,0.09054938365545578,0.23484744174136962
small_cluster,16,cluster_16,Msn,8.984708,2.1959999,2.594228683249781e-19,1.137645578448654e-17,0.2777777777777778,0.06726525642976716,0.21051252134801063
small_cluster,16,cluster_16,Aqp3,8.126818,2.032204,4.407086540008319e-16,1.588585194344537e-14,1.0,0.7712676913711763,0.22873230862882366
small_cluster,16,cluster_16,Krt13,8.034851,2.0951984,9.36925051581689e-16,3.27644088933716e-14,0.31746031746031744,0.10059351696849794,0.2168668004918195
small_cluster,15,cluster_15,Bpifb1,25.869438,5.8162117,1.4707067028074116e-147,2.412106063274436e-143,0.9887005649717514,0.2831288343558282,0.7055717306159233
small_cluster,15,cluster_15,Hp,22.963158,3.803085,1.0887341409052737e-116,8.928164322493696e-113,0.8813559322033898,0.2179447852760736,0.6634111469273162
small_cluster,15,cluster_15,Sftpa1,22.338419,3.9273808,1.564836753985339e-110,8.554962534037849e-107,0.8531073446327684,0.20398773006134968,0.6491196145714186
small_cluster,15,cluster_15,Muc5b,22.104738,3.0487728,2.8458589757019033e-108,1.1668733265121729e-104,0.9830508474576272,0.25337423312883434,0.7296766143287928
small_cluster,15,cluster_15,AU021092,21.612133,2.8628967,1.3812062917616004e-103,4.530632878236402e-100,0.9491525423728814,0.24723926380368097,0.7019132785692004
small_cluster,15,cluster_15,C3,21.21914,2.6910222,6.357866190226235e-100,1.7379227230983413e-96,0.7740112994350282,0.15322085889570553,0.6207904405393228
small_cluster,15,cluster_15,Slc12a2,20.949009,2.6096644,1.9157630714401497e-97,4.4886328763842706e-94,0.5988700564971752,0.09125766871165644,0.5076123877855188
small_cluster,15,cluster_15,Sult1c2,20.891775,4.2489944,6.361026030953783e-97,1.3040898491709125e-93,0.21468926553672316,0.011196319018404908,0.20349294651831826
small_cluster,15,cluster_15,Cldn22,20.080826,2.5394652,1.0857562718915575e-89,1.187165907686229e-86,0.8135593220338984,0.18236196319018405,0.6311973588437143
small_cluster,15,cluster_15,Cp,20.04934,2.6278875,2.045442548162313e-89,2.096706452025631e-86,0.8192090395480226,0.19187116564417178,0.6273378739038509
small_cluster,15,cluster_15,Pon1,18.975925,2.736915,2.6971889521666238e-80,1.7954789395670247e-77,0.9830508474576272,0.37239263803680983,0.6106582094208173
small_cluster,15,cluster_15,Mgp,18.878233,2.4028544,1.7225450850550447e-79,1.0865946899995304e-76,0.5480225988700564,0.09018404907975461,0.4578385497903018
small_cluster,15,cluster_15,Pigr,18.82041,2.5752208,5.1385058609087536e-79,3.009879808027302e-76,0.9887005649717514,0.31717791411042945,0.6715226508613219
small_cluster,15,cluster_15,Tex33,18.711952,3.519264,3.9561818299854893e-78,2.2374254549514487e-75,0.23163841807909605,0.01717791411042945,0.2144605039686666
small_cluster,15,cluster_15,Gmnn,18.678688,2.2761412,7.381114811212723e-78,3.9050859360870925e-75,0.6892655367231638,0.14141104294478526,0.5478544937783786
small_cluster,15,cluster_15,Tff2,17.773191,3.065018,1.1401744721971005e-70,4.560975980123085e-68,0.7231638418079096,0.20291411042944785,0.5202497313784618
small_cluster,15,cluster_15,St8sia6,17.315508,3.0207007,3.593397911449099e-67,1.1787063829135335e-64,0.3220338983050847,0.03987730061349693,0.2821565976915878
small_cluster,15,cluster_15,Cd36,16.71909,2.079509,9.516093078800887e-63,2.6453125861934466e-60,0.847457627118644,0.24938650306748467,0.5980711240511594
small_cluster,15,cluster_15,Ldhb,16.444836,2.0466394,9.133233150257347e-61,2.2357336850353846e-58,0.8192090395480226,0.23634969325153374,0.5828593462964888
small_cluster,15,cluster_15,AW112010,16.252407,2.3540535,2.147617818339861e-59,4.8920944220266754e-57,0.5141242937853108,0.10475460122699387,0.4093696925583169
small_cluster,15,cluster_15,Tstd1,15.974187,2.0209527,1.9335810407141975e-57,3.775316981994471e-55,0.768361581920904,0.21763803680981594,0.550723545111088
small_cluster,15,cluster_15,Cfh,14.986186,2.538144,9.039700488813123e-51,1.2781045492846899e-48,0.2598870056497175,0.03343558282208589,0.22645142282763162
small_cluster,15,cluster_15,Pi16,13.627288,2.1941047,2.7563325553192783e-42,3.054500691877803e-40,0.2655367231638418,0.04033742331288344,0.22519929985095838
small_cluster,15,cluster_15,Serpinf1,12.030238,2.0190003,2.4644879026728745e-33,1.8207236978260276e-31,0.2542372881355932,0.04585889570552147,0.20837839243007172
small_cluster,15,cluster_15,Kcnk2,11.975686,2.077739,4.764807874206366e-33,3.5043773069443324e-31,0.2655367231638418,0.050153374233128836,0.21538334893071298
small_cluster,15,cluster_15,Cyp2a5,10.813732,2.2054787,2.9636235707677603e-27,1.664602403567193e-25,1.0,0.6145705521472392,0.3854294478527608
small_cluster,14,cluster_14,Pigr,21.8826,3.0251641,3.8051737470228584e-106,6.240865462492191e-102,0.9845360824742269,0.31554667076733817,0.6689894117068886
small_cluster,14,cluster_14,Sult1c1,21.748974,3.8609943,7.06436083389817e-105,5.793129101838194e-101,0.26804123711340205,0.0181454713209288,0.24989576579247325
small_cluster,14,cluster_14,Atp6v1b1,20.960276,2.6728568,1.51209976772853e-97,8.266649430171874e-94,0.6597938144329897,0.1224050438259265,0.5373887706070631
small_cluster,14,cluster_14,Msln,20.86231,3.4569316,1.1784152552804989e-96,4.831797150463865e-93,0.9948453608247423,0.5114562509610949,0.48338910986364736
small_cluster,14,cluster_14,Clca1,20.415619,3.1531816,1.2148473834093583e-92,3.9849423870593776e-89,0.3711340206185567,0.04151929878517607,0.32961472183338064
small_cluster,14,cluster_14,Muc5b,20.383224,2.9775507,2.3561302684866978e-92,6.440482088908388e-89,0.8711340206185567,0.2548054743964324,0.6163285462221243
small_cluster,14,cluster_14,Sftpa1,20.347012,3.1300957,4.934647962603388e-92,1.1561880176379737e-88,0.7989690721649485,0.20390588958942027,0.5950631825755283
small_cluster,14,cluster_14,Gfpt2,19.807514,3.326693,2.5643525213484816e-87,4.673105078070716e-84,0.3402061855670103,0.03736736890665847,0.30283881666035184
small_cluster,14,cluster_14,Plk3,19.67938,2.5540059,3.2393287398479405e-86,5.3128230662246076e-83,0.654639175257732,0.1302475780409042,0.5243915972168278
small_cluster,14,cluster_14,C2cd4b,19.55544,2.854572,3.7078218752384975e-85,5.0676655479822163e-82,0.9896907216494846,0.48131631554667076,0.5083744061028138
small_cluster,14,cluster_14,Fcgbp,19.375465,2.8146427,1.243304724478806e-83,1.5685723681674535e-80,0.5154639175257731,0.08872827925572813,0.426735638270045
small_cluster,14,cluster_14,Dusp5,18.717499,2.5837471,3.5649825469060066e-78,3.897951916787028e-75,0.8865979381443299,0.2744886975242196,0.6121092406201103
small_cluster,14,cluster_14,AU021092,18.460472,2.5355844,4.2956916777121937e-76,4.1443317180092753e-73,0.8195876288659794,0.24926956789174226,0.5703180609742371
small_cluster,14,cluster_14,Cyp4a12b,18.294008,2.3983119,9.236646500208573e-75,8.416124402773379e-72,0.8917525773195877,0.29109641703829003,0.6006561602812976
small_cluster,14,cluster_14,Klhl21,17.694744,2.2106042,4.6031993993911825e-70,3.973530176284989e-67,0.7989690721649485,0.21651545440565892,0.5824536177592896
small_cluster,14,cluster_14,Krt23,17.24122,2.258762,1.3025566496243848e-66,1.0172967433566445e-63,0.9845360824742269,0.5051514685529755,0.4793846139212513
small_cluster,14,cluster_14,Fam46c,17.15893,2.214448,5.38979564934778e-66,4.0180926565887705e-63,0.7164948453608248,0.1952944794710134,0.5212003658898113
small_cluster,14,cluster_14,Cenpu,17.140297,2.6563838,7.426995895565927e-66,5.296093899268555e-63,0.29896907216494845,0.03659849300322928,0.2623705791617192
small_cluster,14,cluster_14,Hist1h4i,17.0829,2.386476,1.9898365745121207e-65,1.3054123863429316e-62,0.35051546391752575,0.04920805781946794,0.30130740609805784
small_cluster,14,cluster_14,Adam30,16.90139,2.9163265,4.394198990186129e-64,2.6692317643719518e-61,0.23195876288659795,0.022912501922189757,0.2090462609644082
small_cluster,14,cluster_14,Ovol1,16.87615,2.15435,6.73994077336731e-64,3.9479203079999016e-61,0.6082474226804123,0.13916653852068275,0.4690808841597296
small_cluster,14,cluster_14,Agr2,16.685663,2.348064,1.6664601944322456e-62,9.424694361683882e-60,0.9896907216494846,0.5606643087805628,0.42902641286892174
small_cluster,14,cluster_14,Ppp1r1b,16.680624,2.1478257,1.813137410028546e-62,9.912422220626062e-60,0.6907216494845361,0.18822082115946487,0.5025008283250711
small_cluster,14,cluster_14,Klf2,16.663095,2.7014918,2.431066600758306e-62,1.2861910748076444e-59,0.9278350515463918,0.4456404736275565,0.4821945779188353
small_cluster,14,cluster_14,Pon1,16.574976,2.2970982,1.0570359419628067e-61,5.253468631555149e-59,0.9278350515463918,0.37244348762109797,0.5553915639252938
small_cluster,14,cluster_14,Cyp2a5,16.506891,3.0455506,3.2731944588441335e-61,1.5338189234143609e-58,1.0,0.6135629709364908,0.3864370290635092
small_cluster,14,cluster_14,Osgin1,16.201658,2.3230183,4.908469916111333e-59,2.1757787863281617e-56,0.9639175257731959,0.5020759649392588,0.4618415608339371
small_cluster,14,cluster_14,Dmbt1,16.176945,2.9017932,7.334538823147071e-59,3.1656255589061874e-56,0.31443298969072164,0.04690143010918038,0.2675315595815413
small_cluster,14,cluster_14,Bex1,16.147669,2.5784662,1.179357515638307e-58,4.959651952303558e-56,0.28350515463917525,0.037213593725972625,0.24629156091320262
small_cluster,14,cluster_14,Nrarp,16.086842,2.0731416,3.1552762523094892e-58,1.2937421453531984e-55,0.5979381443298969,0.14439489466400124,0.45354324966589565
small_cluster,14,cluster_14,Mx1,16.011415,2.3167982,1.0636221958634996e-57,4.153444674846966e-55,0.38144329896907214,0.0647393510687375,0.3167039479003346
small_cluster,14,cluster_14,1810055G02Rik,15.913941,2.3845034,5.071735141734324e-57,1.934454140920573e-54,0.31443298969072164,0.04567122866369368,0.268761761027028
small_cluster,14,cluster_14,Serpinb11,15.902568,2.1442392,6.081940838708267e-57,2.2670434476285066e-54,0.4381443298969072,0.08442257419652469,0.35372175570038256
small_cluster,14,cluster_14,Irf8,15.672652,2.536928,2.3266390804713733e-55,7.949834908085624e-53,0.29381443298969073,0.04198062432723358,0.25183380866245714
small_cluster,14,cluster_14,Map3k14,15.659445,2.185428,2.8638797832491076e-55,9.394098465013723e-53,0.3556701030927835,0.058588343841304014,0.2970817592514795
small_cluster,14,cluster_14,Slc45a3,15.571194,2.0911298,1.1425500779831424e-54,3.6036468901925995e-52,0.5773195876288659,0.14454866984468706,0.43277091778417887
small_cluster,14,cluster_14,Zfand2a,15.468105,2.3320625,5.69590562557557e-54,1.6681883600904448e-51,0.30927835051546393,0.0465938797478087,0.2626844707676552
small_cluster,14,cluster_14,Cldn22,15.39048,2.0157952,1.8961965430077906e-53,5.361986121012202e-51,0.654639175257732,0.1854528679071198,0.4691863073506122
small_cluster,14,cluster_14,Bpifb1,15.279434,2.9767778,1.0484630943219323e-52,2.865973868329002e-50,0.7525773195876289,0.28832846378594496,0.4642488558016839
small_cluster,14,cluster_14,Hist1h1c,15.223934,2.07283,2.453258004086543e-52,6.489658794358613e-50,0.8814432989690721,0.3416884514839305,0.5397548474851417
small_cluster,14,cluster_14,Rhov,15.173377,2.1482484,5.3074345319043405e-52,1.3817021231390966e-49,0.4329896907216495,0.08965093033984314,0.34333876038180633
small_cluster,14,cluster_14,Plat,14.924557,2.6535442,2.281468812170212e-50,5.502701468882889e-48,0.31443298969072164,0.0527448869752422,0.26168810271547943
small_cluster,14,cluster_14,Vipr1,14.655182,2.4163814,1.248227196235153e-48,2.8044074308839374e-46,0.29896907216494845,0.04874673227741043,0.250222339887538
small_cluster,14,cluster_14,Tnfaip2,14.511625,2.8495593,1.0226858265237516e-47,2.178320810495591e-45,0.27835051546391754,0.04444102721820698,0.23390948824571056
small_cluster,14,cluster_14,Slc13a2,14.419737,2.3154426,3.888198392623264e-47,8.07219516929293e-45,0.30412371134020616,0.0515146855297555,0.25260902581045064
small_cluster,14,cluster_14,Gpd1,13.7267275,2.266301,7.023507143882346e-43,1.1754340884368812e-40,0.30412371134020616,0.05597416576964478,0.24814954557056138
small_cluster,14,cluster_14,Slc39a8,13.682972,2.0875292,1.283386759678371e-42,2.0239256005274005e-40,0.36082474226804123,0.07611871443948946,0.28470602782855176
small_cluster,14,cluster_14,Gadd45g,13.511919,2.0057507,1.3300908071802835e-41,1.965299038609354e-39,0.9948453608247423,0.6606181762263571,0.3342271845983852
small_cluster,14,cluster_14,Fbxo2,13.372252,2.0943644,8.783958628385209e-41,1.2419457367598777e-38,0.36597938144329895,0.08073196986006459,0.28524741158323436
small_cluster,14,cluster_14,Capn13,12.996765,2.4173052,1.2762887258436478e-38,1.6101854917355128e-36,0.24742268041237114,0.042134399507919425,0.20528828090445173
small_cluster,14,cluster_14,Cpm,12.603203,2.0208647,2.0274127285651048e-36,2.277506586383307e-34,0.31958762886597936,0.06858373058588343,0.25100389828009595
small_cluster,14,cluster_14,Slc1a1,12.316889,2.0856392,7.347443639177084e-35,7.724706610650216e-33,0.26804123711340205,0.05197601107181301,0.21606522604158904
small_cluster,14,cluster_14,Nupr1,12.297682,2.087744,9.321089048831335e-35,9.737272706361958e-33,1.0,0.61248654467169,0.38751345532831005
type,Basal,type_Basal,Dapl1,66.65812,5.1617684,0.0,0.0,0.9675251959686451,0.20192,0.7656051959686451
type,Basal,type_Basal,Krt5,60.44749,5.125666,0.0,0.0,0.8737402015677491,0.16512,0.7086202015677492
type,Basal,type_Basal,Aqp3,65.93943,4.763185,0.0,0.0,0.9946808510638298,0.52512,0.4695608510638297
type,Basal,type_Basal,Crlf1,55.28459,4.718519,0.0,0.0,0.7676371780515118,0.10272,0.6649171780515117
type,Basal,type_Basal,Igfbp7,59.41632,4.617069,0.0,0.0,0.8614221724524076,0.18816,0.6732621724524076
type,Basal,type_Basal,Krt17,48.90027,4.3834724,0.0,0.0,0.7592385218365062,0.23168,0.5275585218365062
type,Basal,type_Basal,Ptn,49.89311,4.3601213,0.0,0.0,0.6867301231802911,0.09696,0.5897701231802911
type,Basal,type_Basal,Abi3bp,40.519764,4.008167,0.0,0.0,0.5313549832026876,0.08736,0.4439949832026876
type,Basal,type_Basal,Apoe,38.141907,3.695515,0.0,0.0,0.5842665173572228,0.19296,0.39130651735722277
type,Basal,type_Basal,Icam1,49.407993,3.6835597,0.0,0.0,0.7486002239641657,0.22592,0.5226802239641657
type,Basal,type_Basal,Bcam,51.363358,3.6504188,0.0,0.0,0.7799552071668533,0.22688,0.5530752071668533
type,Basal,type_Basal,Sfn,61.141537,3.5475953,0.0,0.0,0.9913213885778276,0.70624,0.2850813885778276
type,Basal,type_Basal,Dcn,44.415756,3.3539374,0.0,0.0,0.727043673012318,0.32096,0.40608367301231796
type,Basal,type_Basal,Phlda3,44.068733,3.2663736,0.0,0.0,0.6704927211646137,0.18816,0.4823327211646137
type,Basal,type_Basal,Hpgd,39.53606,3.1608603,0.0,0.0,0.6103023516237402,0.2016,0.40870235162374025
type,Basal,type_Basal,Marcksl1,51.33506,3.1056695,0.0,0.0,0.8650615901455767,0.40128,0.4637815901455767
type,Basal,type_Basal,Hspa1a,46.177784,2.9860759,0.0,0.0,0.908454647256439,0.45728,0.45117464725643897
type,Basal,type_Basal,mt-Nd4,44.90484,2.7990108,0.0,0.0,0.9470884658454647,0.45504,0.4920484658454647
type,Basal,type_Basal,Glul,50.058952,2.7266905,0.0,0.0,0.8561030235162373,0.49216,0.36394302351623736
type,Basal,type_Basal,Zfp296,39.37906,2.6185074,0.0,0.0,0.6954087346024636,0.31328,0.38212873460246355
type,Basal,type_Basal,Klf4,40.105457,2.6150906,0.0,0.0,0.7262038073908175,0.35648,0.36972380739081745
type,Basal,type_Basal,Csrp1,50.52438,2.579293,0.0,0.0,0.9258118701007839,0.60352,0.322291870100784
type,Basal,type_Basal,mt-Cytb,42.80361,2.543582,0.0,0.0,0.9381298992161254,0.44736,0.49076989921612546
type,Basal,type_Basal,Perp,56.144157,2.5100398,0.0,0.0,0.973404255319149,0.74496,0.22844425531914903
type,Basal,type_Basal,Cyr61,37.815094,2.4605055,0.0,0.0,0.8239081746920492,0.48416,0.33974817469204927
type,Basal,type_Basal,Tsc22d3,38.241367,2.4455981,0.0,0.0,0.6973684210526315,0.36992,0.3274484210526315
type,Basal,type_Basal,Id1,38.94543,2.410681,0.0,0.0,0.7987122060470325,0.48704,0.31167220604703255
type,Basal,type_Basal,Sdc1,51.195324,2.4092927,0.0,0.0,0.9056550951847704,0.5984,0.30725509518477034
type,Basal,type_Basal,mt-Nd1,38.910336,2.2061927,0.0,0.0,0.8829787234042553,0.42752,0.4554587234042553
type,Basal,type_Basal,S100a10,43.251877,2.1808248,0.0,0.0,0.904535274356103,0.60736,0.297175274356103
type,Basal,type_Basal,Cav2,39.4082,2.1649897,0.0,0.0,0.7903135498320268,0.44768,0.3426335498320268
type,Basal,type_Basal,Atf3,37.33608,2.2156003,4.2659580055602335e-305,4.759590289060774e-303,0.8896976483762598,0.68288,0.2068176483762597
type,Basal,type_Basal,Dnajb1,36.96428,2.103601,4.295181194855141e-299,4.7278702534777964e-297,0.8961366181410975,0.63552,0.2606166181410975
type,Basal,type_Basal,Id2,35.662018,2.3146062,1.53446264641733e-278,1.5535013496228783e-276,0.713885778275476,0.42784,0.28604577827547595
type,Basal,type_Basal,Dusp6,35.29575,2.4130826,6.82358452505711e-273,6.661524392587004e-271,0.6234602463605823,0.28704,0.33642024636058226
type,Basal,type_Basal,Tgm2,34.091343,3.1687176,9.91090037244224e-255,9.030482056023621e-253,0.4941209406494961,0.14592,0.3482009406494961
type,Basal,type_Basal,Emp1,33.80312,2.1986365,1.7747336401278706e-250,1.5733733206344435e-248,0.6377379619260918,0.31296,0.32477796192609176
type,Basal,type_Basal,Socs3,33.29595,2.2533007,4.4186901866807376e-243,3.8142598816710936e-241,0.6461366181410975,0.32672,0.31941661814109745
type,Basal,type_Basal,Dusp2,33.16165,4.406742,3.847327444288331e-241,3.2694309540814984e-239,0.36534154535274355,0.03904,0.3263015453527435
type,Basal,type_Basal,Tspan15,32.977093,2.670795,1.7305404843764152e-238,1.4262610293596777e-236,0.5061590145576708,0.15648,0.34967901455767075
type,Basal,type_Basal,Cdkn1a,32.897533,2.0875545,2.383842707987694e-237,1.9451444902341378e-235,0.688969764837626,0.34144,0.34752976483762593
type,Basal,type_Basal,Ccdc3,32.746098,3.9773858,3.450410908052931e-235,2.760497039169567e-233,0.37681970884658456,0.05216,0.32465970884658457
type,Basal,type_Basal,Hcar2,32.722034,2.2194688,7.591121880599405e-235,6.043785920568488e-233,0.6156215005599104,0.32352,0.2921015005599104
type,Basal,type_Basal,Gdpd2,31.289713,3.1715913,6.44050384497459e-215,4.7796698444085183e-213,0.42693169092945127,0.1136,0.31333169092945123
type,Basal,type_Basal,Trp63,30.994648,4.1825776,6.3644071900868895e-211,4.659939389491744e-209,0.3272676371780515,0.0336,0.2936676371780515
type,Basal,type_Basal,Acaa1b,30.933731,4.948983,4.2052624846816204e-210,3.0653560005005895e-208,0.30403135498320266,0.0208,0.2832313549832027
type,Basal,type_Basal,Plek2,30.909672,2.8470087,8.85585568353932e-210,6.426765002908336e-208,0.4398096304591265,0.12448,0.31532963045912654
type,Basal,type_Basal,Klf10,29.985613,2.3367498,1.5116181024212447e-197,1.0549807871408865e-195,0.5125979843225084,0.22144,0.2911579843225084
type,Basal,type_Basal,Serpinb5,29.933199,2.5873287,7.280481659807688e-197,5.038277624578308e-195,0.44708846584546474,0.13024,0.3168484658454648
type,Basal,type_Basal,Rnase4,29.7983,2.4438074,4.109772589457842e-195,2.7968622506098783e-193,0.4784434490481523,0.16416,0.3142834490481523
type,Basal,type_Basal,Id3,29.699163,2.5626004,7.871936646062376e-194,5.269699303349756e-192,0.5540313549832027,0.27776,0.27627135498320265
type,Basal,type_Basal,Lamb3,29.379267,4.219862,1.010749560671962e-189,6.657551624329658e-188,0.2947928331466965,0.0272,0.2675928331466965
type,Basal,type_Basal,Vsnl1,28.85811,3.7866728,4.008635144204893e-183,2.5581955252958927e-181,0.30599104143337064,0.03808,0.26791104143337063
type,Basal,type_Basal,Efemp1,28.361088,2.280805,6.109660352312918e-177,3.8100585337750637e-175,0.49944008958566627,0.23712,0.26232008958566627
type,Basal,type_Basal,Serpinh1,28.284708,2.2048476,5.329530028433658e-176,3.2737686140951467e-174,0.5013997760358343,0.22432,0.27707977603583434
type,Basal,type_Basal,Pdpn,27.989384,2.6057494,2.1878705221526655e-172,1.314405290616332e-170,0.43253079507278835,0.1664,0.26613079507278836
type,Basal,type_Basal,Procr,27.923164,3.496882,1.3965348951523196e-171,8.328934114688434e-170,0.3113101903695409,0.05056,0.2607501903695409
type,Basal,type_Basal,Ntf3,27.739286,3.1941986,2.3464953018096302e-169,1.3843478217618612e-167,0.32278835386338184,0.05824,0.2645483538633818
type,Basal,type_Basal,Rgcc,26.78758,3.66751,4.509084857625681e-158,2.515425195575469e-156,0.2911534154535274,0.04768,0.2434734154535274
type,Basal,type_Basal,Rbp1,26.6598,3.0455327,1.3777741454434332e-156,7.659957206582288e-155,0.3104703247480403,0.05792,0.2525503247480403
type,Basal,type_Basal,Dlk2,26.289831,4.906979,2.506583457324201e-152,1.3478844355270237e-150,0.22564389697648377,0.01248,0.21316389697648377
type,Basal,type_Basal,Sparc,25.466736,3.3649135,4.607364267059576e-143,2.3837659729982368e-141,0.2961926091825308,0.06496,0.2312326091825308
type,Basal,type_Basal,Ngfr,24.47132,3.4639761,2.984875739720299e-132,1.4526690506573479e-130,0.24188129899216126,0.03392,0.20796129899216126
type,Basal,type_Basal,4833423E24Rik,24.35291,2.5405254,5.400130656918411e-131,2.6203415060390195e-129,0.32278835386338184,0.09024,0.23254835386338185
type,Basal,type_Basal,Trim29,24.305815,2.9310825,1.7015512196964987e-130,8.183912479249934e-129,0.26623740201567747,0.04864,0.21759740201567745
type,Basal,type_Basal,Wsb1,24.14068,2.0245345,9.354602239547952e-129,4.434243680081675e-127,0.43365061590145576,0.20608,0.22757061590145575
type,Basal,type_Basal,Ugt2b34,23.6931,3.1504877,4.2473728096308904e-124,1.951293037836309e-122,0.26539753639417696,0.05824,0.20715753639417694
type,Basal,type_Basal,Lmo1,23.530529,3.1690395,1.9869835135970787e-122,9.052365724029358e-121,0.25,0.04704,0.20296
type,Basal,type_Basal,Wnt4,23.414837,2.064799,3.0177355559133853e-121,1.359722001443281e-119,0.3784994400895857,0.14336,0.2351394400895857
type,Basal,type_Basal,Fam110c,22.32264,2.4757724,2.2274603104552312e-110,9.202160340497795e-109,0.3079507278835386,0.10368,0.20427072788353862
type,Basal,type_Basal,Itgb4,21.850677,2.296571,7.658986171330965e-106,3.1247520446765954e-104,0.3141097424412094,0.11168,0.20242974244120943
type,Ciliated,type_Ciliated,Kcnmb1,43.763027,10.345287,0.0,0.0,0.3059490084985836,0.0004728877679697352,0.30547612073061386
type,Ciliated,type_Ciliated,1700024G13Rik,61.83047,10.3422365,0.0,0.0,0.6062322946175638,0.0012610340479192938,0.6049712605696445
type,Ciliated,type_Ciliated,Cdhr4,71.22112,9.923964,0.0,0.0,0.8555240793201133,0.005832282471626734,0.8496917968484866
type,Ciliated,type_Ciliated,Slc35g3,42.902035,9.881099,0.0,0.0,0.29461756373937675,0.0004728877679697352,0.29414467597140703
type,Ciliated,type_Ciliated,Ccdc153,64.687515,9.402094,0.0,0.0,0.9886685552407932,0.03467843631778058,0.9539901189230127
type,Ciliated,type_Ciliated,Sftpc,45.474136,9.345618,0.0,0.0,0.34277620396600567,0.0012610340479192938,0.3415151699180864
type,Ciliated,type_Ciliated,Lrrc71,48.274395,9.2124195,0.0,0.0,0.38526912181303113,0.0014186633039092057,0.3838504585091219
type,Ciliated,type_Ciliated,Cdh26,63.59595,9.185834,0.0,0.0,0.6827195467422096,0.004098360655737705,0.6786211860864719
type,Ciliated,type_Ciliated,Fam92b,69.43629,9.180959,0.0,0.0,0.8243626062322946,0.006147540983606557,0.818215065248688
type,Ciliated,type_Ciliated,Gm8579,66.12906,9.157238,0.0,0.0,0.7422096317280453,0.0048865069356872634,0.7373231247923581
type,Ciliated,type_Ciliated,Lrrc10b,59.397648,9.146011,0.0,0.0,0.5807365439093485,0.002364438839848676,0.5783721050694998
type,Ciliated,type_Ciliated,Gm867,69.654594,9.122599,0.0,0.0,0.8470254957507082,0.007566204287515763,0.8394592914631924
type,Ciliated,type_Ciliated,1700016K19Rik,69.58541,9.11463,0.0,0.0,0.9745042492917847,0.01986128625472888,0.9546429630370559
type,Ciliated,type_Ciliated,4930444P10Rik,50.998432,9.089126,0.0,0.0,0.43626062322946174,0.0020491803278688526,0.4342114429015929
type,Ciliated,type_Ciliated,Ldlrad1,66.27883,9.078404,0.0,0.0,0.7450424929178471,0.0048865069356872634,0.7401559859821598
type,Ciliated,type_Ciliated,Tmem212,62.197712,9.021442,0.0,0.0,0.9801699716713881,0.04129886506935687,0.9388711066020312
type,Ciliated,type_Ciliated,Ccdc113,70.56824,9.015026,0.0,0.0,0.8810198300283286,0.008827238335435058,0.8721925916928935
type,Ciliated,type_Ciliated,Tekt1,70.235916,8.992574,0.0,0.0,0.8555240793201133,0.007250945775535939,0.8482731335445773
type,Ciliated,type_Ciliated,Kcnmb2,52.075607,8.987895,0.0,0.0,0.45325779036827196,0.0020491803278688526,0.45120861004040314
type,Ciliated,type_Ciliated,1700028P14Rik,59.406628,8.970762,0.0,0.0,0.5835694050991501,0.0025220680958385876,0.5810473370033116
type,Ciliated,type_Ciliated,Gm15402,52.253952,8.968996,0.0,0.0,0.45609065155807366,0.0020491803278688526,0.45404147123020483
type,Ciliated,type_Ciliated,1110017D15Rik,63.61771,8.918145,0.0,0.0,0.9858356940509915,0.037515762925598994,0.9483199311253925
type,Ciliated,type_Ciliated,4932443I19Rik,64.76649,8.863615,0.0,0.0,0.7365439093484419,0.006462799495586381,0.7300811098528556
type,Ciliated,type_Ciliated,Ak8,62.73422,8.853619,0.0,0.0,0.6713881019830028,0.004413619167717529,0.6669744828152853
type,Ciliated,type_Ciliated,3300002A11Rik,68.42782,8.849741,0.0,0.0,0.9036827195467422,0.014817150063051702,0.8888655694836904
type,Ciliated,type_Ciliated,Rd3,37.884735,8.834905,0.0,0.0,0.23796033994334279,0.0007881462799495586,0.23717219366339323
type,Ciliated,type_Ciliated,Uox,37.90072,8.813523,0.0,0.0,0.24079320113314448,0.0009457755359394704,0.239847425597205
type,Ciliated,type_Ciliated,Tekt4,64.46299,8.774243,0.0,0.0,0.71671388101983,0.005359394703656999,0.711354486316173
type,Ciliated,type_Ciliated,Ankrd66,51.5502,8.741606,0.0,0.0,0.4475920679886686,0.0022068095838587644,0.4453852584048098
type,Ciliated,type_Ciliated,Dynlrb2,60.571964,8.739919,0.0,0.0,0.9886685552407932,0.048549810844892814,0.9401187443959004
type,Ciliated,type_Ciliated,Tctex1d4,68.65616,8.70895,0.0,0.0,0.943342776203966,0.018442622950819672,0.9249001532531463
type,Ciliated,type_Ciliated,Fam183b,65.15053,8.708245,0.0,0.0,0.9801699716713881,0.03184110970996217,0.948328861961426
type,Ciliated,type_Ciliated,Drc1,61.121517,8.689052,0.0,0.0,0.6373937677053825,0.004098360655737705,0.6332954070496448
type,Ciliated,type_Ciliated,1700001C02Rik,68.377266,8.686404,0.0,0.0,0.8611898016997167,0.010876418663303909,0.8503133830364128
type,Ciliated,type_Ciliated,Fam166b,65.59315,8.672377,0.0,0.0,0.7393767705382436,0.005359394703656999,0.7340173758345866
type,Ciliated,type_Ciliated,Pcp4l1,59.478077,8.656097,0.0,0.0,0.6373937677053825,0.006305170239596469,0.631088597465786
type,Ciliated,type_Ciliated,Cdhr3,65.95154,8.652661,0.0,0.0,0.7705382436260623,0.007250945775535939,0.7632872978505263
type,Ciliated,type_Ciliated,1700026L06Rik,68.61971,8.650655,0.0,0.0,0.8951841359773371,0.01355611601513241,0.8816280199622047
type,Ciliated,type_Ciliated,Dnaic2,59.45219,8.64331,0.0,0.0,0.6005665722379604,0.0036254728877679696,0.5969410993501925
type,Ciliated,type_Ciliated,2410004P03Rik,68.61918,8.607698,0.0,0.0,0.8498583569405099,0.009457755359394703,0.8404006015811152
type,Ciliated,type_Ciliated,6820408C15Rik,63.229816,8.559668,0.0,0.0,0.7025495750708215,0.005989911727616645,0.6965596633432048
type,Ciliated,type_Ciliated,1700007G11Rik,65.42111,8.54436,0.0,0.0,0.773371104815864,0.008354350567465321,0.7650167542483987
type,Ciliated,type_Ciliated,Cryaa,38.114223,8.526499,0.0,0.0,0.24079320113314448,0.0007881462799495586,0.24000505485319493
type,Ciliated,type_Ciliated,Timp4,51.82977,8.501623,0.0,0.0,0.46175637393767704,0.0028373266078184113,0.4589190473298586
type,Ciliated,type_Ciliated,Lhb,59.910892,8.490254,0.0,0.0,0.6203966005665722,0.004413619167717529,0.6159829813988547
type,Ciliated,type_Ciliated,Calml4,65.35052,8.489362,0.0,0.0,0.7818696883852692,0.00914249684741488,0.7727271915378543
type,Ciliated,type_Ciliated,Armc4,44.015766,8.481824,0.0,0.0,0.32577903682719545,0.0014186633039092057,0.3243603735232862
type,Ciliated,type_Ciliated,Erich2,67.026985,8.458921,0.0,0.0,0.8413597733711048,0.011506935687263556,0.8298528376838412
type,Ciliated,type_Ciliated,Sntn,67.116684,8.420474,0.0,0.0,0.8781869688385269,0.014817150063051702,0.8633698187754751
type,Ciliated,type_Ciliated,Dnah7a,50.27349,8.416287,0.0,0.0,0.43059490084985835,0.002364438839848676,0.4282304620100097
type,Ciliated,type_Ciliated,Morn3,57.25065,8.396594,0.0,0.0,0.5694050991501416,0.004098360655737705,0.5653067384944039
type,Ciliated,type_Ciliated,Maats1,48.994987,8.367894,0.0,0.0,0.41359773371104813,0.0025220680958385876,0.41107566561520953
type,Ciliated,type_Ciliated,Spata18,39.190487,8.35603,0.0,0.0,0.26628895184135976,0.0015762925598991173,0.26471265928146065
type,Ciliated,type_Ciliated,Aoc1,64.394516,8.354582,0.0,0.0,0.8470254957507082,0.017023959646910468,0.8300015361037977
type,Ciliated,type_Ciliated,Cfap52,61.612087,8.331944,0.0,0.0,0.6685552407932012,0.005674653215636823,0.6628805875775643
type,Ciliated,type_Ciliated,1700026D08Rik,61.75469,8.317775,0.0,0.0,0.6713881019830028,0.005674653215636823,0.6657134487673659
type,Ciliated,type_Ciliated,Iqca,56.667854,8.313676,0.0,0.0,0.5637393767705382,0.004413619167717529,0.5593257576028207
type,Ciliated,type_Ciliated,Ccdc78,63.26288,8.304715,0.0,0.0,0.7252124645892352,0.007723833543505675,0.7174886310457295
type,Ciliated,type_Ciliated,Hydin,49.052723,8.294458,0.0,0.0,0.4192634560906516,0.0028373266078184113,0.41642612948283314
type,Ciliated,type_Ciliated,Tbata,45.79778,8.288233,0.0,0.0,0.3626062322946176,0.0022068095838587644,0.3603994227107588
type,Ciliated,type_Ciliated,Zfp474,41.52671,8.287058,0.0,0.0,0.3002832861189802,0.0018915510718789407,0.29839173504710126
type,Ciliated,type_Ciliated,Efcab10,55.37478,8.286159,0.0,0.0,0.5524079320113314,0.005201765447667087,0.5472061665636644
type,Ciliated,type_Ciliated,4833427G06Rik,58.535973,8.285392,0.0,0.0,0.6005665722379604,0.004728877679697352,0.5958376945582631
type,Ciliated,type_Ciliated,Tm4sf1,66.63427,8.282422,0.0,0.0,0.9121813031161473,0.019230769230769232,0.892950533885378
type,Ciliated,type_Ciliated,Ppp1r32,54.326523,8.2689,0.0,0.0,0.5070821529745042,0.0031525851197982345,0.503929567854706
type,Ciliated,type_Ciliated,Wdr95,38.709423,8.261242,0.0,0.0,0.26062322946175637,0.0015762925598991173,0.25904693690185726
type,Ciliated,type_Ciliated,Dnali1,66.021774,8.242538,0.0,0.0,0.7960339943342776,0.00914249684741488,0.7868914974868627
type,Ciliated,type_Ciliated,Odf3b,66.561066,8.202442,0.0,0.0,0.8215297450424929,0.010403530895334174,0.8111262141471587
type,Ciliated,type_Ciliated,Rsph14,47.789238,8.176794,0.0,0.0,0.3937677053824363,0.002364438839848676,0.3914032665425876
type,Ciliated,type_Ciliated,1700013F07Rik,53.38494,8.115957,0.0,0.0,0.4985835694050991,0.0036254728877679696,0.49495809651733114
type,Ciliated,type_Ciliated,Hdc,64.172554,8.098797,0.0,0.0,0.8413597733711048,0.016866330390920555,0.8244934429801842
type,Ciliated,type_Ciliated,1700101E01Rik,62.4899,8.078176,0.0,0.0,0.7223796033994334,0.008669609079445145,0.7137099943199883
type,Ciliated,type_Ciliated,Rsph1,59.34909,8.066017,0.0,0.0,0.9801699716713881,0.05154476670870114,0.928625204962687
type,Ciliated,type_Ciliated,Ccdc121,43.30471,8.065773,0.0,0.0,0.3286118980169972,0.0022068095838587644,0.3264050884331384
type,Ciliated,type_Ciliated,Arhgdig,64.89305,8.060844,0.0,0.0,0.8385269121813032,0.015132408575031526,0.8233945036062716
type,Ciliated,type_Ciliated,Ttll9,42.35171,8.060267,0.0,0.0,0.3087818696883853,0.0017339218158890291,0.30704794787249623
type,Ciliated,type_Ciliated,Drc7,46.380177,8.052183,0.0,0.0,0.38243626062322944,0.0029949558638083227,0.3794413047594211
type,Ciliated,type_Ciliated,Morn5,61.735306,8.027899,0.0,0.0,0.7053824362606232,0.008354350567465321,0.6970280856931579
type,Ciliated,type_Ciliated,Adgb,42.01216,8.020965,0.0,0.0,0.311614730878187,0.0022068095838587644,0.3094079212943282
type,Ciliated,type_Ciliated,Dnaaf1,44.14456,8.017362,0.0,0.0,0.33994334277620397,0.0022068095838587644,0.3377365331923452
type,Ciliated,type_Ciliated,1700007K13Rik,59.88624,8.014253,0.0,0.0,0.9801699716713881,0.049495586380832284,0.9306743852905558
type,Ciliated,type_Ciliated,Ccdc74a,53.41098,7.9883666,0.0,0.0,0.509915014164306,0.004413619167717529,0.5055013949965884
type,Ciliated,type_Ciliated,Ccdc81,47.07308,7.9868593,0.0,0.0,0.3881019830028329,0.0026796973518284995,0.3854222856510044
type,Ciliated,type_Ciliated,Pifo,64.8948,7.9863086,0.0,0.0,0.9036827195467422,0.022383354350567465,0.8812993651961747
type,Ciliated,type_Ciliated,Stmnd1,63.706127,7.9517426,0.0,0.0,0.8045325779036827,0.014029003783102144,0.7905035741205806
type,Ciliated,type_Ciliated,Spag6,60.451996,7.929652,0.0,0.0,0.6628895184135978,0.006778058007566205,0.6561114604060315
type,Ciliated,type_Ciliated,Gm973,53.664368,7.9217534,0.0,0.0,0.5184135977337111,0.004728877679697352,0.5136847200540138
type,Ciliated,type_Ciliated,Fam216b,45.39631,7.914162,0.0,0.0,0.3597733711048159,0.002364438839848676,0.3574089322649672
type,Ciliated,type_Ciliated,Cfap70,48.198883,7.9084177,0.0,0.0,0.41359773371104813,0.0033102143757881464,0.41028751933526
type,Ciliated,type_Ciliated,Gtsf1l,58.369465,7.893686,0.0,0.0,0.6175637393767706,0.006147540983606557,0.611416198393164
type,Ciliated,type_Ciliated,Cfap58,37.701534,7.872046,0.0,0.0,0.24645892351274787,0.0014186633039092057,0.24504026020883865
type,Ciliated,type_Ciliated,Spag8,52.608986,7.871474,0.0,0.0,0.49291784702549574,0.004098360655737705,0.488819486369758
type,Ciliated,type_Ciliated,Mdh1b,44.088207,7.8652534,0.0,0.0,0.3371104815864023,0.0020491803278688526,0.33506130125853345
type,Ciliated,type_Ciliated,Syne1,42.822628,7.8198266,0.0,0.0,0.32011331444759206,0.0020491803278688526,0.31806413411972323
type,Ciliated,type_Ciliated,Slc24a4,44.808933,7.7792597,0.0,0.0,0.35410764872521244,0.0025220680958385876,0.35158558062937384
type,Ciliated,type_Ciliated,Jam3,47.34848,7.7642274,0.0,0.0,0.40793201133144474,0.0037831021437578815,0.40414890918768687
type,Ciliated,type_Ciliated,Syt5,56.5081,7.762113,0.0,0.0,0.5835694050991501,0.005989911727616645,0.5775794933715335
type,Ciliated,type_Ciliated,Akap14,43.73672,7.752321,0.0,0.0,0.3371104815864023,0.002364438839848676,0.3347460427465536
type,Ciliated,type_Ciliated,Meig1,63.590694,7.746551,0.0,0.0,0.9093484419263456,0.026166456494325346,0.8831819854320202
type,Ciliated,type_Ciliated,Cfap44,45.59408,7.7380757,0.0,0.0,0.37393767705382436,0.0031525851197982345,0.37078509193402615
type,Ciliated,type_Ciliated,Spag17,41.38451,7.7280984,0.0,0.0,0.3059490084985836,0.002364438839848676,0.3035845696587349
type,Ciliated,type_Ciliated,Lrrc34,53.693146,7.727446,0.0,0.0,0.5297450424929179,0.005517023959646911,0.524228018533271
type,Ciliated,type_Ciliated,Ccdc180,48.963486,7.7139196,0.0,0.0,0.42776203966005666,0.0034678436317780582,0.4242941960282786
type,Ciliated,type_Ciliated,Eno4,47.052864,7.7106457,0.0,0.0,0.39943342776203966,0.0034678436317780582,0.3959655841302616
type,Ciliated,type_Ciliated,Ccdc151,44.979366,7.7067184,0.0,0.0,0.3654390934844193,0.0031525851197982345,0.36228650836462106
type,Ciliated,type_Ciliated,Dydc2,41.35221,7.7067137,0.0,0.0,0.31444759206798867,0.0029949558638083227,0.31145263620418034
type,Ciliated,type_Ciliated,Spef2,43.97685,7.661916,0.0,0.0,0.34277620396600567,0.0025220680958385876,0.34025413587016706
type,Ciliated,type_Ciliated,Dcdc2b,56.433563,7.6445312,0.0,0.0,0.5977337110481586,0.007250945775535939,0.5904827652726227
type,Ciliated,type_Ciliated,Ttc29,46.41805,7.6363697,0.0,0.0,0.3881019830028329,0.0033102143757881464,0.38479176862704473
type,Ciliated,type_Ciliated,Ccdc33,54.84451,7.618031,0.0,0.0,0.5495750708215298,0.005517023959646911,0.5440580468618829
type,Ciliated,type_Ciliated,Rsph4a,43.069717,7.6177278,0.0,0.0,0.3371104815864023,0.0029949558638083227,0.33411552572259395
type,Ciliated,type_Ciliated,BC051019,63.000744,7.6121807,0.0,0.0,0.8781869688385269,0.02364438839848676,0.8545425804400402
type,Ciliated,type_Ciliated,Zmynd10,58.65625,7.605015,0.0,0.0,0.6430594900849859,0.007723833543505675,0.6353356565414802
type,Ciliated,type_Ciliated,Ccdc146,54.62095,7.5870233,0.0,0.0,0.5609065155807366,0.006778058007566205,0.5541284575731703
type,Ciliated,type_Ciliated,Ccdc65,45.964138,7.564955,0.0,0.0,0.37960339943342775,0.0031525851197982345,0.37645081431362953
type,Ciliated,type_Ciliated,Cfap53,52.87458,7.550711,0.0,0.0,0.5127478753541076,0.005201765447667087,0.5075461099064406
type,Ciliated,type_Ciliated,Ccdc60,38.76702,7.5445857,0.0,0.0,0.2776203966005666,0.0026796973518284995,0.2749406992487381
type,Ciliated,type_Ciliated,Wnt11,51.0998,7.544051,0.0,0.0,0.49008498583569404,0.005674653215636823,0.4844103326200572
type,Ciliated,type_Ciliated,Rsph10b,40.581142,7.542077,0.0,0.0,0.3002832861189802,0.0026796973518284995,0.2976035887671517
type,Ciliated,type_Ciliated,2610028H24Rik,61.339725,7.5248723,0.0,0.0,0.773371104815864,0.015290037831021437,0.7580810669848426
type,Ciliated,type_Ciliated,1700019L03Rik,39.616768,7.522617,0.0,0.0,0.28611898016997167,0.0025220680958385876,0.28359691207413307
type,Ciliated,type_Ciliated,Fhad1,50.384907,7.5224032,0.0,0.0,0.47875354107648727,0.005674653215636823,0.47307888786085045
type,Ciliated,type_Ciliated,Gm14964,46.022747,7.5182376,0.0,0.0,0.37393767705382436,0.0026796973518284995,0.37125797970199587
type,Ciliated,type_Ciliated,Dnajb13,52.399498,7.517262,0.0,0.0,0.5240793201133145,0.006778058007566205,0.5173012621057482
type,Ciliated,type_Ciliated,Iqcd,38.07985,7.5072875,0.0,0.0,0.26062322946175637,0.0020491803278688526,0.25857404913388754
type,Ciliated,type_Ciliated,Fank1,55.42509,7.5069814,0.0,0.0,0.5750708215297451,0.006778058007566205,0.5682927635221788
type,Ciliated,type_Ciliated,D630024D03Rik,49.94279,7.462116,0.0,0.0,0.45609065155807366,0.004413619167717529,0.4516770323903561
type,Ciliated,type_Ciliated,Plin5,40.01728,7.4525495,0.0,0.0,0.28895184135977336,0.002364438839848676,0.2865874025199247
type,Ciliated,type_Ciliated,Uckl1os,43.402275,7.4509487,0.0,0.0,0.34844192634560905,0.0034678436317780582,0.344974082713831
type,Ciliated,type_Ciliated,Lrrc74b,52.449272,7.44025,0.0,0.0,0.5325779036827195,0.007408575031525851,0.5251693286511937
type,Ciliated,type_Ciliated,Tmem232,45.647995,7.432592,0.0,0.0,0.3881019830028329,0.004098360655737705,0.3840036223470952
type,Ciliated,type_Ciliated,Catip,53.9607,7.432361,0.0,0.0,0.546742209631728,0.006462799495586381,0.5402794101361417
type,Ciliated,type_Ciliated,Dnah6,52.575138,7.4278316,0.0,0.0,0.5297450424929179,0.0069356872635561164,0.5228093552293618
type,Ciliated,type_Ciliated,Ccdc37,52.19765,7.4160633,0.0,0.0,0.5269121813031161,0.007250945775535939,0.5196612355275801
type,Ciliated,type_Ciliated,Dnah9,50.967426,7.3942795,0.0,0.0,0.47875354107648727,0.0048865069356872634,0.4738670341408
type,Ciliated,type_Ciliated,Dmkn,62.38024,7.38747,0.0,0.0,0.9178470254957507,0.029634300126103404,0.8882127253696473
type,Ciliated,type_Ciliated,Iqcg,56.89718,7.375018,0.0,0.0,0.6288951841359773,0.00914249684741488,0.6197526872885625
type,Ciliated,type_Ciliated,AU040972,38.922302,7.3702397,0.0,0.0,0.9915014164305949,0.24968474148802017,0.7418166749425747
type,Ciliated,type_Ciliated,1700003M02Rik,60.041008,7.3619094,0.0,0.0,0.7308781869688386,0.013398486759142497,0.7174797002096961
type,Ciliated,type_Ciliated,Itpka,37.748135,7.327294,0.0,0.0,0.26345609065155806,0.0025220680958385876,0.26093402255571946
type,Ciliated,type_Ciliated,Cfap57,39.710945,7.309572,0.0,0.0,0.29178470254957506,0.0028373266078184113,0.2889473759417566
type,Ciliated,type_Ciliated,6430531B16Rik,52.028027,7.269937,0.0,0.0,0.5212464589235127,0.0069356872635561164,0.5143107716599566
type,Ciliated,type_Ciliated,Mlf1,54.62344,7.2572894,0.0,0.0,0.9575070821529745,0.06683480453972257,0.890672277613252
type,Ciliated,type_Ciliated,Dnah10,44.182175,7.2399564,0.0,0.0,0.38526912181303113,0.005517023959646911,0.3797520978533842
type,Ciliated,type_Ciliated,Gm1661,43.115738,7.22601,0.0,0.0,0.34277620396600567,0.0033102143757881464,0.3394659895902175
type,Ciliated,type_Ciliated,D430036J16Rik,46.938793,7.2197804,0.0,0.0,0.43626062322946174,0.006462799495586381,0.4297978237338754
type,Ciliated,type_Ciliated,Ak7,48.796886,7.2004075,0.0,0.0,0.45892351274787535,0.005989911727616645,0.4529336010202587
type,Ciliated,type_Ciliated,Cfap126,55.906334,7.189596,0.0,0.0,0.9773371104815864,0.06510088272383355,0.9122362277577529
type,Ciliated,type_Ciliated,Gm29538,58.23595,7.1750374,0.0,0.0,0.7025495750708215,0.01371374527112232,0.6888358297996992
type,Ciliated,type_Ciliated,Ccdc108,51.85222,7.149162,0.0,0.0,0.546742209631728,0.009457755359394703,0.5372844542723333
type,Ciliated,type_Ciliated,Lrrc23,54.771572,7.132685,0.0,0.0,0.6288951841359773,0.012610340479192938,0.6162848436567844
type,Ciliated,type_Ciliated,1700040L02Rik,50.826702,7.1100454,0.0,0.0,0.5042492917847026,0.007093316519546027,0.49715597526515654
type,Ciliated,type_Ciliated,Lrrc46,50.040592,7.1011205,0.0,0.0,0.4985835694050991,0.007723833543505675,0.4908597358615934
type,Ciliated,type_Ciliated,Myl4,49.583122,7.0998645,0.0,0.0,0.49575070821529743,0.008039092055485498,0.48771161615981196
type,Ciliated,type_Ciliated,Wdr63,42.304924,7.0818496,0.0,0.0,0.35410764872521244,0.005044136191677175,0.3490635125335353
type,Ciliated,type_Ciliated,Efhc1,50.60237,7.0728197,0.0,0.0,0.5042492917847026,0.007408575031525851,0.4968407167531767
type,Ciliated,type_Ciliated,Dnah5,44.28903,7.057099,0.0,0.0,0.38526912181303113,0.005359394703656999,0.37990972710937415
type,Ciliated,type_Ciliated,Ccdc40,42.940742,7.055154,0.0,0.0,0.37393767705382436,0.005989911727616645,0.3679477653262077
type,Ciliated,type_Ciliated,Mns1,53.11293,7.0321794,0.0,0.0,0.5750708215297451,0.01008827238335435,0.5649825491463908
type,Ciliated,type_Ciliated,Spag16,37.77775,7.0262733,0.0,0.0,0.2747875354107649,0.0033102143757881464,0.27147732103497674
type,Ciliated,type_Ciliated,Mak,41.893177,7.0252867,0.0,0.0,0.3371104815864023,0.004098360655737705,0.33301212093066457
type,Ciliated,type_Ciliated,Slc16a3,44.625046,7.0040445,0.0,0.0,0.37677053824362605,0.004255989911727617,0.37251454833189845
type,Ciliated,type_Ciliated,Vwa3a,41.386738,6.9915485,0.0,0.0,0.3342776203966006,0.004413619167717529,0.32986400122888304
type,Ciliated,type_Ciliated,Lrrc48,57.133255,6.9836774,0.0,0.0,0.7280453257790368,0.018600252206809584,0.7094450735722272
type,Ciliated,type_Ciliated,Wdr66,41.95599,6.975376,0.0,0.0,0.33994334277620397,0.004255989911727617,0.3356873528644764
type,Ciliated,type_Ciliated,Adam8,57.19474,6.948481,0.0,0.0,0.7365439093484419,0.01938839848675914,0.7171555108616828
type,Ciliated,type_Ciliated,1700001L19Rik,55.71901,6.9448376,0.0,0.0,0.6855524079320113,0.016708701134930642,0.6688437067970807
type,Ciliated,type_Ciliated,Tekt2,39.255077,6.92403,0.0,0.0,0.28895184135977336,0.0029949558638083227,0.28595688549596504
type,Ciliated,type_Ciliated,Ccdc39,39.412807,6.8641596,0.0,0.0,0.3031161473087819,0.003940731399747793,0.29917541590903407
type,Ciliated,type_Ciliated,Zmynd12,49.096523,6.798113,0.0,0.0,0.5070821529745042,0.009773013871374527,0.4973091391031297
type,Ciliated,type_Ciliated,Lrrc36,43.504627,6.7971845,0.0,0.0,0.38243626062322944,0.005989911727616645,0.3764463488956128
type,Ciliated,type_Ciliated,Ctxn1,58.19903,6.7448163,0.0,0.0,0.8186968838526912,0.02711223203026482,0.7915846518224264
type,Ciliated,type_Ciliated,Ttc16,38.09183,6.7042828,0.0,0.0,0.29461756373937675,0.00457124842370744,0.2900463153156693
type,Ciliated,type_Ciliated,Prr29,54.57999,6.6320906,0.0,0.0,0.8413597733711048,0.04192938209331652,0.7994303912777883
type,Ciliated,type_Ciliated,Enkur,54.607655,6.617775,0.0,0.0,0.6997167138810199,0.020491803278688523,0.6792249106023314
type,Ciliated,type_Ciliated,Gm1673,51.78884,6.608626,0.0,0.0,0.5580736543909348,0.010245901639344262,0.5478277527515906
type,Ciliated,type_Ciliated,Nme5,55.47871,6.5933437,0.0,0.0,0.8895184135977338,0.04728877679697352,0.8422296368007602
type,Ciliated,type_Ciliated,Mapk15,55.701206,6.5521626,0.0,0.0,0.7195467422096318,0.020334174022698614,0.6992125681869331
type,Ciliated,type_Ciliated,Tcp11,44.38028,6.4970055,0.0,0.0,0.42492917847025496,0.008669609079445145,0.4162595693908098
type,Ciliated,type_Ciliated,Ckb,53.19439,6.456172,0.0,0.0,0.7563739376770539,0.03105296343001261,0.7253209742470412
type,Ciliated,type_Ciliated,D830044I16Rik,40.989834,6.447104,0.0,0.0,0.3626062322946176,0.007250945775535939,0.35535528651908166
type,Ciliated,type_Ciliated,Lrrc6,40.120903,6.3370357,0.0,0.0,0.3342776203966006,0.005674653215636823,0.32860296718096377
type,Ciliated,type_Ciliated,Ubxn11,51.73186,6.2990217,0.0,0.0,0.6345609065155807,0.018442622950819672,0.6161182835647611
type,Ciliated,type_Ciliated,Spata33,38.47998,6.276671,0.0,0.0,0.3314447592067989,0.007408575031525851,0.324036184175273
type,Ciliated,type_Ciliated,Foxj1,49.91116,6.172352,0.0,0.0,0.9348441926345609,0.0846469104665826,0.8501972821679783
type,Ciliated,type_Ciliated,Fbxo36,49.21682,6.111934,0.0,0.0,0.9093484419263456,0.08149432534678436,0.8278541165795612
type,Ciliated,type_Ciliated,Dnaaf3,47.007614,6.09418,0.0,0.0,0.5269121813031161,0.014974779319041615,0.5119374019840746
type,Ciliated,type_Ciliated,Cfap45,51.756687,6.054891,0.0,0.0,0.71671388101983,0.02916141235813367,0.6875524686616964
type,Ciliated,type_Ciliated,Ccdc30,42.36832,6.041582,0.0,0.0,0.43342776203966005,0.012452711223203027,0.42097505081645703
type,Ciliated,type_Ciliated,Riiad1,43.08454,6.0411563,0.0,0.0,0.9830028328611898,0.16960907944514503,0.8133937534160448
type,Ciliated,type_Ciliated,Cetn4,49.166195,6.031076,0.0,0.0,0.6770538243626062,0.03026481715006305,0.6467890072125432
type,Ciliated,type_Ciliated,Ulk4,42.44185,6.0240984,0.0,0.0,0.4164305949008499,0.010403530895334174,0.4060270640055157
type,Ciliated,type_Ciliated,Plk5,38.59413,6.007456,0.0,0.0,0.3371104815864023,0.007723833543505675,0.3293866480428966
type,Ciliated,type_Ciliated,Pacrg,46.905304,5.994123,0.0,0.0,0.5269121813031161,0.014974779319041615,0.5119374019840746
type,Ciliated,type_Ciliated,Stk33,42.25643,5.96256,0.0,0.0,0.41359773371104813,0.010403530895334174,0.40319420281571394
type,Ciliated,type_Ciliated,Vpreb3,42.516613,5.9162116,0.0,0.0,0.9150141643059491,0.13508827238335436,0.7799258919225946
type,Ciliated,type_Ciliated,Saxo2,46.595284,5.9154043,0.0,0.0,0.546742209631728,0.017969735182849937,0.5287724744488781
type,Ciliated,type_Ciliated,Spef1,49.990158,5.8655987,0.0,0.0,0.773371104815864,0.044136191677175286,0.7292349131386887
type,Ciliated,type_Ciliated,Cfap69,41.86923,5.8308406,0.0,0.0,0.42776203966005666,0.012452711223203027,0.41530932843685364
type,Ciliated,type_Ciliated,Smim5,50.007523,5.826939,0.0,0.0,0.8668555240793201,0.06415510718789408,0.802700416891426
type,Ciliated,type_Ciliated,Ttc12,38.0533,5.822211,0.0,0.0,0.33994334277620397,0.008669609079445145,0.33127373369675883
type,Ciliated,type_Ciliated,4933434E20Rik,42.151245,5.762094,0.0,0.0,0.9093484419263456,0.1343001261034048,0.7750483158229408
type,Ciliated,type_Ciliated,Wdr19,40.552086,5.7191753,0.0,0.0,0.42492917847025496,0.014344262295081968,0.410584916175173
type,Ciliated,type_Ciliated,Fam47e,50.65387,5.7057023,0.0,0.0,0.7252124645892352,0.032471626733921816,0.6927408378553134
type,Ciliated,type_Ciliated,1700088E04Rik,47.851963,5.704231,0.0,0.0,0.9263456090651558,0.09363177805800757,0.8327138310071482
type,Ciliated,type_Ciliated,Wdr78,38.217197,5.6815214,0.0,0.0,0.37110481586402266,0.01182219419924338,0.3592826216647793
type,Ciliated,type_Ciliated,Chek2,42.77287,5.565656,0.0,0.0,0.509915014164306,0.02096469104665826,0.4889503231176477
type,Ciliated,type_Ciliated,Ccdc17,46.054413,5.52706,0.0,0.0,0.6685552407932012,0.03735813366960908,0.6311971071235921
type,Ciliated,type_Ciliated,Ubxn10,43.9186,5.4959435,0.0,0.0,0.6288951841359773,0.037515762925598994,0.5913794212103783
type,Ciliated,type_Ciliated,Ppil6,47.719055,5.458135,0.0,0.0,0.7847025495750708,0.0537515762925599,0.7309509732825109
type,Ciliated,type_Ciliated,Ccdc181,45.90853,5.4547596,0.0,0.0,0.8555240793201133,0.08180958385876419,0.7737144954613491
type,Ciliated,type_Ciliated,Lrrc51,41.496502,5.435015,0.0,0.0,0.9405099150141643,0.15762925598991173,0.7828806590242525
type,Ciliated,type_Ciliated,Serpina9,40.08691,5.3430486,0.0,0.0,0.5354107648725213,0.03184110970996217,0.5035696551625591
type,Ciliated,type_Ciliated,Acot1,43.99568,5.334746,0.0,0.0,0.7450424929178471,0.0617906683480454,0.6832518245698017
type,Ciliated,type_Ciliated,Pih1d2,43.23914,5.2776995,0.0,0.0,0.6203966005665722,0.03720050441361917,0.583196096152953
type,Ciliated,type_Ciliated,1700029J07Rik,38.216076,5.275506,0.0,0.0,0.43626062322946174,0.0201765447667087,0.416084078462753
type,Ciliated,type_Ciliated,Cfap43,41.88283,5.266244,0.0,0.0,0.5580736543909348,0.03026481715006305,0.5278088372408718
type,Ciliated,type_Ciliated,Ppp1r36,44.31666,5.263773,0.0,0.0,0.6798866855524079,0.04476670870113493,0.635119976851273
type,Ciliated,type_Ciliated,Spa17,44.993847,5.240705,0.0,0.0,0.830028328611898,0.07771122320302648,0.7523171054088715
type,Ciliated,type_Ciliated,Aldh3b1,40.841743,5.23113,0.0,0.0,0.8923512747875354,0.13902900378310215,0.7533222710044333
type,Ciliated,type_Ciliated,Trp53bp2,43.13991,5.1971307,0.0,0.0,0.8073654390934845,0.08433165195460278,0.7230337871388817
type,Ciliated,type_Ciliated,Rsph9,41.7119,5.1918654,0.0,0.0,0.9065155807365439,0.135718789407314,0.77079679132923
type,Ciliated,type_Ciliated,Fhl1,38.268036,5.123869,0.0,0.0,0.48441926345609065,0.027585119798234553,0.45683414365785613
type,Ciliated,type_Ciliated,Ift172,42.488544,5.0639596,0.0,0.0,0.8498583569405099,0.10040983606557377,0.7494485208749362
type,Ciliated,type_Ciliated,Ly6c1,39.25199,5.0299306,0.0,0.0,0.6572237960339944,0.06005674653215637,0.597167049501838
type,Ciliated,type_Ciliated,Traf3ip1,40.270256,5.0289216,0.0,0.0,0.5920679886685553,0.04129886506935687,0.5507691235991984
type,Ciliated,type_Ciliated,Plet1,39.092037,5.007037,0.0,0.0,0.9461756373937678,0.18836696090794453,0.7578086764858232
type,Ciliated,type_Ciliated,Gm166,40.838863,4.965029,0.0,0.0,0.7875354107648725,0.09174022698612863,0.6957951837787439
type,Ciliated,type_Ciliated,Oscp1,40.36473,4.8984685,0.0,0.0,0.6175637393767706,0.046027742749054225,0.5715359966277164
type,Ciliated,type_Ciliated,Plcb3,39.446728,4.7647777,0.0,0.0,0.6912181303116147,0.06809583858764187,0.6231222917239728
type,Ciliated,type_Ciliated,Mok,40.597736,4.7443066,0.0,0.0,0.6203966005665722,0.044451450189155105,0.5759451503774171
type,Ciliated,type_Ciliated,Csrp2,37.82631,4.614904,0.0,0.0,0.8668555240793201,0.15037831021437578,0.7164772138649443
type,Ciliated,type_Ciliated,Pltp,38.59022,4.5149827,0.0,0.0,0.8555240793201133,0.12878310214375788,0.7267409771763554
type,Ciliated,type_Ciliated,Nek5,37.636368,5.073931,5.4678605815248e-310,3.8324094614353906e-308,0.4475920679886686,0.023013871374527112,0.4245781966141415
type,Ciliated,type_Ciliated,Cdkl4,37.46559,7.396384,3.3480905736615514e-307,2.336682276537153e-305,0.2577903682719547,0.002364438839848676,0.255425929432106
type,Ciliated,type_Ciliated,Gm16006,37.42357,7.6083274,1.616963894258806e-306,1.123721391090622e-304,0.254957507082153,0.0022068095838587644,0.2527506974982942
type,Ciliated,type_Ciliated,Cd177,37.16457,8.737492,2.550206892686637e-302,1.7648077319389678e-300,0.23229461756373937,0.0009457755359394704,0.2313488420277999
type,Ciliated,type_Ciliated,Agr3,37.118107,6.976509,1.4341345647259899e-301,9.882874368097042e-300,0.2747875354107649,0.003940731399747793,0.27084680401101713
type,Ciliated,type_Ciliated,Rabl2,37.0209,4.3365297,5.280103604584264e-300,3.6233882518320716e-298,0.7507082152974505,0.10025220680958385,0.6504560084878666
type,Ciliated,type_Ciliated,Ccdc96,37.001915,7.1074224,1.0667083079632315e-299,7.289617899543734e-298,0.254957507082153,0.0025220680958385876,0.2524354389863144
type,Ciliated,type_Ciliated,Dlec1,36.906242,6.134069,3.6695886043403288e-298,2.497299697086545e-296,0.3087818696883853,0.007093316519546027,0.30168855316883925
type,Ciliated,type_Ciliated,Fhit,36.857,4.793045,2.2593148868608534e-297,1.531199316504333e-295,0.45892351274787535,0.026166456494325346,0.43275705625355
type,Ciliated,type_Ciliated,Lrrc43,36.68655,8.380542,1.1967741174667612e-294,8.077486543445411e-293,0.22946175637393768,0.0011034047919293822,0.2283583515820083
type,Ciliated,type_Ciliated,Ctsk,36.674015,6.3799996,1.8959111910243085e-294,1.2743786657372823e-292,0.3002832861189802,0.006620428751576293,0.2936628573674039
type,Ciliated,type_Ciliated,Ift43,36.482536,4.421703,2.0984058356243336e-291,1.4047328208193754e-289,0.9376770538243626,0.2191046658259773,0.7185723879983853
type,Ciliated,type_Ciliated,Ttc25,36.430058,5.115318,1.4236736053909852e-290,9.491736098381116e-289,0.35410764872521244,0.012295081967213115,0.3418125667579993
type,Ciliated,type_Ciliated,Chchd6,36.203384,4.512489,5.385279591654867e-287,3.5758692543615986e-285,0.9461756373937678,0.2367591424968474,0.7094164948969204
type,Ciliated,type_Ciliated,Kcnk12,36.200912,6.979975,5.889888378737552e-287,3.895163681438491e-285,0.24362606232294617,0.002364438839848676,0.2412616234830975
type,Ciliated,type_Ciliated,Smkr-ps,36.167324,7.153938,1.987728089800775e-286,1.3092662008362453e-284,0.24929178470254956,0.0028373266078184113,0.24645445809473115
type,Ciliated,type_Ciliated,Iqub,36.157745,8.371366,2.8111738305028293e-286,1.8442424797630762e-284,0.22096317280453256,0.0009457755359394704,0.2200173972685931
type,Ciliated,type_Ciliated,Dnaic1,36.12146,6.6242204,1.0443690695136437e-285,6.824182115176601e-284,0.2577903682719547,0.0034678436317780582,0.25432252464017663
type,Ciliated,type_Ciliated,Kif9,36.03165,5.6118217,2.6731409005980168e-284,1.739769202805876e-282,0.32577903682719545,0.00993064312736444,0.31584839369983103
type,Ciliated,type_Ciliated,Kif19a,36.008297,5.3053727,6.203318421496801e-284,4.021368594109448e-282,0.41076487252124644,0.021437578814627996,0.38932729370661845
type,Ciliated,type_Ciliated,4931406C07Rik,35.884426,4.378128,5.344389036913468e-282,3.450918291118811e-280,0.7592067988668555,0.11759142496847415,0.6416153738983813
type,Ciliated,type_Ciliated,Ak1,35.844513,4.6018662,2.23915651213271e-281,1.4401727825681794e-279,0.47875354107648727,0.032313997477931906,0.44643954359855537
type,Ciliated,type_Ciliated,Naaa,35.717888,4.5381217,2.085879772230174e-279,1.336348208763558e-277,0.5410764872521246,0.04650063051702396,0.4945758567351007
type,Ciliated,type_Ciliated,Ift22,35.5197,4.1505938,2.4406392663850736e-276,1.5575457045907233e-274,0.8385269121813032,0.1573139974779319,0.6812129147033712
type,Ciliated,type_Ciliated,Fhl2,35.43554,4.5302777,4.844832589872349e-275,3.079848810329318e-273,0.5722379603399433,0.05548549810844893,0.5167524622314944
type,Ciliated,type_Ciliated,Efcab1,35.37813,4.849355,3.704440683275781e-274,2.3458120326797715e-272,0.38526912181303113,0.01812736443883985,0.3671417573741913
type,Ciliated,type_Ciliated,Kndc1,35.36559,6.125018,5.774785291045233e-274,3.642778983016649e-272,0.2719546742209632,0.005359394703656999,0.2665952795173062
type,Ciliated,type_Ciliated,Ankrd65,35.266403,6.3375154,1.9233275149733357e-272,1.2086013246389915e-270,0.2577903682719547,0.004255989911727617,0.2535343783602271
type,Ciliated,type_Ciliated,Wdr54,35.260925,5.326089,2.3335794894440797e-272,1.460802946808105e-270,0.3371104815864023,0.012295081967213115,0.32481539961918915
type,Ciliated,type_Ciliated,Smtnl2,35.25528,7.8587146,2.84769651861773e-272,1.7758581977889502e-270,0.22096317280453256,0.0015762925598991173,0.21938688024463346
type,Ciliated,type_Ciliated,Fsip1,35.20684,7.0121074,1.5712603265009338e-271,9.76145477838705e-270,0.23229461756373937,0.002364438839848676,0.22993017872389068
type,Ciliated,type_Ciliated,Tmem107,35.169003,4.3418245,5.955863464613053e-271,3.6861176106837236e-269,0.9376770538243626,0.24558638083228246,0.6920906729920802
type,Ciliated,type_Ciliated,Tcte1,35.156322,8.2060585,9.305745501446075e-271,5.737726765760041e-269,0.21246458923512748,0.0011034047919293822,0.2113611844431981
type,Ciliated,type_Ciliated,Daw1,35.10146,8.642567,6.403741911546105e-270,3.9336243854407364e-268,0.20396600566572237,0.0006305170239596469,0.20333548864176273
type,Ciliated,type_Ciliated,Glipr1,35.08884,4.705365,9.975825982451179e-270,6.104982161872455e-268,0.47592067988668557,0.03467843631778058,0.441242243568905
type,Ciliated,type_Ciliated,Gm11992,35.021862,5.359654,1.0458629471097639e-268,6.376653604292653e-267,0.3059490084985836,0.008984867591424969,0.2969641409071586
type,Ciliated,type_Ciliated,Scrn1,35.016457,5.643132,1.2639873221381388e-268,7.678020766810227e-267,0.3031161473087819,0.008827238335435058,0.2942889089733468
type,Ciliated,type_Ciliated,Fam179a,35.00051,4.9503365,2.2099057821984166e-268,1.337441503093588e-266,0.40509915014164305,0.022383354350567465,0.38271579579107556
type,Ciliated,type_Ciliated,9530053A07Rik,34.96821,4.576542,6.847710697246009e-268,4.129018497997492e-266,0.5552407932011332,0.0537515762925599,0.5014892169085733
type,Ciliated,type_Ciliated,4430402I18Rik,34.922604,5.3743086,3.3749741316005496e-267,2.0275806129077148e-265,0.37677053824362605,0.018600252206809584,0.35817028603681644
type,Ciliated,type_Ciliated,Lrguk,34.92039,7.945792,3.646236971278265e-267,2.1825522834282783e-265,0.21246458923512748,0.0012610340479192938,0.21120355518720818
type,Ciliated,type_Ciliated,Diras2,34.910206,7.6856284,5.204782606650224e-267,3.1041323466061936e-265,0.21246458923512748,0.0012610340479192938,0.21120355518720818
type,Ciliated,type_Ciliated,RP23-356N23.5,34.895607,6.5011315,8.666936996177648e-267,5.150233104141652e-265,0.254957507082153,0.004413619167717529,0.25054388791443544
type,Ciliated,type_Ciliated,Cep83,34.41763,4.5237265,1.3739852827081003e-259,8.1352825349081425e-258,0.46458923512747874,0.034047919293820936,0.4305413158336578
type,Ciliated,type_Ciliated,Ccdc13,34.404522,7.987116,2.1580168967338986e-259,1.2731523425659234e-257,0.20679886685552407,0.0012610340479192938,0.20553783280760476
type,Ciliated,type_Ciliated,Lbh,34.364506,4.8697076,8.5521814901894e-259,5.027395291060802e-257,0.43909348441926344,0.03010718789407314,0.4089862965251903
type,Ciliated,type_Ciliated,Tuba1a,34.250916,5.8025217,4.2268295523053585e-257,2.4758654102628636e-255,0.9971671388101983,0.4224464060529634,0.5747207327572348
type,Ciliated,type_Ciliated,Dzip1l,34.13034,7.9067464,2.6177475722347145e-255,1.5278888943851086e-253,0.20396600566572237,0.0012610340479192938,0.20270497161780307
type,Ciliated,type_Ciliated,Cmbl,34.122807,3.9933093,3.38598665724738e-255,1.9692754314012156e-253,0.8243626062322946,0.162515762925599,0.6618468433066956
type,Ciliated,type_Ciliated,Ttc39a,34.051556,4.331835,3.8493546747290495e-254,2.23085745654527e-252,0.623229461756374,0.07849936948297603,0.544730092273398
type,Ciliated,type_Ciliated,1700003E16Rik,34.039227,6.424222,5.859188725266307e-254,3.383681488841292e-252,0.24362606232294617,0.004255989911727617,0.23937007241121855
type,Ciliated,type_Ciliated,Plekhb1,33.979877,4.4999895,4.4177523434537676e-253,2.5423002170170263e-251,0.5609065155807366,0.06005674653215637,0.5008497690485803
type,Ciliated,type_Ciliated,Cfap74,33.922173,7.265505,3.138811553474952e-252,1.7999877023965974e-250,0.20679886685552407,0.0015762925598991173,0.20522257429562496
type,Ciliated,type_Ciliated,Dnah1,33.82344,7.4048204,8.921896253363271e-251,5.080834043451772e-249,0.21246458923512748,0.0020491803278688526,0.21041540890725863
type,Ciliated,type_Ciliated,Dnah2,33.804672,6.60146,1.6837895015480604e-250,9.555651077816519e-249,0.24079320113314448,0.004255989911727617,0.23653721122141685
type,Ciliated,type_Ciliated,Cds1,33.789013,4.5625453,2.859803318528158e-250,1.6173666974889766e-248,0.4985835694050991,0.044293820933165196,0.45428974847193393
type,Ciliated,type_Ciliated,Bbox1,33.78615,6.278873,3.150366292888371e-250,1.7755724250743012e-248,0.2237960339943343,0.0028373266078184113,0.22095870738651588
type,Ciliated,type_Ciliated,Agbl2,33.709705,7.326551,4.166620408865996e-249,2.3402993604729865e-247,0.20679886685552407,0.0017339218158890291,0.20506494503963504
type,Ciliated,type_Ciliated,Ccpg1os,33.628036,4.0898895,6.531230944520785e-248,3.655928966589945e-246,0.8215297450424929,0.16976670870113494,0.6517630363413579
type,Ciliated,type_Ciliated,Dcdc2a,33.604816,6.3926206,1.4265717876123704e-247,7.958232615180438e-246,0.23512747875354106,0.003940731399747793,0.23118674735379327
type,Ciliated,type_Ciliated,Tm6sf2,33.49569,7.271362,5.569300508921728e-246,3.096342293112721e-244,0.20679886685552407,0.0018915510718789407,0.20490731578364513
type,Ciliated,type_Ciliated,Ampd1,33.30091,6.6446614,3.745519165552101e-243,2.0614181152422825e-241,0.21813031161473087,0.0028373266078184113,0.21529298500691246
type,Ciliated,type_Ciliated,2300005B03Rik,33.267525,5.6478457,1.1390172491293998e-242,6.247833412364978e-241,0.28611898016997167,0.009300126103404792,0.27681885406656687
type,Ciliated,type_Ciliated,Dusp18,33.2188,4.4571543,5.7628877273899294e-242,3.1401037082033966e-240,0.49291784702549574,0.04476670870113493,0.4481511383243608
type,Ciliated,type_Ciliated,Ift57,32.9743,3.940888,1.897561405327132e-238,1.030526642674513e-236,0.7620396600566572,0.1413934426229508,0.6206462174337064
type,Ciliated,type_Ciliated,Acox2,32.946693,4.785694,4.718036862711579e-238,2.553812626578634e-236,0.44192634560906513,0.03562421185372005,0.4063021337553451
type,Ciliated,type_Ciliated,Hsph1,32.941235,4.0742526,5.648130930586957e-238,3.047203795807786e-236,0.7592067988668555,0.14281210592686003,0.6163946929399955
type,Ciliated,type_Ciliated,Casc1,32.76808,5.529833,1.6781227873519673e-235,8.936003842649225e-234,0.26912181303116145,0.008039092055485498,0.261082720975676
type,Ciliated,type_Ciliated,Basp1,32.767387,4.0957737,1.7169236193055808e-235,9.113030511401564e-234,0.8895184135977338,0.233921815889029,0.6555965977087048
type,Ciliated,type_Ciliated,Ankrd42,32.732838,5.1634235,5.3284359335089034e-235,2.819086378886436e-233,0.3087818696883853,0.01276796973518285,0.29601389995320243
type,Ciliated,type_Ciliated,Mycbp,32.71626,3.9496796,9.170921229122511e-235,4.836407687422453e-233,0.7762039660056658,0.15274274905422447,0.6234612169514413
type,Ciliated,type_Ciliated,4930404N11Rik,32.643055,5.230851,1.0054817654741363e-233,5.268660203048342e-232,0.3342776203966006,0.016708701134930642,0.31756891926166997
type,Ciliated,type_Ciliated,Spata24,32.594482,4.4980245,4.91019615823809e-233,2.556575466389299e-231,0.48441926345609065,0.04555485498108449,0.4388644084750062
type,Ciliated,type_Ciliated,BC048546,32.554764,4.559086,1.7927214895664086e-232,9.304564921005907e-231,0.7592067988668555,0.14549180327868852,0.613714995588167
type,Ciliated,type_Ciliated,Elof1,32.36194,4.7611175,9.424524378743899e-230,4.830363260493084e-228,0.9971671388101983,0.5412988650693569,0.4558682737408414
type,Ciliated,type_Ciliated,Tppp3,32.216568,5.098685,1.0345891424544043e-227,5.2860736839235774e-226,1.0,0.5187578814627994,0.48124211853720056
type,Ciliated,type_Ciliated,Slc23a1,32.1977,5.631654,1.900648353527625e-227,9.680911070250491e-226,0.26912181303116145,0.008827238335435058,0.26029457469572637
type,Ciliated,type_Ciliated,Psmc3ip,32.186413,4.509826,2.734341513248369e-227,1.3884190451636688e-225,0.37677053824362605,0.023802017654476672,0.3529685205891494
type,Ciliated,type_Ciliated,C530043A13Rik,32.129944,6.4094024,1.6838025266744334e-226,8.523470753082525e-225,0.22096317280453256,0.004098360655737705,0.21686481214879486
type,Ciliated,type_Ciliated,Wdr93,32.12861,6.563857,1.7575721784443215e-226,8.869520399589329e-225,0.2096317280453258,0.0031525851197982345,0.20647914292552755
type,Ciliated,type_Ciliated,Bok,32.029766,3.8153806,4.2006290941850665e-225,2.113328766065315e-223,0.7563739376770539,0.14407313997477933,0.6123007977022745
type,Ciliated,type_Ciliated,Capsl,31.940172,3.9805725,7.397220275477961e-224,3.710147086792478e-222,0.943342776203966,0.3401639344262295,0.6031788417777365
type,Ciliated,type_Ciliated,Dnah12,31.869238,5.3063307,7.126939295208834e-223,3.5636869323390274e-221,0.28895184135977336,0.011664564943253467,0.2772872764165199
type,Ciliated,type_Ciliated,Fgd2,31.864637,5.227998,8.253672529343488e-223,4.1145435609046365e-221,0.2719546742209632,0.009457755359394703,0.2624969188615685
type,Ciliated,type_Ciliated,Dpcd,31.773067,3.862244,1.5250509503628042e-221,7.556604422024275e-220,0.9603399433427762,0.3797288776796974,0.5806110656630787
type,Ciliated,type_Ciliated,Chchd10,31.7633,4.409543,2.0804444349722749e-221,1.0277520836741048e-219,1.0,0.6636191677175284,0.3363808322824716
type,Ciliated,type_Ciliated,Ccdc114,31.746767,5.2241893,3.5187219434431775e-221,1.7330498076399867e-219,0.28895184135977336,0.01182219419924338,0.27712964716053
type,Ciliated,type_Ciliated,Wdr38,31.734165,6.2753544,5.251605719449492e-221,2.5787899821763807e-219,0.2096317280453258,0.0034678436317780582,0.20616388441354774
type,Ciliated,type_Ciliated,Serpinb12,31.6622,4.81161,5.1516242210395135e-220,2.5221429507244494e-218,0.3286118980169972,0.01733921815889029,0.3112726798581069
type,Ciliated,type_Ciliated,Mycbpap,31.560966,4.8520174,1.2681336313628776e-218,6.153449611829158e-217,0.3371104815864023,0.01907313997477932,0.31803734161162295
type,Ciliated,type_Ciliated,Dync2li1,31.466948,3.7340527,2.4616446192963626e-217,1.1909567374949748e-215,0.7847025495750708,0.16897856242118536,0.6157239871538854
type,Ciliated,type_Ciliated,Ccdc176,31.430347,4.646836,7.791172768144985e-217,3.7473027733239266e-215,0.34844192634560905,0.02096469104665826,0.3274772352989508
type,Ciliated,type_Ciliated,Gas8,31.42423,3.8805978,9.444639316237931e-217,4.529284486129191e-215,0.5552407932011332,0.06778058007566204,0.48746021312547116
type,Ciliated,type_Ciliated,Fam216a,31.032856,3.7793202,1.9435289072332175e-211,9.266226048701164e-210,0.6572237960339944,0.10734552332912989,0.5498782727048646
type,Ciliated,type_Ciliated,Cyp2s1,30.93689,3.652916,3.8133277144870684e-210,1.812822836095722e-208,0.7620396600566572,0.15368852459016394,0.6083511354664933
type,Ciliated,type_Ciliated,Wdr31,30.80449,4.3883038,2.2816598698591973e-208,1.0815463446693842e-206,0.37677053824362605,0.02742749054224464,0.3493430477013814
type,Ciliated,type_Ciliated,Ttr,30.741945,5.959997,1.566765924032695e-207,7.405339458230614e-206,0.33994334277620397,0.02191046658259773,0.31803287619360626
type,Ciliated,type_Ciliated,Iqck,30.722197,4.7518435,2.87659583260187e-207,1.3557197773133122e-205,0.32294617563739375,0.018442622950819672,0.3045035526865741
type,Ciliated,type_Ciliated,Dyx1c1,30.655788,5.9286976,2.2125867661434932e-206,1.0397889842842244e-204,0.2096317280453258,0.004413619167717529,0.20521810887760825
type,Ciliated,type_Ciliated,Cd24a,30.647896,3.9103298,2.8188791611641366e-206,1.3209267749215144e-204,1.0,0.6549495586380832,0.34505044136191676
type,Ciliated,type_Ciliated,Nudc,30.272121,3.4286382,2.669401053517474e-201,1.2402506141286144e-199,0.9688385269121813,0.4895964691046658,0.4792420578075155
type,Ciliated,type_Ciliated,1110004E09Rik,30.103142,3.5163827,4.407613011416228e-199,2.0363172112742972e-197,0.9121813031161473,0.3280264817150063,0.584154821401141
type,Ciliated,type_Ciliated,Ift88,29.943523,4.2758007,5.3428666527163276e-197,2.461470673348328e-195,0.39660056657223797,0.034205548549810845,0.36239501802242713
type,Ciliated,type_Ciliated,Fam213a,29.538473,3.5434175,9.235070064462399e-192,4.1840990090399947e-190,0.7705382436260623,0.18663303909205547,0.5839052045340067
type,Ciliated,type_Ciliated,Arhgap18,29.430664,4.429502,2.2259989325492736e-190,1.0029837498005668e-188,0.35127478753541075,0.02632408575031526,0.3249507017850955
type,Ciliated,type_Ciliated,Nat9,29.336063,3.585627,3.598441140590172e-189,1.6169324149813538e-187,0.7507082152974505,0.17717528373266078,0.5735329315647897
type,Ciliated,type_Ciliated,Galnt6,29.239016,5.1733975,6.19373017279629e-188,2.767939197930026e-186,0.24645892351274787,0.01008827238335435,0.2363706511293935
type,Ciliated,type_Ciliated,Rab36,29.080702,5.464071,6.297609732481605e-186,2.7915431681738055e-184,0.2237960339943343,0.007566204287515763,0.21622982970681853
type,Ciliated,type_Ciliated,Armc3,28.885988,5.602989,1.7906383052768363e-183,7.873527840441124e-182,0.22662889518413598,0.00819672131147541,0.21843217387266056
type,Ciliated,type_Ciliated,B9d1,28.85324,3.396763,4.614204758271635e-183,2.0234644984067671e-181,0.830028328611898,0.24495586380832282,0.5850724648035752
type,Ciliated,type_Ciliated,Supt20,28.775322,3.6305661,4.368325080013336e-182,1.9105306569946325e-180,0.56657223796034,0.08779949558638084,0.4787727423739591
type,Ciliated,type_Ciliated,March4,28.71345,5.1766706,2.59205886523414e-181,1.1246655409710351e-179,0.21813031161473087,0.007250945775535939,0.21087936583919492
type,Ciliated,type_Ciliated,Map1b,28.711636,4.5795937,2.730722192402493e-181,1.1817038173507464e-179,0.3087818696883853,0.020334174022698614,0.2884476956656867
type,Ciliated,type_Ciliated,Cystm1,28.587772,3.2639706,9.534860356024945e-180,4.115295913135925e-178,0.9575070821529745,0.49495586380832285,0.4625512183446517
type,Ciliated,type_Ciliated,Sec14l3,28.574259,3.376535,1.4036825685175937e-179,6.0424666158155e-178,0.9348441926345609,0.44388398486759145,0.4909602077669694
type,Ciliated,type_Ciliated,Dusp14,28.571466,3.32823,1.5203453315872594e-179,6.527535021822682e-178,0.8016997167138811,0.21201134930643128,0.5896883674074498
type,Ciliated,type_Ciliated,Dnajc15,28.513779,3.434305,7.905316066205131e-179,3.3852503603611057e-177,0.8158640226628895,0.24432534678436318,0.5715386758785264
type,Ciliated,type_Ciliated,Morn1,28.497656,4.371259,1.2524312569787907e-178,5.349251313986757e-177,0.3314447592067989,0.024905422446406054,0.30653933676039286
type,Ciliated,type_Ciliated,Lgals3bp,28.417307,3.5764787,1.2359855665688603e-177,5.2652985135833456e-176,0.8413597733711048,0.29508196721311475,0.54627780615799
type,Ciliated,type_Ciliated,Ift74,28.322786,3.6264734,1.811520051536336e-176,7.697082996178095e-175,0.5524079320113314,0.08590794451450189,0.4664999874968295
type,Ciliated,type_Ciliated,Ccdc103,28.280354,5.088469,6.028908047488171e-176,2.555041883381227e-174,0.24645892351274787,0.011506935687263556,0.23495198782548432
type,Ciliated,type_Ciliated,BC022687,28.024786,3.5712643,8.107217824322365e-173,3.426971122080183e-171,0.5014164305949008,0.0685687263556116,0.4328477042392892
type,Ciliated,type_Ciliated,Ankrd37,27.894882,3.9696639,3.0781524455890215e-171,1.29448149384886e-169,0.4192634560906516,0.046815889029003785,0.3724475670616478
type,Ciliated,type_Ciliated,Ift27,27.76309,3.40992,1.2110383216932986e-169,5.066897835227498e-168,0.7535410764872521,0.20066204287515763,0.5528790336120945
type,Ciliated,type_Ciliated,Wdr34,27.641516,3.4248033,3.529532287574469e-168,1.472973512684704e-166,0.5325779036827195,0.08086380832282472,0.4517140953598948
type,Ciliated,type_Ciliated,Lrrc56,27.510284,4.552507,1.3226036205950276e-166,5.491651134526341e-165,0.26912181303116145,0.016078184110970995,0.25304362892019044
type,Ciliated,type_Ciliated,Ifi35,27.508322,3.2601948,1.396019427978207e-166,5.781847130876407e-165,0.8951841359773371,0.3745271122320303,0.5206570237453069
type,Ciliated,type_Ciliated,Pkig,27.368279,3.1726196,6.545062345387564e-165,2.6971248122286794e-163,0.8158640226628895,0.2512610340479193,0.5646029886149702
type,Ciliated,type_Ciliated,Cfap20,27.303465,3.1150806,3.858314874537818e-164,1.5859704826389662e-162,0.8838526912181303,0.34883354350567464,0.5350191477124556
type,Ciliated,type_Ciliated,Ift46,27.160746,3.3836286,1.8904453696412403e-162,7.693596651981634e-161,0.5920679886685553,0.11049810844892811,0.48156988021962716
type,Ciliated,type_Ciliated,Cetn2,27.003836,3.149917,1.3322876530464179e-160,5.35560044059174e-159,0.8470254957507082,0.3026481715006305,0.5443773242500777
type,Ciliated,type_Ciliated,Ribc1,26.871386,4.5197053,4.745022622543148e-159,1.902765673162107e-157,0.2521246458923513,0.014501891551071878,0.2376227543412794
type,Ciliated,type_Ciliated,Lrrc73,26.857275,4.293151,6.935889558826742e-159,2.7677743224894744e-157,0.2747875354107649,0.01812736443883985,0.25666017097192506
type,Ciliated,type_Ciliated,Dync2h1,26.81274,4.287628,2.295286917619817e-158,9.137136100942384e-157,0.3059490084985836,0.024274905422446407,0.28167410307613716
type,Ciliated,type_Ciliated,Klhdc9,26.624378,4.9565506,3.544785596946417e-156,1.407700449770416e-154,0.23229461756373937,0.012137452711223204,0.22015716485251616
type,Ciliated,type_Ciliated,1700037C18Rik,26.595009,3.6176279,7.753068086740777e-156,3.064049872063506e-154,0.46742209631728043,0.06762295081967214,0.3997991454976083
type,Ciliated,type_Ciliated,Ropn1l,26.43692,4.3535666,5.1591022832287695e-154,2.0146294416008346e-152,0.32011331444759206,0.028688524590163935,0.29142478985742815
type,Ciliated,type_Ciliated,Serpine2,26.421612,3.7517617,7.736381034078721e-154,3.013880886934088e-152,0.35694050991501414,0.03562421185372005,0.3213162980612941
type,Ciliated,type_Ciliated,Ddo,26.407438,5.0449843,1.1255544951232992e-153,4.374459543724462e-152,0.21246458923512748,0.009615384615384616,0.20284920461974287
type,Ciliated,type_Ciliated,Ruvbl2,26.38114,3.1686003,2.2554706542038177e-153,8.745147564916505e-152,0.7450424929178471,0.21185372005044137,0.5331887728674057
type,Ciliated,type_Ciliated,Arl6,26.28349,3.2276192,2.9619675065141786e-152,1.1457365347721473e-150,0.6487252124645893,0.14691046658259774,0.5018147458819915
type,Ciliated,type_Ciliated,Bphl,26.26933,2.9394393,4.299394507172193e-152,1.6591616308736738e-150,0.9065155807365439,0.46169609079445145,0.44481948994209247
type,Ciliated,type_Ciliated,Ruvbl1,26.22519,3.2095582,1.3717906490304284e-151,5.256714587557957e-150,0.5835694050991501,0.11238965952080707,0.4711797455783431
type,Ciliated,type_Ciliated,Mrps17,26.080046,3.012716,6.140723593123411e-150,2.3259586062544355e-148,0.8611898016997167,0.3469419924337957,0.5142478092659211
type,Ciliated,type_Ciliated,Wdr60,25.95352,3.8179483,1.659375239426001e-148,6.270832558024387e-147,0.3626062322946176,0.03940731399747793,0.32319891829713965
type,Ciliated,type_Ciliated,Phtf1,25.875616,3.714687,1.2531854706619317e-147,4.7249413573164005e-146,0.37677053824362605,0.04319041614123581,0.33358012210239024
type,Ciliated,type_Ciliated,Adig,25.740526,4.150211,4.115320377472124e-146,1.5480589337367042e-144,0.31444759206798867,0.02916141235813367,0.285286179709855
type,Ciliated,type_Ciliated,Dyrk3,25.737108,3.8965096,4.494425162260334e-146,1.686797873826813e-144,0.37677053824362605,0.044451450189155105,0.33231908805447097
type,Ciliated,type_Ciliated,Swi5,25.719282,2.2021956,7.11459759065645e-146,2.664075686857453e-144,0.9830028328611898,0.7719104665825978,0.21109236627859207
type,Ciliated,type_Ciliated,Cfap36,25.626318,3.1233213,7.766707446557886e-145,2.8884754836960523e-143,0.6997167138810199,0.18899747793190416,0.5107192359491157
type,Ciliated,type_Ciliated,Ift81,25.467289,3.542075,4.542741785347863e-143,1.6780519824659977e-141,0.43059490084985835,0.06100252206809584,0.36959237878176254
type,Ciliated,type_Ciliated,Slc9a3r1,25.457443,2.7654898,5.839235666032062e-143,2.1521191945750975e-141,0.8980169971671388,0.43521437578814626,0.46280262137899253
type,Ciliated,type_Ciliated,1110032A03Rik,25.23512,3.1344745,1.649819465305637e-140,6.053397997869744e-139,0.6968838526912181,0.1937263556116015,0.5031574970796167
type,Ciliated,type_Ciliated,Dnaja4,25.207556,2.8983707,3.3100573577733104e-140,1.2117913108223228e-138,0.8215297450424929,0.2920870113493064,0.5294427336931864
type,Ciliated,type_Ciliated,Klk11,25.152592,4.0611763,1.323853926629126e-139,4.83575239435285e-138,0.29461756373937675,0.02632408575031526,0.2682934779890615
type,Ciliated,type_Ciliated,Gga1,25.049105,3.0817304,1.7855288263661834e-138,6.47886245159995e-137,0.7025495750708215,0.20365699873896595,0.4988925763318556
type,Ciliated,type_Ciliated,Gde1,24.914185,2.555592,5.222733867242395e-137,1.8867413690890423e-135,0.9291784702549575,0.5652585119798235,0.363919958275134
type,Ciliated,type_Ciliated,Tmc5,24.883265,3.919913,1.1292545460918471e-136,4.043865460797464e-135,0.3909348441926346,0.054382093316519546,0.336552750876115
type,Ciliated,type_Ciliated,Arl3,24.790348,2.714486,1.1393069354752388e-135,4.053313025754749e-134,0.8810198300283286,0.3907629255989912,0.49025690442933745
type,Ciliated,type_Ciliated,Setd4,24.418566,4.081135,1.0861550278693664e-131,3.8227529210483864e-130,0.3087818696883853,0.03215636822194199,0.27662550146644327
type,Ciliated,type_Ciliated,Dnaaf5,24.258144,3.9733338,5.425156463814008e-130,1.8971853126442124e-128,0.26062322946175637,0.021279949558638083,0.2393432799031183
type,Ciliated,type_Ciliated,Hspa4l,24.210127,3.1717029,1.7403521703296504e-129,6.060194468275286e-128,0.5722379603399433,0.12815258511979824,0.44408537522014513
type,Ciliated,type_Ciliated,Ccdc157,24.206299,4.406913,1.9096125041106656e-129,6.6354988728642e-128,0.24079320113314448,0.017969735182849937,0.22282346595029454
type,Ciliated,type_Ciliated,Fbxo16,24.175209,4.48039,4.056429361969636e-129,1.4035759064486076e-127,0.2237960339943343,0.014974779319041615,0.20882125467529267
type,Ciliated,type_Ciliated,Galk1,24.166245,3.0122173,5.039613839770682e-129,1.7400990860227148e-127,0.6713881019830028,0.19514501891551073,0.4762430830674921
type,Ciliated,type_Ciliated,Lztfl1,24.099943,3.123815,2.503118476577773e-128,8.606634409717412e-127,0.5694050991501416,0.1289407313997478,0.44046436775039377
type,Ciliated,type_Ciliated,Tctex1d2,24.071072,3.113542,5.023500132515073e-128,1.7236490726648475e-126,0.5750708215297451,0.13240857503152584,0.4426622464982193
type,Ciliated,type_Ciliated,Fam161a,24.024591,3.1695397,1.5391556654324659e-127,5.2591025143245573e-126,0.46458923512747874,0.07912988650693568,0.38545934862054304
type,Ciliated,type_Ciliated,Tmem158,24.009188,2.8478208,2.2295257538551793e-127,7.570693972873456e-126,0.7563739376770539,0.239281210592686,0.5170927270843678
type,Ciliated,type_Ciliated,Usp2,23.96546,3.2818732,6.3761000314278925e-127,2.1561735384628632e-125,0.48158640226628896,0.08858764186633039,0.39299876039995857
type,Ciliated,type_Ciliated,Lrrc45,23.903837,3.3854294,2.793853763808488e-126,9.409034000045793e-125,0.41076487252124644,0.06273644388398487,0.3480284286372616
type,Ciliated,type_Ciliated,Hsp90aa1,23.821838,2.3579624,1.9837389363479463e-125,6.667070142426776e-124,0.9773371104815864,0.7397540983606558,0.2375830121209307
type,Ciliated,type_Ciliated,Cyfip2,23.77915,3.7748091,5.489320914206825e-125,1.8373541288552275e-123,0.39943342776203966,0.06273644388398487,0.3366969838780548
type,Ciliated,type_Ciliated,Aldh1a1,23.773705,2.2743773,6.249361968472908e-125,2.08749054266648e-123,0.9943342776203966,0.7797919293820933,0.21454234823830332
type,Ciliated,type_Ciliated,Mipep,23.411903,3.3099773,3.2327221420242774e-121,1.0582809551165703e-119,0.40509915014164305,0.06320933165195461,0.34188981848968847
type,Ciliated,type_Ciliated,Flt3l,23.36679,3.8264806,9.303811803968017e-121,3.0396776373880365e-119,0.32294617563739375,0.03940731399747793,0.2835388616399158
type,Ciliated,type_Ciliated,Arc,23.211693,3.020526,3.469500494718819e-119,1.1267975765125415e-117,0.6175637393767706,0.1585750315258512,0.4589887078509194
type,Ciliated,type_Ciliated,Rogdi,23.209793,2.9455748,3.626048643698949e-119,1.1753127234250289e-117,0.6203966005665722,0.1694514501891551,0.4509451503774171
type,Ciliated,type_Ciliated,Dnal1,23.167284,4.091686,9.735083978750969e-119,3.1430140223522566e-117,0.24079320113314448,0.0201765447667087,0.2206166563664358
type,Ciliated,type_Ciliated,Nudt4,23.072512,2.5934513,8.743694641019908e-118,2.8118693295562257e-116,0.8215297450424929,0.3389029003783102,0.48262684466418265
type,Ciliated,type_Ciliated,Acot13,22.95443,2.7016726,1.3307483707622447e-116,4.26281328688898e-115,0.7677053824362606,0.296343001261034,0.4713623811752266
type,Ciliated,type_Ciliated,Cyb561,22.899923,2.741737,4.6542620069202395e-116,1.4822242946698806e-114,0.7365439093484419,0.2645018915510719,0.47204201779737004
type,Ciliated,type_Ciliated,Abhd3,22.874615,3.850184,8.315747802028071e-116,2.6380382920901814e-114,0.29461756373937675,0.03373266078184111,0.26088490295753564
type,Ciliated,type_Ciliated,Etnk1,22.797327,3.397299,4.873889344361975e-115,1.5342928817059644e-113,0.43342776203966005,0.07991803278688525,0.3535097292527748
type,Ciliated,type_Ciliated,B9d2,22.701496,2.954937,4.33009426180194e-114,1.3578943783520767e-112,0.5325779036827195,0.1210592686002522,0.41151863508246733
type,Ciliated,type_Ciliated,Fam149a,22.692917,3.9524486,5.262819449738397e-114,1.6472424006709818e-112,0.254957507082153,0.024432534678436316,0.23052497240371667
type,Ciliated,type_Ciliated,Rab23,22.560614,3.8400557,1.0564785858074712e-112,3.2754830407993073e-111,0.2577903682719547,0.025220680958385876,0.2325696873135688
type,Ciliated,type_Ciliated,Sptlc3,22.477629,3.2996728,6.871412806040067e-112,2.1223736616170086e-110,0.38526912181303113,0.06194829760403531,0.3233208242089958
type,Ciliated,type_Ciliated,Eml2,22.410244,2.84141,3.1272054127878767e-111,9.586784294417563e-110,0.6147308781869688,0.17102774274905422,0.4437031354379146
type,Ciliated,type_Ciliated,Arhgap39,22.37082,3.8603354,7.573226893704968e-111,2.313007342339948e-109,0.26345609065155806,0.027269861286254728,0.23618622936530334
type,Ciliated,type_Ciliated,Clic6,22.317453,2.7619777,2.501384236515697e-110,7.625502390909657e-109,0.6685552407932012,0.22383354350567466,0.44472169728752653
type,Ciliated,type_Ciliated,2010300C02Rik,22.3014,3.2904124,3.581222102822588e-110,1.0897147255731588e-108,0.43909348441926344,0.08653846153846154,0.35255502288080187
type,Ciliated,type_Ciliated,Med31,22.259726,2.6412475,9.080012017707135e-110,2.7578014278224946e-108,0.6997167138810199,0.22919293820933165,0.47052377567168824
type,Ciliated,type_Ciliated,Hacd1,22.111433,3.5945902,2.4535664977942564e-108,7.356662546677075e-107,0.2747875354107649,0.030422446406052964,0.24436508900471193
type,Ciliated,type_Ciliated,Ramp1,22.097038,2.679951,3.374976652025433e-108,1.0100910961654951e-106,0.7620396600566572,0.31636191677175285,0.4456777432849044
type,Ciliated,type_Ciliated,Mcee,22.089346,2.5698152,4.001418360118957e-108,1.1953964029929147e-106,0.7875354107648725,0.3485182849936948,0.43901712577117774
type,Ciliated,type_Ciliated,Metrn,22.072222,3.9790275,5.8448602664895015e-108,1.7366223411357666e-106,0.23796033994334279,0.022383354350567465,0.21557698559277533
type,Ciliated,type_Ciliated,AI467606,22.039366,3.7242098,1.2082009007385664e-107,3.5768416918796445e-106,0.28611898016997167,0.034205548549810845,0.25191343162016083
type,Ciliated,type_Ciliated,Hipk1,21.9884,2.8281765,3.718723914337607e-107,1.094987269641851e-105,0.5580736543909348,0.1424968474148802,0.4155768069760546
type,Ciliated,type_Ciliated,Rfk,21.845226,2.2280927,8.629564887095447e-106,2.5183895678514666e-104,0.8781869688385269,0.4744640605296343,0.40372290830889257
type,Ciliated,type_Ciliated,Dpy30,21.835598,2.308587,1.0654110841113006e-105,3.103695770960824e-104,0.8838526912181303,0.4834489281210593,0.400403763097071
type,Ciliated,type_Ciliated,Lca5,21.808783,3.8943717,1.9150829777838254e-105,5.569020552949029e-104,0.22946175637393768,0.02096469104665826,0.2084970653272794
type,Ciliated,type_Ciliated,Irak1bp1,21.775505,2.9666514,3.96089465734071e-105,1.147749704506095e-103,0.39660056657223797,0.0673076923076923,0.3292928742645457
type,Ciliated,type_Ciliated,Cib1,21.717943,2.0780106,1.3885956749720487e-104,4.0095700114817904e-103,0.9093484419263456,0.599936948297604,0.30941149362874154
type,Ciliated,type_Ciliated,Tbcel,21.657475,3.1385355,5.167984302307339e-104,1.4870194831954855e-102,0.43342776203966005,0.08622320302648172,0.3472045590131783
type,Ciliated,type_Ciliated,Oaz2,21.55943,2.4835505,4.3189564001367793e-103,1.22977784580978e-101,0.7337110481586402,0.28294451450189156,0.4507665336567486
type,Ciliated,type_Ciliated,PISD,21.494604,3.1830099,1.7488289309612346e-102,4.9538071324171345e-101,0.3597733711048159,0.057692307692307696,0.3020810634125082
type,Ciliated,type_Ciliated,Cep19,21.476309,3.0686004,2.5931167060379154e-102,7.332708119953078e-101,0.3881019830028329,0.06809583858764187,0.32000614441519104
type,Ciliated,type_Ciliated,Enkd1,21.454,3.5911694,4.1902571059625916e-102,1.1788062915075893e-100,0.26912181303116145,0.03121059268600252,0.23791122034515894
type,Ciliated,type_Ciliated,Hspa2,21.428152,2.5687742,7.301977811704963e-102,2.05068044674269e-100,0.6373937677053825,0.18600252206809584,0.4513912456372866
type,Ciliated,type_Ciliated,Rfc2,21.227024,2.6255388,5.376057823764047e-100,1.5020907047283496e-98,0.6147308781869688,0.18600252206809584,0.42872835611887294
type,Ciliated,type_Ciliated,Tcea3,21.001163,2.6491833,6.399929962529016e-98,1.7670917729871782e-96,0.6458923512747875,0.22477931904161413,0.42111303223317337
type,Ciliated,type_Ciliated,Atp6v0e2,20.984146,3.0865896,9.155337992631736e-98,2.5236419902042538e-96,0.4192634560906516,0.08638083228247162,0.33288262380817996
type,Ciliated,type_Ciliated,Dynlt1f,20.981087,2.4318774,9.763833610984862e-98,2.686856292848368e-96,0.7308781869688386,0.2972887767969735,0.43358941017186503
type,Ciliated,type_Ciliated,Odc1,20.944536,2.8700664,2.1044098859510114e-97,5.77164323402718e-96,0.48158640226628896,0.11443883984867591,0.36714756241761304
type,Ciliated,type_Ciliated,Tusc3,20.917707,2.4757717,3.6945219445853334e-97,1.0082172115331789e-95,0.7308781869688386,0.3064312736443884,0.42444691332445017
type,Ciliated,type_Ciliated,Dalrd3,20.910225,2.6213644,4.321934035892187e-97,1.1774757495459762e-95,0.660056657223796,0.2353404791929382,0.4247161780308578
type,Ciliated,type_Ciliated,Iffo2,20.850018,2.8535933,1.5236688317354402e-96,4.130527687486439e-95,0.5694050991501416,0.16834804539722573,0.4010570537529159
type,Ciliated,type_Ciliated,Ndufaf3,20.845835,2.4407065,1.662850924578089e-96,4.500399012212086e-95,0.7195467422096318,0.2837326607818411,0.43581408142779066
type,Ciliated,type_Ciliated,Ahsa1,20.594688,2.2510087,3.062460047841849e-94,8.220524917292006e-93,0.7988668555240793,0.3748423707440101,0.4240244847800692
type,Ciliated,type_Ciliated,Fam134b,20.56956,2.8109438,5.143216911207312e-94,1.3760832065368863e-92,0.4985835694050991,0.12673392181588902,0.37184964758921013
type,Ciliated,type_Ciliated,2610015P09Rik,20.509384,3.0295396,1.7752703625418738e-93,4.742053618249067e-92,0.36827195467422097,0.06620428751576292,0.30206766715845806
type,Ciliated,type_Ciliated,Odf2,20.283669,3.1520324,1.7925415034424593e-91,4.757196310349479e-90,0.3314447592067989,0.05485498108448928,0.2765897781223096
type,Ciliated,type_Ciliated,Mapre3,20.257582,2.538918,3.045605742633757e-91,8.056609642731652e-90,0.5580736543909348,0.15699873896595207,0.40107491542498275
type,Ciliated,type_Ciliated,Ttc30b,20.25405,3.7219105,3.2720167484860425e-91,8.641601721726181e-90,0.22662889518413598,0.02459016393442623,0.20203873124970975
type,Ciliated,type_Ciliated,Kif3a,20.218151,3.0754087,6.777645591369759e-91,1.7842723169190276e-89,0.32577903682719545,0.05249054224464061,0.27328849458255483
type,Ciliated,type_Ciliated,Cyp2b10,20.131678,2.2970147,3.895861822624018e-90,1.0223364760457042e-88,0.830028328611898,0.43474148802017654,0.3952868405917215
type,Ciliated,type_Ciliated,Usp18,20.086452,2.4174852,9.694649963738821e-90,2.535916332620102e-88,0.6657223796033994,0.2323455233291299,0.43337685627426953
type,Ciliated,type_Ciliated,Psmd9,20.031752,2.479769,2.9123180970848756e-89,7.58173477941096e-88,0.6402266288951841,0.22540983606557377,0.41481679282961037
type,Ciliated,type_Ciliated,Smim22,20.007431,2.094857,4.744703203420551e-89,1.2332468659160136e-87,0.8385269121813032,0.47320302648171503,0.3653238856995881
type,Ciliated,type_Ciliated,Lsm14b,19.942335,3.2371016,1.7471843838060814e-88,4.519806163849139e-87,0.311614730878187,0.050283732660781844,0.26133099821740513
type,Ciliated,type_Ciliated,Pla2g16,19.93503,2.379115,2.0218443840642804e-88,5.2220897233131125e-87,0.71671388101983,0.3133669609079445,0.4033469201118855
type,Ciliated,type_Ciliated,Wdr35,19.892189,3.3863306,4.755419434610131e-88,1.224389861021048e-86,0.2747875354107649,0.03861916771752837,0.23616836769323651
type,Ciliated,type_Ciliated,Lpcat4,19.849106,2.9161704,1.1217764428629896e-87,2.8837390970839958e-86,0.40509915014164305,0.08685372005044137,0.31824543009120165
type,Ciliated,type_Ciliated,Nupr1,19.826796,2.5618877,1.748273255602178e-87,4.480223385176769e-86,0.9603399433427762,0.6049810844892812,0.35535885885349494
type,Ciliated,type_Ciliated,Dnajb2,19.756958,2.58633,6.989275230739079e-87,1.7855312003014273e-85,0.5552407932011332,0.16897856242118536,0.3862622307799478
type,Ciliated,type_Ciliated,Bbs5,19.633257,3.101766,8.039133736193875e-86,2.0378644885211088e-84,0.3031161473087819,0.04807692307692308,0.2550392242318588
type,Ciliated,type_Ciliated,Calm3,19.568584,2.3867292,2.8652586873730426e-85,7.218603338188214e-84,0.7053824362606232,0.3076923076923077,0.39769012856831554
type,Ciliated,type_Ciliated,B230118H07Rik,19.501122,2.706786,1.074023054318239e-84,2.6811342639076773e-83,0.49291784702549574,0.13477301387137453,0.3581448331541212
type,Ciliated,type_Ciliated,Morn2,19.418623,2.5184195,5.371039720458636e-84,1.3387602196845303e-82,0.5892351274787535,0.200031525851198,0.3892036016275555
type,Ciliated,type_Ciliated,Gipc2,19.343008,2.2193844,2.3345392777402797e-83,5.775079742717696e-82,0.7450424929178471,0.3762610340479193,0.3687814588699278
type,Ciliated,type_Ciliated,Cmtm8,19.326965,2.0372972,3.18611921968975e-83,7.857976138666405e-82,0.8356940509915014,0.4974779319041614,0.33821611908734
type,Ciliated,type_Ciliated,Cspp1,19.250732,2.923137,1.3918156275095002e-82,3.4070400159378076e-81,0.3597733711048159,0.07187894073139975,0.2878944303734161
type,Ciliated,type_Ciliated,St3gal6,19.148014,3.4108489,1.0054962250671935e-81,2.4467572088022314e-80,0.2776203966005666,0.04366330390920555,0.23395709269136103
type,Ciliated,type_Ciliated,Sqle,19.123959,3.1531415,1.5952683342332784e-81,3.876147548112593e-80,0.32011331444759206,0.05832282471626734,0.26179048973132474
type,Ciliated,type_Ciliated,Synj1,19.105772,3.187464,2.26058965171765e-81,5.484605159441003e-80,0.26912181303116145,0.03988020176544767,0.2292416112657138
type,Ciliated,type_Ciliated,Znhit1,19.10394,2.0135915,2.341379644188165e-81,5.672225634317592e-80,0.8215297450424929,0.4796658259773014,0.3418639190651915
type,Ciliated,type_Ciliated,Lrwd1,19.08152,2.852849,3.5964490445785355e-81,8.636216805290272e-80,0.32294617563739375,0.056904161412358135,0.2660420142250356
type,Ciliated,type_Ciliated,Gns,19.042149,2.804077,7.633221390502722e-81,1.8276272120530675e-79,0.43626062322946174,0.11097099621689786,0.32528962701256386
type,Ciliated,type_Ciliated,Stx19,18.954538,3.5612216,4.050878388520291e-80,9.628761804365405e-79,0.26062322946175637,0.03909205548549811,0.22153117397625827
type,Ciliated,type_Ciliated,Ogg1,18.937891,2.8100722,5.5578238733809116e-80,1.3191587459814808e-78,0.35694050991501414,0.07172131147540983,0.2852191984396043
type,Ciliated,type_Ciliated,Fam229b,18.91881,3.337152,7.983547912657614e-80,1.892170076813548e-78,0.2521246458923513,0.035781841109709965,0.2163428047826413
type,Ciliated,type_Ciliated,Adck4,18.910563,2.5769465,9.335543198195486e-80,2.206228299619657e-78,0.47592067988668557,0.130359394703657,0.34556128518302853
type,Ciliated,type_Ciliated,Gm5617,18.890892,2.6003826,1.3553370432852018e-79,3.1938050067414646e-78,0.5410764872521246,0.17638713745271123,0.3646893497994134
type,Ciliated,type_Ciliated,Gpd1,18.856346,3.4447927,2.606219562092924e-79,6.132655242164426e-78,0.29178470254957506,0.05044136191677175,0.2413433406328033
type,Ciliated,type_Ciliated,Arap1,18.758375,3.0972774,1.6537873567598421e-78,3.863784392908571e-77,0.3059490084985836,0.05469735182849937,0.2512516566700842
type,Ciliated,type_Ciliated,Grb14,18.721134,3.3885007,3.3298740160295396e-78,7.757565871718818e-77,0.23796033994334279,0.032471626733921816,0.20548871320942097
type,Ciliated,type_Ciliated,Cxcl17,18.71966,2.2320185,3.4232722060131912e-78,7.963842191606007e-77,0.9121813031161473,0.549968474148802,0.3622128289673453
type,Ciliated,type_Ciliated,Mt1,18.70128,2.0385985,4.833062701165703e-78,1.1211748424585389e-76,0.9631728045325779,0.7473203026481715,0.2158525018844064
type,Ciliated,type_Ciliated,Gch1,18.580265,2.6701887,4.642078714308497e-77,1.0738326233197978e-75,0.43059490084985835,0.11065573770491803,0.3199391631449403
type,Ciliated,type_Ciliated,Ephx4,18.558073,3.0126715,7.017804747282247e-77,1.618832850354095e-75,0.2577903682719547,0.03814627994955864,0.21964408832239604
type,Ciliated,type_Ciliated,Cdc14a,18.537998,2.456958,1.0194611181486855e-76,2.348340140274802e-75,0.5212464589235127,0.15699873896595207,0.36424771995756067
type,Ciliated,type_Ciliated,Zc2hc1a,18.458853,2.3904798,4.426417743419363e-76,1.0111097132287043e-74,0.5495750708215298,0.17528373266078184,0.37429133816074794
type,Ciliated,type_Ciliated,Cluap1,18.43257,2.6120155,7.198069792391142e-76,1.6396603147917657e-74,0.41359773371104813,0.10056746532156369,0.31303026838948445
type,Ciliated,type_Ciliated,B4galt4,18.3719,2.5711694,2.2054845844215459e-75,5.003063992959581e-74,0.49291784702549574,0.15116645649432534,0.34175139053117043
type,Ciliated,type_Ciliated,Tmem138,18.36688,2.7589407,2.4192492965395604e-75,5.4804016177548795e-74,0.34844192634560905,0.07172131147540983,0.2767206148701992
type,Ciliated,type_Ciliated,Cry2,18.234089,3.004141,2.7682597746192114e-74,6.202490240919356e-73,0.32294617563739375,0.06431273644388398,0.2586334391935098
type,Ciliated,type_Ciliated,Bola1,18.22594,2.3517542,3.213064746607318e-74,7.189287163588897e-73,0.6430594900849859,0.2760088272383354,0.36705066284665044
type,Ciliated,type_Ciliated,Ldhb,18.205107,2.486356,4.701443163916918e-74,1.0505227429346234e-72,0.6005665722379604,0.2323455233291299,0.3682210489088305
type,Ciliated,type_Ciliated,Igfbp5,18.164291,2.0798662,9.89763405769678e-74,2.2055855459277837e-72,0.8045325779036827,0.44199243379571246,0.36254014410797025
type,Ciliated,type_Ciliated,Slc23a2,18.101059,2.409651,3.12596491965039e-73,6.947012282816538e-72,0.5382436260623229,0.17528373266078184,0.36295989340154106
type,Ciliated,type_Ciliated,Bcl9,18.073477,3.049309,5.156000726121987e-73,1.1442972653467755e-71,0.29461756373937675,0.0537515762925599,0.24086598744681686
type,Ciliated,type_Ciliated,Wdpcp,18.02045,2.7433674,1.3464063735334403e-72,2.9720606907566564e-71,0.3371104815864023,0.06951450189155108,0.2675959796948512
type,Ciliated,type_Ciliated,Ccdc34,17.869797,2.451239,2.027289244943466e-71,4.433276120842371e-70,0.5325779036827195,0.17953972257250947,0.35303818111021
type,Ciliated,type_Ciliated,4930402H24Rik,17.848585,3.0276828,2.964505638862852e-71,6.456953118590922e-70,0.26345609065155806,0.043348045397225726,0.22010804525433234
type,Ciliated,type_Ciliated,Myh14,17.720419,2.032489,2.9172877288195715e-70,6.320533162532337e-69,0.7535410764872521,0.39501891551071877,0.35852216097653333
type,Ciliated,type_Ciliated,Cdpf1,17.70758,2.140731,3.664873802132731e-70,7.919314259391163e-69,0.6742209631728046,0.29035308953341743,0.3838678736393871
type,Ciliated,type_Ciliated,Pttg1,17.682188,2.1332955,5.751911929349852e-70,1.2412777309640385e-68,0.6798866855524079,0.3166771752837327,0.36320951026867526
type,Ciliated,type_Ciliated,Nphp1,17.623634,2.4516456,1.6224079846035625e-69,3.4920096267038094e-68,0.45042492917847027,0.12799495586380832,0.32242997331466194
type,Ciliated,type_Ciliated,Smyd3,17.568064,2.8245885,4.326833187515127e-69,9.276390994566746e-68,0.32294617563739375,0.06762295081967214,0.25532322481772163
type,Ciliated,type_Ciliated,Nme7,17.504782,2.656389,1.3173052550505285e-68,2.8022209452767466e-67,0.34560906515580736,0.0766078184110971,0.26900124674471027
type,Ciliated,type_Ciliated,Pcnxl4,17.322853,2.977499,3.1628170483740914e-67,6.633422303118091e-66,0.2719546742209632,0.04933795712484237,0.22261671709612083
type,Ciliated,type_Ciliated,Dnaaf2,17.282682,2.8341749,6.352317428599372e-67,1.3271892757510612e-65,0.26062322946175637,0.044451450189155105,0.21617177927260126
type,Ciliated,type_Ciliated,Actn1,17.270502,2.2432992,7.8458032484324e-67,1.6371376472969439e-65,0.546742209631728,0.19451450189155106,0.352227707740177
type,Ciliated,type_Ciliated,Akap9,17.22795,2.3365831,1.638573338568108e-66,3.4018026994753847e-65,0.5042492917847026,0.16456494325346785,0.33968434853123475
type,Ciliated,type_Ciliated,Fam84b,17.224474,2.6188312,1.7399997300414687e-66,3.6078047499886383e-65,0.38243626062322944,0.09788776796973518,0.28454849265349424
type,Ciliated,type_Ciliated,Prom1,17.216406,2.6905262,2.0003270630085773e-66,4.131909843879556e-65,0.3909348441926346,0.10529634300126103,0.2856385011913736
type,Ciliated,type_Ciliated,Casp6,17.208721,2.0311694,2.2842206845434894e-66,4.706470282311278e-65,0.6827195467422096,0.30580075662042877,0.3769187901217808
type,Ciliated,type_Ciliated,Mst1,17.171738,2.8079543,4.322777292045828e-66,8.873325452671291e-65,0.26628895184135976,0.046973518284993694,0.21931543355636607
type,Ciliated,type_Ciliated,Pdxk,17.129747,2.615599,8.904172794695648e-66,1.8254667250725413e-64,0.3909348441926346,0.10372005044136191,0.2872147937512727
type,Ciliated,type_Ciliated,Dhcr24,17.127033,2.7872472,9.329324183121348e-66,1.9102402737499777e-64,0.31444759206798867,0.0671500630517024,0.24729752901628627
type,Ciliated,type_Ciliated,Got1,17.087723,2.8454323,1.8319010440812986e-65,3.736941420892709e-64,0.29178470254957506,0.05816519546027743,0.23361950708929763
type,Ciliated,type_Ciliated,Akip1,17.066343,2.0916138,2.6423782930684676e-65,5.370216404537291e-64,0.6458923512747875,0.28988020176544765,0.35601214950933985
type,Ciliated,type_Ciliated,Kremen1,17.035175,2.711167,4.503923203768155e-65,9.130883122991533e-64,0.3314447592067989,0.07440100882723834,0.25704375037956056
type,Ciliated,type_Ciliated,Stip1,16.97085,2.1062515,1.3496617487246515e-64,2.72944541810518e-63,0.6090651558073654,0.2504728877679697,0.3585922680393957
type,Ciliated,type_Ciliated,Plxnb2,16.955256,2.1939688,1.7599410943616952e-64,3.5547775724909067e-63,0.6288951841359773,0.28262925598991173,0.3462659281460656
type,Ciliated,type_Ciliated,BC005624,16.945854,2.0898805,2.0650965929343745e-64,4.1660085142332934e-63,0.6203966005665722,0.2581967213114754,0.3621998792550968
type,Ciliated,type_Ciliated,Rph3al,16.819496,2.7533512,1.756443313870967e-63,3.5173903285467314e-62,0.2804532577903683,0.054539722572509455,0.22591353521785884
type,Ciliated,type_Ciliated,Sco2,16.684977,2.4479325,1.685716507139678e-62,3.3471472679900554e-61,0.36827195467422097,0.0926860025220681,0.27558595215215287
type,Ciliated,type_Ciliated,Atp2a2,16.555552,2.0577607,1.459953110605904e-61,2.8745127211341454e-60,0.6713881019830028,0.33622320302648173,0.3351648989565211
type,Ciliated,type_Ciliated,Rilpl2,16.553488,2.1625493,1.5108863800382057e-61,2.9712287193053494e-60,0.546742209631728,0.20712484237074402,0.339617367260984
type,Ciliated,type_Ciliated,Itln1,16.552895,2.8261113,1.5258821835557155e-61,2.997124993113448e-60,0.3342776203966006,0.08196721311475409,0.2523104072818465
type,Ciliated,type_Ciliated,Fam13a,16.531208,3.066476,2.187161791816079e-61,4.2908660942075965e-60,0.26912181303116145,0.0537515762925599,0.21537023673860156
type,Ciliated,type_Ciliated,Prkar2b,16.438442,2.388023,1.0149359300700097e-60,1.9793060866918228e-59,0.40509915014164305,0.11538461538461539,0.2897145347570277
type,Ciliated,type_Ciliated,Cby1,16.167826,2.3769743,8.504858020802608e-59,1.6219555395253905e-57,0.4475920679886686,0.14627994955863807,0.3013121184300305
type,Ciliated,type_Ciliated,Lfng,16.147062,2.2910216,1.190993536554335e-58,2.2686974440217942e-57,0.3626062322946176,0.09110970996216898,0.2714965223324486
type,Ciliated,type_Ciliated,Akr1b8,16.0461,2.483402,6.087103199338435e-58,1.1488444139510893e-56,0.4475920679886686,0.15069356872635561,0.29689849926231293
type,Ciliated,type_Ciliated,Tbc1d19,15.963342,2.5098257,2.3007577157338219e-57,4.292915505773654e-56,0.34560906515580736,0.08921815889029004,0.2563909062655173
type,Ciliated,type_Ciliated,Osbpl3,15.955402,2.4667456,2.612847006421219e-57,4.869693608217547e-56,0.34844192634560905,0.0912673392181589,0.25717458712745017
type,Ciliated,type_Ciliated,Strbp,15.912783,2.5760045,5.166506660613427e-57,9.574675224940204e-56,0.3059490084985836,0.07093316519546028,0.2350158433031233
type,Ciliated,type_Ciliated,Zdhhc1,15.885303,2.3568294,8.011017185626648e-57,1.4812704944922508e-55,0.3626062322946176,0.09709962168978563,0.26550661060483194
type,Ciliated,type_Ciliated,Sptbn1,15.816244,2.1589098,2.404146886482364e-56,4.430383492718792e-55,0.49575070821529743,0.1801702395964691,0.3155804686188283
type,Ciliated,type_Ciliated,Snrnp25,15.782087,2.4595962,4.132887477145993e-56,7.599045685277065e-55,0.35127478753541075,0.09347414880201765,0.2578006387333931
type,Ciliated,type_Ciliated,Tmem216,15.646993,2.3074903,3.4829136071321484e-55,6.332956327114674e-54,0.40226628895184136,0.12184741488020176,0.28041887407163957
type,Ciliated,type_Ciliated,Rabgap1l,15.643865,2.466903,3.65834364975454e-55,6.644573001065804e-54,0.3342776203966006,0.08653846153846154,0.24773915885813905
type,Ciliated,type_Ciliated,Ssbp4,15.592355,2.0662253,8.205189539989206e-55,1.4837190038077505e-53,0.5495750708215298,0.23029634300126103,0.3192787278202688
type,Ciliated,type_Ciliated,D430042O09Rik,15.539874,2.5049746,1.8634968897797683e-54,3.3549080668801298e-53,0.2804532577903683,0.06116015132408575,0.21929310646628253
type,Ciliated,type_Ciliated,Gmpr,15.5147915,2.1839638,2.7553000536056993e-54,4.955008352981038e-53,0.43059490084985835,0.14044766708701134,0.290147233762847
type,Ciliated,type_Ciliated,Mdm2,15.49613,2.0787427,3.684237981142184e-54,6.589442434974151e-53,0.5240793201133145,0.2005044136191677,0.3235749064941468
type,Ciliated,type_Ciliated,Ank3,15.479045,2.430624,4.805527347106579e-54,8.585561440075707e-53,0.37393767705382436,0.11128625472887768,0.26265142232494665
type,Ciliated,type_Ciliated,Endog,15.353966,2.1256292,3.3318035502262094e-53,5.901178188688991e-52,0.5240793201133145,0.21689785624211855,0.30718146387119594
type,Ciliated,type_Ciliated,Bnip3,15.254529,2.3010995,1.5360036405023309e-52,2.6972158145480437e-51,0.3654390934844193,0.1048234552332913,0.260615638251128
type,Ciliated,type_Ciliated,Hspbp1,15.224235,2.1331193,2.4419995050309455e-52,4.278977978847493e-51,0.4447592067988669,0.1533732660781841,0.2913859407206828
type,Ciliated,type_Ciliated,Ino80b,15.209975,2.02001,3.0365816378888655e-52,5.309485654905681e-51,0.5297450424929179,0.21153846153846154,0.3182065809544563
type,Ciliated,type_Ciliated,Sirt3,15.17881,2.3458998,4.885618187146852e-52,8.533442373524549e-51,0.34277620396600567,0.09378940731399747,0.24898679665200818
type,Ciliated,type_Ciliated,Sccpdh,15.165617,2.5259743,5.973522707818634e-52,1.0400397657211616e-50,0.29178470254957506,0.0698297604035309,0.22195494214604417
type,Ciliated,type_Ciliated,Tstd1,15.150166,2.0843208,7.557645185845211e-52,1.3130607912399078e-50,0.5184135977337111,0.21626733921815888,0.3021462585155522
type,Ciliated,type_Ciliated,Arhgef28,15.076054,2.1947536,2.3277123077770318e-51,4.018611532615905e-50,0.4164305949008499,0.13666456494325346,0.2797660299575964
type,Ciliated,type_Ciliated,Appl2,15.072212,2.2276819,2.4671330246335713e-51,4.254831623240295e-50,0.43059490084985835,0.15116645649432534,0.27942844435553305
type,Ciliated,type_Ciliated,Ppp1r16a,15.037743,2.362492,4.1547615372306674e-51,7.142792869194987e-50,0.37393767705382436,0.11443883984867591,0.25949883720514844
type,Ciliated,type_Ciliated,Lpgat1,14.890357,2.2365916,3.807320673892624e-50,6.518148890658969e-49,0.39943342776203966,0.13272383354350567,0.266709594218534
type,Ciliated,type_Ciliated,Enah,14.8273945,2.5938323,9.744230025448612e-50,1.659554690003974e-48,0.28611898016997167,0.07046027742749054,0.2156587027424811
type,Ciliated,type_Ciliated,Tulp3,14.703064,2.278458,6.1608050143373e-49,1.0374061913772696e-47,0.3031161473087819,0.07566204287515763,0.22745410443362427
type,Ciliated,type_Ciliated,Fas,14.430312,2.2351763,3.3356899548085534e-47,5.51498497467894e-46,0.32011331444759206,0.0873266078184111,0.23278670662918094
type,Ciliated,type_Ciliated,Rmdn1,14.283449,2.2556999,2.7751866045871184e-46,4.5199439425852366e-45,0.3371104815864023,0.10009457755359395,0.2370159040328083
type,Ciliated,type_Ciliated,1810043G02Rik,14.247329,2.1392722,4.657600330050758e-46,7.563297328035889e-45,0.41076487252124644,0.14454602774274905,0.2662188447784974
type,Ciliated,type_Ciliated,Wdyhv1,13.95012,2.3148794,3.1407650868776203e-44,5.010864609910492e-43,0.28611898016997167,0.07597730138713746,0.2101416787828342
type,Ciliated,type_Ciliated,Galk2,13.940212,2.0632696,3.608657530657106e-44,5.74617399614633e-43,0.3909348441926346,0.1341424968474149,0.2567923473452197
type,Ciliated,type_Ciliated,Adipor2,13.903673,2.1734302,6.017262697778094e-44,9.55320615299248e-43,0.4192634560906516,0.1596784363177806,0.25958501977287096
type,Ciliated,type_Ciliated,Pofut2,13.879,2.0866203,8.492029437432008e-44,1.3417897379896182e-42,0.41076487252124644,0.15100882723833545,0.25975604528291096
type,Ciliated,type_Ciliated,Znhit2,13.841611,2.0316474,1.429655210815718e-43,2.256763725946929e-42,0.43059490084985835,0.16472257250945777,0.2658723283404006
type,Ciliated,type_Ciliated,Spata6,13.758555,2.3222613,4.5247665811664704e-43,7.115119529981906e-42,0.29178470254957506,0.0807061790668348,0.21107852348274025
type,Ciliated,type_Ciliated,Tacc2,13.731944,2.151087,6.5355683367718066e-43,1.0247596203766195e-41,0.34560906515580736,0.10970996216897856,0.2358991029868288
type,Ciliated,type_Ciliated,Slc12a7,13.597778,2.3726122,4.1278273919665985e-42,6.435408465365417e-41,0.32011331444759206,0.09962168978562422,0.22049162466196784
type,Ciliated,type_Ciliated,Fbxw9,13.492488,2.1309302,1.7315792992834674e-41,2.6691383540928713e-40,0.35127478753541075,0.11664564943253468,0.23462913810287606
type,Ciliated,type_Ciliated,Sp3os,13.064496,2.14189,5.253107311022623e-39,7.796942353672584e-38,0.3371104815864023,0.11412358133669609,0.2229869002497062
type,Ciliated,type_Ciliated,Msrb2,12.9249325,2.093613,3.2558330439993654e-38,4.780565600235774e-37,0.32294617563739375,0.10450819672131148,0.21843797891608227
type,Ciliated,type_Ciliated,Adgre5,12.881756,2.0868237,5.70231418126198e-38,8.328019135073707e-37,0.37677053824362605,0.14454602774274905,0.232224510500877
type,Ciliated,type_Ciliated,Prkcz,12.7865505,2.1037264,1.9493507267915504e-37,2.826817088426898e-36,0.29745042492917845,0.09221311475409837,0.20523731017508007
type,Ciliated,type_Ciliated,Inppl1,12.729289,2.2000055,4.0652585618112295e-37,5.884757782194702e-36,0.28895184135977336,0.08874527112232031,0.20020657023745306
type,Ciliated,type_Ciliated,2310007B03Rik,12.461696,2.1431272,1.207753294201139e-35,1.694470639708544e-34,0.3002832861189802,0.09883354350567465,0.20144974261330556
type,Ciliated,type_Ciliated,Bag2,12.430767,2.0109973,1.7791829756590224e-35,2.485551957732847e-34,0.35694050991501414,0.13366960907944514,0.223270900835569
type,Ciliated,type_Ciliated,Sh3bgrl2,12.373175,2.1560915,3.651001205299079e-35,5.08319785807387e-34,0.3031161473087819,0.10135561160151324,0.20176053570726865
type,Ciliated,type_Ciliated,Dbp,12.365659,2.0858524,4.0090975296405737e-35,5.577032110571251e-34,0.29745042492917845,0.09615384615384616,0.2012965787753323
type,Club,type_Club,Ltf,59.002266,5.513016,0.0,0.0,0.9720873786407767,0.4608284023668639,0.5112589762739128
type,Club,type_Club,Alox15,48.356277,5.406281,0.0,0.0,0.51415857605178,0.01893491124260355,0.4952236648091764
type,Club,type_Club,Lyz2,54.690205,4.7514033,0.0,0.0,0.9898867313915858,0.7474556213017751,0.24243111008981066
type,Club,type_Club,Wfdc1,47.777706,4.5478578,0.0,0.0,0.5364077669902912,0.031242603550295858,0.5051651634399954
type,Club,type_Club,Ces1f,43.96749,4.3110495,0.0,0.0,0.4878640776699029,0.036923076923076927,0.45094100074682597
type,Club,type_Club,Cyp2a5,59.13001,4.269222,0.0,0.0,0.982200647249191,0.41562130177514794,0.5665793454740431
type,Club,type_Club,Pigr,55.8627,4.1047993,0.0,0.0,0.7621359223300971,0.08497041420118343,0.6771655081289136
type,Club,type_Club,Muc5b,48.69943,3.9678326,0.0,0.0,0.6189320388349514,0.07005917159763314,0.5488728672373182
type,Club,type_Club,Ppp1r1b,43.54244,3.8122737,0.0,0.0,0.48826860841423947,0.0357396449704142,0.45252896344382526
type,Club,type_Club,Nupr1,54.506104,3.6167214,0.0,0.0,0.9894822006472492,0.4097041420118343,0.5797780586354149
type,Club,type_Club,Cldn22,40.06159,3.4434574,0.0,0.0,0.45995145631067963,0.0463905325443787,0.41356092376630094
type,Club,type_Club,AU021092,44.913296,3.4038348,0.0,0.0,0.5894012944983819,0.07644970414201184,0.5129515903563701
type,Club,type_Club,Sftpd,52.629917,3.252205,0.0,0.0,0.9037216828478964,0.3502958579881657,0.5534258248597308
type,Club,type_Club,Msln,50.9348,3.2386312,0.0,0.0,0.8984627831715211,0.3072189349112426,0.5912438482602784
type,Club,type_Club,Pglyrp1,58.792946,3.154967,0.0,0.0,0.9975728155339806,0.7022485207100592,0.2953242948239214
type,Club,type_Club,Cxcl17,50.750027,3.099733,0.0,0.0,0.9381067961165048,0.3531360946745562,0.5849707014419486
type,Club,type_Club,Agr2,46.509384,2.6289966,0.0,0.0,0.9182847896440129,0.3711242603550296,0.5471605292889834
type,Club,type_Club,Clu,38.058403,2.5540066,0.0,0.0,0.5821197411003236,0.12402366863905326,0.4580960724612704
type,Club,type_Club,Ttc36,39.464878,2.5287352,0.0,0.0,0.6201456310679612,0.12804733727810652,0.49209829378985465
type,Club,type_Club,Aldh1a1,49.588272,2.3545773,0.0,0.0,0.9951456310679612,0.6717159763313609,0.32342965473660024
type,Club,type_Club,Muc1,42.223965,2.2182326,0.0,0.0,0.8980582524271845,0.32449704142011837,0.5735612110070661
type,Club,type_Club,Slc16a11,46.163227,2.2174728,0.0,0.0,0.9733009708737864,0.5384615384615384,0.434839432412248
type,Club,type_Club,Qsox1,41.550137,2.1301258,0.0,0.0,0.9037216828478964,0.38745562130177513,0.5162660615461213
type,Club,type_Club,Gabrp,37.722897,2.0985653,0.0,0.0,0.7637540453074434,0.23668639053254437,0.527067654774899
type,Club,type_Club,Cyp2b10,38.37362,2.0585296,0.0,0.0,0.8062297734627831,0.25041420118343194,0.5558155722793512
type,Club,type_Club,Mgst1,45.0883,2.0424578,0.0,0.0,0.973705501618123,0.7145562130177515,0.25914928860037145
type,Club,type_Club,Cp,37.60944,3.0530436,1.506820778633576e-309,1.9157649294859905e-307,0.4587378640776699,0.06201183431952663,0.3967260297581433
type,Club,type_Club,Hp,37.3332,3.2096727,4.750005884956523e-305,5.94693484879175e-303,0.48745954692556637,0.08804733727810651,0.3994122096474598
type,Club,type_Club,Sftpa1,37.028133,3.3449693,4.039271417918679e-300,4.907265964835871e-298,0.46682847896440127,0.07739644970414201,0.38943202926025927
type,Club,type_Club,Akr1c18,36.856117,2.1347604,2.333846946551939e-297,2.7939725379852812e-295,0.7164239482200647,0.218698224852071,0.4977257233679937
type,Club,type_Club,Muc4,36.02663,3.3894346,3.203594414632064e-284,3.574296054039488e-282,0.3855177993527508,0.03976331360946746,0.3457544857432834
type,Club,type_Club,Bpifb1,35.72335,3.4456286,1.7160428523489854e-279,1.8889140148574303e-277,0.5489482200647249,0.15715976331360948,0.3917884567511154
type,Club,type_Club,Cd36,35.405537,2.2605722,1.403372843227905e-274,1.524285960382839e-272,0.5331715210355987,0.10840236686390532,0.4247691541716934
type,Club,type_Club,Pon1,34.73994,2.1575346,1.9664146261657515e-264,2.0412130559331954e-262,0.6630258899676376,0.22792899408284023,0.43509689588479733
type,Club,type_Club,Kcne3,34.497692,2.3862798,8.687018417436187e-261,8.849427892196951e-259,0.48381877022653724,0.09230769230769231,0.39151107791884493
type,Club,type_Club,Calml3,33.125034,2.226342,1.296320887865913e-240,1.2011841176208383e-238,0.6120550161812298,0.19621301775147929,0.41584199842975056
type,Club,type_Club,Ccdc129,30.036999,2.5140355,3.2279773420815925e-198,2.451021129050009e-196,0.33576051779935273,0.05088757396449704,0.2848729438348557
type,Club,type_Club,Kctd14,28.768837,2.593663,5.2657736364822026e-182,3.7549544961715047e-180,0.316747572815534,0.05112426035502959,0.2656233124605044
type,Club,type_Club,C3,28.686287,2.1553874,5.657293215307534e-181,4.016678182868349e-179,0.35032362459546923,0.06390532544378698,0.28641829915168227
type,Club,type_Club,Plac8,28.397408,2.0453894,2.1768089302359667e-177,1.5257197976410295e-175,0.3782362459546926,0.08402366863905325,0.2942125773156393
type,Club,type_Club,1110008L16Rik,28.213804,2.0241077,3.959648025820857e-175,2.751787596249486e-173,0.38875404530744334,0.08781065088757396,0.3009433944198694
type,Club,type_Club,Golm1,27.441029,2.0619476,8.890368976065051e-166,5.8324376630577155e-164,0.3434466019417476,0.06911242603550295,0.27433417590624465
type,Club,type_Club,Trp53inp2,27.402477,2.4098136,2.562308853987457e-165,1.6742799806473418e-163,0.3122977346278317,0.05704142011834319,0.25525631450948855
type,Club,type_Club,Gmnn,27.202389,2.096209,6.085876280814367e-163,3.92970302683608e-161,0.3207928802588997,0.05940828402366864,0.261384596235231
type,Club,type_Club,Mgp,26.868347,2.7941782,5.149347570908889e-159,3.248248058095258e-157,0.23503236245954692,0.024615384615384615,0.2104169778441623
type,Club,type_Club,Cldn23,26.241943,2.1185372,8.833353869333946e-152,5.365771733738743e-150,0.3454692556634304,0.08118343195266273,0.2642858237107677
type,Club,type_Club,Fcgbp,25.803993,2.7320688,7.997924254423804e-147,4.7015754730037565e-145,0.22775080906148867,0.02698224852071006,0.20076856054077863
type,Club,type_Club,S100g,25.386814,3.2401776,3.52664712652823e-142,2.0294926148136666e-140,0.24797734627831716,0.04142011834319527,0.20655722793512188
type,Club,type_Club,Rbp4,23.867004,2.0811815,6.74454133594911e-126,3.4676245282414217e-124,0.24555016181229775,0.04378698224852071,0.20176317956377704
type,Goblet,type_Goblet,Lman1l,45.451263,9.451258,0.0,0.0,0.49206349206349204,0.0027132951462164605,0.48935019691727555
type,Goblet,type_Goblet,Cgref1,41.28533,8.2568865,0.0,0.0,0.5238095238095238,0.0051251130539644255,0.5186844107555594
type,Goblet,type_Goblet,Fgl2,37.9164,7.559235,0.0,0.0,0.4444444444444444,0.004371419957793186,0.44007302448665125
type,Goblet,type_Goblet,Fkbp11,30.4499,5.9512596,1.2015355891066735e-203,3.9412770393877106e-200,0.5873015873015873,0.01718420259270425,0.5701173847088831
type,Goblet,type_Goblet,Lmcd1,30.327244,6.557292,5.014895136997613e-202,1.3708215856982975e-198,0.4444444444444444,0.00904431715405487,0.43540012729038957
type,Goblet,type_Goblet,Tff1,29.11016,8.030995,2.6699613786111054e-186,6.255719510085819e-183,0.31746031746031744,0.004371419957793186,0.3130888975025243
type,Goblet,type_Goblet,Dmbt1,28.606047,7.4754276,5.650498227679903e-180,1.1584227679022262e-176,0.8412698412698413,0.04718118782031957,0.7940886534495217
type,Goblet,type_Goblet,Gp2,27.881075,8.519443,4.525999921048459e-171,8.247880522790642e-168,0.8095238095238095,0.04687971058185107,0.7626440989419585
type,Goblet,type_Goblet,Wfdc18,25.58336,7.2473283,2.3368655182718001e-144,3.193910947097983e-141,0.4444444444444444,0.014169430208019295,0.4302750142364251
type,Goblet,type_Goblet,Cldn2,25.039274,6.3971424,2.28485151705383e-138,2.882603825476913e-135,0.25396825396825395,0.003919204100090443,0.2500490498681635
type,Goblet,type_Goblet,Kcnn4,24.827427,5.2835155,4.53416737271793e-136,5.311777077139055e-133,0.6825396825396826,0.039794995477841426,0.6427446870618412
type,Goblet,type_Goblet,Pycr1,23.689705,5.3303156,4.603765916562773e-124,4.719147799846627e-121,0.31746031746031744,0.007838408200180886,0.30962190926013655
type,Goblet,type_Goblet,Azgp1,23.394966,5.080806,4.808752088237852e-121,4.639314294069941e-118,0.4126984126984127,0.014621646065722037,0.39807676663269065
type,Goblet,type_Goblet,Sox9,20.390606,4.1834016,2.0262326884375697e-92,1.3846767634610241e-89,0.4126984126984127,0.019596020500452217,0.39310239219796045
type,Goblet,type_Goblet,Creb3l4,19.787413,4.0291586,3.8216575879216035e-87,2.5071602439800887e-84,0.6666666666666666,0.057431413928248416,0.6092352527384182
type,Goblet,type_Goblet,Serpinb11,18.928936,4.5496325,6.5878442838824526e-80,4.155662849998312e-77,0.7619047619047619,0.08833283087126922,0.6735719310334927
type,Goblet,type_Goblet,Wfdc15b,18.044737,5.316605,8.677788165846708e-73,4.447637615876621e-70,0.20634920634920634,0.005878806150135665,0.20047040019907067
type,Goblet,type_Goblet,Tpd52l1,17.597311,3.8373024,2.5830415300386806e-69,1.2104132609761255e-66,0.5714285714285714,0.05245703949351824,0.5189715319350532
type,Goblet,type_Goblet,Ccl28,17.584885,4.389285,3.2163858551578795e-69,1.4653317891790107e-66,0.2857142857142857,0.012662044015676817,0.27305224169860887
type,Goblet,type_Goblet,Cited4,17.26521,4.2462378,8.599105636181814e-67,3.8117278794329176e-64,0.5238095238095238,0.04687971058185107,0.47692981322767275
type,Goblet,type_Goblet,Gjb1,16.867863,4.3469,7.755108859235338e-64,3.347145800008389e-61,0.3333333333333333,0.01929454326198372,0.3140387900713496
type,Goblet,type_Goblet,Galnt6,15.811304,4.219636,2.60029178565819e-56,1.0401801360141458e-53,0.31746031746031744,0.019746759119686465,0.29771355834063096
type,Goblet,type_Goblet,Selm,15.284765,2.8538756,9.660993508406821e-53,3.37127562832724e-50,0.5079365079365079,0.05215556225504974,0.45578094568145816
type,Goblet,type_Goblet,Creb3l1,15.251324,4.112694,1.6132991576697373e-52,5.512441559362784e-50,0.5873015873015873,0.07853482062104311,0.5087667666805442
type,Goblet,type_Goblet,Mfsd4,15.1418295,3.573382,8.579377570607107e-52,2.871640235418922e-49,0.5079365079365079,0.05501959602050045,0.45291691191600747
type,Goblet,type_Goblet,Sel1l3,15.053967,3.6849828,3.251347273042743e-51,1.0665069325034805e-48,0.31746031746031744,0.021555622550497436,0.29590469490982
type,Goblet,type_Goblet,Jam2,14.850224,4.4967785,6.933693360530876e-50,2.1869135539628251e-47,0.23809523809523808,0.012511305396442568,0.2255839326987955
type,Goblet,type_Goblet,Gpd1,14.58133,3.3714063,3.6924939161984604e-48,1.1011016858103808e-45,0.5079365079365079,0.0589388001205909,0.448997707815917
type,Goblet,type_Goblet,Spdef,14.549552,3.4753995,5.878711102508813e-48,1.7217275141472687e-45,0.47619047619047616,0.051552607778112755,0.4246378684123634
type,Goblet,type_Goblet,BC048546,14.060328,5.3327594,6.657739667990438e-45,1.790058824503462e-42,0.7619047619047619,0.17229424178474526,0.5896105201200166
type,Goblet,type_Goblet,Nucb2,13.4065485,3.1049483,5.535582179029202e-41,1.396755127973199e-38,0.6984126984126984,0.12993668977992162,0.5684760086327767
type,Goblet,type_Goblet,Aldoc,11.783995,2.793817,4.7201721481632763e-32,1.0604868959181629e-29,0.5873015873015873,0.11079288513717214,0.4765087021644152
type,Goblet,type_Goblet,Ncald,11.713344,3.2819257,1.0889859790868602e-31,2.35006040039521e-29,0.23809523809523808,0.019746759119686465,0.21834847897555162
type,Goblet,type_Goblet,Homer2,11.639158,2.8740656,2.6057559626737946e-31,5.479103018437553e-29,0.31746031746031744,0.0343684051854085,0.28309191227490893
type,Goblet,type_Goblet,Edem1,11.36639,3.027111,6.1477714900275305e-30,1.2148144603366449e-27,0.42857142857142855,0.06466686765149231,0.3639045609199362
type,Goblet,type_Goblet,Cryab,11.338966,3.9772215,8.413263751316182e-30,1.6426897474444846e-27,0.2698412698412698,0.027434428700633104,0.2424068411406367
type,Goblet,type_Goblet,Galnt12,11.263768,2.7730515,1.9810368448317215e-29,3.7780215455912866e-27,0.5714285714285714,0.11214953271028037,0.459279038718291
type,Goblet,type_Goblet,Tcn2,11.217125,3.0005426,3.360189875670721e-29,6.33453725872132e-27,0.8888888888888888,0.3846849562858004,0.5042039326030885
type,Goblet,type_Goblet,Galnt7,11.092525,2.5922935,1.3638363046320333e-28,2.5418499127579523e-26,0.47619047619047616,0.0797407295749171,0.3964497466155591
type,Goblet,type_Goblet,Tmc5,10.866785,2.700003,1.659456028648828e-27,2.9908503654801566e-25,0.42857142857142855,0.068736810370817,0.3598346182006116
type,Goblet,type_Goblet,Pmm2,10.847146,2.3877938,2.057497752338255e-27,3.667937025663013e-25,0.5555555555555556,0.10672294241784745,0.4488326131377081
type,Goblet,type_Goblet,Nupr1,10.824908,3.313836,2.6234136405017963e-27,4.6265168943946195e-25,1.0,0.6201386795296955,0.3798613204703045
type,Goblet,type_Goblet,Tff2,10.775834,6.3451104,4.477048123080836e-27,7.729270133331452e-25,0.7142857142857143,0.21193849864335243,0.5023472156423618
type,Goblet,type_Goblet,Slc12a2,10.771027,3.0615067,4.7171251838662684e-27,8.058913556311528e-25,0.5079365079365079,0.10084413626771178,0.40709237166879614
type,Goblet,type_Goblet,Cldn10,10.587153,2.4751117,3.4182712187499853e-26,5.239538902683973e-24,0.873015873015873,0.2845945131142599,0.5884213599016132
type,Goblet,type_Goblet,Atp2a3,10.562656,2.6350043,4.4391883303809157e-26,6.74140072283124e-24,0.3492063492063492,0.049140789870364784,0.3000655593359844
type,Goblet,type_Goblet,Rab4a,10.550109,2.6661131,5.07384177140639e-26,7.634502650718918e-24,0.42857142857142855,0.07160084413626772,0.35697058443516083
type,Goblet,type_Goblet,Kcne3,10.487007,2.5646544,9.911805689011674e-26,1.4778502282316404e-23,0.7619047619047619,0.23183599638227315,0.5300687655224887
type,Goblet,type_Goblet,P2rx4,10.4509535,2.4781709,1.4505888904672024e-25,2.143343098428161e-23,0.8412698412698413,0.2983117274645764,0.5429581138052648
type,Goblet,type_Goblet,Ppp1r1b,10.129779,2.423564,4.075691902473465e-24,5.713284007903187e-22,0.6984126984126984,0.19807054567380164,0.5003421527388967
type,Goblet,type_Goblet,Dnajc10,10.112787,2.634505,4.8484959143978515e-24,6.682368192608333e-22,0.5079365079365079,0.10823032861018993,0.39970617932631797
type,Goblet,type_Goblet,Snhg18,10.103366,2.6407244,5.3377986904371916e-24,7.295436360155032e-22,0.3492063492063492,0.05245703949351824,0.296749309712831
type,Goblet,type_Goblet,Arg1,10.0750475,2.7621992,7.122615385398675e-24,9.420807656122877e-22,0.2698412698412698,0.03255954175459753,0.2372817280866723
type,Goblet,type_Goblet,Xbp1,10.010379,2.1851165,1.372266125820918e-23,1.786233073776895e-21,0.9523809523809523,0.5241181790774796,0.42826277330347273
type,Goblet,type_Goblet,Ltf,9.634617,4.563573,5.710451955203828e-22,7.095236554340756e-20,0.9682539682539683,0.6465179378956889,0.32173603035827936
type,Goblet,type_Goblet,Gjb2,9.62881,2.4161112,6.042495269923641e-22,7.451350746016363e-20,0.4603174603174603,0.09406089840217063,0.36625656191528966
type,Goblet,type_Goblet,Pigr,9.580884,2.4049425,9.62182708457789e-22,1.168945081586385e-19,0.8571428571428571,0.3299668375037685,0.5271760196390887
type,Goblet,type_Goblet,Furin,9.457202,2.2478423,3.162936278805981e-21,3.7320372596184813e-19,0.5079365079365079,0.11245100994874888,0.395485497987759
type,Goblet,type_Goblet,Agr2,9.430403,3.063286,4.085164855728711e-21,4.751828992823163e-19,0.9047619047619048,0.569942719324691,0.3348191854372138
type,Goblet,type_Goblet,Isg20,9.421885,2.0945287,4.4306369854076205e-21,5.117385718145802e-19,0.9523809523809523,0.464124208622249,0.4882567437587033
type,Goblet,type_Goblet,Ceacam1,9.32149,2.2529893,1.147179116468156e-20,1.3065892145273769e-18,0.5079365079365079,0.11456135061802834,0.39337515731847955
type,Goblet,type_Goblet,Pdia5,9.310414,2.3859138,1.2733468535167664e-20,1.4402870168640336e-18,0.38095238095238093,0.06918902622851975,0.3117633547238612
type,Goblet,type_Goblet,Gne,9.213076,2.6672368,3.169120936662579e-20,3.5358335021906774e-18,0.4126984126984127,0.08411214953271028,0.3285862631657024
type,Goblet,type_Goblet,Tspan13,9.058104,2.0294518,1.3273768757641808e-19,1.4136563726888526e-17,0.9365079365079365,0.4360868254446789,0.5004211110632576
type,Goblet,type_Goblet,Lmo2,8.91712,2.4614408,4.7856938855486455e-19,4.875165553843685e-17,0.2698412698412698,0.040096472716309915,0.2297447971249599
type,Goblet,type_Goblet,Sbpl,8.883861,4.463786,6.45792646742666e-19,6.497941840016235e-17,0.5555555555555556,0.15722037986132048,0.3983351756942351
type,Goblet,type_Goblet,Dnajc3,8.860157,2.0578797,7.99016293737745e-19,7.894377249152262e-17,0.873015873015873,0.3659933675007537,0.5070225055151194
type,Goblet,type_Goblet,Cacnb3,8.78672,2.5696738,1.5398893972207853e-18,1.4856309414010646e-16,0.23809523809523808,0.03240880313536328,0.2056864349598748
type,Goblet,type_Goblet,Dcpp3,8.683881,4.183389,3.8248811236955905e-18,3.6685307198673325e-16,0.5714285714285714,0.16882725354235756,0.40260131788621384
type,Goblet,type_Goblet,Cmas,8.629613,2.0343046,6.1559950110569575e-18,5.640473417672914e-16,0.8095238095238095,0.3492613807657522,0.46026242875805734
type,Goblet,type_Goblet,Kctd14,8.622361,2.0999784,6.558747242616501e-18,5.976111862564069e-16,0.5396825396825397,0.14546276756104914,0.3942197721214905
type,Goblet,type_Goblet,Tmed3,8.5976305,2.3330567,8.137864672059736e-18,7.373984446765289e-16,0.9047619047619048,0.6068736810370817,0.29788822372482304
type,Goblet,type_Goblet,Tfcp2l1,8.46792,2.783819,2.4981284818553417e-17,2.1910056273213617e-15,0.25396825396825395,0.03949351823937293,0.21447473572888104
type,Goblet,type_Goblet,Gmds,8.460937,2.053265,2.6523850821676118e-17,2.3016808324143386e-15,0.5714285714285714,0.1620440156768164,0.40938455575175503
type,Goblet,type_Goblet,Sec11c,8.426383,2.0198777,3.5651354715791695e-17,2.9985531727882032e-15,0.8888888888888888,0.5137172143503166,0.37517167453857225
type,Goblet,type_Goblet,Slc9a3r2,8.413696,2.1663969,3.9728738644312354e-17,3.3244440944151374e-15,0.4444444444444444,0.10385890865239675,0.34058553579204764
type,Goblet,type_Goblet,Fam114a1,8.372686,2.3005264,5.631930607231842e-17,4.572737321247993e-15,0.2857142857142857,0.0485378353934278,0.2371764503208579
type,Goblet,type_Goblet,Sdf2l1,8.356942,2.0196116,6.436456970782679e-17,5.17472209695131e-15,0.7301587301587301,0.26846548085619537,0.46169324930253475
type,Goblet,type_Goblet,Cnn3,8.309838,2.0500963,9.58329151562643e-17,7.520361920946845e-15,0.4603174603174603,0.11320470304492011,0.3471127572725402
type,Goblet,type_Goblet,Dusp5,8.122121,2.11195,4.58107093248775e-16,3.369244141871372e-14,0.746031746031746,0.28791076273741334,0.4581209832943327
type,Goblet,type_Goblet,Etv1,8.089367,2.1156638,5.997563873524281e-16,4.3718242262076326e-14,0.23809523809523808,0.03662948447392222,0.20146575362131586
type,Goblet,type_Goblet,Dcpp2,7.9886184,4.5148125,1.364594386177834e-15,9.68862014186262e-14,0.2698412698412698,0.05034669882423877,0.21949457101703107
type,Goblet,type_Goblet,Cd81,7.973258,2.000398,1.5454533458064753e-15,1.0925422553694828e-13,0.9047619047619048,0.44754296050648174,0.45721894425542303
type,Goblet,type_Goblet,Muc5b,7.942189,3.2796543,1.986435650117082e-15,1.3804886058292482e-13,0.6507936507936508,0.26906843533313235,0.38172521546051846
type,Goblet,type_Goblet,Slc39a11,7.906308,2.2413323,2.651341720608203e-15,1.8270863680544176e-13,0.3333333333333333,0.0696412420862225,0.2636920912471108
type,Goblet,type_Goblet,Vipr1,7.8570714,2.349013,3.932181154875017e-15,2.6760042788840316e-13,0.2857142857142857,0.05381368706662647,0.23190059864765922
type,Goblet,type_Goblet,Kdelr3,7.7998886,2.328727,6.196176644389194e-15,4.164897260025704e-13,0.3968253968253968,0.1005426590292433,0.2962827377961535
type,Goblet,type_Goblet,Hilpda,7.7288237,2.0309694,1.0854472135796413e-14,7.120967899967879e-13,0.31746031746031744,0.06451612903225806,0.2529441884280594
type,Goblet,type_Goblet,Fhl2,7.5477624,2.0322626,4.428005685705663e-14,2.719989559972231e-12,0.3492063492063492,0.08019294543261983,0.26901340377372934
type,Goblet,type_Goblet,Mia,7.522997,2.2010531,5.353464935352851e-14,3.2506053711239e-12,0.2857142857142857,0.056828459451311424,0.22888582626297427
type,Goblet,type_Goblet,Slc37a1,7.4605074,2.213968,8.619003878552607e-14,5.103259300077304e-12,0.31746031746031744,0.07054567380162798,0.24691464365868948
type,Goblet,type_Goblet,Msln,6.8753014,2.3365757,6.185894667813997e-12,3.010529924237904e-10,0.7777777777777778,0.52306300874284,0.25471476903493784
type,Goblet,type_Goblet,Lipf,5.824054,3.2994688,5.7437101714767895e-09,2.0703866048877106e-07,0.3333333333333333,0.10913476032559542,0.22419857300773788
type,Goblet,type_Goblet,Zfp750,5.822581,2.0185394,5.7945725828689375e-09,2.0841400204305578e-07,0.2857142857142857,0.08079589990955682,0.20491838580472888
type,Ionocyte,type_Ionocyte,Ppp1r1a,40.87785,29.048864,0.0,0.0,0.25,0.0,0.25
type,Ionocyte,type_Ionocyte,Moxd1,48.170555,10.641993,0.0,0.0,0.625,0.001197425535099536,0.6238025744649005
type,Ionocyte,type_Ionocyte,Foxi1,36.099854,10.805055,2.2799876469773473e-285,1.2464692466025158e-281,0.3125,0.000449034575662326,0.3120509654243377
type,Ionocyte,type_Ionocyte,Atp6v0d2,34.024548,10.150909,9.659063415415123e-254,3.9604574769055856e-250,0.3125,0.000598712767549768,0.31190128723245025
type,Ionocyte,type_Ionocyte,Cftr,33.974167,10.185825,5.3645933787640954e-253,1.7596939201021987e-249,0.375,0.001047747343212094,0.3739522526567879
type,Ionocyte,type_Ionocyte,Gm933,33.68633,11.248173,9.166361816427537e-249,2.5056250025204673e-245,0.4375,0.001646460110761862,0.43585353988923814
type,Ionocyte,type_Ionocyte,Coch,28.859543,10.39225,3.8459984857897585e-183,6.307822116543783e-180,0.25,0.000598712767549768,0.24940128723245023
type,Ionocyte,type_Ionocyte,Stap1,28.002216,9.700951,1.5269198362163848e-172,2.2766374757986296e-169,0.4375,0.002843885645861398,0.4346561143541386
type,Ionocyte,type_Ionocyte,Ascl3,25.7156,9.483944,7.822391240805021e-146,1.0691253228370262e-142,0.5625,0.006286484059272564,0.5562135159407274
type,Ionocyte,type_Ionocyte,Gng4,16.9092,7.41822,3.848971983879424e-64,3.945436844225403e-61,0.25,0.002843885645861398,0.2471561143541386
type,Ionocyte,type_Ionocyte,Nrip3,13.104286,6.4218326,3.1117469326367044e-39,2.4302743543892664e-36,0.3125,0.008082622361921869,0.30441737763807813
type,Ionocyte,type_Ionocyte,Hepacam2,9.184559,4.687377,4.1321917948326373e-20,2.0536993220318207e-17,0.375,0.02334979793444095,0.351650202065559
type,Ionocyte,type_Ionocyte,Prr18,8.605801,5.076688,7.578595302020655e-18,3.0316229645961162e-15,0.25,0.01197425535099536,0.23802574464900464
type,Ionocyte,type_Ionocyte,Tekt5,7.910438,4.859337,2.564845161478848e-15,8.413205098682916e-13,0.25,0.014069750037419547,0.23593024996258044
type,Ionocyte,type_Ionocyte,P2ry14,7.779604,5.4839425,7.275205096890421e-15,2.3396203685117608e-12,0.25,0.014668462804969315,0.2353315371950307
type,Ionocyte,type_Ionocyte,Tfcp2l1,6.9730406,4.787872,3.101631284023603e-12,8.339320440864117e-10,0.375,0.04071246819338423,0.33428753180661575
type,Ionocyte,type_Ionocyte,Gyltl1b,6.844784,4.307223,7.65915164013413e-12,2.026092678223224e-09,0.3125,0.028887891034276306,0.2836121089657237
type,Ionocyte,type_Ionocyte,Nrxn1,6.1914983,3.7360075,5.959493225570871e-10,1.4165456288780848e-07,0.3125,0.03382727136656189,0.2786727286334381
type,Ionocyte,type_Ionocyte,Slc12a2,5.7508492,4.15125,8.879617220204971e-09,1.8434759750453383e-06,0.5,0.1037269869779973,0.3962730130220027
type,Ionocyte,type_Ionocyte,Rasd1,5.718332,3.9124155,1.0757480121023043e-08,2.205417893311237e-06,0.5,0.10103277952402336,0.39896722047597666
type,Ionocyte,type_Ionocyte,Ppp2r5a,5.474376,3.3781395,4.3905526526144234e-08,8.471700477121076e-06,0.4375,0.08187397096243078,0.35562602903756924
type,Ionocyte,type_Ionocyte,Cd81,5.2665634,2.926462,1.3900133456802168e-07,2.561529087921487e-05,0.875,0.4508307139649753,0.4241692860350247
type,Ionocyte,type_Ionocyte,Sp2,5.0737195,3.744355,3.9011389180976405e-07,6.596142205744269e-05,0.25,0.03143242029636282,0.2185675797036372
type,Ionocyte,type_Ionocyte,Gstm5,4.8429832,2.853906,1.2790414951925533e-06,0.0002017073034870487,0.5625,0.16838796587337224,0.39411203412662776
type,Ionocyte,type_Ionocyte,Fkbp5,4.7474933,3.7394805,2.059531966527095e-06,0.00030707621620918986,0.25,0.03547373147732375,0.21452626852267626
type,Ionocyte,type_Ionocyte,Hmbox1,4.68526,3.6083393,2.796049093631994e-06,0.00041179101839889845,0.25,0.03637180062864841,0.21362819937135158
type,Ionocyte,type_Ionocyte,Parm1,4.642729,3.745845,3.4383743032367314e-06,0.0004946734819946107,0.3125,0.057177069301002845,0.25532293069899714
type,Ionocyte,type_Ionocyte,1700025G04Rik,4.602593,2.7515483,4.1726360278275e-06,0.0005799610465457528,0.375,0.074839095943721,0.300160904056279
type,Ionocyte,type_Ionocyte,Itpr2,4.563624,3.6139476,5.0278125515849625e-06,0.0006871762804878747,0.25,0.0374195479718605,0.2125804520281395
type,Ionocyte,type_Ionocyte,Kidins220,4.5647836,3.1069348,5.0001042380388035e-06,0.0006871762804878747,0.3125,0.05642867834156563,0.2560713216584344
type,Ionocyte,type_Ionocyte,Atp9b,4.4055963,3.2962668,1.0549325691776645e-05,0.0013412363617893704,0.25,0.03951504265828469,0.2104849573417153
type,Ionocyte,type_Ionocyte,Ndst1,4.2301598,3.2390873,2.335252946371102e-05,0.002678355494645625,0.25,0.04250860649603353,0.20749139350396648
type,Ionocyte,type_Ionocyte,Snrnp35,4.214882,3.3019567,2.49909148252753e-05,0.002846361069787085,0.25,0.04235892830414609,0.2076410716958539
type,Ionocyte,type_Ionocyte,Pros1,4.058649,3.2771885,4.935741047374399e-05,0.005154159365804553,0.25,0.045202813950007484,0.20479718604999253
type,Ionocyte,type_Ionocyte,Nup50,4.0558643,2.5346253,4.994924270478934e-05,0.005154159365804553,0.375,0.09190240981888939,0.2830975901811106
type,Ionocyte,type_Ionocyte,Borcs5,4.0248675,2.684926,5.7007399966895966e-05,0.005736063600350065,0.375,0.09744050291872475,0.27755949708127525
type,Ionocyte,type_Ionocyte,Pdlim3,3.9206991,3.557948,8.829241924792033e-05,0.008568544189852907,0.25,0.04864541236341865,0.20135458763658134
type,Ionocyte,type_Ionocyte,Soat1,3.9098864,3.1881282,9.233954703252473e-05,0.008908593593414341,0.25,0.04834605597964377,0.20165394402035625
type,Ionocyte,type_Ionocyte,Slmo2,3.9044838,2.5461395,9.442673845866556e-05,0.009056683844798678,0.5625,0.2363418649902709,0.3261581350097291
type,Ionocyte,type_Ionocyte,Ptrh2,3.8927207,2.573298,9.912628577003525e-05,0.009452152400664816,0.375,0.1001347103726987,0.2748652896273013
type,Ionocyte,type_Ionocyte,Pfkp,3.834765,3.4457402,0.00012568448424667592,0.011451951256276287,0.3125,0.07633587786259542,0.23616412213740456
type,Ionocyte,type_Ionocyte,Mccc1,3.7949712,2.8424234,0.00014766061507012865,0.013090712150082054,0.3125,0.07633587786259542,0.23616412213740456
type,Ionocyte,type_Ionocyte,Fah,3.7549007,2.2849977,0.00017341024108569495,0.014968954547613069,0.4375,0.1357581200419099,0.3017418799580901
type,Ionocyte,type_Ionocyte,Gclc,3.7297208,2.1195455,0.00019169203497891276,0.016205881781902826,0.6875,0.3385720700493938,0.3489279299506062
type,Ionocyte,type_Ionocyte,Hexb,3.7122235,2.4565082,0.0002054463582515461,0.017191457763691874,0.5625,0.2665768597515342,0.2959231402484658
type,Ionocyte,type_Ionocyte,Asgr1,3.56824,4.209135,0.0003593874381095136,0.02741541103457736,0.375,0.12363418649902709,0.2513658135009729
type,Ionocyte,type_Ionocyte,Eva1b,3.5496666,2.4732492,0.0003857193965454804,0.028625266166255315,0.3125,0.07932944170034426,0.23317055829965574
type,Ionocyte,type_Ionocyte,Cnpy3,3.5004344,2.3737617,0.0004645005906881687,0.03370917782246308,0.4375,0.15925759616823829,0.2782424038317617
type,Ionocyte,type_Ionocyte,Gch1,3.4504938,2.8900323,0.0005595619734715668,0.03856040305423179,0.375,0.12692710672055083,0.24807289327944917
type,Ionocyte,type_Ionocyte,Mrpl45,3.4103184,2.1923757,0.0006488710094112857,0.04361530092358401,0.4375,0.15012722646310434,0.28737277353689566
type,Ionocyte,type_Ionocyte,Atp6v1c2,3.4035635,2.0894759,0.0006651295326838507,0.04452567128795035,0.6875,0.44170034425984134,0.24579965574015866
type,Ionocyte,type_Ionocyte,Stau1,3.37389,2.5558758,0.0007411402357412991,0.04899287905292632,0.3125,0.08875916778925311,0.2237408322107469
type,Neuroendocrine,type_Neuroendocrine,Scn9a,45.32705,28.930264,0.0,0.0,0.30952380952380953,0.0,0.30952380952380953
type,Neuroendocrine,type_Neuroendocrine,Runx1t1,39.736626,28.598314,0.0,0.0,0.23809523809523808,0.0,0.23809523809523808
type,Neuroendocrine,type_Neuroendocrine,Insm1,42.649097,12.331299,0.0,0.0,0.2857142857142857,0.00015121729925903524,0.28556306841502666
type,Neuroendocrine,type_Neuroendocrine,Chgb,51.38303,11.387884,0.0,0.0,0.44047619047619047,0.0006048691970361409,0.43987132127915435
type,Neuroendocrine,type_Neuroendocrine,St8sia5,39.87867,11.300939,0.0,0.0,0.2619047619047619,0.00030243459851807047,0.26160232730624383
type,Neuroendocrine,type_Neuroendocrine,Pgf,45.045357,10.842771,0.0,0.0,0.35714285714285715,0.0007560864962951762,0.356386770646562
type,Neuroendocrine,type_Neuroendocrine,Ly6h,51.12499,10.773974,0.0,0.0,0.4642857142857143,0.0010585210948132466,0.46322719319090105
type,Neuroendocrine,type_Neuroendocrine,Scg2,49.979736,10.741015,0.0,0.0,0.42857142857142855,0.0007560864962951762,0.4278153420751334
type,Neuroendocrine,type_Neuroendocrine,Scg3,37.855804,10.68097,0.0,0.0,0.23809523809523808,0.00030243459851807047,0.23779280349672002
type,Neuroendocrine,type_Neuroendocrine,Pcsk1,43.78441,10.677561,0.0,0.0,0.32142857142857145,0.0004536518977771057,0.3209749195307943
type,Neuroendocrine,type_Neuroendocrine,Spock3,41.0111,10.599721,0.0,0.0,0.2857142857142857,0.0004536518977771057,0.28526063381650857
type,Neuroendocrine,type_Neuroendocrine,Chga,55.463913,10.531535,0.0,0.0,0.7142857142857143,0.004990170875548163,0.7092955434101661
type,Neuroendocrine,type_Neuroendocrine,Snap25,49.015507,10.337233,0.0,0.0,0.40476190476190477,0.0006048691970361409,0.40415703556486865
type,Neuroendocrine,type_Neuroendocrine,Tmem163,51.11288,10.215918,0.0,0.0,0.4642857142857143,0.0010585210948132466,0.46322719319090105
type,Neuroendocrine,type_Neuroendocrine,Ddc,48.57182,10.061967,0.0,0.0,0.4166666666666667,0.0009073037955542114,0.4157593628711125
type,Neuroendocrine,type_Neuroendocrine,Cxcl13,45.1357,9.9879675,0.0,0.0,0.5952380952380952,0.007107213065174656,0.5881308821729205
type,Neuroendocrine,type_Neuroendocrine,Tcerg1l,47.98476,9.880021,0.0,0.0,0.4166666666666667,0.0010585210948132466,0.41560814557185344
type,Neuroendocrine,type_Neuroendocrine,Elavl4,42.868763,9.876357,0.0,0.0,0.30952380952380953,0.0004536518977771057,0.3090701576260324
type,Neuroendocrine,type_Neuroendocrine,Resp18,38.22446,9.873862,0.0,0.0,0.2857142857142857,0.0010585210948132466,0.28465576461947245
type,Neuroendocrine,type_Neuroendocrine,Stmn3,44.65253,9.821675,0.0,0.0,0.36904761904761907,0.0010585210948132466,0.3679890979528058
type,Neuroendocrine,type_Neuroendocrine,Calca,42.171055,9.730159,0.0,0.0,0.6309523809523809,0.010887645546650537,0.6200647354057304
type,Neuroendocrine,type_Neuroendocrine,Ngf,53.059753,9.374573,0.0,0.0,0.6428571428571429,0.004234084379252987,0.6386230584778899
type,Neuroendocrine,type_Neuroendocrine,Scg5,52.264385,9.165154,0.0,0.0,0.7023809523809523,0.0063511265688794795,0.6960298258120728
type,Neuroendocrine,type_Neuroendocrine,Snca,42.687733,9.089374,0.0,0.0,0.39285714285714285,0.0021170421896264933,0.39074010066751635
type,Neuroendocrine,type_Neuroendocrine,Pkib,50.90179,8.98738,0.0,0.0,0.7261904761904762,0.008014516860728868,0.7181759593297473
type,Neuroendocrine,type_Neuroendocrine,Uchl1,46.30294,8.923271,0.0,0.0,0.5119047619047619,0.0037804324814758807,0.508124329423286
type,Neuroendocrine,type_Neuroendocrine,Ascl1,46.961952,8.714469,0.0,0.0,0.4880952380952381,0.0028731286859216693,0.4852221094093164
type,Neuroendocrine,type_Neuroendocrine,Nov,38.443333,8.044833,0.0,0.0,0.6428571428571429,0.015424164524421594,0.6274329783327213
type,Neuroendocrine,type_Neuroendocrine,Rundc3a,39.261593,7.188718,0.0,0.0,0.4642857142857143,0.0057462573718433385,0.458539456913871
type,Neuroendocrine,type_Neuroendocrine,Dusp26,37.2194,8.906037,3.3138755025553864e-303,1.81169573724703e-300,0.27380952380952384,0.0010585210948132466,0.2727510027147106
type,Neuroendocrine,type_Neuroendocrine,Olfm1,36.896065,7.073612,5.343415725728852e-298,2.827011655408997e-295,0.5,0.008921820656283079,0.49107817934371695
type,Neuroendocrine,type_Neuroendocrine,Kcnc1,36.799385,10.103628,1.8885567866701196e-296,9.679443705680198e-294,0.2261904761904762,0.00030243459851807047,0.22588804159195813
type,Neuroendocrine,type_Neuroendocrine,Mt3,35.93508,9.955382,8.656112115598252e-283,4.302087721452331e-280,0.2261904761904762,0.0004536518977771057,0.2257368242926991
type,Neuroendocrine,type_Neuroendocrine,Snhg11,35.81945,9.186018,5.5001917641540875e-281,2.653195444820329e-278,0.25,0.0009073037955542114,0.2490926962044458
type,Neuroendocrine,type_Neuroendocrine,Cib3,35.48474,7.066875,8.451949797658115e-276,3.960583675182592e-273,0.5714285714285714,0.014365643429608348,0.5570629279989631
type,Neuroendocrine,type_Neuroendocrine,Slc38a5,33.94745,8.739625,1.330147724345908e-252,6.059931340832566e-250,0.25,0.0013609556933313171,0.2486390443066687
type,Neuroendocrine,type_Neuroendocrine,Slc35d3,33.710083,7.3657837,4.1140563676283677e-249,1.823638877985753e-246,0.32142857142857145,0.00347799788295781,0.3179505735456136
type,Neuroendocrine,type_Neuroendocrine,Col8a1,31.942875,7.7792525,6.784934436009566e-224,2.7819927421248226e-221,0.2619047619047619,0.0022682594888855283,0.2596365024158764
type,Neuroendocrine,type_Neuroendocrine,Syp,31.942875,7.687604,6.784934436009566e-224,2.7819927421248226e-221,0.2619047619047619,0.0022682594888855283,0.2596365024158764
type,Neuroendocrine,type_Neuroendocrine,Tmem45b,31.827084,5.7530026,2.732336009808191e-222,1.0930010462649792e-219,0.5,0.013609556933313172,0.48639044306668683
type,Neuroendocrine,type_Neuroendocrine,Dll3,30.094645,7.024223,5.693669250953837e-199,2.0751526529976416e-196,0.2261904761904762,0.0018146075911084228,0.22437586859936776
type,Neuroendocrine,type_Neuroendocrine,Rab3b,29.293798,6.1541266,1.2440580092377864e-188,4.435607697719334e-186,0.40476190476190477,0.010433993648873431,0.39432791111303134
type,Neuroendocrine,type_Neuroendocrine,Aplp1,29.208689,7.220082,1.5041274782720737e-187,5.248764844923464e-185,0.2619047619047619,0.003326780583698775,0.25857798132106313
type,Neuroendocrine,type_Neuroendocrine,Kcnj1,27.867693,8.38577,6.5756226802553995e-171,2.0739766842090155e-168,0.20238095238095238,0.0018146075911084228,0.20056634478984395
type,Neuroendocrine,type_Neuroendocrine,Syt7,27.70942,6.4377284,5.376571744534952e-169,1.6637953430588254e-166,0.39285714285714285,0.011492514743686677,0.38136462811345617
type,Neuroendocrine,type_Neuroendocrine,Tubb3,27.348562,7.1564856,1.1232762091938657e-164,3.349609655816107e-162,0.20238095238095238,0.001965824890367458,0.20041512749058493
type,Neuroendocrine,type_Neuroendocrine,Homer2,27.259819,5.7741866,1.2712168095952189e-163,3.723076231101997e-161,0.5833333333333334,0.030092242552548013,0.5532410907807853
type,Neuroendocrine,type_Neuroendocrine,Cryba2,27.12303,5.991571,5.269282005743542e-162,1.5161665644947337e-159,0.34523809523809523,0.008770603357024044,0.33646749188107117
type,Neuroendocrine,type_Neuroendocrine,Upp1,27.0447,5.812365,4.408947709532473e-161,1.2467439893800359e-158,0.5714285714285714,0.029033721457734765,0.5423948499708366
type,Neuroendocrine,type_Neuroendocrine,Bex4,26.875471,6.5099216,4.2511008424803474e-159,1.0894110143362528e-156,0.36904761904761907,0.010736428247391502,0.35831119080022755
type,Neuroendocrine,type_Neuroendocrine,Gzma,26.361155,6.474173,3.823520247346052e-153,9.088341387930811e-151,0.2976190476190476,0.00665356116739755,0.29096548645165005
type,Neuroendocrine,type_Neuroendocrine,Hepacam2,26.33239,5.059683,8.167158242414524e-153,1.886613553997755e-150,0.4642857142857143,0.018599727808861332,0.445685986476853
type,Neuroendocrine,type_Neuroendocrine,Lrp11,26.272491,6.0666046,3.956188455769344e-152,9.011867619871252e-150,0.34523809523809523,0.009677907152578255,0.33556018808551696
type,Neuroendocrine,type_Neuroendocrine,Cplx2,25.83159,6.094227,3.9180996240035e-147,8.802842730586494e-145,0.38095238095238093,0.012853470437017995,0.3680989105153629
type,Neuroendocrine,type_Neuroendocrine,Tmem171,24.562986,6.8362117,3.1423381613723672e-133,6.209335925863638e-131,0.2261904761904762,0.004082867079993951,0.22210760911048225
type,Neuroendocrine,type_Neuroendocrine,Vwf,23.757105,6.1482115,9.278376375722127e-125,1.790290011037866e-122,0.2976190476190476,0.008921820656283079,0.28869722696276456
type,Neuroendocrine,type_Neuroendocrine,Espn,23.361511,4.6999965,1.0527445468050684e-120,1.9620526491079463e-118,0.5952380952380952,0.04279449569030697,0.5524435995477882
type,Neuroendocrine,type_Neuroendocrine,Serpinb12,22.287369,5.084084,4.899629663839911e-110,8.370711053816498e-108,0.4642857142857143,0.028277634961439587,0.4360080793242747
type,Neuroendocrine,type_Neuroendocrine,Hist3h2ba,20.904173,5.8687916,4.906350186816404e-97,7.737408597497677e-95,0.23809523809523808,0.007409647663692727,0.23068559043154535
type,Neuroendocrine,type_Neuroendocrine,Meis2,20.88305,5.0303783,7.635772769175053e-97,1.1927077065451433e-94,0.4642857142857143,0.03311658853772872,0.4311691257479856
type,Neuroendocrine,type_Neuroendocrine,Dmpk,20.182821,5.981072,1.386048504829113e-90,2.029694779259132e-88,0.21428571428571427,0.0063511265688794795,0.2079345877168348
type,Neuroendocrine,type_Neuroendocrine,Cacna2d1,20.002953,4.7230873,5.1907190206349686e-89,7.402868057168185e-87,0.5119047619047619,0.044155451383638286,0.46774931052112356
type,Neuroendocrine,type_Neuroendocrine,Tesc,19.184504,5.9496155,4.986837842526509e-82,6.815760621273106e-80,0.21428571428571427,0.007258430364433691,0.20702728392128059
type,Neuroendocrine,type_Neuroendocrine,Mthfd2,19.135084,4.920877,1.2887051891913407e-81,1.746781306440263e-79,0.40476190476190477,0.029638590654770907,0.37512331410713384
type,Neuroendocrine,type_Neuroendocrine,Tekt5,19.06932,5.043027,4.541692262591501e-81,6.105597934324854e-79,0.2619047619047619,0.011492514743686677,0.25041224716107524
type,Neuroendocrine,type_Neuroendocrine,Selm,19.062763,4.4510427,5.148339045196526e-81,6.864870624412051e-79,0.5238095238095238,0.05050657795251777,0.47330294585700605
type,Neuroendocrine,type_Neuroendocrine,Bex1,18.242998,4.8359995,2.3520030938961567e-74,3.0136877142961616e-72,0.44047619047619047,0.03931649780734916,0.40115969266884133
type,Neuroendocrine,type_Neuroendocrine,Ckb,17.814781,4.288071,5.427006218336739e-71,6.846794537456989e-69,0.5476190476190477,0.06320883109027672,0.4844102165287709
type,Neuroendocrine,type_Neuroendocrine,Serpine2,17.252266,4.104964,1.0759390077188332e-66,1.2515230968508214e-64,0.4642857142857143,0.04733101466807803,0.41695469961763626
type,Neuroendocrine,type_Neuroendocrine,Cited4,17.128078,4.268072,9.163075907224154e-66,1.0583352672843898e-63,0.4523809523809524,0.04627249357326478,0.4061084588076876
type,Neuroendocrine,type_Neuroendocrine,Hoxb5,16.361198,4.798033,3.619354431917826e-60,4.038165444754031e-58,0.2976190476190476,0.021472856494783005,0.27614619112426464
type,Neuroendocrine,type_Neuroendocrine,Enho,15.909479,4.03897,5.446444634938901e-57,5.955142563842194e-55,0.4166666666666667,0.044609103281415395,0.3720575633852513
type,Neuroendocrine,type_Neuroendocrine,1500009L16Rik,15.487316,4.4467144,4.2256278995400703e-54,4.304628768966254e-52,0.2261904761904762,0.0133071223347951,0.21288335385568108
type,Neuroendocrine,type_Neuroendocrine,B630019K06Rik,15.297496,4.0420055,7.945586086378843e-53,7.404293034244285e-51,0.42857142857142855,0.05186753364584908,0.3767038949255795
type,Neuroendocrine,type_Neuroendocrine,Car11,14.75163,4.6606016,3.003212435757448e-49,2.751714366416643e-47,0.2261904761904762,0.014970512626644488,0.21121996356383171
type,Neuroendocrine,type_Neuroendocrine,Tmem158,14.722157,4.2596984,4.646017002643476e-49,4.233295825575314e-47,0.8214285714285714,0.25948888552850446,0.5619396859000669
type,Neuroendocrine,type_Neuroendocrine,Bex2,14.683906,4.1191845,8.174382709976408e-49,7.407074631288567e-47,0.5952380952380952,0.11885679721760169,0.47638129802049356
type,Neuroendocrine,type_Neuroendocrine,Cpe,14.651566,4.1743655,1.3164669292387354e-48,1.1863392366178295e-46,0.27380952380952384,0.022380160290337216,0.2514293635191866
type,Neuroendocrine,type_Neuroendocrine,Ttr,14.233811,4.2495365,5.651576820161555e-46,4.956765316976988e-44,0.3333333333333333,0.03493119612883714,0.29840213720449615
type,Neuroendocrine,type_Neuroendocrine,Dnajc12,14.060251,4.2200813,6.664960655281633e-45,5.753264195119688e-43,0.6309523809523809,0.15121729925903524,0.47973508169334567
type,Neuroendocrine,type_Neuroendocrine,Gch1,13.559372,3.7564437,6.973065345054526e-42,5.956523162720796e-40,0.5714285714285714,0.1218811432027824,0.44954742822578897
type,Neuroendocrine,type_Neuroendocrine,Nrxn1,13.36747,3.7536643,9.367370642539177e-41,7.960323622190935e-39,0.2976190476190476,0.03115076364736126,0.26646828397168637
type,Neuroendocrine,type_Neuroendocrine,Snrpn,12.790847,3.6648622,1.844537247886414e-37,1.4269931793672204e-35,0.40476190476190477,0.06487222138212612,0.33988968337977865
type,Neuroendocrine,type_Neuroendocrine,Degs2,12.461799,3.912513,1.206188380731919e-35,8.638731717198342e-34,0.30952380952380953,0.039467715106608195,0.27005609441720135
type,Neuroendocrine,type_Neuroendocrine,Sult2b1,12.44396,3.6985471,1.508350624468755e-35,1.0755851561700892e-33,0.40476190476190477,0.06774535006804779,0.337016554693857
type,Neuroendocrine,type_Neuroendocrine,Agpat4,12.327738,3.996539,6.422451501210039e-35,4.482324556227483e-33,0.23809523809523808,0.023741115983668532,0.21435412211156954
type,Neuroendocrine,type_Neuroendocrine,Foxa2,12.212464,4.0567756,2.66688593626615e-34,1.853372722063607e-32,0.32142857142857145,0.044609103281415395,0.2768194681471561
type,Neuroendocrine,type_Neuroendocrine,Arg1,12.159951,3.6360848,5.078894280200302e-34,3.5147234215006393e-32,0.27380952380952384,0.0317556328443974,0.24205389096512644
type,Neuroendocrine,type_Neuroendocrine,Atp6v0e2,12.043302,3.3405533,2.1036463777941145e-33,1.449659842109297e-31,0.47619047619047616,0.09919854831392712,0.37699192787654906
type,Neuroendocrine,type_Neuroendocrine,Car8,12.008899,3.071548,3.19066234034018e-33,2.189541968364824e-31,0.8571428571428571,0.48676848631483444,0.37037437082802266
type,Neuroendocrine,type_Neuroendocrine,Lysmd2,11.82894,3.6524966,2.7661186710372464e-32,1.8824527935137707e-30,0.32142857142857145,0.04672614547104189,0.2747024259575296
type,Neuroendocrine,type_Neuroendocrine,Fhl2,11.806124,3.4144611,3.629099327954921e-32,2.439379429417568e-30,0.4166666666666667,0.07848177831543929,0.3381848883512274
type,Neuroendocrine,type_Neuroendocrine,Map1b,11.506221,3.8832967,1.2274078212843777e-30,8.052286270754031e-29,0.2619047619047619,0.03266293663995161,0.2292418252648103
type,Neuroendocrine,type_Neuroendocrine,H1fx,11.19214,3.0960784,4.4554961432693246e-29,2.8883238041802447e-27,0.2976190476190476,0.04218962649327083,0.25542942112577677
type,Neuroendocrine,type_Neuroendocrine,Atp6v0b,11.104826,2.2659037,1.1884916026109052e-28,7.644098342910375e-27,0.9285714285714286,0.7013458339634054,0.22722559460802316
type,Neuroendocrine,type_Neuroendocrine,Tuba1a,11.03784,3.1544354,2.5099393536259074e-28,1.608027942922598e-26,0.8452380952380952,0.44775442310600333,0.3974836721320919
type,Neuroendocrine,type_Neuroendocrine,Pip5k1b,10.848166,3.799885,2.034661900172128e-27,1.2736828177375217e-25,0.25,0.033267805836987754,0.21673219416301226
type,Neuroendocrine,type_Neuroendocrine,Igfbp5,10.838476,2.9221122,2.2620724987646435e-27,1.4053125398575347e-25,0.8095238095238095,0.4566762437622864,0.35284756576152315
type,Neuroendocrine,type_Neuroendocrine,Fdft1,10.534074,3.023044,6.017244410621988e-26,3.601781955423768e-24,0.5119047619047619,0.1429003477997883,0.36900441410497353
type,Neuroendocrine,type_Neuroendocrine,Guk1,10.378238,2.4915555,3.1147275136684017e-25,1.824451641131266e-23,0.8214285714285714,0.4690760623015273,0.3523525091270441
type,Neuroendocrine,type_Neuroendocrine,Pclo,10.285862,3.6199691,8.160844846934955e-25,4.7128878991049365e-23,0.25,0.03644336912142749,0.21355663087857252
type,Neuroendocrine,type_Neuroendocrine,Vamp2,10.092647,2.9137352,5.9542149436582006e-24,3.288049807775695e-22,0.5595238095238095,0.18750945108120368,0.3720143584426059
type,Neuroendocrine,type_Neuroendocrine,Ptp4a3,10.085247,2.759934,6.4203214501484284e-24,3.533546714895449e-22,0.5238095238095238,0.15998790261605927,0.36382162119346456
type,Neuroendocrine,type_Neuroendocrine,Fdps,9.866182,3.0850253,5.834272375949317e-23,3.1270555960112662e-21,0.5238095238095238,0.17541206714048088,0.348397456669043
type,Neuroendocrine,type_Neuroendocrine,Cystm1,9.810168,2.379541,1.0179860345929094e-22,5.438432883830067e-21,0.8095238095238095,0.5156509904733102,0.29387281905049933
type,Neuroendocrine,type_Neuroendocrine,Ttc3,9.776388,2.9383228,1.4219449341845833e-22,7.571856774532906e-21,0.4166666666666667,0.1064569786783608,0.3102096879883059
type,Neuroendocrine,type_Neuroendocrine,Rbp4,9.736917,3.0526495,2.0982466955474313e-22,1.1137004548114375e-20,0.42857142857142855,0.11432027823983064,0.3142511503315979
type,Neuroendocrine,type_Neuroendocrine,Tubb2b,9.694045,3.0746777,3.1961309936012824e-22,1.6694186122947334e-20,0.3333333333333333,0.06986239225767428,0.26347094107565905
type,Neuroendocrine,type_Neuroendocrine,Fam174a,9.591639,2.6873994,8.669675948002134e-22,4.485531710510505e-20,0.6666666666666666,0.31181007107213066,0.354856595594536
type,Neuroendocrine,type_Neuroendocrine,Cd24a,9.56198,2.2727056,1.1552487950519334e-21,5.866017178838006e-20,0.8928571428571429,0.6703462876153032,0.22251085524183967
type,Neuroendocrine,type_Neuroendocrine,Gstm5,9.506486,2.8746073,1.9721154111454114e-21,9.89133481902015e-20,0.5,0.16512929079086647,0.33487070920913353
type,Neuroendocrine,type_Neuroendocrine,Ccdc85b,9.204795,2.8982573,3.423258887623104e-20,1.6610907992871755e-18,0.38095238095238093,0.09708150612430062,0.2838708748280803
type,Neuroendocrine,type_Neuroendocrine,Rab3a,8.902446,2.9435716,5.462946355592715e-19,2.5820686794834617e-17,0.38095238095238093,0.10449115378799334,0.2764612271643876
type,Neuroendocrine,type_Neuroendocrine,Tspan3,8.888822,2.010196,6.176050707342448e-19,2.9107301049173417e-17,0.7738095238095238,0.4312717374867685,0.34253778632275533
type,Neuroendocrine,type_Neuroendocrine,Igsf8,8.617134,2.5585375,6.865064597653287e-18,3.018603873086101e-16,0.4166666666666667,0.12414940269166792,0.2925172639749988
type,Neuroendocrine,type_Neuroendocrine,Celf4,8.4624195,2.8060143,2.618858576347844e-17,1.1332955016010815e-15,0.2857142857142857,0.06320883109027672,0.22250545462400897
type,Neuroendocrine,type_Neuroendocrine,Grasp,8.247315,2.3029041,1.6199201251588867e-16,6.865196375382662e-15,0.5714285714285714,0.2522304551640708,0.3191981162645006
type,Neuroendocrine,type_Neuroendocrine,Prnp,8.169802,2.1217039,3.088970815524559e-16,1.2954390668929078e-14,0.6666666666666666,0.36261908362316647,0.30404758304350016
type,Neuroendocrine,type_Neuroendocrine,Tmem184a,8.169149,2.4485364,3.105720352218291e-16,1.2961048217998013e-14,0.4642857142857143,0.16845607137456525,0.29582964291114905
type,Neuroendocrine,type_Neuroendocrine,Serinc1,7.9768324,2.170058,1.5013638722950288e-15,6.171395706644303e-14,0.5476190476190477,0.2424013307122335,0.3052177169068142
type,Neuroendocrine,type_Neuroendocrine,Rap1gap,7.7670865,2.7508247,8.031195699328609e-15,3.1739672449322537e-13,0.32142857142857145,0.09088159685468017,0.23054697457389128
type,Neuroendocrine,type_Neuroendocrine,Eif1b,7.7108135,2.1237583,1.2501822292657051e-14,4.881961605282579e-13,0.6666666666666666,0.42431574172085285,0.24235092494581378
type,Neuroendocrine,type_Neuroendocrine,Aip,7.581511,2.1833963,3.415535228114068e-14,1.2997260620951004e-12,0.5119047619047619,0.21956751852411915,0.2923372433806427
type,Neuroendocrine,type_Neuroendocrine,Ints12,7.5791225,2.4995363,3.478997026958315e-14,1.3208108851653546e-12,0.2976190476190476,0.07938908211099349,0.21822996550805412
type,Neuroendocrine,type_Neuroendocrine,Bzw2,7.4402337,2.0660748,1.0050743522123207e-13,3.687745962110575e-12,0.4642857142857143,0.17647058823529413,0.28781512605042014
type,Neuroendocrine,type_Neuroendocrine,Eid1,7.360394,2.320768,1.8336812805391897e-13,6.698041577310301e-12,0.40476190476190477,0.14864660517163164,0.2561152995902731
type,Neuroendocrine,type_Neuroendocrine,Tmprss4,7.3116646,2.5327296,2.638530735816775e-13,9.49003127151994e-12,0.32142857142857145,0.09768637532133675,0.2237421961072347
type,Neuroendocrine,type_Neuroendocrine,Psip1,7.310572,2.5331743,2.660071333164333e-13,9.546571101800486e-12,0.35714285714285715,0.12172992590352337,0.23541293123933377
type,Neuroendocrine,type_Neuroendocrine,Klc1,7.253907,2.4703188,4.049177963533556e-13,1.4437079952155185e-11,0.32142857142857145,0.09693028882504158,0.2244982826035299
type,Neuroendocrine,type_Neuroendocrine,Aldoc,6.9759135,2.554766,3.0388921493434397e-12,1.0241733616112119e-10,0.3333333333333333,0.11250567064872222,0.2208276626846111
type,Neuroendocrine,type_Neuroendocrine,Actn1,6.900239,2.0371928,5.191506549811288e-12,1.7306077016962384e-10,0.47619047619047616,0.20973839407228187,0.26645208211819427
type,Neuroendocrine,type_Neuroendocrine,Agfg2,6.709252,2.084017,1.956245150498271e-11,6.391310102255407e-10,0.4166666666666667,0.1713292000604869,0.24533746660617978
type,Neuroendocrine,type_Neuroendocrine,Cnn3,6.681217,2.2701244,2.369653677734217e-11,7.711248009626764e-10,0.3333333333333333,0.1137154090427945,0.21961792429053884
type,Neuroendocrine,type_Neuroendocrine,Acyp2,6.605481,2.3828037,3.962288829522672e-11,1.2594088971511889e-09,0.38095238095238093,0.15242703765310753,0.2285253432992734
type,Neuroendocrine,type_Neuroendocrine,Pea15a,6.44514,2.0630045,1.154938315855412e-10,3.54058753613918e-09,0.3333333333333333,0.1167397550279752,0.2165935783053581
type,Neuroendocrine,type_Neuroendocrine,Ubqln2,6.392878,2.2451398,1.627919252452403e-10,4.944352529531826e-09,0.30952380952380953,0.1081203689702102,0.20140344055359932
type,Neuroendocrine,type_Neuroendocrine,Emc9,6.322805,2.1129699,2.568575782868509e-10,7.673444702154175e-09,0.34523809523809523,0.13246635415091487,0.21277174108718036
type,Neuroendocrine,type_Neuroendocrine,Slc25a33,6.042304,2.1912923,1.5192864218952482e-09,4.091595501724789e-08,0.38095238095238093,0.17148041735974595,0.20947196359263498
type,Neuroendocrine,type_Neuroendocrine,Gmds,5.931144,2.1009574,3.0083110509310297e-09,7.919632350934161e-08,0.36904761904761907,0.16331468319975806,0.205732935847861
type,Tuft,type_Tuft,Gnat3,65.49731,12.406229,0.0,0.0,0.6861313868613139,0.0009146341463414635,0.6852167527149725
type,Tuft,type_Tuft,Trpm5,67.71625,11.80025,0.0,0.0,0.7664233576642335,0.001829268292682927,0.7645940893715506
type,Tuft,type_Tuft,Rgs13,65.91761,11.655544,0.0,0.0,0.7007299270072993,0.0010670731707317074,0.6996628538365676
type,Tuft,type_Tuft,Ly6g6f,67.27761,11.546213,0.0,0.0,0.7518248175182481,0.001676829268292683,0.7501479882499554
type,Tuft,type_Tuft,Nrgn,55.324142,11.512706,0.0,0.0,0.49635036496350365,0.0007621951219512195,0.49558816984155246
type,Tuft,type_Tuft,Hmx2,53.0263,11.449269,0.0,0.0,0.45255474452554745,0.0006097560975609756,0.45194498842798647
type,Tuft,type_Tuft,Ovol3,57.716938,11.065909,0.0,0.0,0.583941605839416,0.0019817073170731708,0.5819598985223429
type,Tuft,type_Tuft,Lrmp,49.988453,10.768601,0.0,0.0,0.8175182481751825,0.020579268292682928,0.7969389798824995
type,Tuft,type_Tuft,1810046K07Rik,58.591103,10.638644,0.0,0.0,0.5766423357664233,0.001371951219512195,0.5752703845469112
type,Tuft,type_Tuft,Ltc4s,57.681683,10.56805,0.0,0.0,0.8248175182481752,0.011432926829268292,0.8133845914189068
type,Tuft,type_Tuft,Sh2d6,62.936573,10.563947,0.0,0.0,0.7007299270072993,0.0025914634146341465,0.6981384635926652
type,Tuft,type_Tuft,Fyb,56.66208,10.496614,0.0,0.0,0.5547445255474452,0.001676829268292683,0.5530676962791525
type,Tuft,type_Tuft,Hck,61.768066,10.482631,0.0,0.0,0.6788321167883211,0.0025914634146341465,0.676240653373687
type,Tuft,type_Tuft,Pik3r5,55.375122,10.478414,0.0,0.0,0.5328467153284672,0.001676829268292683,0.5311698860601745
type,Tuft,type_Tuft,Nkd1,53.296715,10.432628,0.0,0.0,0.48175182481751827,0.0012195121951219512,0.4805323126223963
type,Tuft,type_Tuft,Sh2d7,55.70726,10.351579,0.0,0.0,0.5328467153284672,0.001524390243902439,0.5313223250845648
type,Tuft,type_Tuft,Gng13,54.792152,10.34601,0.0,0.0,0.8102189781021898,0.013719512195121951,0.7964994659070679
type,Tuft,type_Tuft,Vav1,52.0251,10.27484,0.0,0.0,0.46715328467153283,0.001371951219512195,0.46578133345202066
type,Tuft,type_Tuft,Atp1a2,50.027443,10.036523,0.0,0.0,0.45255474452554745,0.001829268292682927,0.4507254762328645
type,Tuft,type_Tuft,Matk,58.703064,9.917137,0.0,0.0,0.656934306569343,0.003658536585365854,0.6532757699839772
type,Tuft,type_Tuft,Gnb3,47.139664,9.703697,0.0,0.0,0.6277372262773723,0.011432926829268292,0.6163042994481039
type,Tuft,type_Tuft,Avil,57.534733,9.2083,0.0,0.0,0.7153284671532847,0.0065548780487804876,0.7087735891045042
type,Tuft,type_Tuft,Spib,47.550705,8.92228,0.0,0.0,0.4306569343065693,0.0022865853658536584,0.4283703489407157
type,Tuft,type_Tuft,Cd300lf,41.812393,8.868913,0.0,0.0,0.3357664233576642,0.001829268292682927,0.3339371550649813
type,Tuft,type_Tuft,Dclk1,48.238167,8.756475,0.0,0.0,0.6058394160583942,0.009146341463414634,0.5966930745949796
type,Tuft,type_Tuft,Pik3cg,47.076412,8.633941,0.0,0.0,0.45985401459854014,0.00350609756097561,0.45634791703756455
type,Tuft,type_Tuft,Inpp5d,37.723415,8.505358,0.0,0.0,0.27007299270072993,0.001371951219512195,0.26870104148121776
type,Tuft,type_Tuft,Alox5ap,40.967873,8.411525,0.0,0.0,0.7153284671532847,0.027591463414634147,0.6877370037386505
type,Tuft,type_Tuft,Fxyd6,48.82987,8.301958,0.0,0.0,0.6642335766423357,0.01173780487804878,0.652495771764287
type,Tuft,type_Tuft,Alox5,48.76965,8.239005,0.0,0.0,0.5109489051094891,0.004420731707317073,0.506528173402172
type,Tuft,type_Tuft,Hepacam2,51.77938,7.7516794,0.0,0.0,0.6934306569343066,0.010213414634146342,0.6832172423001602
type,Tuft,type_Tuft,Selm,40.81109,7.328827,0.0,0.0,0.8248175182481752,0.040396341463414635,0.7844211767847605
type,Tuft,type_Tuft,Tmem45b,46.281693,7.2396965,0.0,0.0,0.5620437956204379,0.008384146341463415,0.5536596492789745
type,Tuft,type_Tuft,Espn,42.580837,7.197748,0.0,0.0,0.8102189781021898,0.03384146341463415,0.7763775146875557
type,Tuft,type_Tuft,Vsig2,37.199654,9.210657,6.912500170082038e-303,3.239197579700443e-300,0.24817518248175183,0.0009146341463414635,0.24726054833541036
type,Tuft,type_Tuft,Etv1,36.567276,6.470372,9.477778711033661e-293,4.3179180177684193e-290,0.6204379562043796,0.026371951219512194,0.5940660049848674
type,Tuft,type_Tuft,Prss53,36.55273,7.6916237,1.613590587377443e-292,7.152567357723634e-290,0.291970802919708,0.0025914634146341465,0.2893793395050739
type,Tuft,type_Tuft,B4galt6,35.893944,8.744277,3.797144711748712e-282,1.6388676425629112e-279,0.23357664233576642,0.0009146341463414635,0.23266200818942495
type,Tuft,type_Tuft,Mctp1,35.645325,7.450548,2.7840167459936945e-278,1.1707861192575023e-275,0.3357664233576642,0.005030487804878049,0.3307359355527862
type,Tuft,type_Tuft,Il25,35.421738,8.735752,7.902440914792753e-275,3.240198336087898e-272,0.23357664233576642,0.0010670731707317074,0.2325095691650347
type,Tuft,type_Tuft,Sox9,35.179424,6.5125933,4.1270501124181267e-271,1.6509207047260902e-268,0.46715328467153283,0.01402439024390244,0.4531288944276304
type,Tuft,type_Tuft,Ms4a15,34.93354,9.7393,2.302513177462111e-267,8.991313957989545e-265,0.2116788321167883,0.0006097560975609756,0.21106907601922734
type,Tuft,type_Tuft,Otos,34.80833,9.987934,1.819601933187543e-265,6.94030030376951e-263,0.20437956204379562,0.00045731707317073173,0.2039222449706249
type,Tuft,type_Tuft,Sucnr1,33.708595,9.29764,4.3258040382102137e-249,1.6124434552428572e-246,0.20437956204379562,0.0007621951219512195,0.2036173669218444
type,Tuft,type_Tuft,Rac2,33.662167,7.4234233,2.069497658481478e-248,7.542629132612161e-246,0.34306569343065696,0.006859756097560976,0.336205937333096
type,Tuft,type_Tuft,Cryba2,32.98376,6.190731,1.3885331495305716e-238,4.744444205302272e-236,0.3284671532846715,0.0064024390243902435,0.32206471426028127
type,Tuft,type_Tuft,Pde2a,32.755135,6.954373,2.5657211587540978e-235,8.587835249944074e-233,0.32116788321167883,0.00625,0.31491788321167885
type,Tuft,type_Tuft,Zfp428,32.4618,6.4024096,3.691861389818188e-231,1.2110043730881619e-228,0.7737226277372263,0.06417682926829268,0.7095457984689336
type,Tuft,type_Tuft,Pou2f3,30.665339,6.1426296,1.65042468759719e-206,5.107285905902173e-204,0.3357664233576642,0.00899390243902439,0.32677252091863984
type,Tuft,type_Tuft,Camk2b,30.251377,6.833841,5.004176688015525e-201,1.5198796640767151e-198,0.24087591240875914,0.00350609756097561,0.23736981484778352
type,Tuft,type_Tuft,Ero1lb,30.185635,5.96933,3.6564985279549296e-200,1.09036786103616e-197,0.43795620437956206,0.018902439024390243,0.4190537653551718
type,Tuft,type_Tuft,Atp2a3,29.84007,5.898784,1.1810758187084907e-195,3.3983902636206936e-193,0.5912408759124088,0.04070121951219512,0.5505396564002137
type,Tuft,type_Tuft,1500009L16Rik,27.509443,5.6045218,1.3535587554163009e-166,3.639297893046353e-164,0.30656934306569344,0.009908536585365854,0.2966608064803276
type,Tuft,type_Tuft,Ccdc109b,27.47052,5.4086404,3.951788316575165e-166,1.0453754867766013e-163,0.5182481751824818,0.0361280487804878,0.482120126401994
type,Tuft,type_Tuft,Chdh,27.15674,6.337061,2.1079832098934514e-162,5.4020363477285154e-160,0.21897810218978103,0.0041158536585365856,0.21486224853124444
type,Tuft,type_Tuft,Upp1,26.457447,5.198848,2.995484231759556e-154,7.558297982321304e-152,0.44525547445255476,0.02728658536585366,0.4179688890867011
type,Tuft,type_Tuft,Foxe1,24.97691,4.987561,1.0896133936956722e-137,2.5170069394370028e-135,0.3722627737226277,0.020731707317073172,0.35153106640555454
type,Tuft,type_Tuft,Ptpn6,24.502254,4.9588366,1.3976063548935178e-132,3.140019428302546e-130,0.6277372262773723,0.07439024390243902,0.5533469823749333
type,Tuft,type_Tuft,Ccdc28b,24.49897,5.1052837,1.5149274903969474e-132,3.357611590540586e-130,0.7153284671532847,0.10335365853658536,0.6119748086166993
type,Tuft,type_Tuft,Bmx,23.492428,4.719074,4.87456644236071e-122,9.993470527644752e-120,0.49635036496350365,0.04649390243902439,0.44985646252447925
type,Tuft,type_Tuft,Cited4,23.480072,5.0417256,6.519128838493545e-122,1.3200028651868227e-119,0.4744525547445255,0.04253048780487805,0.43192206693964746
type,Tuft,type_Tuft,Coprs,23.217442,4.7206526,3.0352433899085376e-119,5.9977140768542075e-117,0.656934306569343,0.09344512195121951,0.5634891846181236
type,Tuft,type_Tuft,Itgb7,23.18368,5.0938253,6.652676594972925e-119,1.2989351051684634e-116,0.3795620437956204,0.02621951219512195,0.35334253160049844
type,Tuft,type_Tuft,Hap1,23.023193,5.0051646,2.730726103678268e-117,5.207748700747358e-115,0.4233576642335766,0.03429878048780488,0.38905888374577174
type,Tuft,type_Tuft,Rassf6,22.367882,4.412857,8.088844144181479e-111,1.507558327371823e-108,0.5474452554744526,0.06478658536585366,0.48265867010859886
type,Tuft,type_Tuft,Plac8,22.367264,6.1413965,8.20137631465778e-111,1.511356999288789e-108,0.8102189781021898,0.17972560975609755,0.6304933683460923
type,Tuft,type_Tuft,Ank,21.868528,4.516951,5.18009342079806e-106,9.135345397259029e-104,0.4306569343065693,0.03932926829268293,0.3913276660138864
type,Tuft,type_Tuft,Cnn3,21.675053,4.39176,3.528339013453812e-104,6.091398753647997e-102,0.656934306569343,0.10518292682926829,0.5517513797400747
type,Tuft,type_Tuft,Degs2,21.586367,4.8525343,2.4125369905203067e-103,4.1216686647420363e-101,0.40145985401459855,0.03536585365853658,0.366094000356062
type,Tuft,type_Tuft,Chn2,21.421812,5.6187086,8.366936272379956e-102,1.3861224424576129e-99,0.25547445255474455,0.012957317073170731,0.2425171354815738
type,Tuft,type_Tuft,Rab11fip4,19.872149,4.5496693,7.090306261477653e-88,1.047640657608063e-85,0.31386861313868614,0.024390243902439025,0.2894783692362471
type,Tuft,type_Tuft,Ptpn18,19.679321,4.966413,3.2431596237308834e-86,4.749201874000912e-84,0.8321167883211679,0.2634146341463415,0.5687021541748264
type,Tuft,type_Tuft,Ethe1,19.636877,4.325807,7.486160556997814e-86,1.0865532681001872e-83,0.7883211678832117,0.2152439024390244,0.5730772654441874
type,Tuft,type_Tuft,Rab3b,19.620853,4.6574097,1.0261691926644879e-85,1.4763334148149356e-83,0.21897810218978103,0.011128048780487804,0.20785005340929322
type,Tuft,type_Tuft,Gamt,18.68047,4.2578115,7.138904208137177e-78,9.59714491128343e-76,0.35766423357664234,0.03689024390243902,0.32077398967420334
type,Tuft,type_Tuft,Tspan6,18.519604,4.1105633,1.4348676817589517e-76,1.9132735649210216e-74,0.44525547445255476,0.06067073170731707,0.3845847427452377
type,Tuft,type_Tuft,Clmn,18.48698,4.228466,2.6286987947025908e-76,3.4490631145533754e-74,0.43795620437956206,0.059298780487804875,0.37865742389175716
type,Tuft,type_Tuft,Igsf8,18.342035,4.1079783,3.8222182992201593e-75,4.9360789232684906e-73,0.5912408759124088,0.11814024390243902,0.47310063200996977
type,Tuft,type_Tuft,Rgs2,18.259068,3.8907125,1.752571682837402e-74,2.245619388298143e-72,0.8394160583941606,0.28003048780487805,0.5593855705892825
type,Tuft,type_Tuft,Bcl2l14,18.237864,4.5110507,2.5836209005398756e-74,3.284803596105e-72,0.3722627737226277,0.04314024390243902,0.3291225298201887
type,Tuft,type_Tuft,Ly6g6d,18.012568,4.2747245,1.552596572998795e-72,1.958779722596403e-70,0.4306569343065693,0.06021341463414634,0.37044351967242295
type,Tuft,type_Tuft,Cadps2,17.550768,4.3615136,5.868046874501868e-69,7.076605646228319e-67,0.40145985401459855,0.054878048780487805,0.34658180523411075
type,Tuft,type_Tuft,Ptgs1,17.520218,3.8578796,1.004405561307471e-68,1.2024274168615938e-66,0.39416058394160586,0.051067073170731704,0.34309351077087413
type,Tuft,type_Tuft,Slitrk6,17.183125,4.36502,3.5525039015359587e-66,4.1916990279921763e-64,0.26277372262773724,0.022865853658536585,0.23990786896920066
type,Tuft,type_Tuft,Pnpla6,17.044357,4.0919733,3.849556654523625e-65,4.4777715383575874e-63,0.34306569343065696,0.04085365853658537,0.3022120348940716
type,Tuft,type_Tuft,Anxa4,16.728785,3.9213436,8.087108563499627e-63,9.084703256846395e-61,0.8321167883211679,0.38689024390243903,0.44522654441872883
type,Tuft,type_Tuft,Ivns1abp,16.690706,3.5257583,1.5314944308497785e-62,1.6971648757004878e-60,0.6131386861313869,0.15182926829268292,0.46130941783870394
type,Tuft,type_Tuft,Lmo2,16.541704,4.5272317,1.8375134244208236e-61,1.9827011627582848e-59,0.31386861313868614,0.036585365853658534,0.2772832472850276
type,Tuft,type_Tuft,Reep5,16.200485,3.0764508,5.003017710552871e-59,5.293838288437266e-57,0.948905109489051,0.6640243902439025,0.2848807192451486
type,Tuft,type_Tuft,Lyrm9,15.452361,4.003898,7.272970097664437e-54,6.81622757553111e-52,0.29927007299270075,0.037347560975609755,0.261922512017091
type,Tuft,type_Tuft,Ttc25,15.268216,4.0447197,1.2453322160877592e-52,1.1410443394444325e-50,0.24817518248175183,0.025762195121951218,0.2224129873598006
type,Tuft,type_Tuft,Cystm1,15.006285,3.1933348,6.678489694977212e-51,5.826271781240492e-49,0.8467153284671532,0.5125,0.3342153284671533
type,Tuft,type_Tuft,Bpgm,14.670435,3.014494,9.970341634975985e-49,8.60650385027585e-47,0.7883211678832117,0.38353658536585367,0.40478458251735805
type,Tuft,type_Tuft,Ascl2,14.6612425,3.7586572,1.1416454886736976e-48,9.803208198815348e-47,0.24087591240875914,0.026067073170731706,0.21480883923802743
type,Tuft,type_Tuft,Tmem245,14.406308,3.5442383,4.722892099207621e-47,3.892470016035386e-45,0.38686131386861317,0.07240853658536585,0.31445277728324733
type,Tuft,type_Tuft,Pip5k1b,14.224169,3.8366723,6.487012749270525e-46,5.293208761233128e-44,0.25547445255474455,0.031402439024390244,0.2240720135303543
type,Tuft,type_Tuft,Pitpnc1,14.139554,3.248769,2.1665439293987894e-45,1.7083407204841127e-43,0.34306569343065696,0.05655487804878049,0.28651081538187645
type,Tuft,type_Tuft,Tuba1a,14.137456,2.7317634,2.232092896047962e-45,1.751605530530269e-43,0.8832116788321168,0.44375,0.43946167883211684
type,Tuft,type_Tuft,Stard5,14.012386,3.2862146,1.3092979679461082e-44,1.0081594353185033e-42,0.40145985401459855,0.0801829268292683,0.32127692718533024
type,Tuft,type_Tuft,Hacd1,13.938215,3.558866,3.71103141122802e-44,2.7919553291537045e-42,0.2773722627737226,0.03841463414634146,0.23895762862738115
type,Tuft,type_Tuft,Kctd13,13.917649,3.518756,4.949180704080572e-44,3.706461768384724e-42,0.35036496350364965,0.0625,0.28786496350364965
type,Tuft,type_Tuft,Ociad2,13.861611,3.2844322,1.0821735267974234e-43,8.067603642274791e-42,0.5912408759124088,0.19725609756097562,0.3939847783514332
type,Tuft,type_Tuft,Dpy30,13.62328,2.6872425,2.9119214621826224e-42,2.0855206943780434e-40,0.8102189781021898,0.49817073170731707,0.3120482463948727
type,Tuft,type_Tuft,Plk2,13.571437,3.0267892,5.915061189806375e-42,4.217952981478885e-40,0.6423357664233577,0.23506097560975608,0.4072747908136016
type,Tuft,type_Tuft,Itpr2,13.42163,3.9849591,4.516673594500161e-41,3.165724941170818e-39,0.24817518248175183,0.03353658536585366,0.21463859711589817
type,Tuft,type_Tuft,Scand1,13.139608,2.380741,1.9523562797139334e-39,1.339773863748461e-37,0.8321167883211679,0.5338414634146341,0.29827532490653375
type,Tuft,type_Tuft,Creb3l4,13.117678,3.572564,2.608037222424784e-39,1.782267436874537e-37,0.32116788321167883,0.05777439024390244,0.26339349296777637
type,Tuft,type_Tuft,Gnai2,12.796158,2.1472301,1.7226647393801146e-37,1.1211676345465579e-35,0.8613138686131386,0.5565548780487805,0.3047589905643582
type,Tuft,type_Tuft,Kctd12,12.769079,2.9974234,2.4402491725166045e-37,1.5819180505314163e-35,0.45255474452554745,0.12042682926829268,0.33212791525725477
type,Tuft,type_Tuft,Bik,12.533282,2.7064133,4.90883706287844e-36,3.1205363049716784e-34,0.6058394160583942,0.23201219512195123,0.37382722093644294
type,Tuft,type_Tuft,Bvht,12.320615,3.4148033,7.015709453266028e-35,4.391780562710539e-33,0.32116788321167883,0.0649390243902439,0.2562288588214349
type,Tuft,type_Tuft,Hsp90b1,12.290777,2.0180123,1.0152575352359996e-34,6.213148819181206e-33,0.8686131386861314,0.6074695121951219,0.26114362649100953
type,Tuft,type_Tuft,Kdm4a,12.122085,3.3571637,8.068049489652718e-34,4.847035885706748e-32,0.2773722627737226,0.04939024390243903,0.2279820188712836
type,Tuft,type_Tuft,Nav2,12.034457,3.2895296,2.3416796876278318e-33,1.3864941717250567e-31,0.2846715328467153,0.0524390243902439,0.23223250845647142
type,Tuft,type_Tuft,Cox17,11.814064,2.1062164,3.302042317512302e-32,1.854684796216413e-30,0.7883211678832117,0.5570121951219512,0.2313089727612605
type,Tuft,type_Tuft,1110007C09Rik,11.8106575,2.4276862,3.4386358857214804e-32,1.9182675905346257e-30,0.635036496350365,0.27728658536585366,0.3577499109845113
type,Tuft,type_Tuft,Lima1,11.799596,2.6307485,3.9219011443615725e-32,2.1804440904635304e-30,0.5620437956204379,0.21707317073170732,0.34497062488873065
type,Tuft,type_Tuft,Cdh13,11.621731,2.897881,3.1959609621569175e-31,1.7242419651426185e-29,0.36496350364963503,0.08871951219512195,0.27624399145451306
type,Tuft,type_Tuft,2310001H17Rik,11.554693,2.9895744,6.989684450461035e-31,3.7463338128108316e-29,0.41605839416058393,0.12149390243902439,0.2945644917215595
type,Tuft,type_Tuft,Cap1,11.522382,3.1666732,1.0175841165471149e-30,5.436285698856427e-29,0.30656934306569344,0.06539634146341464,0.2411730016022788
type,Tuft,type_Tuft,Sh3bgrl,11.468529,2.3481812,1.8985964063566688e-30,1.011002586384926e-28,0.6204379562043796,0.28277439024390244,0.33766356596047714
type,Tuft,type_Tuft,St6galnac2,11.321115,2.6845815,1.0315244720618705e-29,5.303458578773272e-28,0.39416058394160586,0.10640243902439024,0.28775814491721563
type,Tuft,type_Tuft,Pla2g16,11.300894,2.443378,1.2988964257728453e-29,6.657250087218887e-28,0.6423357664233577,0.3282012195121951,0.31413454691116255
type,Tuft,type_Tuft,Arhgef2,11.115426,3.2451239,1.0554594680679737e-28,5.3099971582155934e-27,0.27007299270072993,0.054115853658536585,0.21595713904219335
type,Tuft,type_Tuft,Snx7,11.046004,2.7147052,2.291892629160204e-28,1.1495208260200768e-26,0.38686131386861317,0.10853658536585366,0.2783247285027595
type,Tuft,type_Tuft,Strbp,10.862068,2.9399571,1.747460969196119e-27,8.580870465804056e-26,0.32116788321167883,0.07835365853658537,0.24281422467509345
type,Tuft,type_Tuft,Myo1b,10.74576,3.3158104,6.204854643760298e-27,3.0108231068731553e-25,0.2773722627737226,0.061128048780487804,0.21624421399323482
type,Tuft,type_Tuft,Psmg4,10.6749115,2.5782957,1.3338419878002016e-26,6.377942402889535e-25,0.48905109489051096,0.18323170731707317,0.3058193875734378
type,Tuft,type_Tuft,Vps13d,10.634616,2.858488,2.0567460509305334e-26,9.721236882222387e-25,0.34306569343065696,0.09298780487804878,0.25007788855260815
type,Tuft,type_Tuft,Sec11c,10.62964,2.1232018,2.1694823608237094e-26,1.022462074708898e-24,0.7591240875912408,0.5121951219512195,0.24692896564002131
type,Tuft,type_Tuft,Xrcc6bp1,10.474385,3.1874092,1.132708311326564e-25,5.174804739294422e-24,0.25547445255474455,0.05396341463414634,0.2015110379205982
type,Tuft,type_Tuft,Htatip2,10.1036215,2.3715956,5.323911194799952e-24,2.216179378322691e-22,0.5182481751824818,0.22652439024390245,0.2917237849385793
type,Tuft,type_Tuft,2810001G20Rik,10.082588,2.670212,6.596491347122749e-24,2.7320468329333387e-22,0.30656934306569344,0.07835365853658537,0.22821568452910806
type,Tuft,type_Tuft,Sort1,10.001552,2.9471338,1.500280622455419e-23,6.151525622222831e-22,0.3284671532846715,0.09451219512195122,0.2339549581627203
type,Tuft,type_Tuft,Tmem54,9.72672,2.923708,2.319516910005345e-22,9.166842612288594e-21,0.31386861313868614,0.0899390243902439,0.22392958874844224
type,Tuft,type_Tuft,Ogt,9.719311,2.6407473,2.4946444976936445e-22,9.835255866988814e-21,0.35766423357664234,0.1125,0.24516423357664235
type,Tuft,type_Tuft,Ahnak2,9.55863,2.3491788,1.1932613468875958e-21,4.572588633248472e-20,0.35766423357664234,0.10990853658536585,0.24775569699127648
type,Tuft,type_Tuft,Acly,9.190377,2.403321,3.9146634120583373e-20,1.4204512084329379e-18,0.40145985401459855,0.15121951219512195,0.25024034181947663
type,Tuft,type_Tuft,Rilpl2,9.165026,2.0776806,4.953525529623184e-20,1.7894883746993355e-18,0.48905109489051096,0.21951219512195122,0.2695388997685597
type,Tuft,type_Tuft,Ssbp1,9.133291,2.132351,6.644784956002364e-20,2.3691547405085818e-18,0.5182481751824818,0.24908536585365854,0.26916280932882325
type,Tuft,type_Tuft,Rab3a,9.119344,2.467035,7.558081125200351e-20,2.688939013761626e-18,0.3284671532846715,0.10335365853658536,0.22511349474808617
type,Tuft,type_Tuft,2700029M09Rik,9.102915,2.3667371,8.79393451019224e-20,3.121846751118245e-18,0.38686131386861317,0.14268292682926828,0.24417838703934489
type,Tuft,type_Tuft,2610016A17Rik,9.07697,2.7575085,1.1163935008099443e-19,3.9461141824965296e-18,0.31386861313868614,0.09832317073170732,0.21554544240697882
type,Tuft,type_Tuft,Ckap4,8.890628,2.2008266,6.076437103704019e-19,2.0762426028718672e-17,0.44525547445255476,0.19253048780487805,0.25272498664767673
type,Tuft,type_Tuft,Gusb,8.821575,2.228182,1.128611598937166e-18,3.7776242518711145e-17,0.43795620437956206,0.1926829268292683,0.24527327755029377
type,Tuft,type_Tuft,Aldoc,8.811552,2.8212304,1.2342503456086803e-18,4.122798354038282e-17,0.3284671532846715,0.11082317073170732,0.2176439825529642
type,Tuft,type_Tuft,Dtnb,8.67746,2.8342159,4.047073704528464e-18,1.3275211165594267e-16,0.29927007299270075,0.09527439024390244,0.2039956827487983
type,Tuft,type_Tuft,Spa17,8.594106,2.2831702,8.391546071532343e-18,2.703924304895913e-16,0.3357664233576642,0.11280487804878049,0.22296154530888374
type,Tuft,type_Tuft,Hint3,8.503768,2.4584606,1.835336271314629e-17,5.811071464446183e-16,0.32116788321167883,0.10945121951219512,0.21171666369948372
type,Tuft,type_Tuft,Mpzl1,8.483756,2.3260381,2.180391639076976e-17,6.837591447897032e-16,0.30656934306569344,0.09939024390243903,0.20717909916325442
type,Tuft,type_Tuft,Bmyc,8.424207,2.0348566,3.632035125356849e-17,1.128200910813971e-15,0.44525547445255476,0.20914634146341463,0.23610913298914013
type,Tuft,type_Tuft,Bloc1s2,8.341472,2.0223415,7.337184088280774e-17,2.2450961983562123e-15,0.45985401459854014,0.2211890243902439,0.23866499020829623
type,Tuft,type_Tuft,Fdps,8.144627,2.1508224,3.8045264743520357e-16,1.1222668831987003e-14,0.40145985401459855,0.17515243902439023,0.22630741499020832
type,Tuft,type_Tuft,Hivep3,7.8612847,2.2659795,3.802128073867157e-15,1.0410467869698703e-13,0.3284671532846715,0.12454268292682927,0.20392447035784225
type,Tuft,type_Tuft,Ninj1,7.433213,2.0608323,1.0599084477034083e-13,2.670285476310845e-12,0.3722627737226277,0.16539634146341464,0.20686643225921308
