,cell_type,cluster_id
M1_GCTTGAGAAGTCGT_Club,Club,12
M1_GGAACACTTTCGTT_Club,Club,8
M1_GGAATGCTTCGACA_Club,Club,3
M1_GGACAACTCTGAGT_Basal,Basal,13
M1_GGACAACTTCGCTC_Club,Club,3
M1_GGACATTGTCTGGA_Club,Club,12
M1_GGACCCGAAGAGTA_Club,Club,8
M1_GGACCTCTGGTTCA_Club,Club,8
M1_GGACTATGCGCCTT_Club,Club,11
M1_GGAGCAGATGGAGG_Club,Club,3
M1_GGAGCGCTTCAAGC_Club,Club,11
M1_GGAGTTACCTACTT_Club,Club,15
M1_GGAGTTTGGTTACG_Club,Club,8
M1_GGATTTCTACCTAG_Club,Club,8
M1_GGCAATACGAAACA_Club,Club,12
M1_GGCAATACTTTACC_Club,Club,3
M1_GGCACGTGTCCCGT_Basal,Basal,13
M1_GGCCAGACACTCTT_Club,Club,11
M1_GGCCAGACCGCTAA_Club,Club,3
M1_GGCCGATGCACAAC_Club,Club,8
M1_GGCGGACTCCGTTC_Ciliated,Ciliated,13
M1_GGCTCACTCTGTCC_Club,Club,12
M1_GGGATGGATAAGCC_Club,Club,3
M1_GGGCAAGATATTCC_Tuft,Tuft,17
M1_GGGTTATGCAGTCA_Club,Club,12
M1_GGTATCGAATTGGC_Club,Club,12
M1_GGTATGACTCGTGA_Club,Club,12
M1_GGTCTAGAGGTTCA_Basal,Basal,23
M1_GGTTGAACCTATTC_Club,Club,12
M1_GGTTTACTAGGCGA_Club,Club,3
M1_GGTTTACTTGCATG_Club,Club,3
M1_GTAATATGGTCACA_Club,Club,3
M1_GTAGCTGACATGAC_Club,Club,11
M1_GTAGGTACTGTCAG_Club,Club,78
M1_GTAGTCGATACGAC_Club,Club,3
M1_GTAGTGTGTGCACA_Basal,Basal,79
M1_GTATCACTCGAGTT_Club,Club,13
M1_GTATTCACTCCCAC_Club,Club,12
M1_GTCAATCTGTCCTC_Club,Club,13
M1_GTCATACTCTGACA_Club,Club,3
M1_GTCATACTTTTGTC_Club,Club,3
M1_GTCGAATGGGTGTT_Club,Club,12
M1_GTCGACCTGAGAGC_Club,Club,12
M1_GTCTAACTGAGGCA_Club,Club,11
M1_GTGACCCTGTATGC_Club,Club,12
M1_GTGATTCTGCTAAC_Club,Club,11
M1_GTGTACGAAGATCC_Club,Club,3
M1_GTGTACGAGCATCA_Club,Club,3
M1_GTGTACGATCTACT_Club,Club,12
M1_GTGTAGTGGCTAAC_Club,Club,3
M1_GTGTAGTGGGCATT_Club,Club,8
M1_GTGTATCTTGGTTG_Tuft,Tuft,17
M1_GTGTGATGCCTACC_Club,Club,12
M1_GTTAAAACGTATGC_Club,Club,80
M1_GTTAAATGGCTAAC_Club,Club,12
M1_GTTAACCTTCCTTA_Club,Club,3
M1_GTTATAGATTGCGA_Club,Club,12
M1_TAAACAACCGTGAT_Club,Club,11
M1_TAAATGTGAGCATC_Basal,Basal,13
M1_TAAATGTGGGTATC_Basal,Basal,16
M1_TAACATGAACCCTC_Club,Club,12
M1_TAACCGGAGTGTCA_Club,Club,8
M1_TAACTAGACTAGCA_Tuft,Tuft,17
M1_TAAGAGGAGCTCCT_Club,Club,12
M1_TAAGATACTTACTC_Basal,Basal,40
M1_TAAGATTGCCCACT_Club,Club,81
M1_TAAGCTCTAGAGGC_Basal,Basal,13
M1_TAATGAACCTCGCT_Basal,Basal,82
M1_TAATGAACGATAAG_Club,Club,12
M1_TACACACTACAGCT_Tuft,Tuft,17
M1_TACCATTGGGTGTT_Club,Club,13
M1_TACCGAGACATTTC_Club,Club,11
M1_TACCGCTGTAGCGT_Club,Club,33
M1_TACCGCTGTGTCCC_Club,Club,11
M1_TACGAGTGAGCCAT_Club,Club,8
M1_TACGAGTGTGTTCT_Club,Club,3
M1_TACGCGCTTCTCCG_Club,Club,3
M1_TACTACTGACGCTA_Club,Club,8
M1_TACTACTGGGACTT_Club,Club,8
M1_TACTTGACTTGAGC_Club,Club,12
M1_TAGAATACACGTGT_Club,Club,3
M1_TAGAATTGACGGAG_Club,Club,12
M1_TAGAATTGCTCGCT_Club,Club,3
M1_TAGATTGAATACCG_Club,Club,12
M1_TAGATTGATGATGC_Club,Club,3
M1_TAGCCCACCGAGTT_Club,Club,12
M1_TAGCCGCTATAAGG_Club,Club,83
M1_TAGCGATGTGGTGT_Club,Club,3
M1_TAGGGACTAAAGCA_Club,Club,3
M1_TAGGTGTGAAGCCT_Club,Club,15
M1_TAGTAAACCGGGAA_Neuroendocrine,Neuroendocrine,19
M1_TAGTAATGAGCTAC_Club,Club,15
M1_TAGTATGACGGTAT_Club,Club,10
M1_TAGTATGAGGCATT_Club,Club,3
M1_TAGTCGGAGGGTGA_Club,Club,11
M1_TAGTCGGATCACGA_Club,Club,11
M1_TAGTTGCTCACTCC_Club,Club,11
M1_TAGTTGCTCGAACT_Club,Club,50
M1_TATCAAGACGGGAA_Club,Club,12
M1_TATCAGCTACCCTC_Club,Club,12
M1_TATCGTACAAAAGC_Club,Club,84
M1_TATCTCGAGAGGTG_Club,Club,3
M1_TATCTTCTCACAAC_Club,Club,11
M1_TATCTTCTGATGAA_Club,Club,15
M1_TATGAATGGGTACT_Club,Club,3
M1_TATGGGACAGTGTC_Tuft,Tuft,17
M1_TATGGGTGGTCTAG_Basal,Basal,16
M1_TATGTCACCTCGCT_Basal,Basal,13
M1_TATGTCTGACCGAT_Tuft,Tuft,17
M1_TATTGCTGAGTCAC_Club,Club,12
M1_TATTTCCTAGTCTG_Club,Club,12
M1_TCAAGGTGTCTTAC_Club,Club,3
M1_TCAATCACGTGAGG_Club,Club,12
M1_TCACAACTCCTATT_Club,Club,12
M1_TCACATACTCTCGC_Club,Club,11
M1_TCACGAGATGCCAA_Tuft,Tuft,17
M1_TCACTATGAAAGTG_Club,Club,11
M1_TCAGACGACTCTAT_Club,Club,3
M1_TCAGACGATCTAGG_Club,Club,85
M1_TCAGCAGAGTCTAG_Tuft,Tuft,17
M1_TCAGTACTCCACAA_Club,Club,3
M1_TCCCAGACCCACAA_Club,Club,86
M1_TCCCAGACCCTTAT_Club,Club,3
M1_TCCCATCTGGACTT_Club,Club,13
M1_TCCCATCTTTTACC_Club,Club,15
M1_TCCCGAACCCTGAA_Ciliated,Ciliated,21
M1_TCCGAGCTCTTGTT_Club,Club,12
M1_TCCTATGAACGGTT_Tuft,Tuft,17
M1_TCGACGCTATCAGC_Club,Club,15
M1_TCGACGCTGAGGTG_Club,Club,12
M1_TCGACGCTTGTCTT_Club,Club,13
M1_TCGAGCCTTGGTAC_Club,Club,15
M1_TCGCAAGATTTCTG_Club,Club,3
M1_TCGCAGCTTTCACT_Club,Club,13
M1_TCGGACCTGTACAC_Club,Club,3
M1_TCGGCACTAGGAGC_Club,Club,11
M1_TCTATGTGAGTCAC_Basal,Basal,13
M1_TCTATGTGGTCTTT_Club,Club,87
M1_TCTCCACTCTCTTA_Club,Club,11
M1_TCTCTAGACTAGTG_Club,Club,12
M1_TCTTACGAGCCTTC_Club,Club,12
M1_TCTTCAGATGTCAG_Club,Club,15
M1_TCTTGATGACGTGT_Club,Club,11
M1_TGAACCGAAAGAGT_Club,Club,12
M1_TGACACGAAGAGGC_Club,Club,8
M1_TGACCGCTTGTCAG_Club,Club,13
M1_TGACGCCTGTCTTT_Tuft,Tuft,17
M1_TGAGACACGTCCTC_Club,Club,8
M1_TGAGACACTACTGG_Club,Club,8
M1_TGAGGACTCAGAAA_Club,Club,15
M1_TGAGGTACTTACTC_Club,Club,3
M1_TGATAAACCCATGA_Basal,Basal,13
M1_TGATCACTCTCTAT_Club,Club,11
M1_TGATTCACTTCCCG_Club,Club,3
M1_TGATTCTGCTGTAG_Club,Club,88
M1_TGCAAGACTCTGGA_Club,Club,3
M1_TGCAAGACTTGGTG_Club,Club,3
M1_TGCACAGACTCCCA_Club,Club,3
M1_TGCCACTGATTCCT_Club,Club,8
M1_TGCGATGACGACAT_Tuft,Tuft,17
M1_TGCTAGGAAAACGA_Club,Club,89
M1_TGCTAGGATGGTAC_Club,Club,11
M1_TGGAACACTGAAGA_Goblet,Goblet,18
M1_TGGACCCTCAACCA_Tuft,Tuft,17
M1_TGGACCCTTAGAAG_Club,Club,3
M1_TGGAGACTAAGAGT_Club,Club,3
M1_TGGAGACTCTTACT_Club,Club,11
M1_TGGAGGGACCGTTC_Club,Club,3
M1_TGGATGACTCTTAC_Club,Club,11
M1_TGGATTCTCTTCGC_Club,Club,15
M1_TGGGTATGCGCAAT_Club,Club,3
M1_TGTAAAACGTCACA_Club,Club,12
M1_TGTAATGAGTAAGA_Club,Club,13
M1_TGTACTTGAAGGCG_Ciliated,Ciliated,21
M1_TGTACTTGAGAATG_Club,Club,12
M1_TGTCAGGATTGCTT_Club,Club,8
M1_TGTGAGACAGCCAT_Club,Club,8
M1_TGTTAAGACTCAAG_Neuroendocrine,Neuroendocrine,19
M1_TTACACACAACTGC_Club,Club,3
M1_TTACAGCTTGTCAG_Club,Club,3
M1_TTACCATGTTGCTT_Basal,Basal,13
M1_TTAGGGTGTGCCAA_Club,Club,11
M1_TTAGTCACAGCATC_Club,Club,15
M1_TTAGTCTGACGCTA_Club,Club,8
M1_TTATCCGACTCAGA_Club,Club,13
M1_TTATCCGAGGAGCA_Tuft,Tuft,17
M1_TTATCCGAGTGCTA_Club,Club,11
M1_TTATGAGACAACTG_Club,Club,12
M1_TTATTCCTGTTCGA_Club,Club,8
M1_TTCAAAGATGGCAT_Club,Club,15
M1_TTCAACACAAGTGA_Club,Club,3
M1_TTCAGACTCTTACT_Tuft,Tuft,17
M1_TTCATCGAAGTCAC_Club,Club,13
M1_TTCATGACTGACCA_Basal,Basal,13
M1_TTCCAAACTCGTTT_Club,Club,8
M1_TTCGAGGACTTCGC_Club,Club,12
M1_TTCGGAGACTTGAG_Club,Club,3
M1_TTCGGAGATTTGGG_Basal,Basal,13
M1_TTCGTATGCGTTGA_Club,Club,11
M1_TTCGTATGCTACGA_Club,Club,15
M1_TTCTGATGTCGCTC_Basal,Basal,40
M1_TTGAACCTGGGATG_Club,Club,3
M1_TTGAGGTGCCTCGT_Club,Club,3
M1_TTGCATTGACCGAT_Club,Club,15
M1_TTGCATTGCACCAA_Club,Club,3
M1_TTGCTATGCCCAAA_Club,Club,8
M1_TTGTAGCTTACGCA_Basal,Basal,13
M1_TTTCAGTGAGGGTG_Ciliated,Ciliated,13
M1_TTTCGAACACACGT_Basal,Basal,13
M2_AAACATACGAGCAG_Club,Club,15
M2_AAACATACTTCTGT_Club,Club,15
M2_AAACATTGGGATTC_Club,Club,12
M2_AAACGCACAGGGTG_Club,Club,8
M2_AAACGCACGGGATG_Club,Club,8
M2_AAACGCTGTCCTCG_Club,Club,3
M2_AAACGGCTACGACT_Club,Club,12
M2_AAACTTGAACACGT_Club,Club,15
M2_AAAGACGAACGTTG_Club,Club,3
M2_AAAGACGACGTCTC_Club,Club,3
M2_AAAGACGAGTTGTG_Club,Club,3
M2_AAAGAGACACGGTT_Club,Club,12
M2_AAAGAGACGGTCAT_Club,Club,3
M2_AAAGATCTAGAACA_Club,Club,12
M2_AAAGCAGACTGCTC_Club,Club,3
M2_AAAGCAGAGGTGGA_Tuft,Tuft,17
M2_AAAGCCTGAGTGCT_Basal,Basal,13
M2_AAAGGCCTGAATAG_Club,Club,3
M2_AAATACTGTGGGAG_Club,Club,15
M2_AAATCAACCCTTGC_Club,Club,11
M2_AAATCAACTTCTGT_Club,Club,11
M2_AAATCATGTGGGAG_Club,Club,3
M2_AAATCCCTTATTCC_Club,Club,3
M2_AAATGGGATGAGCT_Club,Club,3
M2_AAATTGACAACCTG_Ciliated,Ciliated,20
M2_AAATTGACCCCAAA_Club,Club,3
M2_AACAAACTCTCCAC_Club,Club,11
M2_AACAAACTGGGTGA_Club,Club,15
M2_AACACGTGTCACCC_Club,Club,12
M2_AACACGTGTCGATG_Club,Club,3
M2_AACACTCTTCCAGA_Ciliated,Ciliated,20
M2_AACAGCACTCTACT_Club,Club,3
M2_AACATATGATGGTC_Club,Club,90
M2_AACATATGCGCATA_Club,Club,12
M2_AACATTGAACCTCC_Club,Club,11
M2_AACATTGACTAGTG_Club,Club,8
M2_AACCAGTGGTATCG_Club,Club,3
M2_AACCAGTGGTCATG_Tuft,Tuft,17
M2_AACCGATGTTCTCA_Club,Club,15
M2_AACCTACTTGCAGT_Club,Club,12
M2_AACCTTACAACCTG_Club,Club,11
M2_AACCTTACTGCAGT_Basal,Basal,16
M2_AACGCAACTCGCTC_Club,Club,8
M2_AACGGTTGGTGTTG_Club,Club,3
M2_AACGGTTGGTTCAG_Club,Club,8
M2_AACGTCGAACACGT_Club,Club,15
M2_AACGTCGACGTAAC_Club,Club,11
M2_AACGTGTGAACCGT_Club,Club,43
M2_AACGTGTGCGATAC_Club,Club,15
M2_AACGTGTGCGGTAT_Club,Club,24
M2_AACTCACTGAACTC_Club,Club,11
M2_AACTCGGAGGAGTG_Club,Club,12
M2_AACTTGCTCTCCAC_Club,Club,91
M2_AACTTGCTGCAAGG_Club,Club,3
M2_AACTTGCTTCCTAT_Club,Club,3
M2_AACTTGCTTCTTTG_Club,Club,3
M2_AAGAACGAACACAC_Goblet,Goblet,18
M2_AAGAACGACTGTAG_Club,Club,8
M2_AAGAACGAGTAAAG_Tuft,Tuft,17
M2_AAGAACGATACGAC_Club,Club,15
M2_AAGAACGATACTCT_Club,Club,11
M2_AAGAACGATTTGCT_Club,Club,8
M2_AAGAAGACACGACT_Club,Club,11
M2_AAGAAGACGCAGTT_Club,Club,3
M2_AAGAAGACTTTACC_Club,Club,12
M2_AAGACAGATCACGA_Club,Club,3
M2_AAGATGGACATGGT_Club,Club,11
M2_AAGATTACTGCTGA_Ciliated,Ciliated,28
M2_AAGCAAGAGTTGCA_Club,Club,12
M2_AAGCAAGATCCTAT_Club,Club,15
M2_AAGCAAGATTGCTT_Club,Club,15
M2_AAGCACTGGATGAA_Club,Club,11
M2_AAGCCAACTGGTTG_Club,Club,8
M2_AAGCCATGCCACAA_Club,Club,15
M2_AAGCCATGGACGAG_Ciliated,Ciliated,20
M2_AAGGCTACAGTCGT_Club,Club,11
M2_AAGGCTTGAAGGGC_Club,Club,3
M2_AAGGCTTGTCAAGC_Basal,Basal,0
M2_AAGGTCACTGATGC_Club,Club,11
M2_AAGGTGCTGTGTAC_Club,Club,92
M2_AAGTAACTCAGATC_Club,Club,3
M2_AAGTAGGACCAGTA_Club,Club,15
M2_AAGTAGGATGGAAA_Club,Club,29
M2_AAGTCCGAGTCATG_Club,Club,15
M2_AAGTCTCTTGTCTT_Club,Club,13
M2_AAGTTATGGGTGGA_Club,Club,3
M2_AATAAGCTAACAGA_Club,Club,93
M2_AATAAGCTATTTCC_Club,Club,3
M2_AATAGGGAGGCGAA_Club,Club,3
M2_AATAGGGATTATCC_Club,Club,12
M2_AATAGGGATTGTCT_Club,Club,11
M2_AATCCGGATCTTTG_Club,Club,15
M2_AATCCTACCCTTCG_Club,Club,8
M2_AATCCTTGAAACGA_Club,Club,3
M2_AATCCTTGTATGCG_Club,Club,3
M2_AATCGGTGGGAGTG_Club,Club,3
M2_AATCTAGAACGACT_Club,Club,3
M2_AATCTAGACTATTC_Basal,Basal,13
M2_AATCTCACCAATCG_Club,Club,12
M2_AATCTCACGCATCA_Basal,Basal,13
M2_AATCTCTGTAGAGA_Basal,Basal,11
M2_AATCTCTGTCTTAC_Club,Club,8
M2_AATGATACTAGACC_Club,Club,13
M2_AATGCGTGCACAAC_Club,Club,8
M2_AATGCGTGGGGATG_Club,Club,3
M2_AATGCGTGTCACGA_Club,Club,11
M2_AATGCGTGTCTAGG_Club,Club,3
M2_AATGTAACCACTGA_Club,Club,11
M2_AATGTCCTAAAGTG_Club,Club,12
M2_AATGTCCTGACTAC_Club,Club,3
M2_AATGTCCTGGGATG_Club,Club,8
M2_AATGTTGATCATTC_Club,Club,3
M2_AATTCCTGATGCCA_Club,Club,11
M2_AATTCCTGCATTGG_Club,Club,15
M2_AATTCCTGCTGTGA_Club,Club,11
M2_AATTGTGATGCTCC_Club,Club,8
M2_ACAAGAGATAGCGT_Club,Club,3
M2_ACAATAACTCGATG_Ionocyte,Ionocyte,25
M2_ACAATCCTTTACCT_Basal,Basal,13
M2_ACACAGACAACAGA_Club,Club,11
M2_ACACAGACCGGTAT_Club,Club,94
M2_ACACATCTGAGAGC_Club,Club,3
M2_ACACCAGAAGAACA_Club,Club,3
M2_ACACCAGATAGACC_Club,Club,95
M2_ACACCCTGACAGCT_Club,Club,12
M2_ACACCCTGATCTTC_Club,Club,8
M2_ACACGATGGTCTGA_Club,Club,8
M2_ACAGACACTCAGAC_Club,Club,11
M2_ACAGCAACTTGTGG_Club,Club,3
M2_ACAGGTACACTCTT_Basal,Basal,23
M2_ACAGTGTGCATTCT_Club,Club,12
M2_ACAGTTCTGTTTCT_Basal,Basal,16
M2_ACAGTTCTTGCGTA_Club,Club,8
M2_ACATACCTCTGAGT_Club,Club,3
M2_ACATCACTAAACGA_Club,Club,11
M2_ACATCACTAGCATC_Club,Club,3
M2_ACATCACTAGTGTC_Club,Club,3
M2_ACATCACTTCCGAA_Club,Club,11
M2_ACATGGTGGTTGGT_Club,Club,8
M2_ACATGGTGTGGAGG_Club,Club,3
M2_ACCAACGACTTCTA_Tuft,Tuft,30
M2_ACCAACGAGAGCTT_Club,Club,3
M2_ACCAACGAGTTGGT_Club,Club,15
M2_ACCACAGAATGTGC_Club,Club,8
M2_ACCACAGACCCTCA_Club,Club,96
M2_ACCACCTGAAAGTG_Basal,Basal,13
M2_ACCACCTGATCAGC_Club,Club,12
M2_ACCACCTGGCTGTA_Club,Club,15
M2_ACCACCTGTAAAGG_Club,Club,3
M2_ACCACCTGTTACTC_Club,Club,3
M2_ACCACGCTCCACAA_Club,Club,3
M2_ACCACGCTGGTGGA_Club,Club,3
M2_ACCAGCCTCGACAT_Club,Club,8
M2_ACCAGCCTGAGATA_Club,Club,11
M2_ACCAGTGAAAGCAA_Ciliated,Ciliated,20
M2_ACCAGTGATCGCCT_Club,Club,8
M2_ACCATTACCCTACC_Ciliated,Ciliated,21
M2_ACCATTTGAGCTAC_Club,Club,3
M2_ACCATTTGGGGACA_Club,Club,3
M2_ACCCAAGAAGAGAT_Club,Club,3
M2_ACCCAAGACACAAC_Club,Club,8
M2_ACCCAAGATGACTG_Club,Club,11
M2_ACCCGTTGGACGAG_Club,Club,3
M2_ACCCTCGAGGTCTA_Basal,Basal,23
M2_ACCCTCGATTCCAT_Club,Club,12
M2_ACCGAAACGACAGG_Club,Club,41
M2_ACCGAAACGGCGAA_Basal,Basal,13
M2_ACCGTGCTTCTTAC_Club,Club,15
M2_ACCTATTGTGGAGG_Club,Club,3
M2_ACCTCCGAACGGGA_Club,Club,8
M2_ACCTGAGACTTCCG_Tuft,Tuft,17
M2_ACCTTTGAGGTATC_Club,Club,3
M2_ACGAACTGCAGTCA_Club,Club,12
M2_ACGAACTGTCTCAT_Club,Club,3
M2_ACGAAGCTGCATCA_Club,Club,11
M2_ACGACAACCGTACA_Club,Club,12
M2_ACGACAACTACAGC_Club,Club,11
M2_ACGACAACTGGTGT_Club,Club,11
M2_ACGAGGGAAGGGTG_Club,Club,15
M2_ACGAGGGACGTAAC_Club,Club,11
M2_ACGAGGGAGAACCT_Club,Club,11
M2_ACGATGACCTATTC_Tuft,Tuft,17
M2_ACGATTCTCCAAGT_Club,Club,12
M2_ACGCACCTCGTTAG_Ciliated,Ciliated,20
M2_ACGCACCTTCTTAC_Club,Club,11
M2_ACGCCGGAATTCTC_Club,Club,3
M2_ACGCCGGACGAATC_Club,Club,15
M2_ACGCCGGAGAAAGT_Tuft,Tuft,17
M2_ACGCGGTGAGATCC_Club,Club,33
M2_ACGCGGTGTCCCAC_Club,Club,12
M2_ACGCTGCTAAACAG_Club,Club,12
M2_ACGGAACTTCTTTG_Club,Club,12
M2_ACGGATTGTCTCGC_Club,Club,97
M2_ACGGCGTGCTGAGT_Club,Club,98
M2_ACGGGAGAATGTCG_Club,Club,12
M2_ACGGTATGCCCTAC_Club,Club,3
M2_ACGGTCCTGAGGAC_Club,Club,3
M2_ACGTCAGAAACCAC_Club,Club,8
M2_ACGTCCTGTTATCC_Club,Club,99
M2_ACGTGATGTTCCGC_Club,Club,11
M2_ACGTTACTAGCCTA_Basal,Basal,11
M2_ACGTTACTATGCTG_Club,Club,15
M2_ACGTTACTTGTGAC_Club,Club,8
M2_ACGTTTACAAAGCA_Club,Club,15
M2_ACTAAAACGAAACA_Club,Club,12
M2_ACTACGGAATCTTC_Club,Club,12
M2_ACTACGGAATTCGG_Club,Club,8
M2_ACTACTACTTGCGA_Club,Club,11
M2_ACTATCACATGACC_Club,Club,3
M2_ACTATCACCGGGAA_Club,Club,8
M2_ACTATCACTCCCGT_Club,Club,3
M2_ACTATCACTCGCTC_Club,Club,11
M2_ACTCAGGAACCACA_Club,Club,100
M2_ACTCAGGAGGTGAG_Ciliated,Ciliated,20
M2_ACTCCTCTTAAAGG_Club,Club,3
M2_ACTCGAGACCCGTT_Club,Club,42
M2_ACTCGCACTCCGTC_Club,Club,3
M2_ACTCTATGGTAGCT_Club,Club,12
M2_ACTCTATGTGCCTC_Basal,Basal,13
M2_ACTCTCCTACAGCT_Club,Club,3
M2_ACTCTCCTTTGTGG_Club,Club,3
M2_ACTGCCTGGGTATC_Neuroendocrine,Neuroendocrine,19
M2_ACTGGCCTACGTGT_Club,Club,3
M2_ACTGGCCTGGTAGG_Tuft,Tuft,30
M2_ACTGTGGACATGGT_Club,Club,3
M2_ACTGTGGAGGTTAC_Club,Club,11
M2_ACTGTTACCACCAA_Club,Club,3
M2_ACTGTTACGGTCTA_Club,Club,11
M2_ACTTAGCTTGGCAT_Club,Club,15
M2_ACTTCAACAGTTCG_Club,Club,8
M2_ACTTCAACGAGGCA_Club,Club,3
M2_ACTTCCCTAATGCC_Basal,Basal,11
M2_ACTTCTGACGTGTA_Club,Club,3
M2_ACTTGGGATACTTC_Basal,Basal,16
M2_ACTTGGGATTCCAT_Club,Club,3
M2_AGAAACGACCTACC_Club,Club,15
M2_AGAAACGACGACAT_Tuft,Tuft,17
M2_AGAAACGAGCATCA_Club,Club,3
M2_AGAACGCTAGGTCT_Club,Club,11
M2_AGAAGATGAAAAGC_Basal,Basal,16
M2_AGAAGATGCCGTAA_Club,Club,3
M2_AGAAGATGTGAAGA_Club,Club,3
M2_AGAATGGAACCTCC_Basal,Basal,25
M2_AGAATTTGACAGTC_Club,Club,3
M2_AGAATTTGACGTAC_Club,Club,12
M2_AGACACTGAGCACT_Club,Club,8
M2_AGACTCGAATCGGT_Club,Club,3
M2_AGACTCGACCGTTC_Club,Club,3
M2_AGACTCGAGCCCTT_Club,Club,3
M2_AGACTCGAGTCTAG_Club,Club,42
M2_AGACTCGATATGGC_Ciliated,Ciliated,9
M2_AGACTGACAGAAGT_Club,Club,15
M2_AGACTGACGTCATG_Club,Club,12
M2_AGACTGACTGATGC_Club,Club,15
M2_AGACTTCTTACTTC_Club,Club,8
M2_AGACTTCTTCTTAC_Club,Club,11
M2_AGAGAATGACGGAG_Basal,Basal,23
M2_AGAGAATGATCGTG_Club,Club,15
M2_AGAGAATGCCCGTT_Tuft,Tuft,17
M2_AGAGCGGAATCAGC_Club,Club,8
M2_AGAGCTACTTGGCA_Club,Club,12
M2_AGAGGTCTCAGTCA_Basal,Basal,13
M2_AGAGGTCTGACAAA_Club,Club,8
M2_AGAGGTCTGACAGG_Basal,Basal,13
M2_AGAGGTCTGATACC_Basal,Basal,13
M2_AGAGTCTGATCACG_Club,Club,3
M2_AGAGTCTGTTTCTG_Club,Club,12
M2_AGAGTGCTTTCCAT_Club,Club,3
M2_AGATATACGCGAGA_Club,Club,3
M2_AGATATTGTGCACA_Club,Club,3
M2_AGATATTGTGTCTT_Club,Club,8
M2_AGATCGTGGGCAAG_Club,Club,8
M2_AGATCGTGGGTGGA_Club,Club,3
M2_AGATCGTGTTTACC_Basal,Basal,13
M2_AGATCTCTAAGGTA_Club,Club,3
M2_AGATCTCTGCTACA_Club,Club,8
M2_AGATCTCTTGTCTT_Club,Club,15
M2_AGATCTCTTGTTTC_Club,Club,3
M2_AGATTAACGTCAAC_Club,Club,3
M2_AGATTCCTGAATGA_Club,Club,3
M2_AGATTCCTTGGTAC_Club,Club,101
M2_AGCAAAGACCTCGT_Club,Club,3
M2_AGCAACACCTGACA_Club,Club,13
M2_AGCAACACGTGTCA_Club,Club,8
M2_AGCAAGCTTTCGCC_Club,Club,3
M2_AGCATCGATGGTAC_Club,Club,11
M2_AGCATGACGACGAG_Club,Club,11
M2_AGCATGACTGGTCA_Club,Club,102
M2_AGCATTCTTGAGCT_Ciliated,Ciliated,20
M2_AGCATTCTTGCAGT_Club,Club,15
M2_AGCCAATGGGTACT_Club,Club,12
M2_AGCCACCTAGCGTT_Club,Club,3
M2_AGCCGGACCGGTAT_Club,Club,12
M2_AGCCTCACGGATCT_Club,Club,3
M2_AGCCTCACTCGACA_Club,Club,8
M2_AGCCTCTGAACCAC_Club,Club,3
M2_AGCGAACTCCTGAA_Club,Club,3
M2_AGCGATACAGAATG_Club,Club,12
M2_AGCGATACGAAAGT_Club,Club,11
M2_AGCGATACTAGACC_Club,Club,103
M2_AGCGATTGCCCACT_Club,Club,8
M2_AGCGATTGCGGGAA_Club,Club,12
M2_AGCGCTCTTTAGGC_Club,Club,13
M2_AGCGGCACAAGGCG_Tuft,Tuft,104
M2_AGCGGCACAGCGGA_Club,Club,12
M2_AGCGGGCTCCACAA_Basal,Basal,13
M2_AGCGGGCTGTCAAC_Club,Club,12
M2_AGCGTAACTGCTTT_Basal,Basal,13
M2_AGCTCGCTCTAGCA_Club,Club,3
M2_AGCTCGCTGAGGCA_Club,Club,12
M2_AGCTGAACCGTGTA_Club,Club,8
M2_AGCTGCCTCAGAAA_Club,Club,12
M2_AGCTGCCTCATTCT_Club,Club,3
M2_AGCTGTGATATGCG_Club,Club,8
M2_AGCTGTGATGCACA_Club,Club,3
M2_AGCTTACTTTGTCT_Club,Club,8
M2_AGCTTTACAAAAGC_Club,Club,105
M2_AGCTTTACGGTCTA_Basal,Basal,13
M2_AGCTTTACTCTACT_Club,Club,3
M2_AGCTTTACTGTTCT_Club,Club,11
M2_AGCTTTACTTAGGC_Club,Club,8
M2_AGGAAATGTTCGTT_Ciliated,Ciliated,20
M2_AGGAACCTACGTAC_Club,Club,11
M2_AGGAATGAGAAGGC_Club,Club,3
M2_AGGAATGATGACCA_Club,Club,3
M2_AGGACTTGAGGTTC_Club,Club,11
M2_AGGAGTCTCAGAGG_Club,Club,3
M2_AGGATGCTCTTCGC_Club,Club,11
M2_AGGCAGGATATCTC_Basal,Basal,13
M2_AGGCCTCTGTACAC_Club,Club,3
M2_AGGCTAACACCCTC_Club,Club,15
M2_AGGCTAACGCGATT_Club,Club,15
M2_AGGGACGATTTCGT_Club,Club,3
M2_AGGGAGTGGTCATG_Club,Club,106
M2_AGGGAGTGTCTCTA_Club,Club,8
M2_AGGTACACGTAAAG_Basal,Basal,11
M2_AGGTACACTTTGTC_Club,Club,8
M2_AGGTCATGCGAACT_Club,Club,3
M2_AGGTCTGACAACCA_Club,Club,3
M2_AGGTCTGAGCGTTA_Club,Club,3
M2_AGGTCTGATTCCGC_Club,Club,8
M2_AGGTGGGATAGAGA_Basal,Basal,11
M2_AGGTGTTGACGGTT_Basal,Basal,13
M2_AGGTGTTGAGTCGT_Club,Club,3
M2_AGGTTGTGTATTCC_Club,Club,107
M2_AGTAAGGAAAGCAA_Club,Club,12
M2_AGTAATACCCAACA_Club,Club,12
M2_AGTAATTGACTCTT_Club,Club,108
M2_AGTACGTGAACGAA_Club,Club,15
M2_AGTACGTGTGGAGG_Club,Club,12
M2_AGTACTCTGGATTC_Club,Club,8
M2_AGTACTCTGTATCG_Basal,Basal,13
M2_AGTAGAGAATCGTG_Club,Club,3
M2_AGTAGAGACCGAAT_Club,Club,3
M2_AGTAGGCTCGTAAC_Club,Club,12
M2_AGTAGGCTTTGAGC_Club,Club,3
M2_AGTATAACACCATG_Club,Club,8
M2_AGTATAACCAGTCA_Club,Club,15
M2_AGTATAACTCGCAA_Tuft,Tuft,17
M2_AGTCACGACAGTCA_Club,Club,3
M2_AGTCCAGAATGCTG_Club,Club,15
M2_AGTCGCCTCAATCG_Club,Club,15
M2_AGTCTACTCCTTCG_Club,Club,8
M2_AGTCTTACACCAAC_Basal,Basal,13
M2_AGTGACACGGAGGT_Club,Club,3
M2_AGTGACTGCACTGA_Club,Club,3
M2_AGTGACTGCTAGTG_Basal,Basal,13
M2_AGTGTGACACTGTG_Club,Club,8
M2_AGTGTGACGCTTAG_Basal,Basal,13
M2_AGTGTTCTGAGCTT_Basal,Basal,13
M2_AGTTAAACTTTGCT_Club,Club,109
M2_AGTTCTACCCTGAA_Club,Club,8
M2_AGTTCTACTCACGA_Club,Club,3
M2_AGTTCTTGGAGGCA_Club,Club,3
M2_AGTTCTTGTAGTCG_Club,Club,3
M2_AGTTGTCTACGACT_Club,Club,8
M2_AGTTGTCTCTAGAC_Club,Club,11
M2_AGTTTCACGCTCCT_Club,Club,11
M2_AGTTTGCTGCTACA_Club,Club,12
M2_ATAACAACGCTTCC_Club,Club,11
M2_ATAACATGATGACC_Club,Club,15
M2_ATAACCCTTCTTTG_Club,Club,3
M2_ATAAGTACGATAAG_Basal,Basal,13
M2_ATAAGTTGTAAGCC_Club,Club,11
M2_ATAATCGAGTGTCA_Club,Club,8
M2_ATAATGACATGACC_Basal,Basal,11
M2_ATAATGACTGGGAG_Club,Club,3
M2_ATACAATGTCTTTG_Club,Club,15
M2_ATACACCTACTGGT_Club,Club,8
M2_ATACACCTTAGACC_Club,Club,43
M2_ATACCACTGCTGAT_Club,Club,11
M2_ATACCACTTCTAGG_Club,Club,12
M2_ATACCGGACATACG_Basal,Basal,13
M2_ATACCGGACTCAAG_Club,Club,110
M2_ATACCGGATTCCCG_Club,Club,3
M2_ATACCTACAGCTCA_Club,Club,111
M2_ATACCTACTTACCT_Club,Club,3
M2_ATACGGACAGGCGA_Club,Club,13
M2_ATACGGACTCGATG_Club,Club,3
M2_ATACGTCTGTCCTC_Tuft,Tuft,17
M2_ATACTCTGCACTCC_Club,Club,3
M2_ATAGCGTGGGGATG_Club,Club,3
M2_ATAGCTCTACGTAC_Club,Club,8
M2_ATAGCTCTGAGATA_Basal,Basal,13
M2_ATAGGAGAGTTGTG_Club,Club,112
M2_ATAGTCCTCCGAAT_Club,Club,113
M2_ATAGTTGAGCATAC_Tuft,Tuft,17
M2_ATATACGACGAGTT_Club,Club,11
M2_ATATACGAGCGATT_Club,Club,11
M2_ATATACGATCTGGA_Club,Club,15
M2_ATATAGTGCGTTAG_Club,Club,3
M2_ATATAGTGGGAGTG_Club,Club,15
M2_ATATAGTGTCTCTA_Basal,Basal,13
M2_ATATGCCTACCTGA_Basal,Basal,13
M2_ATATGCCTGACACT_Club,Club,15
M2_ATATGCCTTATGCG_Club,Club,13
M2_ATCAAATGAAAGTG_Club,Club,3
M2_ATCAACCTTTCGTT_Club,Club,11
M2_ATCACTACATCGGT_Club,Club,44
M2_ATCACTACCCTTGC_Club,Club,3
M2_ATCACTTGTCAGAC_Club,Club,11
M2_ATCAGGTGCGTACA_Ciliated,Ciliated,20
M2_ATCATGCTCTAGCA_Basal,Basal,11
M2_ATCCAGGACGTAGT_Club,Club,3
M2_ATCCAGGATAAGGA_Club,Club,11
M2_ATCCCGTGAGTCAC_Club,Club,8
M2_ATCCCGTGGGAGGT_Club,Club,45
M2_ATCCCGTGTACTCT_Club,Club,3
M2_ATCCGCACCTCATT_Club,Club,13
M2_ATCCGCACTGACTG_Club,Club,3
M2_ATCCTAACAGTACC_Club,Club,11
M2_ATCGACGAAAGATG_Club,Club,3
M2_ATCGAGTGCCGCTT_Basal,Basal,3
M2_ATCGAGTGGGACAG_Club,Club,8
M2_ATCGAGTGGTACAC_Club,Club,3
M2_ATCGAGTGGTTCTT_Club,Club,3
M2_ATCGCCTGTCCTGC_Club,Club,13
M2_ATCGCGCTAGTGTC_Club,Club,3
M2_ATCGCGCTGACACT_Tuft,Tuft,17
M2_ATCGTTTGTGCAGT_Club,Club,8
M2_ATCTACACGTATCG_Club,Club,3
M2_ATCTCAACATCTCT_Club,Club,12
M2_ATCTCAACGTCTGA_Club,Club,11
M2_ATCTCAACTGCATG_Club,Club,3
M2_ATCTGACTATGCCA_Club,Club,3
M2_ATCTTGACTAAGCC_Basal,Basal,13
M2_ATCTTTCTCTACCC_Club,Club,15
M2_ATGAAACTCGTGTA_Club,Club,11
M2_ATGAAACTTGAAGA_Basal,Basal,11
M2_ATGAGAGAACTAGC_Club,Club,8
M2_ATGAGAGAAGCTCA_Basal,Basal,13
M2_ATGAGAGATCTCAT_Club,Club,12
M2_ATGAGAGATTCACT_Ionocyte,Ionocyte,25
M2_ATGAGCACCGGGAA_Club,Club,12
M2_ATGAGCACGCATAC_Club,Club,15
M2_ATGATAACTCAGTG_Club,Club,3
M2_ATGATATGCCTACC_Tuft,Tuft,17
M2_ATGCACGAGGGAGT_Club,Club,8
M2_ATGCAGACGCGAAG_Club,Club,3
M2_ATGCAGACGTGAGG_Club,Club,13
M2_ATGCCAGACACTCC_Club,Club,8
M2_ATGCGATGACACCA_Club,Club,15
M2_ATGCGATGGACGAG_Club,Club,11
M2_ATGCGATGGAGGCA_Club,Club,3
M2_ATGCTTTGGATAAG_Club,Club,3
M2_ATGGTGACCCTGTC_Club,Club,3
M2_ATGGTGACTATGGC_Club,Club,15
M2_ATGTCACTCTATGG_Club,Club,3
M2_ATGTCACTTTTGGG_Club,Club,8
M2_ATGTCGGAAGAGGC_Club,Club,8
M2_ATGTCGGAAGATGA_Club,Club,3
M2_ATGTTAGAGTATGC_Club,Club,11
M2_ATGTTCACGACAGG_Club,Club,41
M2_ATGTTCACGAGCAG_Club,Club,114
M2_ATGTTCACTCGCCT_Club,Club,15
M2_ATTAACGAAAGAAC_Club,Club,11
M2_ATTAACGACGTAAC_Club,Club,3
M2_ATTACCTGTCGTGA_Club,Club,3
M2_ATTAGTGAATTCGG_Basal,Basal,13
M2_ATTAGTGACCTCCA_Club,Club,13
M2_ATTAGTGAGCCCTT_Club,Club,11
M2_ATTATGGACTGCAA_Club,Club,8
M2_ATTATGGACTTCTA_Club,Club,15
M2_ATTCAAGAACCGAT_Basal,Basal,13
M2_ATTCAAGAGCGTAT_Club,Club,8
M2_ATTCAAGATGCTAG_Club,Club,12
M2_ATTCCAACATCACG_Club,Club,12
M2_ATTCGACTAAAGCA_Club,Club,8
M2_ATTCGACTGGCAAG_Club,Club,15
M2_ATTCTGACCTGAAC_Club,Club,3
M2_ATTCTTCTTGCTTT_Basal,Basal,13
M2_ATTGAATGAACCGT_Club,Club,3
M2_ATTGCGGAGCTACA_Basal,Basal,13
M2_ATTGCGGAGGTTCA_Club,Club,12
M2_ATTGCTACCTACCC_Club,Club,8
M2_ATTGCTACTCGATG_Club,Club,11
M2_ATTGCTTGTCACGA_Club,Club,11
M2_ATTGCTTGTCAGGT_Club,Club,3
M2_ATTGCTTGTCTCAT_Ionocyte,Ionocyte,25
M2_ATTGGGTGCACTGA_Club,Club,3
M2_ATTGGGTGCTGTAG_Club,Club,3
M2_ATTGGGTGTCCTAT_Basal,Basal,13
M2_ATTGGTCTCCAACA_Club,Club,8
M2_ATTGTAGACTCCAC_Club,Club,8
M2_ATTGTAGAGGCGAA_Club,Club,3
M2_ATTGTCTGCGGTAT_Club,Club,11
M2_ATTGTCTGTTATCC_Club,Club,8
M2_ATTTCGTGTCACGA_Club,Club,11
M2_ATTTCTCTGTTACG_Club,Club,15
M2_CAAACTCTACCCTC_Basal,Basal,13
M2_CAAACTCTCTGAGT_Club,Club,3
M2_CAACAGACCCGTTC_Club,Club,3
M2_CAACAGACCTATTC_Ciliated,Ciliated,20
M2_CAACCAGACCAACA_Club,Club,15
M2_CAACCAGATGACCA_Club,Club,12
M2_CAACCGCTTTCGTT_Ciliated,Ciliated,28
M2_CAACGAACAGTACC_Club,Club,15
M2_CAACGAACGCATCA_Club,Club,3
M2_CAACGAACTGCACA_Club,Club,3
M2_CAACGAACTTCGTT_Club,Club,3
M2_CAACGATGGTAAGA_Ciliated,Ciliated,21
M2_CAACGATGTCCTAT_Club,Club,3
M2_CAACTTTGACTCAG_Ciliated,Ciliated,20
M2_CAACTTTGTGCTAG_Club,Club,15
M2_CAAGAAGACTTCCG_Club,Club,3
M2_CAAGAAGATCACCC_Basal,Basal,12
M2_CAAGACTGAAGGTA_Club,Club,8
M2_CAAGACTGGTATGC_Club,Club,8
M2_CAAGCCCTGGACAG_Tuft,Tuft,17
M2_CAAGCTGAAAGCCT_Club,Club,8
M2_CAAGGACTTCCCGT_Club,Club,3
M2_CAAGTCGACTTACT_Club,Club,8
M2_CAAGTTCTATCGGT_Club,Club,8
M2_CAATAAACCTATTC_Goblet,Goblet,23
M2_CAATATGAGGTACT_Club,Club,11
M2_CAATATGATGACAC_Club,Club,11
M2_CAATTCTGCATGAC_Club,Club,12
M2_CAATTCTGGGTACT_Club,Club,3
M2_CAATTCTGGGTGGA_Club,Club,15
M2_CAATTCTGGTCATG_Club,Club,3
M2_CAATTCTGTGTGCA_Club,Club,15
M2_CACAACGACGGAGA_Club,Club,11
M2_CACAATCTACCCAA_Tuft,Tuft,17
M2_CACAATCTAGCCAT_Club,Club,3
M2_CACACCTGATCGTG_Club,Club,12
M2_CACACCTGTAGTCG_Club,Club,3
M2_CACACCTGTTTGTC_Club,Club,13
M2_CACAGAACTCAGGT_Club,Club,3
M2_CACAGATGAACGAA_Club,Club,3
M2_CACAGATGACACAC_Club,Club,11
M2_CACAGATGCAGAAA_Club,Club,3
M2_CACATACTCGCTAA_Club,Club,3
M2_CACATGGATAGACC_Club,Club,12
M2_CACCACTGGGAGCA_Club,Club,3
M2_CACCGGGATCTCTA_Club,Club,3
M2_CACCGTACCGAATC_Basal,Basal,13
M2_CACCGTTGCTGAAC_Basal,Basal,13
M2_CACGAAACGGATTC_Club,Club,3
M2_CACGGGACCTTGAG_Club,Club,3
M2_CACGGGACTGTGGT_Club,Club,8
M2_CACTAGGATCTCCG_Club,Club,11
M2_CACTAGGATGATGC_Basal,Basal,13
M2_CACTGCTGCCATAG_Club,Club,11
M2_CACTTATGCCAATG_Club,Club,3
M2_CACTTATGGGCAAG_Club,Club,3
M2_CACTTTGATCTATC_Club,Club,3
M2_CAGACAACCTTGGA_Club,Club,8
M2_CAGACCCTAAGAAC_Club,Club,15
M2_CAGACCCTGAGATA_Club,Club,45
M2_CAGACCCTGATAAG_Basal,Basal,13
M2_CAGACTGAGCTTAG_Club,Club,8
M2_CAGACTGATTCGCC_Club,Club,12
M2_CAGAGGGATCTATC_Club,Club,8
M2_CAGATGACACCCTC_Club,Club,3
M2_CAGATGACACTTTC_Club,Club,3
M2_CAGCCTTGACTGGT_Club,Club,3
M2_CAGCGGACGAACCT_Club,Club,15
M2_CAGCGTCTTTATCC_Club,Club,12
M2_CAGGTATGTTCGCC_Club,Club,3
M2_CAGTGATGGCATAC_Club,Club,3
M2_CAGTGATGTTGCGA_Club,Club,8
M2_CAGTGTGATAGCGT_Club,Club,8
M2_CAGTGTGATTCTAC_Club,Club,115
M2_CAGTTGGACACTGA_Basal,Basal,13
M2_CAGTTGGACCCTCA_Club,Club,15
M2_CAGTTGGATATGGC_Club,Club,11
M2_CAGTTGGATGCATG_Club,Club,8
M2_CAGTTTACTACGCA_Club,Club,8
M2_CAGTTTACTCCGAA_Club,Club,12
M2_CATAAAACCGCAAT_Club,Club,11
M2_CATAAATGTCTTCA_Club,Club,13
M2_CATACTACAAGGTA_Club,Club,12
M2_CATACTACCAAGCT_Club,Club,3
M2_CATAGTCTATGGTC_Club,Club,11
M2_CATCAGGAGGATCT_Club,Club,15
M2_CATCATACGGAGCA_Club,Club,3
M2_CATCCCGACGCAAT_Club,Club,3
M2_CATCGCTGAGAGGC_Club,Club,12
M2_CATCGCTGTCACGA_Club,Club,8
M2_CATCGGCTCTGAAC_Ciliated,Ciliated,20
M2_CATGCCACGTCATG_Club,Club,15
M2_CATGCGCTTCGTAG_Club,Club,3
M2_CATGGATGTCAGGT_Club,Club,8
M2_CATGTACTGATGAA_Club,Club,3
M2_CATGTTTGACGTGT_Club,Club,13
M2_CATGTTTGATTCCT_Club,Club,8
M2_CATGTTTGGAAACA_Club,Club,15
M2_CATGTTTGTTCTGT_Club,Club,116
M2_CATTAGCTAGAGAT_Club,Club,15
M2_CATTAGCTCTTCCG_Club,Club,13
M2_CATTCCCTACAGCT_Club,Club,15
M2_CATTCCCTGTTGTG_Basal,Basal,13
M2_CATTGACTCAGAGG_Club,Club,3
M2_CATTGACTTTCACT_Basal,Basal,13
M2_CATTGGGAGAGCAG_Club,Club,8
M2_CATTGGGATGCTAG_Club,Club,3
M2_CATTGTACTCCCGT_Club,Club,8
M2_CATTGTTGGGGACA_Basal,Basal,13
M2_CATTGTTGGGTATC_Tuft,Tuft,17
M2_CATTTCGAGAGCAG_Club,Club,3
M2_CATTTGACGGAAAT_Club,Club,3
M2_CATTTGACTGTGGT_Club,Club,11
M2_CATTTGTGCTGATG_Club,Club,11
M2_CATTTGTGGAATAG_Club,Club,15
M2_CCAAGAACAGTCTG_Club,Club,3
M2_CCAAGATGCCGATA_Club,Club,11
M2_CCAAGATGTAGAAG_Ciliated,Ciliated,20
M2_CCAAGATGTCCCAC_Club,Club,3
M2_CCAATTTGAGCCTA_Ciliated,Ciliated,20
M2_CCAATTTGATCGTG_Club,Club,3
M2_CCAATTTGCAAGCT_Club,Club,11
M2_CCAATTTGCTCGCT_Club,Club,3
M2_CCACCATGATTGGC_Club,Club,12
M2_CCACCTGAGCGGAA_Club,Club,15
M2_CCACGGGATTCACT_Club,Club,3
M2_CCACTGACTGCCCT_Basal,Basal,13
M2_CCACTGTGCGGAGA_Club,Club,3
M2_CCAGAAACGAAGGC_Club,Club,3
M2_CCAGAAACTAAAGG_Tuft,Tuft,17
M2_CCAGCGGATTAGGC_Tuft,Tuft,17
M2_CCAGCTACGTACCA_Club,Club,117
M2_CCAGTCACAACGAA_Club,Club,3
M2_CCAGTCACAGGTCT_Club,Club,3
M2_CCAGTCACATGTGC_Club,Club,3
M2_CCAGTGCTCATTCT_Tuft,Tuft,17
M2_CCAGTGCTGTCGTA_Club,Club,15
M2_CCAGTGCTTACGAC_Club,Club,3
M2_CCATAGGACCTTTA_Club,Club,11
M2_CCATAGGAGCATAC_Club,Club,8
M2_CCATAGGAGGCAAG_Club,Club,12
M2_CCATATACAAAAGC_Club,Club,3
M2_CCATATACCGCAAT_Club,Club,15
M2_CCATATACGGATCT_Basal,Basal,13
M2_CCATATACTCGCAA_Club,Club,12
M2_CCATATACTTGCAG_Club,Club,15
M2_CCATCCGATTTGTC_Club,Club,11
M2_CCATCGTGACCCAA_Club,Club,3
M2_CCATGCTGCTGAAC_Club,Club,11
M2_CCATGCTGTCTTCA_Club,Club,11
M2_CCCAAAGAGAATCC_Club,Club,15
M2_CCCAAAGAGCCTTC_Club,Club,3
M2_CCCACATGCAGAAA_Club,Club,8
M2_CCCACATGCTTCTA_Club,Club,10
M2_CCCAGACTTACTGG_Club,Club,3
M2_CCCGAACTGGTATC_Club,Club,3
M2_CCCGATTGGTATGC_Ciliated,Ciliated,20
M2_CCCGATTGTCTCAT_Club,Club,3
M2_CCCGATTGTTTACC_Club,Club,12
M2_CCCGGAGACTTCCG_Club,Club,118
M2_CCCGGAGAGGTTCA_Club,Club,15
M2_CCCGGAGATGCCAA_Club,Club,3
M2_CCCTAGTGATCGAC_Basal,Basal,13
M2_CCCTCAGATGGAAA_Neuroendocrine,Neuroendocrine,119
M2_CCCTGATGCACACA_Club,Club,8
M2_CCCTGATGGCTATG_Club,Club,15
M2_CCCTGATGTGCGTA_Club,Club,13
M2_CCCTGATGTGCTCC_Goblet,Goblet,18
M2_CCCTTACTCGTAGT_Basal,Basal,12
M2_CCCTTACTGTCCTC_Club,Club,3
M2_CCGACTACCTCATT_Tuft,Tuft,17
M2_CCGACTACCTTGCC_Club,Club,3
M2_CCGACTACGTACGT_Club,Club,8
M2_CCGCTATGAAGGCG_Club,Club,3
M2_CCGCTATGCTTGGA_Ciliated,Ciliated,20
M2_CCGGAGACCTGACA_Club,Club,11
M2_CCGGAGACGCTTAG_Basal,Basal,13
M2_CCGGAGACTCTGGA_Club,Club,15
M2_CCGGAGTGCACTGA_Club,Club,11
M2_CCGGAGTGCTCGCT_Club,Club,3
M2_CCGGAGTGTTGGCA_Club,Club,3
M2_CCGTACACTTGGCA_Club,Club,15
M2_CCTAAACTTTTGTC_Basal,Basal,13
M2_CCTAGAGAGAGGGT_Club,Club,11
M2_CCTAGAGATTCGTT_Club,Club,8
M2_CCTATAACACTAGC_Club,Club,3
M2_CCTATTGACAGTCA_Basal,Basal,13
M2_CCTATTGAGTCGAT_Club,Club,3
M2_CCTATTGATGTGCA_Club,Club,8
M2_CCTCATCTGGTGTT_Club,Club,11
M2_CCTCGAACAATCGC_Club,Club,15
M2_CCTGACTGATGGTC_Basal,Basal,13
M2_CCTGACTGTGGTCA_Club,Club,3
M2_CCTGAGCTAAAGTG_Club,Club,15
M2_CCTGCAACGGAAGC_Club,Club,46
M2_CCTGCAACTCTACT_Club,Club,8
M2_CCTTAATGCTGTCC_Club,Club,8
M2_CCTTCACTCTGGAT_Club,Club,3
M2_CCTTTAGATCCTCG_Club,Club,8
M2_CGAATCGATCTTCA_Club,Club,12
M2_CGAATCGATGCTGA_Club,Club,8
M2_CGACAAACCGTTGA_Club,Club,3
M2_CGACAAACGATGAA_Tuft,Tuft,17
M2_CGACCGGACGACTA_Club,Club,12
M2_CGACCTACGCTGTA_Goblet,Goblet,18
M2_CGACGTCTGTTGGT_Club,Club,3
M2_CGACGTCTTCAGAC_Club,Club,3
M2_CGACTCTGCCTCAC_Basal,Basal,16
M2_CGACTGCTCCCGTT_Club,Club,3
M2_CGACTGCTTCACGA_Basal,Basal,12
M2_CGAGATTGAAGCAA_Basal,Basal,13
M2_CGAGATTGGGGTGA_Club,Club,12
M2_CGAGCGTGAAACGA_Club,Club,3
M2_CGAGCGTGGAGAGC_Basal,Basal,13
M2_CGAGCGTGTTCGTT_Club,Club,3
M2_CGAGGAGACAGCTA_Club,Club,120
M2_CGAGGCACATGTGC_Club,Club,3
M2_CGAGGCTGCGTTAG_Club,Club,15
M2_CGAGGCTGCTTAGG_Club,Club,11
M2_CGAGGGCTTCCCAC_Basal,Basal,13
M2_CGAGTATGGCGTTA_Club,Club,8
M2_CGATACGACAGTCA_Club,Club,12
M2_CGATAGACCGACAT_Club,Club,8
M2_CGATAGACTGTTTC_Club,Club,3
M2_CGATCAGACCTTGC_Club,Club,3
M2_CGATCAGACGATAC_Club,Club,3
M2_CGATCAGAGAGAGC_Tuft,Tuft,17
M2_CGCACGGAGGTTTG_Club,Club,8
M2_CGCACGGATCTACT_Club,Club,15
M2_CGCACGGATCTAGG_Club,Club,3
M2_CGCAGGACAGAGAT_Club,Club,8
M2_CGCAGGACATGACC_Club,Club,15
M2_CGCAGGTGTGGCAT_Club,Club,8
M2_CGCATAGAGATGAA_Club,Club,3
M2_CGCCATACTGACAC_Club,Club,3
M2_CGCCATTGCTAGAC_Club,Club,8
M2_CGCCATTGGGTAAA_Club,Club,8
M2_CGCCATTGTCAAGC_Club,Club,3
M2_CGCCGAGAATTCTC_Club,Club,3
M2_CGCCTAACCACTGA_Club,Club,3
M2_CGCCTAACCTGCTC_Basal,Basal,13
M2_CGCCTAACGCGAAG_Club,Club,8
M2_CGCCTAACGCTAAC_Club,Club,15
M2_CGCGAGACCCTATT_Club,Club,8
M2_CGCGGATGGGTTTG_Club,Club,3
M2_CGCTACTGCAGCTA_Club,Club,3
M2_CGCTACTGCATTTC_Club,Club,11
M2_CGGAATTGACTCTT_Club,Club,3
M2_CGGAATTGCGGTAT_Club,Club,15
M2_CGGAATTGGTTCTT_Club,Club,3
M2_CGGACCGAACGTGT_Club,Club,8
M2_CGGACCGAAGCCAT_Club,Club,3
M2_CGGACCGAAGTCTG_Club,Club,11
M2_CGGACCGATTGGTG_Club,Club,15
M2_CGGACTCTGACACT_Club,Club,3
M2_CGGACTCTGATACC_Club,Club,12
M2_CGGACTCTTGGCAT_Club,Club,12
M2_CGGATATGGACAAA_Club,Club,11
M2_CGGCGAACACCACA_Club,Club,3
M2_CGGCGAACCTTATC_Club,Club,3
M2_CGGCGATGCGACTA_Club,Club,8
M2_CGGGACTGGCTACA_Club,Club,11
M2_CGGTACCTACCTGA_Club,Club,121
M2_CGGTACCTGTTCTT_Club,Club,8
M2_CGGTCACTGGACAG_Ciliated,Ciliated,28
M2_CGTAACGACCTGAA_Club,Club,8
M2_CGTAACGATCGCAA_Club,Club,3
M2_CGTACAGAATGGTC_Club,Club,11
M2_CGTACAGAGGGCAA_Basal,Basal,122
M2_CGTACCACAGTGTC_Ciliated,Ciliated,20
M2_CGTACCACCCTTAT_Club,Club,8
M2_CGTACCACTAAGGA_Club,Club,12
M2_CGTACCTGCCAACA_Club,Club,15
M2_CGTCAAGAGTACGT_Club,Club,8
M2_CGTGAATGGTCTAG_Club,Club,8
M2_CGTGAATGTGTAGC_Club,Club,11
M2_CGTGTAGATGCATG_Club,Club,3
M2_CGTTAACTGTGTTG_Club,Club,8
M2_CGTTAACTTTGCTT_Club,Club,11
M2_CGTTAGGACTTGGA_Club,Club,3
M2_CGTTATACCAGATC_Ciliated,Ciliated,20
M2_CGTTATACCTTCCG_Club,Club,3
M2_CGTTATACTCAAGC_Club,Club,3
M2_CTAAACCTCAAGCT_Club,Club,8
M2_CTAACGGAAAACAG_Club,Club,3
M2_CTAACGGAACTGTG_Club,Club,11
M2_CTAAGGACTGAGGG_Club,Club,3
M2_CTAAGGTGTCTCGC_Club,Club,3
M2_CTAATAGATTTCAC_Club,Club,3
M2_CTACAACTTTCTAC_Club,Club,3
M2_CTACAACTTTGAGC_Club,Club,3
M2_CTACCTCTTCCGTC_Goblet,Goblet,123
M2_CTACGCACCGAGTT_Club,Club,3
M2_CTACGCACGTCGTA_Ciliated,Ciliated,20
M2_CTACGGCTACAGTC_Club,Club,8
M2_CTACTATGCTCCCA_Club,Club,12
M2_CTACTCCTGTGCTA_Club,Club,3
M2_CTAGATCTACCTTT_Club,Club,3
M2_CTAGATCTGCTCCT_Basal,Basal,13
M2_CTAGGATGTTTGGG_Club,Club,8
M2_CTAGTTACGACAGG_Club,Club,3
M2_CTAGTTTGCTATGG_Club,Club,3
M2_CTAGTTTGGGGACA_Club,Club,15
M2_CTAGTTTGTAGCCA_Club,Club,12
M2_CTATAAGATGCAAC_Club,Club,11
M2_CTATACTGTCTTCA_Club,Club,3
M2_CTATACTGTGGGAG_Club,Club,8
M2_CTATAGCTTTTGGG_Club,Club,3
M2_CTATCAACAGGGTG_Club,Club,8
M2_CTATCCCTCCCACT_Club,Club,12
M2_CTATCCCTCTAGAC_Basal,Basal,13
M2_CTATGACTCTCAAG_Club,Club,124
M2_CTATGTTGAGCCTA_Ciliated,Ciliated,20
M2_CTATGTTGCTGGAT_Basal,Basal,13
M2_CTATGTTGTAGACC_Basal,Basal,13
M2_CTATTGACCCACAA_Club,Club,125
M2_CTATTGTGCTGACA_Ionocyte,Ionocyte,25
M2_CTCAATTGAACAGA_Club,Club,11
M2_CTCAATTGTTATCC_Tuft,Tuft,17
M2_CTCAGAGAAGTAGA_Club,Club,12
M2_CTCAGAGACGTAGT_Club,Club,3
M2_CTCAGAGACTTGTT_Club,Club,3
M2_CTCAGAGAGAACTC_Club,Club,8
M2_CTCAGCACGTTGTG_Club,Club,15
M2_CTCAGCTGACCAAC_Club,Club,11
M2_CTCAGCTGCCTAAG_Club,Club,12
M2_CTCAGCTGGATAGA_Club,Club,3
M2_CTCAGCTGGCGTTA_Club,Club,8
M2_CTCATTGAGGTGGA_Club,Club,15
M2_CTCCGAACAAGCCT_Club,Club,15
M2_CTCCGAACAGAAGT_Club,Club,12
M2_CTCCGAACGACTAC_Club,Club,3
M2_CTCCTACTGTGTTG_Club,Club,3
M2_CTCGAAGAGAATGA_Basal,Basal,11
M2_CTCGAAGAGGTATC_Tuft,Tuft,17
M2_CTCGACACTTATCC_Club,Club,8
M2_CTCGCATGTACAGC_Club,Club,3
M2_CTCGCATGTCCTTA_Club,Club,3
M2_CTCTAAACCGAGTT_Club,Club,12
M2_CTCTAAACTGTGGT_Club,Club,3
M2_CTCTAATGCAGAGG_Club,Club,8
M2_CTGAAGACAGGTTC_Tuft,Tuft,17
M2_CTGAAGACCGAGAG_Club,Club,3
M2_CTGAATCTCTCTCG_Ionocyte,Ionocyte,25
M2_CTGACAGAGTCGTA_Tuft,Tuft,17
M2_CTGAGAACAAGAGT_Club,Club,12
M2_CTGAGAACTGCAAC_Club,Club,15
M2_CTGAGAACTGGTAC_Club,Club,3
M2_CTGAGCCTACGGTT_Ionocyte,Ionocyte,23
M2_CTGATACTCTTAGG_Club,Club,12
M2_CTGCCAACCGATAC_Basal,Basal,13
M2_CTGCCAACGGTTAC_Club,Club,8
M2_CTGGAAACCGAATC_Goblet,Goblet,18
M2_CTGGATGAACCCAA_Tuft,Tuft,17
M2_CTGGATGATAGCGT_Club,Club,3
M2_CTGTATACGAAGGC_Basal,Basal,13
M2_CTGTATACGAGGTG_Club,Club,12
M2_CTTAAAGACCTTCG_Tuft,Tuft,17
M2_CTTAACACCTCCCA_Club,Club,3
M2_CTTACAACTATCTC_Club,Club,12
M2_CTTACTGACTTGAG_Club,Club,11
M2_CTTAGGGAACACGT_Club,Club,3
M2_CTTATCGAGATACC_Neuroendocrine,Neuroendocrine,19
M2_CTTATCGATACTTC_Club,Club,3
M2_CTTCACCTCACTTT_Club,Club,12
M2_CTTCATGAACGTAC_Club,Club,8
M2_CTTCATGACATGAC_Club,Club,126
M2_CTTCTAGATGACCA_Club,Club,8
M2_CTTGAACTCCTTGC_Club,Club,3
M2_CTTGAACTGAGCTT_Club,Club,15
M2_CTTGAACTTTTGTC_Club,Club,3
M2_CTTGTATGACCAAC_Club,Club,3
M2_CTTGTATGGGTGAG_Club,Club,10
M2_CTTGTATGTCCTCG_Club,Club,8
M2_CTTTAGACCGAATC_Club,Club,3
M2_CTTTAGACTGTCGA_Club,Club,3
M2_CTTTAGTGAGCGGA_Club,Club,15
M2_CTTTCAGAGGAACG_Basal,Basal,13
M2_CTTTCAGATGCACA_Club,Club,15
M2_CTTTGATGGCAGAG_Club,Club,3
M2_GAAACAGAGGTAAA_Club,Club,127
M2_GAAAGATGCTTCCG_Club,Club,15
M2_GAAAGCCTGCTCCT_Tuft,Tuft,17
M2_GAAAGCCTGTCTTT_Club,Club,3
M2_GAAAGCCTTCCAGA_Club,Club,11
M2_GAAAGTGACCTCGT_Ciliated,Ciliated,20
M2_GAAAGTGATACTCT_Club,Club,12
M2_GAAATACTGGAAGC_Tuft,Tuft,17
M2_GAACAGCTCTACGA_Club,Club,15
M2_GAACAGCTTGACCA_Club,Club,33
M2_GAACCAACACCAGT_Club,Club,13
M2_GAACCTGAGCGATT_Basal,Basal,13
M2_GAACGTTGGCGAGA_Club,Club,128
M2_GAAGAATGAACGAA_Club,Club,12
M2_GAAGATGACACTCC_Club,Club,8
M2_GAAGCTACACTTTC_Club,Club,12
M2_GAAGCTACGACGGA_Ciliated,Ciliated,20
M2_GAAGCTACTTGTGG_Basal,Basal,29
M2_GAAGCTTGAACGTC_Club,Club,15
M2_GAAGCTTGCTGCTC_Club,Club,15
M2_GAAGGTCTGATACC_Basal,Basal,13
M2_GAAGTAGAATGTCG_Club,Club,15
M2_GAAGTAGACCCTTG_Club,Club,12
M2_GAAGTAGACGTTGA_Club,Club,3
M2_GAAGTAGATTGCTT_Club,Club,11
M2_GAAGTCTGATCGTG_Tuft,Tuft,17
M2_GAATGCACCTAGTG_Club,Club,29
M2_GAATGCTGCAACCA_Club,Club,15
M2_GAATGGCTGGAAAT_Club,Club,3
M2_GAATTAACAAACGA_Basal,Basal,11
M2_GAATTAACAACCAC_Club,Club,12
M2_GACAACACCGCATA_Club,Club,15
M2_GACAACACGAGCAG_Club,Club,12
M2_GACAACACTGGGAG_Club,Club,12
M2_GACAACTGTACGAC_Club,Club,3
M2_GACAACTGTCACCC_Basal,Basal,13
M2_GACAACTGTTCAGG_Club,Club,15
M2_GACACTGAGACGGA_Club,Club,11
M2_GACAGTACATCGGT_Club,Club,129
M2_GACAGTACGCGTTA_Club,Club,3
M2_GACATTCTAAACGA_Basal,Basal,13
M2_GACATTCTCAACTG_Club,Club,130
M2_GACATTCTGTTTCT_Club,Club,12
M2_GACCATGACGAGTT_Club,Club,3
M2_GACCCTACAGTTCG_Basal,Basal,13
M2_GACCTAGATATGCG_Club,Club,11
M2_GACCTCACAGCATC_Club,Club,3
M2_GACCTCTGCGTCTC_Club,Club,15
M2_GACCTCTGGAACCT_Club,Club,12
M2_GACCTCTGGGATCT_Club,Club,3
M2_GACGAACTCCATAG_Club,Club,12
M2_GACGAACTGAGAGC_Club,Club,11
M2_GACGAGGAACGGTT_Tuft,Tuft,17
M2_GACGAGGAGAGGAC_Club,Club,8
M2_GACGAGGAGTGAGG_Tuft,Tuft,17
M2_GACGATTGACGTAC_Club,Club,3
M2_GACGATTGCTTACT_Basal,Basal,13
M2_GACGCCGAGGACTT_Tuft,Tuft,17
M2_GACGGCACAGATCC_Club,Club,3
M2_GACGTATGACTCAG_Club,Club,8
M2_GACGTATGCTTTAC_Club,Club,3
M2_GACTACGAACGGAG_Club,Club,8
M2_GACTACGACTTGCC_Club,Club,131
M2_GACTACGAGCTACA_Club,Club,3
M2_GACTCCTGCCATAG_Club,Club,3
M2_GACTGAACCGGGAA_Club,Club,3
M2_GACTGAACGTGTAC_Club,Club,47
M2_GACTGATGGCTTAG_Club,Club,3
M2_GACTGTGACAATCG_Club,Club,3
M2_GAGAAATGCCAACA_Club,Club,11
M2_GAGAGGTGTCTTTG_Basal,Basal,16
M2_GAGATAGAAGCTCA_Club,Club,3
M2_GAGATAGATGACCA_Club,Club,3
M2_GAGATCACCTGAAC_Basal,Basal,13
M2_GAGATCACGGATCT_Basal,Basal,13
M2_GAGATCACGTCCTC_Club,Club,15
M2_GAGATGCTACTAGC_Club,Club,8
M2_GAGCAACTTGGAGG_Tuft,Tuft,17
M2_GAGCAGGAGGAGTG_Club,Club,8
M2_GAGCAGGATATGCG_Club,Club,15
M2_GAGCATACGGTGTT_Club,Club,12
M2_GAGCGAGATCTTCA_Club,Club,12
M2_GAGCGCACCTCTAT_Basal,Basal,13
M2_GAGCGCACTGGAAA_Club,Club,8
M2_GAGCGCTGACCAGT_Club,Club,13
M2_GAGCGCTGCTGGAT_Club,Club,13
M2_GAGCGGCTATGTGC_Club,Club,15
M2_GAGGACGATGACTG_Tuft,Tuft,17
M2_GAGGACGATTCAGG_Club,Club,11
M2_GAGGATCTCTAAGC_Basal,Basal,13
M2_GAGGCAGAACACTG_Club,Club,132
M2_GAGGCAGAATTTCC_Club,Club,3
M2_GAGGCAGACATGAC_Club,Club,11
M2_GAGGCCACTGCAAC_Club,Club,12
M2_GAGGCCACTGCTGA_Tuft,Tuft,17
M2_GAGGGAACCAGAAA_Club,Club,3
M2_GAGGGAACTGCTCC_Basal,Basal,13
M2_GAGGGATGAAGGGC_Club,Club,3
M2_GAGGGATGGCATCA_Club,Club,8
M2_GAGGGTGACTAGAC_Club,Club,3
M2_GAGGGTGATCTATC_Club,Club,15
M2_GAGGTACTCTGAGT_Club,Club,3
M2_GAGGTGGACCAATG_Basal,Basal,13
M2_GAGGTGGACCTTAT_Club,Club,15
M2_GAGTAAGACGATAC_Club,Club,11
M2_GAGTAAGATATGGC_Club,Club,11
M2_GAGTACTGCAGCTA_Club,Club,8
M2_GAGTGACTGAATAG_Club,Club,8
M2_GAGTGACTGACACT_Club,Club,3
M2_GAGTGACTTCATTC_Basal,Basal,13
M2_GAGTTGTGAGGTCT_Club,Club,15
M2_GAGTTGTGGGGATG_Club,Club,15
M2_GAGTTGTGTAGACC_Club,Club,3
M2_GAGTTGTGTTAGGC_Club,Club,11
M2_GATAATACTCAAGC_Club,Club,133
M2_GATACTCTGTCTGA_Club,Club,12
M2_GATACTCTTATCGG_Club,Club,11
M2_GATAGAGACATGAC_Basal,Basal,13
M2_GATAGAGACTTATC_Club,Club,11
M2_GATAGCACATGCTG_Club,Club,8
M2_GATAGCACTGGAGG_Basal,Basal,13
M2_GATATATGGAGGGT_Club,Club,3
M2_GATATCCTGCTCCT_Club,Club,3
M2_GATCCCTGTCACGA_Club,Club,3
M2_GATCGATGCATCAG_Neuroendocrine,Neuroendocrine,19
M2_GATCGATGCGGTAT_Club,Club,11
M2_GATCGATGCTCTAT_Club,Club,15
M2_GATCGTGATAACGC_Club,Club,11
M2_GATCTACTCGTCTC_Club,Club,3
M2_GATCTTACGGGCAA_Club,Club,12
M2_GATGACACCCTTCG_Club,Club,3
M2_GATGCATGCCGCTT_Club,Club,11
M2_GATGCCCTCCTCGT_Club,Club,134
M2_GATGCCCTGTAAGA_Club,Club,3
M2_GATTCGGAGTTTGG_Club,Club,11
M2_GATTCTACCTGTTT_Club,Club,3
M2_GATTCTACTGAAGA_Club,Club,3
M2_GATTCTTGAAGGGC_Club,Club,3
M2_GATTCTTGCATGGT_Club,Club,3
M2_GATTCTTGGCATCA_Club,Club,12
M2_GATTGGACATCGTG_Club,Club,12
M2_GATTGGACCCGCTT_Club,Club,8
M2_GATTGGTGATCTTC_Club,Club,48
M2_GATTGGTGTCCCAC_Club,Club,12
M2_GATTGGTGTTCCCG_Ciliated,Ciliated,28
M2_GATTTAGACTTACT_Club,Club,3
M2_GATTTGCTCATGGT_Club,Club,3
M2_GCAAACTGGACAGG_Club,Club,3
M2_GCAAACTGTCCAAG_Club,Club,3
M2_GCAACCCTCTTACT_Club,Club,15
M2_GCAAGACTCCAAGT_Club,Club,15
M2_GCAAGACTGGACTT_Basal,Basal,13
M2_GCAAGACTTTGTCT_Basal,Basal,13
M2_GCAATCGATGTCCC_Club,Club,3
M2_GCACAAACAGGAGC_Club,Club,12
M2_GCACAAACGGTGTT_Club,Club,8
M2_GCACAAACGGTTAC_Club,Club,11
M2_GCACCTACAGTCTG_Club,Club,135
M2_GCACCTACTTCAGG_Club,Club,12
M2_GCACTGCTTCACGA_Club,Club,11
M2_GCAGATACAGACTC_Club,Club,12
M2_GCAGATACTCTATC_Tuft,Tuft,17
M2_GCAGCCGACTCAGA_Club,Club,12
M2_GCAGCGTGTTGCAG_Club,Club,8
M2_GCAGCTCTGGTATC_Club,Club,8
M2_GCAGCTCTTTCTTG_Club,Club,8
M2_GCAGGCACTGGAAA_Club,Club,136
M2_GCAGGGCTCCAATG_Club,Club,11
M2_GCAGTCCTCATACG_Club,Club,8
M2_GCAGTTGACATTTC_Club,Club,3
M2_GCATCAGACTTCGC_Club,Club,12
M2_GCATCAGATTGGCA_Club,Club,3
M2_GCATGATGTCATTC_Club,Club,3
M2_GCATGATGTTACCT_Club,Club,11
M2_GCATGTGAGTAAAG_Club,Club,15
M2_GCCAAATGACCCTC_Tuft,Tuft,17
M2_GCCAAATGCACTAG_Club,Club,15
M2_GCCAACCTGGTAAA_Club,Club,8
M2_GCCACGGAGCAGAG_Club,Club,8
M2_GCCACTACATCGGT_Club,Club,12
M2_GCCACTACTCCCGT_Basal,Basal,3
M2_GCCATCACAGGAGC_Basal,Basal,16
M2_GCCCAACTCATTGG_Club,Club,15
M2_GCCGACGAGCATCA_Basal,Basal,13
M2_GCCGACGATGTTCT_Club,Club,11
M2_GCCGAGTGCTCAAG_Club,Club,11
M2_GCCGAGTGTGACCA_Club,Club,8
M2_GCCGGAACACACGT_Club,Club,3
M2_GCCGGAACCCAATG_Club,Club,12
M2_GCCGGAACGGGTGA_Basal,Basal,13
M2_GCCGTACTGCTTAG_Basal,Basal,25
M2_GCCTACACCAGTTG_Basal,Basal,13
M2_GCCTCATGCTTCGC_Club,Club,3
M2_GCGAAGGACACCAA_Club,Club,8
M2_GCGACTCTCAGTTG_Club,Club,12
M2_GCGACTCTTTTCGT_Tuft,Tuft,17
M2_GCGATATGCAACCA_Club,Club,3
M2_GCGCACGAACCTTT_Club,Club,11
M2_GCGCACGAGAGGTG_Ciliated,Ciliated,20
M2_GCGCATCTGGTTCA_Club,Club,47
M2_GCGCGAACCCGTTC_Club,Club,3
M2_GCGCGATGCACTGA_Basal,Basal,13
M2_GCGGAGCTCGAGAG_Club,Club,3
M2_GCGTAATGCACACA_Ciliated,Ciliated,20
M2_GCGTAATGGTAGCT_Club,Club,8
M2_GCTACCTGTGCAGT_Club,Club,8
M2_GCTAGATGAACAGA_Tuft,Tuft,17
M2_GCTAGATGACACTG_Club,Club,137
M2_GCTATACTAGATGA_Basal,Basal,13
M2_GCTATACTGAGGAC_Club,Club,11
M2_GCTCAAGATTCCCG_Club,Club,3
M2_GCTCACTGACACGT_Club,Club,8
M2_GCTCACTGATCTCT_Club,Club,3
M2_GCTCACTGCGGGAA_Basal,Basal,13
M2_GCTCACTGGGTTAC_Club,Club,3
M2_GCTCAGCTAACGGG_Club,Club,8
M2_GCTCCATGAGAGAT_Club,Club,3
M2_GCTCCATGCCCAAA_Club,Club,12
M2_GCTCGACTACTACG_Club,Club,3
M2_GCTCGACTCCTAAG_Club,Club,8
M2_GCTTAACTTCGCCT_Basal,Basal,13
M2_GCTTGAGAAACCAC_Club,Club,138
M2_GGAACACTACACGT_Club,Club,11
M2_GGAACTACACACAC_Neuroendocrine,Neuroendocrine,19
M2_GGAAGGTGAGAACA_Club,Club,8
M2_GGAATCTGGCCCTT_Club,Club,8
M2_GGACAACTCGCATA_Club,Club,12
M2_GGACAACTGTTGAC_Club,Club,15
M2_GGACATTGCTCGCT_Club,Club,11
M2_GGACCTCTCTACGA_Club,Club,3
M2_GGACGCACGTGTTG_Basal,Basal,13
M2_GGACTATGTCTTCA_Tuft,Tuft,17
M2_GGAGCAGAGAATCC_Club,Club,13
M2_GGAGCCACACGCTA_Club,Club,8
M2_GGAGCCACCCAAGT_Club,Club,8
M2_GGAGGCCTAGAATG_Basal,Basal,13
M2_GGAGGCCTATTCTC_Club,Club,3
M2_GGAGGCCTTCTCGC_Club,Club,11
M2_GGAGGTGAAAGAAC_Basal,Basal,13
M2_GGAGGTGAACAGTC_Club,Club,12
M2_GGATACTGATCGGT_Tuft,Tuft,17
M2_GGATACTGTGACCA_Tuft,Tuft,17
M2_GGATACTGTGAGAA_Club,Club,3
M2_GGATACTGTGCTAG_Club,Club,8
M2_GGATAGCTATTCCT_Club,Club,3
M2_GGATAGCTGTATCG_Club,Club,15
M2_GGATTGTGTCAGTG_Tuft,Tuft,17
M2_GGATTTCTAGTGCT_Club,Club,3
M2_GGATTTCTGAATCC_Club,Club,3
M2_GGCAAGGACTCATT_Club,Club,3
M2_GGCAATACTGCCTC_Club,Club,3
M2_GGCAATACTTTGTC_Club,Club,8
M2_GGCACGTGGCCATA_Club,Club,3
M2_GGCACTCTCAACCA_Club,Club,3
M2_GGCATATGGGTATC_Club,Club,3
M2_GGCATATGGTCTAG_Club,Club,3
M2_GGCCAGACGTGAGG_Basal,Basal,11
M2_GGCCGAACGAGACG_Club,Club,3
M2_GGCCGAACTACGAC_Tuft,Tuft,17
M2_GGCCGATGCTCTCG_Club,Club,8
M2_GGCGACTGACGCAT_Club,Club,12
M2_GGCGACTGCGTGTA_Club,Club,3
M2_GGCGCATGAGCAAA_Club,Club,3
M2_GGCGCATGTCAGGT_Club,Club,3
M2_GGCGGACTTCCTGC_Club,Club,12
M2_GGCTAATGTCTTCA_Club,Club,3
M2_GGGAACGAATTGGC_Club,Club,15
M2_GGGAAGACGCCAAT_Club,Club,12
M2_GGGAAGTGAGAACA_Basal,Basal,13
M2_GGGACCACAGATCC_Club,Club,8
M2_GGGACCACTGGATC_Club,Club,3
M2_GGGACCTGACACTG_Club,Club,3
M2_GGGACCTGATCGTG_Club,Club,8
M2_GGGATGGATTGGCA_Basal,Basal,13
M2_GGGATTACGGAGGT_Club,Club,3
M2_GGGCACACTGTCTT_Club,Club,12
M2_GGTAAAGACAGAGG_Club,Club,3
M2_GGTAAAGACTCCAC_Club,Club,12
M2_GGTACAACGCCATA_Ciliated,Ciliated,20
M2_GGTACAACTCTGGA_Club,Club,3
M2_GGTAGTACACCTTT_Club,Club,12
M2_GGTAGTACACTCAG_Club,Club,8
M2_GGTATCGATGCTAG_Club,Club,3
M2_GGTATGACTTGGCA_Club,Club,139
M2_GGTTTACTTACGAC_Club,Club,3
M2_GTAACGTGCATACG_Club,Club,15
M2_GTAAGCACGAGGCA_Club,Club,3
M2_GTAAGCACTACGAC_Club,Club,3
M2_GTAAGCTGGTATCG_Club,Club,11
M2_GTAATATGCGAGAG_Club,Club,8
M2_GTAATATGGGTTAC_Basal,Basal,13
M2_GTACAGTGTAGTCG_Club,Club,3
M2_GTACAGTGTCTTTG_Club,Club,11
M2_GTACCCTGAGTCTG_Club,Club,3
M2_GTACGAACGGCGAA_Club,Club,15
M2_GTACTACTATCTTC_Club,Club,3
M2_GTAGACTGCATACG_Club,Club,8
M2_GTAGACTGCGCAAT_Club,Club,3
M2_GTAGACTGGAGATA_Basal,Basal,13
M2_GTAGACTGGCGAAG_Tuft,Tuft,17
M2_GTAGCAACATGCTG_Club,Club,3
M2_GTAGCAACGTTGCA_Basal,Basal,13
M2_GTAGCAACTTTGGG_Club,Club,11
M2_GTAGCATGGCGTTA_Club,Club,140
M2_GTAGCTGAAGTCGT_Club,Club,11
M2_GTAGCTGAGCCCTT_Club,Club,3
M2_GTAGCTGAGTCGAT_Basal,Basal,13
M2_GTAGTGACACCTAG_Club,Club,3
M2_GTAGTGACTACTTC_Club,Club,3
M2_GTATCACTCTTACT_Club,Club,8
M2_GTATGGTGAGCACT_Club,Club,11
M2_GTATTAGAAAAACG_Club,Club,11
M2_GTCACAGAAAGTGA_Club,Club,15
M2_GTCACAGATTGCAG_Club,Club,12
M2_GTCACCTGAGTACC_Club,Club,8
M2_GTCACCTGAGTCAC_Club,Club,3
M2_GTCACCTGGGTGGA_Basal,Basal,13
M2_GTCCAAGACCTACC_Club,Club,8
M2_GTCCACACACCAAC_Goblet,Goblet,141
M2_GTCCACACGAGCTT_Club,Club,3
M2_GTCCACACGCGTTA_Club,Club,8
M2_GTCCACACTCCCAC_Club,Club,8
M2_GTCCCATGTCAGAC_Club,Club,3
M2_GTCGAATGAGAAGT_Ciliated,Ciliated,20
M2_GTCTAGGAACGTTG_Club,Club,3
M2_GTCTAGGACCGTAA_Club,Club,12
M2_GTGAACACACGCAT_Club,Club,15
M2_GTGACAACCCTGAA_Club,Club,12
M2_GTGACCCTCTAGAC_Club,Club,3
M2_GTGATGACCATACG_Club,Club,11
M2_GTGATTCTAGACTC_Club,Club,8
M2_GTGATTCTGGTATC_Club,Club,15
M2_GTGCAAACCGTGAT_Tuft,Tuft,17
M2_GTGGATTGCGTCTC_Club,Club,15
M2_GTGGTAACCGTACA_Club,Club,3
M2_GTGTAGTGAGTGCT_Club,Club,3
M2_GTGTATCTCTCAGA_Club,Club,15
M2_GTGTCAGATGTGGT_Club,Club,10
M2_GTGTCAGATGTTTC_Club,Club,11
M2_GTGTCAGATTACCT_Club,Club,12
M2_GTGTCAGATTATCC_Club,Club,3
M2_GTGTCAGATTCACT_Club,Club,3
M2_GTGTGATGGATAGA_Club,Club,3
M2_GTTACGGATACAGC_Basal,Basal,13
M2_GTTACTACCTGTAG_Club,Club,11
M2_GTTACTACGTTGAC_Ciliated,Ciliated,20
M2_GTTAGTCTTGAGCT_Club,Club,3
M2_GTTATAGAACTACG_Club,Club,11
M2_GTTATCTGGGTGAG_Club,Club,8
M2_GTTATGCTCCCTAC_Club,Club,11
M2_GTTATGCTCCTTCG_Basal,Basal,13
M2_GTTATGCTTGTCCC_Club,Club,8
M2_GTTCAGGACGCTAA_Club,Club,3
M2_GTTCAGGAGTTACG_Club,Club,3
M2_GTTCAGGATGGAAA_Club,Club,8
M2_GTTCATACCGACAT_Club,Club,3
M2_GTTCATACGTGCTA_Club,Club,3
M2_GTTGACGATACAGC_Club,Club,12
M2_GTTGAGTGAGCATC_Basal,Basal,13
M2_GTTGAGTGAGCTCA_Club,Club,142
M2_GTTGATCTGCGTAT_Club,Club,15
M2_GTTGTACTATTTCC_Club,Club,11
M2_GTTTAAGAGGTACT_Club,Club,3
M2_TAAACAACAAGGTA_Ciliated,Ciliated,24
M2_TAAACAACCCCGTT_Tuft,Tuft,17
M2_TAAACAACTTCCCG_Club,Club,11
M2_TAAAGACTACGTAC_Club,Club,15
M2_TAAAGACTCTTCGC_Club,Club,3
M2_TAAAGTTGATTCTC_Club,Club,3
M2_TAAAGTTGTTCTAC_Club,Club,11
M2_TAAATGTGGTCGTA_Club,Club,13
M2_TAACACCTCTGTAG_Neuroendocrine,Neuroendocrine,19
M2_TAACTAGAGTTGTG_Club,Club,8
M2_TAACTCACAGCCTA_Club,Club,15
M2_TAACTCACCCTGAA_Club,Club,15
M2_TAACTCACCTCTAT_Club,Club,3
M2_TAAGAACTAGTAGA_Club,Club,3
M2_TAAGAGGAAAGATG_Club,Club,12
M2_TAAGAGGATTCAGG_Club,Club,3
M2_TAAGATTGCCCAAA_Club,Club,12
M2_TAAGCTCTGCTCCT_Club,Club,11
M2_TAAGGCTGTAGTCG_Basal,Basal,3
M2_TAAGTAACAGCACT_Club,Club,13
M2_TAAGTAACATGGTC_Club,Club,8
M2_TAAGTAACGACGAG_Club,Club,3
M2_TAAGTCCTCACTAG_Tuft,Tuft,17
M2_TAAGTCCTGGTATC_Club,Club,48
M2_TAAGTCCTGTTGCA_Basal,Basal,12
M2_TAATCGCTCTTATC_Club,Club,3
M2_TAATGCCTCCTCCA_Basal,Basal,13
M2_TAATGTGACAATCG_Club,Club,12
M2_TACAAATGTCAGGT_Club,Club,3
M2_TACACACTGGGCAA_Tuft,Tuft,17
M2_TACACACTTGTCTT_Club,Club,15
M2_TACATAGAACCTCC_Club,Club,3
M2_TACATAGAGGTTTG_Club,Club,3
M2_TACCATTGAGAGGC_Club,Club,3
M2_TACCATTGTTTGTC_Club,Club,3
M2_TACCGAGATTTCGT_Club,Club,12
M2_TACCGCTGTCTTTG_Club,Club,3
M2_TACCGGCTAAGTAG_Club,Club,11
M2_TACCGGCTCCAATG_Club,Club,12
M2_TACCGGCTCTCTCG_Club,Club,8
M2_TACGACGACTTGCC_Club,Club,11
M2_TACGACGATTTCGT_Club,Club,15
M2_TACGAGTGGTATCG_Basal,Basal,13
M2_TACGCAGAACCTCC_Club,Club,8
M2_TACGCAGAACTACG_Club,Club,15
M2_TACGCCACCGTACA_Club,Club,3
M2_TACGCGCTAGAGAT_Club,Club,15
M2_TACGGAACACCTAG_Basal,Basal,13
M2_TACGGAACATCTTC_Club,Club,12
M2_TACGGCCTCTGGTA_Basal,Basal,13
M2_TACGGCCTGACACT_Club,Club,8
M2_TACGGCCTTTGCAG_Club,Club,8
M2_TACTAAGAATCAGC_Club,Club,8
M2_TACTAAGAGCTACA_Club,Club,12
M2_TACTACTGGGTGTT_Neuroendocrine,Neuroendocrine,19
M2_TACTGGGACAACTG_Club,Club,11
M2_TACTGTTGGACAGG_Club,Club,3
M2_TACTGTTGTGCCAA_Club,Club,8
M2_TACTTGACTGGAGG_Club,Club,3
M2_TACTTTCTAGATCC_Club,Club,3
M2_TACTTTCTTCCTTA_Basal,Basal,143
M2_TAGAATACTATGCG_Club,Club,12
M2_TAGAATACTTCTAC_Club,Club,11
M2_TAGAATTGGGATCT_Goblet,Goblet,18
M2_TAGAATTGTCACCC_Tuft,Tuft,17
M2_TAGACGTGAAGTAG_Club,Club,11
M2_TAGACGTGATGCTG_Club,Club,12
M2_TAGACGTGGAGATA_Club,Club,3
M2_TAGCATCTGTTCGA_Club,Club,3
M2_TAGCCCTGCTCAAG_Basal,Basal,13
M2_TAGCCCTGGGTAGG_Basal,Basal,13
M2_TAGCCCTGTGTGCA_Club,Club,8
M2_TAGCGATGGGTGTT_Club,Club,3
M2_TAGCGATGTGAAGA_Club,Club,3
M2_TAGCTACTTCTCTA_Club,Club,11
M2_TAGCTACTTGCATG_Club,Club,8
M2_TAGCTACTTTCCCG_Club,Club,12
M2_TAGGACTGCCTACC_Club,Club,11
M2_TAGGCATGAATCGC_Basal,Basal,11
M2_TAGGCATGCGAGAG_Club,Club,8
M2_TAGGCATGTTTCGT_Basal,Basal,13
M2_TAGGCTGATAGCCA_Club,Club,144
M2_TAGGTCGACTACTT_Club,Club,3
M2_TAGGTCGACTTGTT_Club,Club,3
M2_TAGGTCGAGTCAAC_Club,Club,3
M2_TAGGTGACTACAGC_Club,Club,11
M2_TAGGTGTGGTAAGA_Club,Club,15
M2_TAGGTTCTCTAAGC_Club,Club,3
M2_TAGGTTCTTGCTTT_Club,Club,8
M2_TAGTAAACGAATCC_Club,Club,11
M2_TAGTACCTTCTAGG_Club,Club,3
M2_TAGTACCTTTATCC_Club,Club,3
M2_TAGTATGACTACCC_Club,Club,15
M2_TAGTCGGAAGAACA_Club,Club,12
M2_TAGTTCACGGTCTA_Club,Club,15
M2_TATAAGACAATGCC_Club,Club,3
M2_TATAAGACTAGAAG_Club,Club,12
M2_TATACAGAACCGAT_Club,Club,8
M2_TATACCACAGCCTA_Club,Club,3
M2_TATACCACCTGACA_Club,Club,3
M2_TATACGCTTTTCTG_Club,Club,23
M2_TATAGATGTGACCA_Club,Club,3
M2_TATAGCCTACACAC_Ciliated,Ciliated,20
M2_TATCAAGACTTCCG_Club,Club,8
M2_TATCACTGCAGGAG_Club,Club,3
M2_TATCACTGTTAGGC_Basal,Basal,13
M2_TATCAGCTGAATCC_Basal,Basal,13
M2_TATCCAACCTGTTT_Club,Club,3
M2_TATCCAACGCTGTA_Tuft,Tuft,17
M2_TATCCAACTTCCCG_Club,Club,11
M2_TATCGTACAACTGC_Club,Club,3
M2_TATCGTACACGTAC_Tuft,Tuft,17
M2_TATCGTACGCATAC_Basal,Basal,145
M2_TATCTCGATGACTG_Club,Club,11
M2_TATCTGACTCTCTA_Club,Club,3
M2_TATCTTCTACGACT_Club,Club,8
M2_TATCTTCTGGGACA_Tuft,Tuft,17
M2_TATGAATGATGTCG_Ciliated,Ciliated,20
M2_TATGAATGTGGAAA_Basal,Basal,13
M2_TATGCGGAAGTTCG_Club,Club,11
M2_TATGCGGATTCACT_Club,Club,15
M2_TATGGGACGAGATA_Club,Club,3
M2_TATGGGTGAACAGA_Basal,Basal,13
M2_TATGGTCTAGATCC_Club,Club,12
M2_TATGTCACACACTG_Club,Club,3
M2_TATGTCTGACTAGC_Club,Club,3
M2_TATGTGCTCATGAC_Club,Club,8
M2_TATTGCTGACCTAG_Club,Club,8
M2_TATTGCTGAGAAGT_Club,Club,8
M2_TATTGCTGCTCAAG_Basal,Basal,13
M2_TATTGCTGTGTCGA_Club,Club,3
M2_TATTTCCTGGCAAG_Club,Club,15
M2_TCAACACTCCTTTA_Club,Club,12
M2_TCAACACTGTTCAG_Tuft,Tuft,17
M2_TCAAGTCTAAGTAG_Club,Club,8
M2_TCAAGTCTATTGGC_Club,Club,3
M2_TCAAGTCTCGTTAG_Club,Club,3
M2_TCAATAGAAGCCTA_Goblet,Goblet,18
M2_TCAATCACAAAACG_Club,Club,8
M2_TCAATCACCCTACC_Club,Club,15
M2_TCACAACTTTCGGA_Club,Club,15
M2_TCACATACTAGAAG_Club,Club,3
M2_TCACCCGAGGTTAC_Club,Club,3
M2_TCACCCGAGTTCAG_Club,Club,11
M2_TCACCGTGTCTACT_Tuft,Tuft,17
M2_TCACCGTGTGACAC_Club,Club,11
M2_TCACCGTGTTTCGT_Club,Club,8
M2_TCAGACGAAAGGTA_Club,Club,3
M2_TCAGACGAGACACT_Basal,Basal,13
M2_TCAGAGACAGCATC_Club,Club,8
M2_TCAGAGACGTGTAC_Club,Club,146
M2_TCAGCGCTACCACA_Club,Club,13
M2_TCAGCGCTTCCCGT_Club,Club,3
M2_TCAGGATGCCAAGT_Basal,Basal,12
M2_TCAGGATGCCGAAT_Club,Club,3
M2_TCAGGATGTTGAGC_Club,Club,11
M2_TCAGTACTGTATGC_Club,Club,11
M2_TCAGTACTGTTGAC_Club,Club,3
M2_TCAGTGGATAACGC_Club,Club,8
M2_TCAGTGGATCCGAA_Club,Club,15
M2_TCAGTTACACCACA_Club,Club,3
M2_TCATCAACGTCGTA_Club,Club,12
M2_TCATCATGAAAGCA_Club,Club,11
M2_TCATCATGCTACCC_Club,Club,11
M2_TCATCATGGAACCT_Club,Club,12
M2_TCATCATGTGAGGG_Club,Club,3
M2_TCATCCCTCCATAG_Club,Club,3
M2_TCATCCCTTCGTTT_Club,Club,3
M2_TCATGTACGGCGAA_Club,Club,3
M2_TCATTGACTTCGGA_Club,Club,8
M2_TCCACTCTACGACT_Club,Club,11
M2_TCCACTCTTATGCG_Club,Club,12
M2_TCCAGAGACGAGTT_Club,Club,13
M2_TCCATCCTAGAATG_Club,Club,8
M2_TCCATCCTGGTGGA_Club,Club,3
M2_TCCCACGAACTTTC_Club,Club,11
M2_TCCCAGACCACAAC_Basal,Basal,13
M2_TCCCAGACTTGCTT_Club,Club,8
M2_TCCCGATGCCCTTG_Club,Club,3
M2_TCCCTACTAAGGTA_Tuft,Tuft,17
M2_TCCCTACTACTAGC_Basal,Basal,29
M2_TCCGAGCTACTGTG_Club,Club,3
M2_TCCGAGCTCTTAGG_Club,Club,12
M2_TCCGAGCTTGGTGT_Club,Club,3
M2_TCCGAGCTTTAGGC_Club,Club,3
M2_TCCGGACTGAAGGC_Club,Club,24
M2_TCCGGACTTTTGCT_Neuroendocrine,Neuroendocrine,19
M2_TCCTATGACTACGA_Tuft,Tuft,17
M2_TCGAATCTGTCGAT_Basal,Basal,3
M2_TCGAATCTTCTACT_Club,Club,3
M2_TCGAATCTTGTAGC_Club,Club,46
M2_TCGACCTGTGCCCT_Club,Club,8
M2_TCGACGCTATGCCA_Club,Club,15
M2_TCGACGCTCTTGCC_Club,Club,3
M2_TCGAGAACGACGGA_Club,Club,147
M2_TCGAGAACGCCAAT_Club,Club,12
M2_TCGAGCCTAGAACA_Club,Club,13
M2_TCGAGCCTGTCGTA_Club,Club,12
M2_TCGAGCCTTTCCCG_Club,Club,8
M2_TCGATACTACCCTC_Club,Club,15
M2_TCGATACTCTTATC_Club,Club,3
M2_TCGATACTTAGCGT_Club,Club,3
M2_TCGATTTGACGTGT_Club,Club,3
M2_TCGCACTGTGGTCA_Club,Club,11
M2_TCGCAGCTAACGAA_Club,Club,3
M2_TCGCAGCTTGACAC_Tuft,Tuft,30
M2_TCGGACCTTAGTCG_Club,Club,3
M2_TCGGACCTTCCGTC_Club,Club,8
M2_TCGGCACTCATTGG_Club,Club,8
M2_TCGGTAGAACACAC_Club,Club,3
M2_TCGGTAGAAGCGGA_Club,Club,148
M2_TCGTAGGATTCACT_Club,Club,12
M2_TCGTGAGATACTTC_Tuft,Tuft,17
M2_TCTAACACATCAGC_Club,Club,15
M2_TCTAACACTCCGTC_Club,Club,8
M2_TCTAACTGCAGAGG_Basal,Basal,13
M2_TCTAAGCTTTCTAC_Club,Club,15
M2_TCTACAACAGGAGC_Club,Club,8
M2_TCTACAACGTAAGA_Club,Club,8
M2_TCTAGACTGAACTC_Club,Club,8
M2_TCTAGACTGCTTAG_Club,Club,11
M2_TCTAGTTGGTACGT_Club,Club,15
M2_TCTTACGACACTGA_Basal,Basal,13
M2_TCTTCAGACCAATG_Club,Club,11
M2_TCTTCAGAGGTAAA_Club,Club,12
M2_TCTTGATGCTAAGC_Club,Club,3
M2_TCTTGATGGCCATA_Club,Club,3
M2_TGAAATTGACGGAG_Club,Club,11
M2_TGAAATTGCTTGCC_Club,Club,15
M2_TGAAGCACTCTTTG_Club,Club,149
M2_TGACCAGACAGAAA_Club,Club,15
M2_TGACGAACGAGGGT_Club,Club,8
M2_TGACGAACTCGATG_Club,Club,3
M2_TGACGATGTGGTAC_Club,Club,15
M2_TGACGCCTGGACGA_Club,Club,11
M2_TGACTGGAGCTACA_Club,Club,12
M2_TGACTGGATTGCGA_Club,Club,15
M2_TGACTTACAAAGCA_Club,Club,12
M2_TGAGACACGAAGGC_Club,Club,3
M2_TGAGACACTTTCAC_Club,Club,3
M2_TGAGCAACCAAGCT_Club,Club,150
M2_TGAGCAACGATAGA_Basal,Basal,13
M2_TGAGCTGACCGTAA_Club,Club,13
M2_TGAGCTGACTCAGA_Club,Club,8
M2_TGAGCTGAGAGATA_Club,Club,3
M2_TGAGGACTACTAGC_Ciliated,Ciliated,20
M2_TGAGGACTAGTACC_Club,Club,3
M2_TGAGGTACTGCTCC_Basal,Basal,13
M2_TGAGTCGACCTCAC_Club,Club,11
M2_TGAGTGACAGCCAT_Tuft,Tuft,30
M2_TGAGTGACTTACTC_Club,Club,3
M2_TGATAAACACTGGT_Club,Club,3
M2_TGATAAACTCCTGC_Club,Club,11
M2_TGATACCTGGTGTT_Club,Club,151
M2_TGATATGAACGTTG_Club,Club,8
M2_TGATCACTCGATAC_Club,Club,8
M2_TGATTCACACTGTG_Club,Club,3
M2_TGCAACGAGGAGCA_Club,Club,12
M2_TGCAACGAGGGTGA_Ciliated,Ciliated,20
M2_TGCAAGACAGAGGC_Club,Club,3
M2_TGCAAGACCTGGTA_Club,Club,8
M2_TGCAAGTGAAGGGC_Basal,Basal,11
M2_TGCAATCTAATCGC_Club,Club,3
M2_TGCAATCTCTGCTC_Club,Club,3
M2_TGCACAGAAACCTG_Club,Club,3
M2_TGCACGCTTTCATC_Club,Club,11
M2_TGCATGGATCCTTA_Basal,Basal,11
M2_TGCCAAGACATTTC_Club,Club,3
M2_TGCCAAGAGCGTAT_Club,Club,8
M2_TGCCACTGCCTTTA_Club,Club,3
M2_TGCCAGCTGGAGCA_Club,Club,8
M2_TGCCAGCTTAGTCG_Club,Club,12
M2_TGCCAGCTTTTCAC_Club,Club,3
M2_TGCCCAACTTCAGG_Club,Club,3
M2_TGCCGACTAACCAC_Club,Club,8
M2_TGCCGACTACCCTC_Club,Club,11
M2_TGCCGACTTACGAC_Club,Club,15
M2_TGCCGACTTCGACA_Club,Club,3
M2_TGCGAAACGCCCTT_Ciliated,Ciliated,20
M2_TGCGAAACTACTTC_Club,Club,8
M2_TGCGATGAATGACC_Club,Club,3
M2_TGCGTAGACACACA_Club,Club,12
M2_TGCTAGGAGGTCTA_Club,Club,3
M2_TGCTAGGAGTGAGG_Club,Club,3
M2_TGCTAGGATAGAAG_Club,Club,3
M2_TGCTGAGAGCTTAG_Club,Club,12
M2_TGGAACACAGCACT_Club,Club,3
M2_TGGAACACCACAAC_Basal,Basal,13
M2_TGGAACACCTGCAA_Club,Club,11
M2_TGGAACACGAGGGT_Club,Club,152
M2_TGGAACTGACCTCC_Club,Club,15
M2_TGGACCCTCGCAAT_Club,Club,3
M2_TGGACTGACTGTAG_Tuft,Tuft,17
M2_TGGACTGACTTATC_Club,Club,8
M2_TGGAGACTCCTCGT_Club,Club,3
M2_TGGAGACTCTTCCG_Club,Club,13
M2_TGGATGTGATTCTC_Ciliated,Ciliated,20
M2_TGGATGTGTCACCC_Basal,Basal,11
M2_TGGCAATGTCCAGA_Club,Club,3
M2_TGGCAATGTGGTGT_Club,Club,3
M2_TGGTACGATGGTAC_Basal,Basal,11
M2_TGGTAGACAAGGTA_Club,Club,8
M2_TGGTAGACATTCCT_Club,Club,153
M2_TGGTAGTGTTACTC_Club,Club,15
M2_TGGTATCTGTTGGT_Club,Club,15
M2_TGGTCAGACCTAAG_Club,Club,15
M2_TGTAATGACTGATG_Club,Club,8
M2_TGTACTTGACACAC_Club,Club,15
M2_TGTAGGTGTGCTGA_Club,Club,3
M2_TGTAGTCTCTGTGA_Club,Club,11
M2_TGTATCTGGTTGAC_Club,Club,11
M2_TGTATGCTTTTGCT_Club,Club,3
M2_TGTCAGGACCTCAC_Basal,Basal,13
M2_TGTGACGACATGAC_Club,Club,23
M2_TGTGACGAGAATAG_Club,Club,11
M2_TGTGACGATGGATC_Club,Club,15
M2_TGTGAGACCATTTC_Club,Club,8
M2_TGTGAGACCGGAGA_Club,Club,15
M2_TGTGAGTGACGGTT_Club,Club,3
M2_TGTGAGTGCTGTAG_Club,Club,11
M2_TGTGATCTTTCGTT_Club,Club,12
M2_TGTTACTGAAACGA_Club,Club,3
M2_TTAACCACAAACGA_Club,Club,8
M2_TTAACCACTCGTTT_Basal,Basal,16
M2_TTACACACCCGTAA_Club,Club,11
M2_TTACAGCTTTCGGA_Neuroendocrine,Neuroendocrine,19
M2_TTACGACTCTACCC_Club,Club,8
M2_TTACGACTTAAGGA_Club,Club,12
M2_TTAGCTACAAACGA_Club,Club,3
M2_TTAGCTACTGACTG_Club,Club,15
M2_TTAGGGTGCTGATG_Club,Club,8
M2_TTAGGTCTCCGTAA_Club,Club,12
M2_TTAGTCACAGTCGT_Basal,Basal,13
M2_TTAGTCACCGTGTA_Club,Club,3
M2_TTAGTCACGTGTCA_Club,Club,3
M2_TTAGTCACTTGACG_Club,Club,8
M2_TTATCCGAGAGCTT_Club,Club,3
M2_TTATGAGAACTCTT_Club,Club,15
M2_TTATGCACACACCA_Club,Club,8
M2_TTATGGCTGTTGTG_Club,Club,3
M2_TTCAAAGACGCATA_Club,Club,8
M2_TTCAAAGATAAGGA_Club,Club,3
M2_TTCAAGCTGGGACA_Basal,Basal,13
M2_TTCACCCTTTGAGC_Club,Club,15
M2_TTCAGTACTACAGC_Club,Club,15
M2_TTCAGTTGGTTTGG_Club,Club,3
M2_TTCATCGAAAAAGC_Tuft,Tuft,17
M2_TTCATCGAAACGAA_Club,Club,3
M2_TTCATCGAGTCTAG_Tuft,Tuft,17
M2_TTCATGACGAGACG_Club,Club,15
M2_TTCATGTGCCTCAC_Club,Club,12
M2_TTCATGTGTCGCCT_Club,Club,3
M2_TTCCAAACGGTGTT_Club,Club,12
M2_TTCCATGAGAGCAG_Club,Club,12
M2_TTCCATGAGGTCTA_Club,Club,12
M2_TTCCCACTACCATG_Club,Club,3
M2_TTCCCACTGAACTC_Club,Club,8
M2_TTCCCACTGGTTCA_Club,Club,12
M2_TTCGAGGAAGCCTA_Club,Club,8
M2_TTCGATTGTCAGTG_Club,Club,12
M2_TTCGATTGTCTCAT_Club,Club,3
M2_TTCGGAGAACCAGT_Club,Club,3
M2_TTCTAGTGACTCTT_Club,Club,3
M2_TTCTGATGCTTATC_Club,Club,3
M2_TTCTTACTGCTTCC_Club,Club,12
M2_TTGAACCTCCTTCG_Basal,Basal,13
M2_TTGAGGACTCGATG_Basal,Basal,49
M2_TTGAGGTGCATCAG_Club,Club,13
M2_TTGATCTGAGAATG_Club,Club,11
M2_TTGATCTGCCAACA_Club,Club,3
M2_TTGATCTGGACGGA_Club,Club,3
M2_TTGCATTGGCTGTA_Club,Club,11
M2_TTGCTAACTGAACC_Club,Club,15
M2_TTGCTAACTGATGC_Tuft,Tuft,17
M2_TTGCTATGCATGGT_Club,Club,11
M2_TTGGAGACAAGGCG_Club,Club,11
M2_TTGGAGTGCCTCAC_Club,Club,12
M2_TTGGTACTTCTCCG_Club,Club,3
M2_TTGTACACAGCAAA_Club,Club,3
M2_TTGTACACTAACGC_Club,Club,8
M2_TTGTCATGAGGTCT_Club,Club,15
M2_TTGTCATGATACCG_Club,Club,12
M2_TTGTCATGTCCTCG_Club,Club,11
M2_TTTAGAGAACGTGT_Club,Club,154
M2_TTTAGAGACTGCAA_Club,Club,15
M2_TTTAGCTGTGGTTG_Club,Club,12
M2_TTTAGCTGTGTAGC_Club,Club,3
M2_TTTCACGACACTGA_Club,Club,155
M2_TTTCAGTGACGTAC_Club,Club,3
M2_TTTCAGTGCCTTCG_Club,Club,50
M2_TTTCAGTGCTTATC_Club,Club,13
M2_TTTCAGTGGAGGAC_Club,Club,3
M2_TTTCAGTGGCCATA_Club,Club,3
M2_TTTCAGTGGTATGC_Club,Club,3
M2_TTTCGAACTTCTCA_Club,Club,15
M2_TTTGCATGCGTAGT_Club,Club,8
M3_AAACATACAACGGG_Basal,Basal,1
M3_AAACATACGTAGCT_Club,Club,14
M3_AAACCGTGTCCTTA_Basal,Basal,0
M3_AAACGCTGAAGGGC_Club,Club,14
M3_AAACGCTGTAGTCG_Basal,Basal,2
M3_AAACGGCTCTCATT_Basal,Basal,156
M3_AAACTTGAAGGTTC_Basal,Basal,4
M3_AAAGACGAGCCATA_Basal,Basal,7
M3_AAAGCAGACGACAT_Basal,Basal,4
M3_AAAGCCTGTGTGAC_Basal,Basal,2
M3_AAAGCCTGTTCGGA_Club,Club,10
M3_AAAGGCCTGGACAG_Basal,Basal,1
M3_AAAGTTTGTAGAAG_Basal,Basal,7
M3_AAATACTGAGTGCT_Neuroendocrine,Neuroendocrine,19
M3_AAATACTGTTGACG_Basal,Basal,5
M3_AAATCAACTTCGCC_Ciliated,Ciliated,9
M3_AAATCAACTTTGGG_Club,Club,6
M3_AAATCATGCGTCTC_Basal,Basal,5
M3_AAATCATGTGAACC_Basal,Basal,5
M3_AAATCCCTAACCAC_Basal,Basal,5
M3_AAATCTGATAAGCC_Basal,Basal,0
M3_AAATGGGACTTTAC_Club,Club,10
M3_AAATGGGAGATGAA_Ciliated,Ciliated,9
M3_AAATGGGATAGAGA_Basal,Basal,5
M3_AAATTCGAAAGAAC_Basal,Basal,4
M3_AACAAACTCTATTC_Club,Club,10
M3_AACACGTGGTAGGG_Club,Club,6
M3_AACACGTGTTGAGC_Basal,Basal,1
M3_AACACTCTCATGCA_Club,Club,14
M3_AACAGAGAATTCCT_Basal,Basal,5
M3_AACAGAGACTACGA_Basal,Basal,4
M3_AACAGAGATTCATC_Basal,Basal,5
M3_AACAGCACAAGCCT_Basal,Basal,7
M3_AACATTGACCGTTC_Basal,Basal,5
M3_AACCACGATTGCGA_Ciliated,Ciliated,9
M3_AACCAGTGGTGAGG_Basal,Basal,2
M3_AACCAGTGGTGCTA_Basal,Basal,0
M3_AACCCAGAAAGTAG_Basal,Basal,157
M3_AACCCAGAGTACGT_Basal,Basal,2
M3_AACCGATGAATCGC_Basal,Basal,5
M3_AACCTACTCCGATA_Club,Club,14
M3_AACCTTACCACTCC_Club,Club,14
M3_AACCTTTGAGTCAC_Basal,Basal,7
M3_AACCTTTGCCTATT_Basal,Basal,5
M3_AACCTTTGGGTCAT_Basal,Basal,2
M3_AACGCAACTTCGCC_Club,Club,10
M3_AACGCATGGGTCAT_Basal,Basal,5
M3_AACGCATGTCCCGT_Basal,Basal,1
M3_AACGCCCTACTGGT_Basal,Basal,5
M3_AACGCCCTAGTCGT_Basal,Basal,1
M3_AACGCCCTGTGAGG_Club,Club,23
M3_AACGCCCTTCCTGC_Basal,Basal,16
M3_AACGGTACCTCTTA_Basal,Basal,4
M3_AACGTCGATGACAC_Basal,Basal,1
M3_AACGTGTGTAGACC_Basal,Basal,5
M3_AACGTTCTGACTAC_Goblet,Goblet,18
M3_AACTACCTGTTTCT_Neuroendocrine,Neuroendocrine,1
M3_AACTACCTTTCTCA_Basal,Basal,1
M3_AACTCTTGGTAGCT_Basal,Basal,5
M3_AACTGTCTGAGGTG_Club,Club,10
M3_AAGAACGAGTGTTG_Basal,Basal,5
M3_AAGAACGATCTCAT_Basal,Basal,5
M3_AAGAAGACCCTTTA_Basal,Basal,158
M3_AAGAAGACCGATAC_Tuft,Tuft,31
M3_AAGAAGACCTGCTC_Neuroendocrine,Neuroendocrine,4
M3_AAGACAGATGCACA_Club,Club,1
M3_AAGAGATGGACAGG_Basal,Basal,1
M3_AAGAGATGGATAGA_Ciliated,Ciliated,22
M3_AAGAGATGTACTTC_Basal,Basal,7
M3_AAGATGGAAAGATG_Basal,Basal,2
M3_AAGATGGAAAGCCT_Basal,Basal,5
M3_AAGATGGATGTTCT_Goblet,Goblet,18
M3_AAGATTACTACTGG_Basal,Basal,7
M3_AAGATTACTTATCC_Basal,Basal,16
M3_AAGCCTGAACAGCT_Club,Club,6
M3_AAGCGACTACCACA_Club,Club,159
M3_AAGCGACTGAAAGT_Club,Club,14
M3_AAGCGTACAGAGTA_Club,Club,10
M3_AAGGCTTGAAGAGT_Basal,Basal,4
M3_AAGGCTTGCTTCTA_Basal,Basal,4
M3_AAGGTCACCTAAGC_Basal,Basal,1
M3_AAGGTCACTCGATG_Basal,Basal,36
M3_AAGGTCTGTCCTTA_Basal,Basal,5
M3_AAGGTCTGTCTTCA_Basal,Basal,1
M3_AAGGTCTGTGACAC_Basal,Basal,7
M3_AAGGTGCTAGAATG_Basal,Basal,5
M3_AAGTAGGAAAGCAA_Basal,Basal,7
M3_AAGTAGGATAGAAG_Neuroendocrine,Neuroendocrine,5
M3_AAGTATACAAGAGT_Basal,Basal,160
M3_AAGTCCGAAACCGT_Club,Club,14
M3_AAGTCTCTATGGTC_Basal,Basal,1
M3_AAGTGCACATACCG_Club,Club,14
M3_AAGTGCACCAGTTG_Basal,Basal,0
M3_AAGTGCACCGTTAG_Basal,Basal,5
M3_AAGTGCACCTCCAC_Basal,Basal,5
M3_AAGTGCACCTGTTT_Basal,Basal,7
M3_AAGTGGCTCTGGAT_Basal,Basal,0
M3_AAGTGGCTGCAGTT_Club,Club,14
M3_AAGTTATGTTCTCA_Basal,Basal,5
M3_AATAACACGGGCAA_Basal,Basal,4
M3_AATAAGCTGCGAAG_Basal,Basal,4
M3_AATAGGGAGAATAG_Basal,Basal,4
M3_AATAGGGAGGTCTA_Basal,Basal,5
M3_AATATCGACGTTAG_Basal,Basal,5
M3_AATCAAACAGTCTG_Club,Club,14
M3_AATCCTACTGGATC_Basal,Basal,5
M3_AATCCTTGATTGGC_Club,Club,5
M3_AATCCTTGGTTCGA_Basal,Basal,4
M3_AATCCTTGTGGTTG_Basal,Basal,0
M3_AATCGGTGATGCTG_Club,Club,14
M3_AATCGGTGGAAACA_Basal,Basal,5
M3_AATCGGTGGGGCAA_Club,Club,14
M3_AATCTAGATCCTCG_Basal,Basal,5
M3_AATCTCTGTCTCGC_Club,Club,14
M3_AATGAGGACGAGAG_Basal,Basal,5
M3_AATGGAGAACTACG_Basal,Basal,4
M3_AATGGAGATCCTAT_Basal,Basal,7
M3_AATGGCTGCCTTAT_Ciliated,Ciliated,9
M3_AATGGCTGGGATTC_Basal,Basal,5
M3_AATGGCTGTGTGGT_Basal,Basal,5
M3_AATGTCCTCACTGA_Basal,Basal,16
M3_AATGTTGACCTATT_Basal,Basal,4
M3_AATGTTGATCGTAG_Basal,Basal,4
M3_AATTACGAACCTGA_Basal,Basal,5
M3_AATTACGATATGGC_Basal,Basal,4
M3_AATTGATGCCAATG_Basal,Basal,4
M3_AATTGTGACTGTCC_Club,Club,14
M3_AATTGTGAGTGTTG_Ciliated,Ciliated,9
M3_ACAAAGGATCTCGC_Club,Club,14
M3_ACAAATTGTACTTC_Basal,Basal,1
M3_ACAAATTGTCTACT_Basal,Basal,0
M3_ACAACCGAACAGCT_Basal,Basal,5
M3_ACAAGAGAGTACGT_Basal,Basal,7
M3_ACAAGCACGGGATG_Basal,Basal,7
M3_ACAAGCACGTCATG_Basal,Basal,7
M3_ACAATAACCTGGAT_Ciliated,Ciliated,9
M3_ACAATCCTATGACC_Basal,Basal,1
M3_ACAATTGACCGTAA_Club,Club,6
M3_ACAATTGATGGATC_Basal,Basal,5
M3_ACACAGACGGAGGT_Club,Club,6
M3_ACACAGACTTCCGC_Club,Club,14
M3_ACACATCTACGTAC_Basal,Basal,1
M3_ACACCCTGTTGCGA_Club,Club,10
M3_ACACGAACTCGACA_Basal,Basal,4
M3_ACACGATGGACAGG_Basal,Basal,1
M3_ACACGTGACCAACA_Basal,Basal,7
M3_ACACGTGACTCAGA_Basal,Basal,5
M3_ACAGACACATGTGC_Club,Club,14
M3_ACAGCAACCGCAAT_Basal,Basal,1
M3_ACAGGTACGTGTCA_Basal,Basal,7
M3_ACAGTCGAAATGCC_Basal,Basal,1
M3_ACAGTCGAGTTCTT_Basal,Basal,4
M3_ACAGTGACGGCATT_Basal,Basal,4
M3_ACAGTGTGATGGTC_Basal,Basal,0
M3_ACAGTTCTCCTACC_Club,Club,6
M3_ACAGTTCTGGGAGT_Basal,Basal,7
M3_ACATACCTCCTCGT_Basal,Basal,5
M3_ACATCACTCTACCC_Club,Club,14
M3_ACATGGTGGCCCTT_Basal,Basal,4
M3_ACATTCTGCGGTAT_Goblet,Goblet,18
M3_ACCAACGAGGTAAA_Basal,Basal,5
M3_ACCACAGAGCTACA_Ciliated,Ciliated,9
M3_ACCACGCTAAGAGT_Basal,Basal,1
M3_ACCACGCTCAGAGG_Basal,Basal,2
M3_ACCACGCTCCAATG_Goblet,Goblet,18
M3_ACCAGCCTTTTCGT_Basal,Basal,1
M3_ACCATTACAGTTCG_Basal,Basal,1
M3_ACCATTTGACCATG_Ciliated,Ciliated,9
M3_ACCATTTGCCGTTC_Club,Club,7
M3_ACCATTTGGGCATT_Club,Club,14
M3_ACCATTTGTCTTAC_Club,Club,14
M3_ACCCACTGGCCATA_Basal,Basal,1
M3_ACCCACTGGGCGAA_Basal,Basal,4
M3_ACCCACTGTGCCAA_Basal,Basal,5
M3_ACCCAGCTCGCAAT_Basal,Basal,1
M3_ACCCGTACCTACGA_Basal,Basal,7
M3_ACCCGTACGATGAA_Basal,Basal,56
M3_ACCCGTACTCCTGC_Basal,Basal,1
M3_ACCCGTTGGAGCTT_Basal,Basal,5
M3_ACCCTCGAGCTCCT_Basal,Basal,1
M3_ACCGAAACTATTCC_Basal,Basal,2
M3_ACCGCGGAAGCCTA_Basal,Basal,5
M3_ACCGCGGATAAGCC_Club,Club,6
M3_ACCGTGCTCAGGAG_Tuft,Tuft,17
M3_ACCTCCGAACCTAG_Basal,Basal,4
M3_ACCTCCGACAGCTA_Basal,Basal,7
M3_ACCTCCGATAGTCG_Basal,Basal,4
M3_ACCTCGTGATCACG_Ciliated,Ciliated,9
M3_ACCTGAGAGAGGGT_Club,Club,6
M3_ACCTGAGAGCTAAC_Club,Club,14
M3_ACCTGGCTACCAGT_Basal,Basal,0
M3_ACCTGGCTCTGTCC_Club,Club,14
M3_ACCTTTGACGACTA_Tuft,Tuft,18
M3_ACCTTTGATACAGC_Basal,Basal,7
M3_ACGAACTGTCAAGC_Club,Club,10
M3_ACGAAGCTTCTACT_Basal,Basal,16
M3_ACGACAACCAGAAA_Club,Club,14
M3_ACGACCCTCTTATC_Basal,Basal,2
M3_ACGACCCTGTCTAG_Basal,Basal,5
M3_ACGACCCTTACAGC_Basal,Basal,1
M3_ACGACCCTTTGCGA_Basal,Basal,7
M3_ACGAGGGACAGCTA_Basal,Basal,1
M3_ACGAGGGAGTTCGA_Basal,Basal,5
M3_ACGAGTACTCCTTA_Ciliated,Ciliated,22
M3_ACGATCGATGCACA_Basal,Basal,4
M3_ACGATCGATTGGTG_Club,Club,14
M3_ACGATTCTTAGAGA_Basal,Basal,10
M3_ACGCAATGAATCGC_Basal,Basal,4
M3_ACGCAATGAGTGTC_Basal,Basal,1
M3_ACGCACCTCTCTTA_Basal,Basal,1
M3_ACGCACCTTAACGC_Basal,Basal,7
M3_ACGCCACTTTCTCA_Basal,Basal,5
M3_ACGCCGGATCCCGT_Club,Club,10
M3_ACGCGGTGAAGAAC_Basal,Basal,7
M3_ACGCGGTGGGTCTA_Basal,Basal,5
M3_ACGCTCACCGTCTC_Ciliated,Ciliated,9
M3_ACGCTCACTGAGAA_Club,Club,23
M3_ACGCTGCTAGAAGT_Basal,Basal,16
M3_ACGGAACTAGCCAT_Basal,Basal,5
M3_ACGGAACTCTAAGC_Basal,Basal,5
M3_ACGGAACTGCTTAG_Basal,Basal,5
M3_ACGGAGGAACCTCC_Basal,Basal,5
M3_ACGGAGGACTCAAG_Basal,Basal,1
M3_ACGGATTGACACCA_Basal,Basal,2
M3_ACGGATTGCAGATC_Basal,Basal,2
M3_ACGGATTGCGCATA_Basal,Basal,5
M3_ACGGCGTGCCTACC_Basal,Basal,5
M3_ACGGCTCTGCGGAA_Basal,Basal,5
M3_ACGGCTCTTTCTCA_Goblet,Goblet,18
M3_ACGGTAACCGGAGA_Basal,Basal,1
M3_ACGGTAACGGACAG_Tuft,Tuft,5
M3_ACGGTAACTCGATG_Basal,Basal,7
M3_ACGGTATGGCAGTT_Ciliated,Ciliated,9
M3_ACGGTATGGTGCAT_Basal,Basal,7
M3_ACGGTATGTCCGTC_Club,Club,14
M3_ACGTAGACAGGCGA_Basal,Basal,5
M3_ACGTCAGAGCGTTA_Basal,Basal,5
M3_ACGTCAGATCTTAC_Club,Club,61
M3_ACGTCGCTAGGGTG_Basal,Basal,5
M3_ACGTCGCTTGTTTC_Basal,Basal,16
M3_ACGTGATGTGATGC_Basal,Basal,5
M3_ACGTGATGTTCGTT_Ciliated,Ciliated,9
M3_ACGTGCCTGAATGA_Club,Club,13
M3_ACGTTACTACGGTT_Club,Club,10
M3_ACGTTACTTTCGTT_Basal,Basal,5
M3_ACGTTGGAAGAGGC_Ciliated,Ciliated,9
M3_ACGTTGGAGGCATT_Goblet,Goblet,18
M3_ACGTTGGAGTCTTT_Ciliated,Ciliated,9
M3_ACGTTTACCTTTAC_Basal,Basal,4
M3_ACGTTTACGTGTAC_Basal,Basal,4
M3_ACTAAAACTTCGTT_Basal,Basal,5
M3_ACTACGGACCCTAC_Basal,Basal,5
M3_ACTACGGATGTCCC_Basal,Basal,5
M3_ACTAGGTGCATGGT_Club,Club,10
M3_ACTATCACCAGTTG_Basal,Basal,7
M3_ACTATCACTATTCC_Basal,Basal,2
M3_ACTCAGGACCGAAT_Basal,Basal,2
M3_ACTCGAGAGGTCAT_Basal,Basal,51
M3_ACTCGCACTCGCCT_Basal,Basal,0
M3_ACTCTATGTACTCT_Goblet,Goblet,18
M3_ACTCTCCTTCTGGA_Basal,Basal,5
M3_ACTGCCACAGGAGC_Basal,Basal,16
M3_ACTGCCACTGCCCT_Basal,Basal,5
M3_ACTGCCACTTTGCT_Basal,Basal,1
M3_ACTGCCTGAGGCGA_Basal,Basal,5
M3_ACTGGCCTGACACT_Basal,Basal,1
M3_ACTGTGGACTGTCC_Club,Club,13
M3_ACTGTGGATTGAGC_Basal,Basal,5
M3_ACTGTTACTAAGGA_Basal,Basal,1
M3_ACTTAAGACGGAGA_Basal,Basal,1
M3_ACTTAAGAGCCCTT_Basal,Basal,1
M3_ACTTAGCTAGTCAC_Basal,Basal,5
M3_ACTTAGCTTGGTCA_Basal,Basal,7
M3_ACTTCAACTGCGTA_Ciliated,Ciliated,24
M3_ACTTCCCTGCATAC_Basal,Basal,7
M3_ACTTCCCTGCCAAT_Club,Club,14
M3_ACTTCTGAAAGGTA_Basal,Basal,4
M3_ACTTCTGAAAGTGA_Club,Club,6
M3_ACTTCTGACAACTG_Basal,Basal,5
M3_ACTTCTGATGCCCT_Basal,Basal,5
M3_ACTTGACTATTTCC_Club,Club,6
M3_ACTTGTACCTTGGA_Basal,Basal,1
M3_AGAAACGATGGTTG_Basal,Basal,5
M3_AGAAACGATTGCAG_Basal,Basal,5
M3_AGAAAGTGGTCTTT_Basal,Basal,5
M3_AGAAAGTGTATTCC_Basal,Basal,7
M3_AGAACAGATTGGTG_Basal,Basal,5
M3_AGAACAGATTTGGG_Basal,Basal,1
M3_AGAACGCTCTTACT_Basal,Basal,5
M3_AGAACGCTGTGTTG_Club,Club,7
M3_AGAATACTTGTCGA_Basal,Basal,1
M3_AGAATTTGTGTGAC_Basal,Basal,1
M3_AGACACACATCACG_Club,Club,10
M3_AGACACACCTTCTA_Basal,Basal,4
M3_AGACACACTGTTTC_Basal,Basal,1
M3_AGACCTGAGAGGGT_Basal,Basal,7
M3_AGACCTGATGCCTC_Club,Club,10
M3_AGACGTACAACGGG_Club,Club,14
M3_AGACGTACTCTGGA_Club,Club,14
M3_AGACTCGATGCCCT_Basal,Basal,1
M3_AGACTTCTTCTTAC_Club,Club,14
M3_AGAGAAACATGGTC_Club,Club,10
M3_AGAGAATGACCCAA_Basal,Basal,5
M3_AGAGAATGCCTTGC_Club,Club,14
M3_AGAGAATGTCGATG_Club,Club,10
M3_AGAGCGGAGAACCT_Basal,Basal,4
M3_AGAGCTACACCATG_Basal,Basal,1
M3_AGAGGTCTGTAGCT_Basal,Basal,1
M3_AGAGTCACACCTAG_Basal,Basal,5
M3_AGATATACCTGATG_Basal,Basal,5
M3_AGATATTGCGTAAC_Club,Club,10
M3_AGATATTGGATGAA_Basal,Basal,1
M3_AGATATTGGGATCT_Club,Club,10
M3_AGATATTGTCCTCG_Basal,Basal,5
M3_AGATCGTGAACGGG_Basal,Basal,0
M3_AGATCGTGAAGTGA_Basal,Basal,5
M3_AGATCGTGTTAGGC_Club,Club,14
M3_AGATCTCTAGCCAT_Club,Club,5
M3_AGATCTCTATTCGG_Club,Club,10
M3_AGATTAACACGCAT_Basal,Basal,5
M3_AGATTAACCGACAT_Basal,Basal,54
M3_AGATTAACGAATAG_Ciliated,Ciliated,9
M3_AGATTCCTAGCACT_Basal,Basal,5
M3_AGATTCCTTAACCG_Basal,Basal,1
M3_AGATTCCTTTCCGC_Basal,Basal,5
M3_AGCAAAGAATGTGC_Basal,Basal,161
M3_AGCAAAGAGGGCAA_Basal,Basal,5
M3_AGCAACACATCGTG_Basal,Basal,4
M3_AGCAAGCTCCAATG_Club,Club,10
M3_AGCAAGCTTCCAAG_Basal,Basal,7
M3_AGCACTGACGGAGA_Basal,Basal,5
M3_AGCATCGATGGAGG_Basal,Basal,1
M3_AGCATGACTGTCTT_Basal,Basal,16
M3_AGCCAATGAACAGA_Basal,Basal,5
M3_AGCCACCTATCAGC_Basal,Basal,162
M3_AGCCACCTCAGAAA_Basal,Basal,2
M3_AGCCGGACACTCAG_Basal,Basal,5
M3_AGCCGGACCTGTAG_Basal,Basal,1
M3_AGCCGGTGATAAGG_Basal,Basal,5
M3_AGCCGGTGTCCGAA_Ciliated,Ciliated,9
M3_AGCCGTCTTAGCCA_Basal,Basal,1
M3_AGCCGTCTTCTCTA_Basal,Basal,4
M3_AGCCTCACAATCGC_Basal,Basal,1
M3_AGCCTCACAGTACC_Tuft,Tuft,31
M3_AGCCTCACTGCTAG_Ciliated,Ciliated,9
M3_AGCCTCTGTCTTTG_Basal,Basal,163
M3_AGCGATACCACAAC_Basal,Basal,7
M3_AGCGATTGATGCTG_Basal,Basal,5
M3_AGCGCCGAGTATCG_Tuft,Tuft,2
M3_AGCGCCGATGGTGT_Basal,Basal,5
M3_AGCGGCTGCACACA_Basal,Basal,7
M3_AGCGGCTGTATGCG_Basal,Basal,5
M3_AGCGGGCTAGAAGT_Club,Club,6
M3_AGCGGGCTCCGTTC_Ciliated,Ciliated,9
M3_AGCGTAACTGCACA_Club,Club,14
M3_AGCTGAACCGTGTA_Basal,Basal,5
M3_AGCTGAACTACAGC_Basal,Basal,5
M3_AGCTGTGATCTAGG_Basal,Basal,1
M3_AGCTGTGATCTATC_Basal,Basal,5
M3_AGCTGTGATGCAGT_Basal,Basal,16
M3_AGCTTTACTAGAAG_Basal,Basal,5
M3_AGGAAATGCATTTC_Basal,Basal,5
M3_AGGAACCTTCGTAG_Club,Club,10
M3_AGGAATGACCCAAA_Basal,Basal,5
M3_AGGAATGAGCTTAG_Club,Club,14
M3_AGGAATGAGGATCT_Basal,Basal,164
M3_AGGAATGATGCTTT_Basal,Basal,5
M3_AGGACACTCTCGAA_Basal,Basal,0
M3_AGGACACTGAATGA_Club,Club,10
M3_AGGAGTCTACGCAT_Basal,Basal,7
M3_AGGATGCTACCATG_Club,Club,14
M3_AGGCAGGACACACA_Basal,Basal,1
M3_AGGCTAACAGAAGT_Club,Club,14
M3_AGGCTAACGAAGGC_Basal,Basal,5
M3_AGGCTAACTAACGC_Club,Club,10
M3_AGGGACGAAAGGGC_Basal,Basal,5
M3_AGGGACGAGACACT_Basal,Basal,165
M3_AGGGACGAGAGCAG_Club,Club,10
M3_AGGGACGAGTAAGA_Tuft,Tuft,166
M3_AGGGACGATGGTAC_Basal,Basal,1
M3_AGGGCCACAAGGTA_Basal,Basal,5
M3_AGGGCCACATTTCC_Basal,Basal,4
M3_AGGGCCTGTAGCCA_Neuroendocrine,Neuroendocrine,1
M3_AGGGTGGAGACTAC_Basal,Basal,1
M3_AGGGTGGAGGTATC_Basal,Basal,2
M3_AGGTACACACTAGC_Basal,Basal,7
M3_AGGTACACAGTCTG_Basal,Basal,0
M3_AGGTACACTTGGTG_Basal,Basal,5
M3_AGGTACTGGGTGTT_Basal,Basal,5
M3_AGGTCATGTGGTCA_Basal,Basal,2
M3_AGGTCTGACTCTTA_Basal,Basal,7
M3_AGGTGGGACTGCAA_Basal,Basal,1
M3_AGGTGTTGCTGGAT_Goblet,Goblet,18
M3_AGGTGTTGTTCCGC_Basal,Basal,5
M3_AGGTTCGACACTAG_Basal,Basal,7
M3_AGGTTCGATAACCG_Basal,Basal,4
M3_AGGTTCGATGGGAG_Basal,Basal,4
M3_AGGTTGTGCGCATA_Basal,Basal,5
M3_AGGTTGTGGGTGGA_Basal,Basal,13
M3_AGTAAGGAACCCAA_Club,Club,14
M3_AGTAAGGACGCATA_Tuft,Tuft,5
M3_AGTAAGGAGGTTCA_Basal,Basal,5
M3_AGTAAGGATTCCAT_Club,Club,14
M3_AGTAATACGGTTTG_Basal,Basal,5
M3_AGTAATTGGTTTGG_Ciliated,Ciliated,9
M3_AGTAATTGTTGCGA_Club,Club,14
M3_AGTAGAGACACACA_Goblet,Goblet,18
M3_AGTAGAGACCGAAT_Basal,Basal,0
M3_AGTAGAGAGTTTGG_Basal,Basal,4
M3_AGTAGAGATTCTTG_Club,Club,10
M3_AGTAGGCTGGGCAA_Basal,Basal,1
M3_AGTCAGACAGCGGA_Club,Club,10
M3_AGTCAGACTAAGCC_Basal,Basal,5
M3_AGTCCAGATTCGTT_Basal,Basal,5
M3_AGTCGAACGGTCAT_Ciliated,Ciliated,9
M3_AGTCTACTTGAGAA_Basal,Basal,5
M3_AGTCTTACCGGAGA_Club,Club,14
M3_AGTCTTACTGTCAG_Club,Club,14
M3_AGTGACACAGTAGA_Basal,Basal,5
M3_AGTGACTGTGTTCT_Basal,Basal,7
M3_AGTGTGACAAGAAC_Basal,Basal,167
M3_AGTGTGACAGTCAC_Basal,Basal,7
M3_AGTGTTCTAGGTCT_Basal,Basal,5
M3_AGTGTTCTGGTTCA_Basal,Basal,1
M3_AGTGTTCTTTGCTT_Tuft,Tuft,17
M3_AGTGTTCTTTTCTG_Club,Club,6
M3_AGTTAAACCCCGTT_Tuft,Tuft,1
M3_AGTTAAACTTCTAC_Club,Club,14
M3_AGTTATGATTCTTG_Club,Club,5
M3_AGTTCTACCCCTAC_Basal,Basal,5
M3_AGTTCTACGGTATC_Basal,Basal,7
M3_AGTTCTACGTCTAG_Basal,Basal,0
M3_AGTTCTACTCGACA_Club,Club,10
M3_AGTTTCACTTCATC_Club,Club,1
M3_AGTTTGCTCGTAGT_Club,Club,2
M3_AGTTTGCTGATAGA_Basal,Basal,4
M3_ATAACAACTTGACG_Basal,Basal,1
M3_ATAACATGAGGAGC_Basal,Basal,1
M3_ATAACATGATCGAC_Basal,Basal,1
M3_ATAACATGGGCAAG_Ciliated,Ciliated,9
M3_ATAACCCTAAGGGC_Club,Club,1
M3_ATAACCCTTTTGTC_Tuft,Tuft,1
M3_ATAAGTACTAGACC_Basal,Basal,0
M3_ATAAGTACTGCTCC_Basal,Basal,16
M3_ATAAGTACTTCAGG_Basal,Basal,7
M3_ATAATCGAAGAACA_Basal,Basal,5
M3_ATAATCGAGCAGAG_Club,Club,14
M3_ATAATCGATACGCA_Club,Club,10
M3_ATAATCGATCACCC_Tuft,Tuft,31
M3_ATAATCGATGCACA_Basal,Basal,1
M3_ATACCACTAGGTCT_Basal,Basal,4
M3_ATACCACTCCTGAA_Basal,Basal,2
M3_ATACCACTTGAGGG_Basal,Basal,34
M3_ATACCGGACCAATG_Ciliated,Ciliated,52
M3_ATACCTACTTGCAG_Club,Club,13
M3_ATACCTTGAAGGGC_Basal,Basal,7
M3_ATACGGACTACTGG_Basal,Basal,1
M3_ATACGTCTCCTCAC_Club,Club,14
M3_ATACGTCTGCTAAC_Basal,Basal,1
M3_ATACGTCTGCTTCC_Club,Club,14
M3_ATACGTCTTGTCCC_Basal,Basal,4
M3_ATACTCTGAGCTCA_Ciliated,Ciliated,22
M3_ATACTCTGATGACC_Basal,Basal,16
M3_ATACTCTGTAGCGT_Basal,Basal,1
M3_ATACTCTGTCTTAC_Basal,Basal,1
M3_ATAGAACTTACAGC_Basal,Basal,1
M3_ATAGATACACACAC_Basal,Basal,4
M3_ATAGATACGGAGGT_Basal,Basal,7
M3_ATAGATACTAACCG_Basal,Basal,0
M3_ATAGCCGAGGTACT_Basal,Basal,7
M3_ATAGGAGAGTTCGA_Basal,Basal,1
M3_ATAGGCTGTTCGCC_Basal,Basal,5
M3_ATAGTTGAGACGGA_Basal,Basal,0
M3_ATAGTTGATAAGCC_Basal,Basal,5
M3_ATATGAACTTGAGC_Basal,Basal,1
M3_ATATGAACTTTGCT_Club,Club,6
M3_ATATGCCTTACGAC_Basal,Basal,16
M3_ATATGCCTTTTCGT_Basal,Basal,7
M3_ATCAAATGCGAGTT_Club,Club,14
M3_ATCAAATGTCTCTA_Basal,Basal,5
M3_ATCAACCTCCTTGC_Basal,Basal,5
M3_ATCACACTTCAAGC_Basal,Basal,0
M3_ATCACTACACCCAA_Club,Club,6
M3_ATCACTACGGGAGT_Basal,Basal,2
M3_ATCACTACGTTGGT_Ciliated,Ciliated,22
M3_ATCACTTGATACCG_Club,Club,6
M3_ATCACTTGCTAGCA_Basal,Basal,4
M3_ATCAGGTGGCCAAT_Basal,Basal,5
M3_ATCAGGTGGTTAGC_Basal,Basal,16
M3_ATCATGCTCACTGA_Club,Club,168
M3_ATCCATACAAGGTA_Basal,Basal,5
M3_ATCCATACATTCCT_Club,Club,169
M3_ATCCATACTCTTAC_Club,Club,14
M3_ATCCCGTGCTCGCT_Basal,Basal,5
M3_ATCCGCACACCGAT_Club,Club,14
M3_ATCCGCACCATGCA_Basal,Basal,7
M3_ATCCTAACCGAATC_Basal,Basal,5
M3_ATCGAGTGCGGTAT_Basal,Basal,7
M3_ATCGAGTGTATCTC_Club,Club,14
M3_ATCGAGTGTCCAGA_Basal,Basal,5
M3_ATCGAGTGTGCATG_Basal,Basal,1
M3_ATCGCCTGGATAAG_Basal,Basal,7
M3_ATCGCCTGGGTATC_Club,Club,2
M3_ATCGCGCTGTCTGA_Basal,Basal,0
M3_ATCGGAACGCATAC_Ciliated,Ciliated,9
M3_ATCGGTGAGTGTTG_Basal,Basal,5
M3_ATCGTTTGGAGGCA_Basal,Basal,5
M3_ATCTACACGCTGAT_Basal,Basal,0
M3_ATCTACACGGTAAA_Basal,Basal,7
M3_ATCTACTGCGAGTT_Basal,Basal,1
M3_ATCTACTGGGTCTA_Basal,Basal,16
M3_ATCTACTGGTGCAT_Basal,Basal,5
M3_ATCTACTGTGGTAC_Basal,Basal,5
M3_ATCTCAACAGTAGA_Basal,Basal,7
M3_ATCTCAACGGGATG_Basal,Basal,5
M3_ATCTGACTCTGACA_Basal,Basal,0
M3_ATCTGACTGCTATG_Club,Club,14
M3_ATCTGACTGGCAAG_Ionocyte,Ionocyte,1
M3_ATCTGGGAATGTCG_Basal,Basal,5
M3_ATCTGGGACCTGTC_Basal,Basal,5
M3_ATCTGGGAGCTCCT_Basal,Basal,0
M3_ATCTTGACAGCGGA_Basal,Basal,2
M3_ATCTTTCTTGGGAG_Basal,Basal,1
M3_ATGAAACTCAAAGA_Basal,Basal,5
M3_ATGAAACTCTGAAC_Club,Club,14
M3_ATGAAGGACCGAAT_Ciliated,Ciliated,22
M3_ATGAAGGAGCTACA_Tuft,Tuft,5
M3_ATGAAGGAGCTTCC_Basal,Basal,5
M3_ATGACGTGTTCTGT_Goblet,Goblet,18
M3_ATGAGAGAACGACT_Basal,Basal,1
M3_ATGAGCACCTCTTA_Basal,Basal,0
M3_ATGAGCACTGGATC_Club,Club,6
M3_ATGAGCACTTACTC_Basal,Basal,1
M3_ATGATAACAGCTAC_Club,Club,14
M3_ATGATATGTCCAGA_Basal,Basal,7
M3_ATGCACGAAAACGA_Basal,Basal,1
M3_ATGCACGAGCATAC_Basal,Basal,7
M3_ATGCAGACTGCGTA_Club,Club,14
M3_ATGCAGTGCCTAAG_Basal,Basal,1
M3_ATGCAGTGGAACTC_Basal,Basal,2
M3_ATGCAGTGGGTTAC_Club,Club,6
M3_ATGCCAGAAGCAAA_Club,Club,10
M3_ATGCCAGACAGGAG_Basal,Basal,5
M3_ATGCGATGTCACGA_Basal,Basal,5
M3_ATGCGCCTACGGAG_Basal,Basal,7
M3_ATGCGCCTTCGATG_Club,Club,14
M3_ATGCTTTGGAATAG_Basal,Basal,5
M3_ATGCTTTGGCAAGG_Basal,Basal,16
M3_ATGGTGACTAGACC_Basal,Basal,7
M3_ATGTAAACCTCTTA_Basal,Basal,1
M3_ATGTACCTACGCAT_Basal,Basal,1
M3_ATGTACCTAGCCAT_Basal,Basal,34
M3_ATGTACCTGTTGTG_Basal,Basal,7
M3_ATGTCGGATGCATG_Basal,Basal,170
M3_ATTAACGAACGCAT_Club,Club,14
M3_ATTAACGAAGCAAA_Basal,Basal,1
M3_ATTAACGACGTTAG_Basal,Basal,0
M3_ATTAAGACCTGGTA_Club,Club,18
M3_ATTACCTGCTTTAC_Club,Club,7
M3_ATTAGATGCAGGAG_Basal,Basal,5
M3_ATTAGTGAAACTGC_Basal,Basal,5
M3_ATTAGTGAGAAAGT_Basal,Basal,0
M3_ATTAGTGAGGCATT_Basal,Basal,16
M3_ATTATGGAAAGAAC_Basal,Basal,5
M3_ATTATGGAGGGACA_Basal,Basal,4
M3_ATTATGGATTCTAC_Basal,Basal,5
M3_ATTCAGCTTCGTTT_Club,Club,14
M3_ATTCCATGGGTTTG_Club,Club,14
M3_ATTCGGGATGCACA_Basal,Basal,1
M3_ATTCGGGATTTGGG_Basal,Basal,7
M3_ATTGAAACAGAGAT_Club,Club,10
M3_ATTGAATGGAATGA_Basal,Basal,5
M3_ATTGAATGTCGATG_Basal,Basal,5
M3_ATTGAATGTTCCCG_Goblet,Goblet,18
M3_ATTGATGAAGGTCT_Basal,Basal,66
M3_ATTGATGACTACCC_Basal,Basal,7
M3_ATTGCACTGAGGAC_Club,Club,14
M3_ATTGCACTGTGTCA_Ciliated,Ciliated,9
M3_ATTGCACTGTTCTT_Club,Club,14
M3_ATTGCTTGAGAAGT_Basal,Basal,2
M3_ATTGCTTGCCTTCG_Basal,Basal,5
M3_ATTGCTTGGCCATA_Basal,Basal,7
M3_ATTGCTTGGCCTTC_Basal,Basal,5
M3_ATTGGTCTCTACTT_Club,Club,6
M3_ATTGGTCTCTGTCC_Basal,Basal,171
M3_ATTGGTCTTCTCGC_Basal,Basal,7
M3_ATTGTAGAGCTAAC_Basal,Basal,5
M3_ATTGTAGAGTTGGT_Basal,Basal,5
M3_ATTGTCTGGACGGA_Basal,Basal,5
M3_ATTGTCTGGTTGCA_Basal,Basal,5
M3_ATTTCCGAGGTAGG_Basal,Basal,2
M3_ATTTGCACGGGATG_Basal,Basal,2
M3_ATTTGCACTGGTGT_Basal,Basal,5
M3_CAAACTCTTCAAGC_Basal,Basal,5
M3_CAAACTCTTCCTCG_Club,Club,10
M3_CAAAGCTGACCCTC_Club,Club,6
M3_CAAATATGACCGAT_Basal,Basal,2
M3_CAAATATGCAGAGG_Basal,Basal,5
M3_CAAATATGGATAGA_Basal,Basal,5
M3_CAAATATGGCGATT_Basal,Basal,1
M3_CAAATATGGGTAAA_Club,Club,14
M3_CAAATTGAGGACGA_Basal,Basal,0
M3_CAAATTGATTACCT_Basal,Basal,4
M3_CAACAGACCCACCT_Tuft,Tuft,35
M3_CAACCAGAAGCCAT_Basal,Basal,2
M3_CAACCAGATTCTCA_Basal,Basal,5
M3_CAACCGCTCTGTGA_Basal,Basal,4
M3_CAACGTGAGAGCTT_Basal,Basal,4
M3_CAACGTGAGGTACT_Goblet,Goblet,18
M3_CAACTTTGAGGTTC_Basal,Basal,53
M3_CAACTTTGTGTGCA_Basal,Basal,7
M3_CAAGAAGATGCGTA_Ciliated,Ciliated,9
M3_CAAGACTGGTCTAG_Basal,Basal,0
M3_CAAGCCCTAGAGGC_Basal,Basal,2
M3_CAAGCCCTATACCG_Basal,Basal,0
M3_CAAGGACTTCCGAA_Club,Club,10
M3_CAAGTCGAGTGCAT_Basal,Basal,1
M3_CAATAAACCGACTA_Basal,Basal,5
M3_CAATAATGCGACTA_Basal,Basal,5
M3_CAATAATGTTAGGC_Club,Club,14
M3_CAATAATGTTCAGG_Club,Club,10
M3_CAATATGAATCTCT_Ciliated,Ciliated,9
M3_CAATATGATTCCCG_Basal,Basal,5
M3_CAATCTACCTGGTA_Ciliated,Ciliated,22
M3_CAATCTACTCGCTC_Club,Club,14
M3_CAATGGACAGTCGT_Ciliated,Ciliated,9
M3_CAATTCTGGTCACA_Basal,Basal,7
M3_CAATTCTGTCATTC_Basal,Basal,5
M3_CAATTCTGTTTGTC_Basal,Basal,0
M3_CACACCTGCGATAC_Club,Club,6
M3_CACACCTGTCAAGC_Club,Club,6
M3_CACAGAACTGATGC_Basal,Basal,2
M3_CACAGATGATCTTC_Basal,Basal,2
M3_CACAGATGTTTCTG_Basal,Basal,1
M3_CACAGTGAAAGTAG_Club,Club,6
M3_CACAGTGATCGTAG_Basal,Basal,5
M3_CACATACTCTAGCA_Club,Club,10
M3_CACATGGAAATCGC_Club,Club,14
M3_CACATGGAGGAAGC_Basal,Basal,5
M3_CACCACTGGGAACG_Basal,Basal,1
M3_CACCACTGTCGCTC_Basal,Basal,5
M3_CACCACTGTTGTCT_Basal,Basal,4
M3_CACCCATGCTGAGT_Basal,Basal,5
M3_CACCCATGTACAGC_Basal,Basal,1
M3_CACCGGGAACGGAG_Basal,Basal,7
M3_CACCGGGAAGAACA_Basal,Basal,5
M3_CACCGTACCTTATC_Basal,Basal,0
M3_CACCGTACTATGCG_Basal,Basal,5
M3_CACCGTTGGATGAA_Basal,Basal,1
M3_CACCGTTGGTAAGA_Basal,Basal,1
M3_CACCGTTGTCAGAC_Club,Club,6
M3_CACCTGACAAACAG_Basal,Basal,5
M3_CACGACCTTCCAGA_Basal,Basal,5
M3_CACGCTACCCACAA_Club,Club,172
M3_CACGGGTGCCGATA_Ciliated,Ciliated,9
M3_CACTAACTCATCAG_Club,Club,6
M3_CACTAGGAGATGAA_Basal,Basal,5
M3_CACTAGGATCAGTG_Basal,Basal,16
M3_CACTCCGAAACCAC_Basal,Basal,13
M3_CACTCCGAGTCACA_Basal,Basal,1
M3_CACTCTCTCCTCAC_Club,Club,10
M3_CACTCTCTTCTCTA_Basal,Basal,16
M3_CACTGAGACTAAGC_Basal,Basal,5
M3_CACTGCACCCAATG_Basal,Basal,5
M3_CACTGCACGTTCTT_Basal,Basal,4
M3_CACTTAACGGCAAG_Basal,Basal,1
M3_CACTTATGTATCGG_Club,Club,12
M3_CACTTTGAGAAACA_Basal,Basal,0
M3_CACTTTGATAGACC_Basal,Basal,5
M3_CAGAAGCTAAACAG_Club,Club,14
M3_CAGAAGCTCCCTTG_Basal,Basal,16
M3_CAGACATGGTGTCA_Basal,Basal,4
M3_CAGACCCTGGAACG_Ciliated,Ciliated,9
M3_CAGACCCTTAGACC_Basal,Basal,4
M3_CAGACTGAGCATCA_Club,Club,14
M3_CAGACTGAGGTTTG_Basal,Basal,5
M3_CAGACTGAGTGTCA_Basal,Basal,4
M3_CAGACTGATATCTC_Neuroendocrine,Neuroendocrine,19
M3_CAGACTGATCGTAG_Basal,Basal,4
M3_CAGACTGATGAACC_Basal,Basal,16
M3_CAGAGGGAAATCGC_Basal,Basal,0
M3_CAGAGGGACCGCTT_Club,Club,14
M3_CAGAGGGATTCGCC_Club,Club,26
M3_CAGATCGATTGACG_Ciliated,Ciliated,9
M3_CAGCACCTTTTGGG_Basal,Basal,4
M3_CAGCATGACAGGAG_Basal,Basal,7
M3_CAGCATGACCTATT_Ciliated,Ciliated,22
M3_CAGCCTACACCTCC_Basal,Basal,7
M3_CAGCCTTGGCTTAG_Basal,Basal,4
M3_CAGCGGACACCAGT_Basal,Basal,4
M3_CAGCGGACACGGGA_Basal,Basal,7
M3_CAGCGGACGGTGGA_Club,Club,14
M3_CAGCGTCTTCTGGA_Club,Club,6
M3_CAGCGTCTTCTTCA_Basal,Basal,4
M3_CAGCTAGACGGTAT_Ciliated,Ciliated,9
M3_CAGCTCTGGGTATC_Basal,Basal,7
M3_CAGCTCTGTGTCGA_Club,Club,6
M3_CAGGAACTGTATGC_Basal,Basal,5
M3_CAGGAACTTGCATG_Basal,Basal,7
M3_CAGGCCGAAAGCAA_Club,Club,5
M3_CAGGCCGAGGATTC_Basal,Basal,5
M3_CAGGCCGATCCGTC_Basal,Basal,2
M3_CAGGGCACACACCA_Club,Club,14
M3_CAGGGCACATTTCC_Basal,Basal,5
M3_CAGGTAACACGACT_Basal,Basal,5
M3_CAGGTATGGTCGTA_Basal,Basal,1
M3_CAGGTTGAGGTTTG_Basal,Basal,4
M3_CAGTCAGACTTGCC_Basal,Basal,173
M3_CAGTCAGAGAAAGT_Tuft,Tuft,17
M3_CAGTCAGAGGTCAT_Ciliated,Ciliated,9
M3_CAGTGATGGAGCTT_Ciliated,Ciliated,22
M3_CAGTGTGAAACGTC_Basal,Basal,5
M3_CAGTGTGAAGAGTA_Club,Club,14
M3_CAGTGTGAGCATCA_Club,Club,6
M3_CAGTTACTAATGCC_Ciliated,Ciliated,9
M3_CAGTTACTGTTTCT_Basal,Basal,5
M3_CAGTTTACAGCGTT_Basal,Basal,2
M3_CAGTTTACGTCAAC_Club,Club,10
M3_CAGTTTACTGTCTT_Neuroendocrine,Neuroendocrine,19
M3_CATAAAACAATGCC_Club,Club,10
M3_CATAAAACGGTAAA_Basal,Basal,0
M3_CATAAAACTATGGC_Basal,Basal,7
M3_CATAACCTACTGGT_Basal,Basal,5
M3_CATACTACATGACC_Basal,Basal,1
M3_CATACTACCACACA_Basal,Basal,0
M3_CATACTACGTTACG_Club,Club,14
M3_CATACTTGCAACCA_Basal,Basal,5
M3_CATATAGAACTCAG_Basal,Basal,4
M3_CATCAACTACTCTT_Basal,Basal,5
M3_CATCAACTCTGAAC_Club,Club,14
M3_CATCAGGACATACG_Club,Club,10
M3_CATCATACCGTTAG_Basal,Basal,1
M3_CATCATACGAACTC_Ciliated,Ciliated,9
M3_CATCCCGACGTAAC_Basal,Basal,16
M3_CATCGGCTCCATAG_Basal,Basal,2
M3_CATCTCCTAAGCCT_Tuft,Tuft,18
M3_CATCTCCTACACCA_Basal,Basal,0
M3_CATCTCCTGAAGGC_Basal,Basal,4
M3_CATCTCCTGATAAG_Goblet,Goblet,18
M3_CATCTCCTTTCTGT_Basal,Basal,1
M3_CATCTTGAGTTGAC_Basal,Basal,5
M3_CATCTTGATTGAGC_Basal,Basal,59
M3_CATGAGACGCTAAC_Basal,Basal,0
M3_CATGCCACCGAACT_Basal,Basal,7
M3_CATGCCACGCTTAG_Basal,Basal,174
M3_CATGCCACGTGTTG_Basal,Basal,16
M3_CATGCGCTACCGAT_Basal,Basal,5
M3_CATGCGCTATCGAC_Basal,Basal,1
M3_CATGCGCTCGTCTC_Basal,Basal,5
M3_CATGCGCTGAATAG_Basal,Basal,7
M3_CATGCGCTTCGATG_Basal,Basal,16
M3_CATGGATGAGAGGC_Ciliated,Ciliated,22
M3_CATGGATGGTAGCT_Basal,Basal,1
M3_CATGGATGGTCGTA_Basal,Basal,1
M3_CATGGATGTCCCGT_Basal,Basal,2
M3_CATGTTTGGCGAGA_Basal,Basal,7
M3_CATGTTTGTCCCGT_Ciliated,Ciliated,9
M3_CATTACACCAATCG_Basal,Basal,0
M3_CATTACACTGGTGT_Basal,Basal,5
M3_CATTCCCTCAAAGA_Basal,Basal,7
M3_CATTGACTCTGGTA_Basal,Basal,16
M3_CATTGACTTAACCG_Club,Club,14
M3_CATTGGGAGGTCTA_Basal,Basal,1
M3_CATTGTTGACCACA_Basal,Basal,4
M3_CATTGTTGGGCAAG_Basal,Basal,7
M3_CATTTCGAACGACT_Basal,Basal,1
M3_CATTTCGACAGAAA_Basal,Basal,2
M3_CATTTCGACCCGTT_Basal,Basal,5
M3_CATTTCGAGCGTTA_Basal,Basal,1
M3_CATTTCGAGTAAAG_Basal,Basal,4
M3_CATTTCGAGTTCAG_Club,Club,14
M3_CATTTGACACACGT_Tuft,Tuft,4
M3_CATTTGTGAGCGGA_Basal,Basal,7
M3_CCAAAGTGGCGAAG_Club,Club,2
M3_CCAAGAACCAAGCT_Basal,Basal,5
M3_CCAAGAACGGTAGG_Club,Club,10
M3_CCAAGATGTGAACC_Basal,Basal,1
M3_CCAAGTGAACGCTA_Basal,Basal,5
M3_CCAATTTGAGCGGA_Club,Club,10
M3_CCACCATGACAGCT_Basal,Basal,5
M3_CCACTGACTGGATC_Basal,Basal,5
M3_CCACTGTGGCTGTA_Club,Club,10
M3_CCACTTCTCATTGG_Club,Club,14
M3_CCACTTCTGTTCTT_Ciliated,Ciliated,9
M3_CCAGAAACACACTG_Basal,Basal,54
M3_CCAGAAACCATGCA_Basal,Basal,0
M3_CCAGAAACTATCTC_Goblet,Goblet,18
M3_CCAGACCTCCGTTC_Club,Club,10
M3_CCAGATGAAGATCC_Basal,Basal,1
M3_CCAGATGACGAACT_Club,Club,14
M3_CCAGATGAGGGTGA_Neuroendocrine,Neuroendocrine,5
M3_CCAGATGATGCAGT_Ciliated,Ciliated,9
M3_CCAGCGGAGGAACG_Ciliated,Ciliated,9
M3_CCAGCTACCCTCAC_Basal,Basal,7
M3_CCAGCTACTTCTCA_Ciliated,Ciliated,9
M3_CCAGTCACGGCGAA_Basal,Basal,5
M3_CCAGTCTGCACACA_Club,Club,2
M3_CCAGTGCTAGGTCT_Basal,Basal,4
M3_CCAGTGCTCCCTAC_Basal,Basal,175
M3_CCATAGGAATTTCC_Basal,Basal,5
M3_CCATAGGATCGTAG_Basal,Basal,5
M3_CCATATACTTCATC_Basal,Basal,176
M3_CCATCCGAACGCAT_Basal,Basal,5
M3_CCATCCGAAGGGTG_Basal,Basal,1
M3_CCATCCGATCTAGG_Goblet,Goblet,18
M3_CCATCGTGACGCAT_Basal,Basal,5
M3_CCATGCTGTCCCAC_Basal,Basal,5
M3_CCATTAACAGAGGC_Basal,Basal,7
M3_CCATTAACCAGATC_Basal,Basal,5
M3_CCATTAACCTTACT_Club,Club,10
M3_CCCAAAGAACCTAG_Basal,Basal,1
M3_CCCAACACGTACGT_Basal,Basal,7
M3_CCCAACTGAAACGA_Basal,Basal,4
M3_CCCAACTGGTTCAG_Basal,Basal,0
M3_CCCAACTGTGTCGA_Basal,Basal,5
M3_CCCAACTGTTACCT_Basal,Basal,5
M3_CCCAGACTAGTAGA_Basal,Basal,7
M3_CCCAGACTGACTAC_Basal,Basal,1
M3_CCCAGTTGATTCCT_Basal,Basal,55
M3_CCCAGTTGTGCAAC_Club,Club,14
M3_CCCATCGAATGTCG_Basal,Basal,4
M3_CCCATCGAGAGAGC_Club,Club,10
M3_CCCATCGAGGAAGC_Basal,Basal,7
M3_CCCGAACTGAATAG_Basal,Basal,7
M3_CCCGATTGGAGGGT_Basal,Basal,7
M3_CCCTACGAAGAAGT_Basal,Basal,177
M3_CCCTACGATAGAGA_Basal,Basal,7
M3_CCCTACGATTCCGC_Club,Club,14
M3_CCCTAGTGAGAACA_Basal,Basal,7
M3_CCCTAGTGTCTTCA_Basal,Basal,5
M3_CCCTAGTGTGAGCT_Basal,Basal,2
M3_CCCTCAGAGCATAC_Club,Club,13
M3_CCCTCAGATTTCTG_Ciliated,Ciliated,9
M3_CCCTGATGGAGAGC_Basal,Basal,16
M3_CCCTTACTGACAAA_Club,Club,10
M3_CCCTTACTTGACCA_Club,Club,14
M3_CCGAAAACGTCTGA_Ciliated,Ciliated,9
M3_CCGACACTACCGAT_Basal,Basal,1
M3_CCGACACTTGACCA_Club,Club,6
M3_CCGATAGATAACCG_Basal,Basal,16
M3_CCGCTATGGGTAAA_Club,Club,1
M3_CCGGAGACTTCTGT_Basal,Basal,5
M3_CCGGAGTGCATACG_Club,Club,14
M3_CCGGAGTGCCTTCG_Basal,Basal,5
M3_CCGGTACTAGCGTT_Basal,Basal,7
M3_CCGGTACTTCCAGA_Basal,Basal,7
M3_CCGTAAGATGGATC_Ciliated,Ciliated,9
M3_CCGTAAGATTCCCG_Club,Club,5
M3_CCGTACACCCAACA_Club,Club,10
M3_CCGTACACCGTACA_Basal,Basal,2
M3_CCGTACACTCCCAC_Club,Club,6
M3_CCGTACACTTGGCA_Club,Club,10
M3_CCTAAACTAAAAGC_Basal,Basal,56
M3_CCTAAACTAACGGG_Basal,Basal,0
M3_CCTAAACTAGTCGT_Club,Club,2
M3_CCTAAACTCTGGTA_Basal,Basal,5
M3_CCTAAACTGGAGGT_Basal,Basal,7
M3_CCTAAACTGTTCAG_Club,Club,14
M3_CCTAAACTTAGCCA_Goblet,Goblet,18
M3_CCTAAGGAAGATCC_Basal,Basal,7
M3_CCTACCGAATCGAC_Basal,Basal,5
M3_CCTACCGATGCCTC_Club,Club,14
M3_CCTATAACCTCGCT_Basal,Basal,5
M3_CCTATAACTCGCAA_Club,Club,5
M3_CCTATTGAACCTAG_Basal,Basal,7
M3_CCTATTGAGTCGTA_Basal,Basal,4
M3_CCTATTGATTTCAC_Basal,Basal,5
M3_CCTCGAACCGAACT_Basal,Basal,5
M3_CCTCTACTTGCCAA_Basal,Basal,1
M3_CCTGACTGACCTAG_Basal,Basal,7
M3_CCTGACTGGGATTC_Basal,Basal,5
M3_CCTGACTGTCGATG_Basal,Basal,5
M3_CCTTAATGCAAAGA_Club,Club,14
M3_CCTTAATGTGGAAA_Basal,Basal,2
M3_CCTTCACTAGTGCT_Basal,Basal,16
M3_CCTTCACTCTAGAC_Club,Club,14
M3_CCTTTAGAAGACTC_Basal,Basal,7
M3_CGAACATGGATACC_Ciliated,Ciliated,178
M3_CGAAGACTACGTAC_Basal,Basal,5
M3_CGAAGACTGTTTGG_Basal,Basal,5
M3_CGAAGACTTGCTCC_Basal,Basal,7
M3_CGAAGGGATGTGCA_Basal,Basal,7
M3_CGAATCGACGCAAT_Club,Club,10
M3_CGAATCGACTCTTA_Basal,Basal,1
M3_CGACAAACATCGGT_Basal,Basal,4
M3_CGACCACTCACCAA_Basal,Basal,1
M3_CGACCACTCGCTAA_Basal,Basal,4
M3_CGACCACTCTATGG_Basal,Basal,179
M3_CGACCACTGTAAAG_Basal,Basal,0
M3_CGACCGGAACCCAA_Basal,Basal,5
M3_CGACCTTGTGCTGA_Club,Club,10
M3_CGACGTCTGCTAAC_Club,Club,14
M3_CGACTCACAACCAC_Basal,Basal,5
M3_CGACTGCTGCATAC_Basal,Basal,4
M3_CGAGAACTCATTCT_Basal,Basal,5
M3_CGAGAACTGTAGGG_Club,Club,14
M3_CGAGATTGCTGGTA_Ciliated,Ciliated,9
M3_CGAGATTGGGGACA_Basal,Basal,1
M3_CGAGCCGACGGAGA_Basal,Basal,5
M3_CGAGCGTGCGTACA_Basal,Basal,4
M3_CGAGCGTGCTCATT_Club,Club,6
M3_CGAGGAGAAGCAAA_Club,Club,10
M3_CGAGGAGATGGAGG_Club,Club,14
M3_CGAGGCACTTCTGT_Basal,Basal,5
M3_CGAGGCTGACCTCC_Basal,Basal,1
M3_CGAGGCTGCTACCC_Basal,Basal,7
M3_CGAGGGCTCTGTGA_Basal,Basal,5
M3_CGAGTATGTACTGG_Basal,Basal,5
M3_CGATACGAACCGAT_Basal,Basal,1
M3_CGATACGACACTAG_Basal,Basal,5
M3_CGATACGACGCAAT_Basal,Basal,0
M3_CGATCAGAACAGCT_Basal,Basal,5
M3_CGATCAGACCAACA_Basal,Basal,16
M3_CGATCAGACCTAAG_Club,Club,14
M3_CGATCAGAGTCATG_Club,Club,10
M3_CGATCCACGTAAGA_Basal,Basal,2
M3_CGATCCACGTAGGG_Basal,Basal,1
M3_CGCAAATGGGAACG_Club,Club,14
M3_CGCACGGACATACG_Basal,Basal,4
M3_CGCACTTGCTATTC_Club,Club,14
M3_CGCAGGACTTTCGT_Club,Club,10
M3_CGCAGGTGAAAGCA_Club,Club,6
M3_CGCATAGAACGTAC_Basal,Basal,5
M3_CGCATAGACTGCAA_Basal,Basal,4
M3_CGCATAGATCCTTA_Club,Club,14
M3_CGCCATACACCACA_Basal,Basal,7
M3_CGCCGAGACAACCA_Club,Club,14
M3_CGCCGAGAGACTAC_Basal,Basal,5
M3_CGCCTAACAAGAAC_Basal,Basal,5
M3_CGCCTAACATGGTC_Club,Club,10
M3_CGCCTAACTGCTTT_Basal,Basal,1
M3_CGCGAGACACTCTT_Basal,Basal,5
M3_CGCGAGACCTACTT_Club,Club,14
M3_CGCGATCTCACTCC_Basal,Basal,2
M3_CGCGATCTGAGGCA_Basal,Basal,16
M3_CGCGGATGGGTCAT_Basal,Basal,4
M3_CGCTACACCTCTTA_Basal,Basal,5
M3_CGCTACTGGGGATG_Basal,Basal,1
M3_CGCTCATGCTCTTA_Basal,Basal,1
M3_CGCTCATGTCCTCG_Basal,Basal,49
M3_CGGAATTGAAGAAC_Tuft,Tuft,31
M3_CGGAATTGATGTCG_Basal,Basal,5
M3_CGGAGGCTGGTACT_Basal,Basal,4
M3_CGGATAACTTCCGC_Basal,Basal,1
M3_CGGATATGATGCTG_Basal,Basal,4
M3_CGGATATGTCCGTC_Club,Club,14
M3_CGGCATCTACTAGC_Basal,Basal,5
M3_CGGCATCTCTCGAA_Basal,Basal,0
M3_CGGCCAGATACTCT_Ciliated,Ciliated,180
M3_CGGCGATGACGTAC_Club,Club,10
M3_CGGCGATGCTCCCA_Basal,Basal,2
M3_CGGCGATGTTTGCT_Basal,Basal,0
M3_CGGGACTGGGAAGC_Basal,Basal,7
M3_CGGTAAACAAGATG_Basal,Basal,4
M3_CGGTACCTCCACAA_Club,Club,14
M3_CGGTCACTTTTCTG_Basal,Basal,5
M3_CGTACAGACGCTAA_Club,Club,7
M3_CGTACAGATGTCCC_Club,Club,6
M3_CGTAGCCTACCACA_Basal,Basal,1
M3_CGTAGCCTGGGACA_Tuft,Tuft,1
M3_CGTCAAGACGTAAC_Basal,Basal,5
M3_CGTCCAACCTTATC_Basal,Basal,1
M3_CGTCGACTCGAATC_Tuft,Tuft,5
M3_CGTGAAACTGACTG_Basal,Basal,1
M3_CGTGAATGGAGACG_Basal,Basal,1
M3_CGTGAATGTAGACC_Basal,Basal,5
M3_CGTGATGATCCTCG_Basal,Basal,1
M3_CGTGTAGAGTTGAC_Basal,Basal,5
M3_CGTGTAGATGAACC_Basal,Basal,7
M3_CGTTAACTCTAGCA_Basal,Basal,1
M3_CGTTAGGAGCCTTC_Basal,Basal,4
M3_CGTTATACGAGGAC_Basal,Basal,1
M3_CGTTTAACCTGTTT_Basal,Basal,4
M3_CTAAACCTTTGCGA_Basal,Basal,1
M3_CTAACACTGGCATT_Basal,Basal,5
M3_CTAACACTTCTCTA_Club,Club,10
M3_CTAACACTTGAGCT_Basal,Basal,4
M3_CTAACTACAGAGAT_Basal,Basal,16
M3_CTAACTACTCTACT_Basal,Basal,5
M3_CTAAGGACCGTTGA_Basal,Basal,1
M3_CTAAGGTGACGCAT_Basal,Basal,5
M3_CTAAGGTGGTACAC_Club,Club,14
M3_CTAATAGAACGTAC_Goblet,Goblet,18
M3_CTAATAGAGAATGA_Basal,Basal,0
M3_CTAATGCTCTAGAC_Basal,Basal,16
M3_CTACGCACGGAGCA_Basal,Basal,0
M3_CTACGGCTTTCATC_Basal,Basal,5
M3_CTACTATGCCAATG_Basal,Basal,4
M3_CTACTATGCGCTAA_Basal,Basal,7
M3_CTACTCCTAGTGTC_Basal,Basal,0
M3_CTACTCCTTGTCTT_Ciliated,Ciliated,9
M3_CTAGAGACAGATCC_Basal,Basal,63
M3_CTAGATCTGACGAG_Basal,Basal,1
M3_CTAGTTACAAACGA_Basal,Basal,57
M3_CTAGTTACATCGAC_Basal,Basal,4
M3_CTAGTTTGGGTCAT_Basal,Basal,7
M3_CTATAGCTCCCTCA_Basal,Basal,5
M3_CTATAGCTTCTAGG_Basal,Basal,181
M3_CTATAGCTTTCCCG_Club,Club,14
M3_CTATCATGCGTTAG_Ciliated,Ciliated,9
M3_CTATCCCTTAGAGA_Basal,Basal,7
M3_CTATCCCTTTTCGT_Basal,Basal,5
M3_CTATGACTAGCAAA_Ciliated,Ciliated,9
M3_CTATGACTCACTGA_Basal,Basal,7
M3_CTATGTTGCCGTTC_Goblet,Goblet,18
M3_CTATTGACGCTGTA_Club,Club,10
M3_CTATTGTGTGACAC_Basal,Basal,7
M3_CTCAATTGTGTTTC_Basal,Basal,1
M3_CTCAGCACACTAGC_Basal,Basal,7
M3_CTCAGGCTGCAGAG_Basal,Basal,5
M3_CTCAGGCTTCTCGC_Basal,Basal,13
M3_CTCATTGACAATCG_Basal,Basal,0
M3_CTCATTGACCTTCG_Club,Club,10
M3_CTCCACGAGGAAAT_Basal,Basal,4
M3_CTCCATCTAGCGTT_Ciliated,Ciliated,9
M3_CTCCATCTCGGAGA_Basal,Basal,7
M3_CTCCATCTCTGGTA_Basal,Basal,1
M3_CTCCGAACAGTAGA_Club,Club,14
M3_CTCCGAACTCCAAG_Ciliated,Ciliated,9
M3_CTCCTACTACTGTG_Basal,Basal,16
M3_CTCGAAGACTTAGG_Basal,Basal,1
M3_CTCGAAGAGATAGA_Basal,Basal,5
M3_CTCGAAGATGCCCT_Basal,Basal,16
M3_CTCGACTGGCTTCC_Club,Club,58
M3_CTCGACTGTTCTAC_Basal,Basal,2
M3_CTCTAAACGTACGT_Basal,Basal,4
M3_CTCTAATGCTCAAG_Club,Club,6
M3_CTGAAGTGGGTTTG_Basal,Basal,7
M3_CTGAAGTGTACGCA_Club,Club,14
M3_CTGAAGTGTCTTTG_Basal,Basal,16
M3_CTGAATCTGCGTAT_Basal,Basal,16
M3_CTGACAGAAGCCAT_Basal,Basal,0
M3_CTGACAGACCATGA_Basal,Basal,182
M3_CTGACCACACCGAT_Basal,Basal,5
M3_CTGACCACCTTGAG_Club,Club,14
M3_CTGACCACTGGTTG_Basal,Basal,4
M3_CTGAGCCTTTGCAG_Goblet,Goblet,18
M3_CTGATACTTCCTGC_Basal,Basal,2
M3_CTGATGGAGCCAAT_Basal,Basal,5
M3_CTGATTTGGGTACT_Basal,Basal,7
M3_CTGCAGCTGTTCTT_Basal,Basal,1
M3_CTGCCAACGCTGTA_Basal,Basal,5
M3_CTGCCAACTCCGAA_Basal,Basal,5
M3_CTGGATGATGGTCA_Basal,Basal,1
M3_CTGTAACTGCTGTA_Club,Club,10
M3_CTGTATACACGTTG_Club,Club,6
M3_CTGTATACTTTCTG_Ciliated,Ciliated,9
M3_CTGTGAGAAAGTAG_Goblet,Goblet,18
M3_CTGTGAGAACGTAC_Basal,Basal,7
M3_CTTAAAGACTGTTT_Basal,Basal,4
M3_CTTAAGCTAAACGA_Club,Club,14
M3_CTTAAGCTATCGAC_Basal,Basal,5
M3_CTTACAACCGCAAT_Club,Club,14
M3_CTTACAACGGATTC_Basal,Basal,1
M3_CTTACATGAGATCC_Basal,Basal,0
M3_CTTACATGTTTCTG_Basal,Basal,2
M3_CTTACTGACTGAAC_Club,Club,10
M3_CTTACTGAGGTCAT_Basal,Basal,1
M3_CTTCACCTCTTACT_Basal,Basal,4
M3_CTTGAGGAAGTTCG_Basal,Basal,7
M3_CTTGATTGGTTAGC_Basal,Basal,5
M3_CTTGATTGTGCAAC_Basal,Basal,4
M3_CTTGTATGTGCTCC_Basal,Basal,5
M3_CTTGTATGTTGACG_Club,Club,14
M3_CTTTACGATGTGAC_Basal,Basal,4
M3_CTTTAGACTCTCGC_Basal,Basal,7
M3_CTTTAGTGTTCCGC_Basal,Basal,5
M3_CTTTGATGTCAGGT_Basal,Basal,5
M3_GAAACAGAAAAGCA_Basal,Basal,16
M3_GAAACAGAATTCGG_Basal,Basal,5
M3_GAAAGATGAAGGGC_Club,Club,10
M3_GAAAGATGTTGTCT_Basal,Basal,5
M3_GAAAGCCTGTGCTA_Basal,Basal,7
M3_GAACCTGATACTTC_Club,Club,10
M3_GAACGGGACTGTAG_Basal,Basal,5
M3_GAACGGGAGAGGTG_Basal,Basal,1
M3_GAACGGGATCTCCG_Basal,Basal,1
M3_GAACGGGATGGGAG_Club,Club,10
M3_GAACGTTGGGTGGA_Basal,Basal,1
M3_GAACGTTGTTGAGC_Basal,Basal,0
M3_GAACTGTGAAGAGT_Basal,Basal,1
M3_GAAGAATGAGATCC_Basal,Basal,4
M3_GAAGAATGCTAGAC_Basal,Basal,1
M3_GAAGCTTGAGAAGT_Club,Club,10
M3_GAAGCTTGAGATGA_Basal,Basal,0
M3_GAAGGGTGGAGATA_Ciliated,Ciliated,9
M3_GAAGGTCTGCATCA_Club,Club,6
M3_GAAGGTCTTATCGG_Basal,Basal,7
M3_GAAGTCACGGTAAA_Basal,Basal,1
M3_GAAGTCACTCAGTG_Ciliated,Ciliated,9
M3_GAAGTCTGTTAGGC_Goblet,Goblet,18
M3_GAAGTGCTAAAGCA_Ciliated,Ciliated,9
M3_GAATGCACCTCATT_Basal,Basal,183
M3_GAATGCACTGAAGA_Club,Club,6
M3_GAATGCTGACAGCT_Basal,Basal,7
M3_GAATGGCTGTATGC_Club,Club,10
M3_GAATTAACTAGCGT_Basal,Basal,7
M3_GACACTGACTCTCG_Tuft,Tuft,1
M3_GACACTGATGCATG_Basal,Basal,7
M3_GACACTGATGGAGG_Basal,Basal,1
M3_GACAGGGACCTTGC_Basal,Basal,7
M3_GACAGGGACTGTAG_Basal,Basal,1
M3_GACAGTACGCTGAT_Basal,Basal,16
M3_GACAGTACTCTGGA_Basal,Basal,7
M3_GACCAAACTGCATG_Basal,Basal,7
M3_GACCATGAAAGTAG_Basal,Basal,7
M3_GACCATGAACCTTT_Tuft,Tuft,1
M3_GACCATGAAGCGGA_Basal,Basal,2
M3_GACCATGATAAGCC_Club,Club,10
M3_GACCTAGAACCAGT_Basal,Basal,5
M3_GACCTAGAAGCGTT_Club,Club,14
M3_GACCTAGACCTCAC_Basal,Basal,5
M3_GACCTCACAGCAAA_Basal,Basal,5
M3_GACCTCACTAGAGA_Basal,Basal,5
M3_GACCTCACTGACTG_Basal,Basal,5
M3_GACCTCTGAGCTAC_Basal,Basal,1
M3_GACGAACTCATGCA_Basal,Basal,5
M3_GACGAACTTAACCG_Club,Club,6
M3_GACGAACTTGAGCT_Basal,Basal,184
M3_GACGCCGACCTCCA_Basal,Basal,0
M3_GACGCCGATTAGGC_Basal,Basal,7
M3_GACGCTCTCTATGG_Club,Club,6
M3_GACGGCACATGCTG_Basal,Basal,16
M3_GACGTAACATACCG_Basal,Basal,5
M3_GACGTAACTGCTTT_Basal,Basal,1
M3_GACGTATGGCATAC_Tuft,Tuft,185
M3_GACGTATGTCCCAC_Basal,Basal,0
M3_GACGTCCTATCTCT_Basal,Basal,0
M3_GACGTCCTCCTGTC_Basal,Basal,5
M3_GACGTCCTTAGTCG_Basal,Basal,0
M3_GACTACGACAGTTG_Club,Club,10
M3_GACTACGACGGAGA_Basal,Basal,7
M3_GACTGAACAAAACG_Basal,Basal,2
M3_GACTGAACCTAGCA_Club,Club,5
M3_GACTGATGTTGGCA_Basal,Basal,186
M3_GACTTTACCGCCTT_Basal,Basal,2
M3_GACTTTACTAAAGG_Club,Club,14
M3_GAGAGGTGATCTTC_Basal,Basal,0
M3_GAGAGGTGGGGCAA_Basal,Basal,1
M3_GAGATGCTAAGAGT_Basal,Basal,4
M3_GAGCAACTCGTCTC_Basal,Basal,7
M3_GAGCATACCTCCAC_Basal,Basal,1
M3_GAGCGGCTAAGGTA_Club,Club,10
M3_GAGCGGCTACAGTC_Basal,Basal,5
M3_GAGCTCCTCCTCAC_Ciliated,Ciliated,9
M3_GAGCTCCTCTCGAA_Ciliated,Ciliated,9
M3_GAGGACGAATGACC_Goblet,Goblet,18
M3_GAGGACGAGGACTT_Basal,Basal,16
M3_GAGGACGAGGATTC_Basal,Basal,4
M3_GAGGCAGAGAATGA_Basal,Basal,5
M3_GAGGCCACCAGAAA_Club,Club,12
M3_GAGGGTGACTCTTA_Basal,Basal,5
M3_GAGGTACTATAAGG_Basal,Basal,5
M3_GAGGTGGAGAATGA_Club,Club,6
M3_GAGGTGGAGCTGAT_Basal,Basal,5
M3_GAGGTGGAGTACAC_Ciliated,Ciliated,187
M3_GAGGTTACCGCATA_Basal,Basal,5
M3_GAGTAAGAATACCG_Club,Club,10
M3_GAGTAAGACTAGAC_Basal,Basal,5
M3_GAGTAAGAGAACCT_Basal,Basal,188
M3_GAGTAAGAGTCTAG_Basal,Basal,5
M3_GAGTACACGGTAGG_Club,Club,14
M3_GAGTACTGATACCG_Basal,Basal,5
M3_GAGTACTGGAGAGC_Basal,Basal,1
M3_GAGTCTGATCGATG_Basal,Basal,7
M3_GAGTCTGATTTCTG_Basal,Basal,1
M3_GAGTGACTAAGAAC_Basal,Basal,1
M3_GAGTTGTGGAATGA_Basal,Basal,7
M3_GAGTTGTGTGTGAC_Club,Club,10
M3_GATAAGGAAAGCAA_Ciliated,Ciliated,9
M3_GATACTCTCTGGAT_Ionocyte,Ionocyte,5
M3_GATAGCACCGCATA_Basal,Basal,189
M3_GATATATGCTCGCT_Basal,Basal,4
M3_GATATATGTCAGAC_Goblet,Goblet,18
M3_GATATTGAGTATGC_Basal,Basal,7
M3_GATCATCTAGGTCT_Basal,Basal,190
M3_GATCATCTCATGGT_Neuroendocrine,Neuroendocrine,5
M3_GATCATCTTAGTCG_Basal,Basal,1
M3_GATCGAACCCTTGC_Club,Club,6
M3_GATCGAACCGGTAT_Basal,Basal,5
M3_GATCGAACGTCAAC_Basal,Basal,1
M3_GATCGATGGGAGCA_Club,Club,6
M3_GATCGTGAGCCCTT_Basal,Basal,7
M3_GATCGTGAGTCTGA_Club,Club,6
M3_GATCTACTACACAC_Basal,Basal,7
M3_GATCTACTCATGCA_Club,Club,14
M3_GATCTTACTTTCGT_Basal,Basal,4
M3_GATCTTTGCCCACT_Basal,Basal,191
M3_GATGCAACAGCAAA_Basal,Basal,0
M3_GATGCAACGGGCAA_Basal,Basal,4
M3_GATGCATGCCTTGC_Club,Club,14
M3_GATTACCTTGAAGA_Club,Club,14
M3_GATTCGGACTCAAG_Basal,Basal,7
M3_GATTCGGACTTACT_Basal,Basal,4
M3_GATTGGACGTTCGA_Ciliated,Ciliated,9
M3_GATTGGTGACGCAT_Basal,Basal,4
M3_GATTGGTGGACAGG_Club,Club,192
M3_GATTTAGACACTAG_Club,Club,10
M3_GATTTAGACTCGAA_Club,Club,14
M3_GATTTAGACTTGAG_Basal,Basal,57
M3_GATTTAGATAGCCA_Basal,Basal,5
M3_GCAACCCTGCGTTA_Club,Club,10
M3_GCAACTGAATTGGC_Basal,Basal,5
M3_GCAACTGATTCTTG_Club,Club,13
M3_GCAAGACTCCCACT_Basal,Basal,34
M3_GCAATCGACCTTCG_Basal,Basal,0
M3_GCAATTCTTGGCAT_Basal,Basal,0
M3_GCAATTCTTTCGTT_Basal,Basal,5
M3_GCACAAACCCAAGT_Basal,Basal,1
M3_GCACAATGAGCGTT_Basal,Basal,1
M3_GCACAATGCCATGA_Club,Club,6
M3_GCACAATGGGCATT_Club,Club,13
M3_GCACACCTATACCG_Basal,Basal,1
M3_GCACACCTCCCTAC_Club,Club,14
M3_GCACCACTCCGAAT_Club,Club,10
M3_GCACCTACCCGTAA_Basal,Basal,5
M3_GCACCTACTCTTTG_Basal,Basal,4
M3_GCACCTTGGCTAAC_Basal,Basal,1
M3_GCACCTTGTCCTTA_Basal,Basal,5
M3_GCACCTTGTTCGCC_Basal,Basal,16
M3_GCACGGACCTATTC_Basal,Basal,7
M3_GCACGGACTGAGGG_Ciliated,Ciliated,9
M3_GCACGTCTGTAAAG_Club,Club,14
M3_GCACTAGAAAGCAA_Basal,Basal,1
M3_GCACTAGACAAGCT_Basal,Basal,5
M3_GCACTGCTAGGTTC_Basal,Basal,1
M3_GCAGATACCCTCCA_Basal,Basal,5
M3_GCAGATACGCTTCC_Club,Club,14
M3_GCAGCCGAGTATGC_Basal,Basal,5
M3_GCAGCCGAGTTCAG_Basal,Basal,5
M3_GCAGCCGATGTTTC_Basal,Basal,7
M3_GCAGCGTGGATACC_Basal,Basal,16
M3_GCAGGCACCTCAGA_Basal,Basal,2
M3_GCAGGCACTGAGGG_Basal,Basal,2
M3_GCAGGGCTAAGGCG_Club,Club,10
M3_GCAGGGCTACACAC_Basal,Basal,5
M3_GCAGGGCTACGTAC_Club,Club,14
M3_GCAGTTGACAATCG_Club,Club,58
M3_GCAGTTGATCCCGT_Neuroendocrine,Neuroendocrine,5
M3_GCATGATGACGGTT_Basal,Basal,5
M3_GCATGATGGCTACA_Club,Club,14
M3_GCATTGGACCTTTA_Basal,Basal,7
M3_GCATTGGAGAGCAG_Basal,Basal,1
M3_GCATTGGAGGTACT_Basal,Basal,7
M3_GCATTGGAGTCTGA_Basal,Basal,4
M3_GCCAAAACATCACG_Basal,Basal,7
M3_GCCAACCTACCTGA_Basal,Basal,5
M3_GCCAACCTGGACAG_Basal,Basal,5
M3_GCCAACCTTGTCGA_Basal,Basal,2
M3_GCCACGGAGGGACA_Club,Club,7
M3_GCCACTACACGTAC_Basal,Basal,4
M3_GCCATCACGAACCT_Goblet,Goblet,10
M3_GCCATGCTGGGTGA_Ciliated,Ciliated,9
M3_GCCCAGGAACGTTG_Basal,Basal,1
M3_GCCCAGGACACTTT_Basal,Basal,5
M3_GCCCAGGAGACAAA_Basal,Basal,5
M3_GCCGACGAATTCTC_Basal,Basal,1
M3_GCCGACGAGCCCTT_Club,Club,10
M3_GCCGGAACTGGTCA_Basal,Basal,5
M3_GCCTACACAGCCAT_Basal,Basal,5
M3_GCCTAGCTACACGT_Basal,Basal,5
M3_GCCTGACTGTACCA_Goblet,Goblet,18
M3_GCCTGACTTACGCA_Basal,Basal,53
M3_GCCTGACTTTTCAC_Basal,Basal,5
M3_GCGAAGGAACGGGA_Club,Club,14
M3_GCGAAGGAAGAGAT_Basal,Basal,5
M3_GCGAAGGAGGGATG_Basal,Basal,36
M3_GCGAAGGATCCAGA_Basal,Basal,0
M3_GCGAAGGATCTCGC_Basal,Basal,5
M3_GCGAAGGATGTGAC_Basal,Basal,4
M3_GCGACTCTATTCCT_Basal,Basal,0
M3_GCGACTCTCTCTCG_Basal,Basal,1
M3_GCGACTCTTCTAGG_Basal,Basal,7
M3_GCGAGAGAAGCCTA_Club,Club,2
M3_GCGAGCACTGGAGG_Basal,Basal,7
M3_GCGCACGATAAGGA_Basal,Basal,0
M3_GCGCATCTCAGAGG_Club,Club,24
M3_GCGCGAACTCGACA_Basal,Basal,1
M3_GCGCGATGATCGGT_Club,Club,14
M3_GCGCGATGCCAGTA_Basal,Basal,1
M3_GCGGACTGGTCTGA_Ciliated,Ciliated,9
M3_GCGGAGCTGCTCCT_Basal,Basal,1
M3_GCGGCAACTCCTCG_Basal,Basal,0
M3_GCGGGACTCTTGAG_Basal,Basal,5
M3_GCGTAAACGCGATT_Basal,Basal,1
M3_GCGTAAACGTTCAG_Basal,Basal,4
M3_GCGTAATGCGTTAG_Club,Club,10
M3_GCGTACCTCGGAGA_Basal,Basal,5
M3_GCGTACCTGGATTC_Basal,Basal,1
M3_GCGTACCTGGCGAA_Club,Club,10
M3_GCGTACCTGGTTAC_Basal,Basal,1
M3_GCGTACCTGTACAC_Basal,Basal,193
M3_GCGTATGACTGCTC_Club,Club,6
M3_GCGTATGATTGCTT_Club,Club,194
M3_GCTACAGACGTGAT_Basal,Basal,5
M3_GCTACAGACTATTC_Club,Club,14
M3_GCTAGAACGAGCTT_Basal,Basal,5
M3_GCTAGATGGAGAGC_Basal,Basal,1
M3_GCTAGATGGGTACT_Club,Club,14
M3_GCTAGATGGTAAAG_Basal,Basal,5
M3_GCTATACTATCAGC_Basal,Basal,4
M3_GCTCAAGAACCAAC_Basal,Basal,4
M3_GCTCACTGCGTGTA_Basal,Basal,5
M3_GCTCCATGAGGGTG_Club,Club,14
M3_GCTCCATGGTCTGA_Club,Club,14
M3_GCTCGACTACGACT_Basal,Basal,5
M3_GCTCGACTCTGCAA_Basal,Basal,2
M3_GCTGATGAGTTCGA_Basal,Basal,0
M3_GCTTAACTTTTACC_Basal,Basal,195
M3_GGAACTTGCAAGCT_Basal,Basal,196
M3_GGAAGGACCAGTTG_Basal,Basal,5
M3_GGAAGGACGTACAC_Club,Club,10
M3_GGAAGGTGACACTG_Club,Club,2
M3_GGAAGGTGGGGACA_Basal,Basal,5
M3_GGAATCTGAAGGGC_Basal,Basal,5
M3_GGACAGGACGACAT_Neuroendocrine,Neuroendocrine,4
M3_GGACAGGATTCCAT_Club,Club,5
M3_GGACATTGTCCCGT_Basal,Basal,2
M3_GGACATTGTTTGTC_Neuroendocrine,Neuroendocrine,5
M3_GGACCCGACTGAGT_Goblet,Goblet,18
M3_GGACCCGAGAGATA_Club,Club,14
M3_GGACCGTGACGTTG_Basal,Basal,2
M3_GGACCTCTACAGCT_Club,Club,14
M3_GGACCTCTCCGTTC_Basal,Basal,1
M3_GGACGAGACACTCC_Basal,Basal,1
M3_GGACGAGATGAAGA_Basal,Basal,7
M3_GGACGAGATTGTCT_Ciliated,Ciliated,9
M3_GGACGCTGCTCTTA_Club,Club,14
M3_GGAGCCACAAGAAC_Basal,Basal,1
M3_GGAGCCACCTGCAA_Club,Club,10
M3_GGAGCCACTTCTTG_Club,Club,6
M3_GGAGGATGAGCACT_Basal,Basal,1
M3_GGAGGATGTCTCTA_Basal,Basal,7
M3_GGAGGCCTCCCACT_Basal,Basal,5
M3_GGAGGTGACGAACT_Club,Club,7
M3_GGAGGTGAGGTGGA_Basal,Basal,4
M3_GGAGGTGAGTACCA_Club,Club,14
M3_GGAGGTGATACTGG_Basal,Basal,7
M3_GGAGTTACCTATTC_Basal,Basal,2
M3_GGAGTTACCTTCGC_Club,Club,6
M3_GGATAGCTAAAGTG_Club,Club,14
M3_GGATAGCTGCTTCC_Basal,Basal,5
M3_GGATGTACTATGGC_Basal,Basal,2
M3_GGATTGTGACGCAT_Club,Club,10
M3_GGATTGTGAGAAGT_Basal,Basal,1
M3_GGATTGTGCTCCAC_Basal,Basal,7
M3_GGATTGTGGCTATG_Club,Club,197
M3_GGCAAGGAAAAGTG_Basal,Basal,1
M3_GGCAATACTGTAGC_Basal,Basal,16
M3_GGCACTCTCTGATG_Club,Club,5
M3_GGCACTCTGACACT_Club,Club,10
M3_GGCCACGAGGAGTG_Club,Club,10
M3_GGCCACGAGGTGAG_Basal,Basal,0
M3_GGCCAGACAAGGTA_Basal,Basal,0
M3_GGCCAGACCGAACT_Basal,Basal,4
M3_GGCCCAGATGCTCC_Basal,Basal,198
M3_GGCCGAACAAGGTA_Basal,Basal,4
M3_GGCCGAACCATACG_Basal,Basal,4
M3_GGCCGAACCTCCAC_Basal,Basal,5
M3_GGCCGATGTACGCA_Basal,Basal,32
M3_GGCGGACTCTATTC_Basal,Basal,16
M3_GGCGGACTGGACTT_Club,Club,14
M3_GGCTAAACGCTAAC_Ciliated,Ciliated,9
M3_GGCTAAACTCCAGA_Basal,Basal,5
M3_GGCTACCTCACTCC_Basal,Basal,5
M3_GGCTACCTGATGAA_Basal,Basal,7
M3_GGCTCACTCAGTCA_Basal,Basal,1
M3_GGGAACGAAGAGTA_Club,Club,2
M3_GGGAACGAGTGAGG_Tuft,Tuft,4
M3_GGGAAGACGCCTTC_Basal,Basal,4
M3_GGGAAGTGAGTGTC_Basal,Basal,1
M3_GGGAAGTGGCTGAT_Basal,Basal,5
M3_GGGACCACCCGATA_Club,Club,199
M3_GGGACCACTAGAAG_Club,Club,14
M3_GGGATGGAACCTTT_Basal,Basal,7
M3_GGGATGGACAGCTA_Basal,Basal,7
M3_GGGATGGAGCTAAC_Basal,Basal,200
M3_GGGATTACTCGCCT_Basal,Basal,2
M3_GGGCAAGAATTCTC_Club,Club,10
M3_GGGCAAGAGTGTAC_Basal,Basal,64
M3_GGGCACACATTGGC_Basal,Basal,1
M3_GGGCACACCGTAGT_Club,Club,10
M3_GGGCACACTACAGC_Basal,Basal,7
M3_GGGCAGCTAGAGAT_Basal,Basal,4
M3_GGGCCAACCATGGT_Basal,Basal,5
M3_GGGCCATGGGGACA_Basal,Basal,5
M3_GGGTAACTAAACGA_Basal,Basal,5
M3_GGGTAACTGTAGGG_Basal,Basal,5
M3_GGGTAACTTAGACC_Club,Club,7
M3_GGGTAACTTGACTG_Basal,Basal,2
M3_GGGTTAACGTCGAT_Basal,Basal,5
M3_GGGTTATGACTGGT_Basal,Basal,0
M3_GGTAAAGACGTAAC_Basal,Basal,5
M3_GGTACATGCATGAC_Club,Club,14
M3_GGTACATGTGGTGT_Basal,Basal,7
M3_GGTACTGATAAGGA_Basal,Basal,2
M3_GGTATCGATCAAGC_Basal,Basal,5
M3_GGTATGACCAAGCT_Club,Club,14
M3_GGTCAAACCTGCAA_Basal,Basal,1
M3_GGTCTAGAAGAACA_Basal,Basal,1
M3_GGTGATACCTGAAC_Ciliated,Ciliated,201
M3_GGTGATACGTCGTA_Basal,Basal,5
M3_GGTGGAGAGCATCA_Club,Club,5
M3_GGTGGAGAGCTACA_Basal,Basal,7
M3_GGTTTACTCCACCT_Basal,Basal,5
M3_GTAACGTGAATCGC_Basal,Basal,16
M3_GTAACGTGGTGCTA_Basal,Basal,5
M3_GTAAGCACCTCTCG_Ciliated,Ciliated,21
M3_GTAAGCACGGTTCA_Basal,Basal,1
M3_GTAAGCACGTCGTA_Basal,Basal,1
M3_GTAAGCTGCGATAC_Basal,Basal,4
M3_GTAAGCTGTCTCCG_Basal,Basal,5
M3_GTAATAACAAAGCA_Basal,Basal,202
M3_GTACCCTGATGACC_Basal,Basal,5
M3_GTACGAACAGATCC_Club,Club,14
M3_GTACGAACTTTGCT_Basal,Basal,5
M3_GTACGTGACGACAT_Club,Club,14
M3_GTACGTGATACAGC_Basal,Basal,65
M3_GTACGTGATGTAGC_Basal,Basal,1
M3_GTACGTGATTGGCA_Basal,Basal,2
M3_GTACTACTCGTTAG_Basal,Basal,5
M3_GTACTTTGGTGAGG_Basal,Basal,1
M3_GTAGACTGTCGCAA_Goblet,Goblet,18
M3_GTAGCAACGGAAAT_Basal,Basal,1
M3_GTAGCATGCCTCGT_Basal,Basal,16
M3_GTAGCCCTAAAACG_Club,Club,14
M3_GTAGCCCTAGAGGC_Neuroendocrine,Neuroendocrine,5
M3_GTAGTCGAAACAGA_Basal,Basal,7
M3_GTAGTCGAAGGCGA_Basal,Basal,5
M3_GTAGTCGATGCAGT_Club,Club,6
M3_GTAGTGACAAAGTG_Club,Club,14
M3_GTAGTGACGTGTAC_Basal,Basal,4
M3_GTATGGTGGTCATG_Basal,Basal,2
M3_GTATTAGACATGCA_Club,Club,14
M3_GTATTAGATGGCAT_Basal,Basal,5
M3_GTATTCACGTTGCA_Club,Club,6
M3_GTATTCACTACTGG_Basal,Basal,7
M3_GTATTCACTGACAC_Basal,Basal,7
M3_GTATTCACTGCTAG_Goblet,Goblet,18
M3_GTCAACGATGCCAA_Club,Club,10
M3_GTCAATCTCCGAAT_Club,Club,14
M3_GTCAATCTTGAGGG_Club,Club,14
M3_GTCATACTCTCCAC_Basal,Basal,5
M3_GTCCAAGACCTATT_Basal,Basal,203
M3_GTCCACACGCCTTC_Club,Club,6
M3_GTCCACTGAAAGTG_Basal,Basal,0
M3_GTCCACTGCTTCTA_Basal,Basal,7
M3_GTCGCACTAGTAGA_Club,Club,14
M3_GTCTAACTAGATGA_Basal,Basal,1
M3_GTCTAGGAAAGGGC_Basal,Basal,5
M3_GTCTAGGACTCAGA_Club,Club,10
M3_GTCTAGGACTCGCT_Basal,Basal,1
M3_GTCTAGGACTGTTT_Basal,Basal,5
M3_GTCTGAGATACAGC_Club,Club,14
M3_GTCTGAGATTCTTG_Basal,Basal,5
M3_GTGAACACGTTCGA_Basal,Basal,5
M3_GTGACAACGAAACA_Club,Club,14
M3_GTGACCCTCCTCGT_Ciliated,Ciliated,9
M3_GTGACCCTCGTGAT_Basal,Basal,1
M3_GTGACCCTTAGACC_Club,Club,6
M3_GTGACCCTTTTCTG_Club,Club,5
M3_GTGAGGGATCCGTC_Tuft,Tuft,17
M3_GTGATGACGGTAAA_Ionocyte,Ionocyte,25
M3_GTGATTCTGTACAC_Club,Club,10
M3_GTGCAAACATGACC_Club,Club,10
M3_GTGCCACTAGGAGC_Neuroendocrine,Neuroendocrine,19
M3_GTGCCACTGTTCGA_Basal,Basal,4
M3_GTGCTAGAAGAGAT_Basal,Basal,0
M3_GTGCTAGACAACCA_Basal,Basal,7
M3_GTGGTAACCCGTAA_Basal,Basal,5
M3_GTGTACGACTACGA_Ciliated,Ciliated,9
M3_GTGTAGTGGCATAC_Basal,Basal,4
M3_GTGTATCTAGGTCT_Club,Club,14
M3_GTGTATCTCATGGT_Basal,Basal,5
M3_GTGTCAGACCGAAT_Ciliated,Ciliated,9
M3_GTGTGATGGTTCAG_Basal,Basal,16
M3_GTGTGATGTAAGGA_Basal,Basal,7
M3_GTTAAAACCATTCT_Club,Club,14
M3_GTTAAATGCTGAAC_Basal,Basal,5
M3_GTTAAATGTCAGAC_Basal,Basal,7
M3_GTTACGGACCTTTA_Basal,Basal,7
M3_GTTACGGACGTAGT_Basal,Basal,0
M3_GTTACGGAGTATCG_Club,Club,10
M3_GTTACGGAGTTGAC_Club,Club,204
M3_GTTACGGATACTCT_Club,Club,205
M3_GTTACTACGCCTTC_Basal,Basal,2
M3_GTTACTACTCTTCA_Tuft,Tuft,35
M3_GTTAGGTGCAGCTA_Basal,Basal,7
M3_GTTAGGTGGACAAA_Basal,Basal,4
M3_GTTAGTCTCTTCCG_Basal,Basal,206
M3_GTTAGTCTGACGGA_Basal,Basal,16
M3_GTTATCTGCGAGAG_Club,Club,14
M3_GTTATCTGGTGAGG_Club,Club,14
M3_GTTATCTGTCTCAT_Club,Club,12
M3_GTTATGCTGTTCGA_Basal,Basal,5
M3_GTTGAGTGATGTGC_Club,Club,14
M3_GTTGAGTGCTACGA_Club,Club,1
M3_GTTGATCTTCTAGG_Basal,Basal,5
M3_GTTGTACTTGCGTA_Basal,Basal,5
M3_GTTGTACTTTACCT_Basal,Basal,7
M3_GTTTAAGACTCCAC_Basal,Basal,7
M3_TAAACAACGTACGT_Club,Club,14
M3_TAAACAACGTCTAG_Club,Club,14
M3_TAAAGTTGCCACCT_Basal,Basal,0
M3_TAAATGTGGAGAGC_Basal,Basal,5
M3_TAACAATGGCTTAG_Basal,Basal,4
M3_TAACAATGGTAGCT_Ionocyte,Ionocyte,7
M3_TAACATGACTCAGA_Club,Club,14
M3_TAACCGGACCCAAA_Club,Club,14
M3_TAACCGGAGATACC_Club,Club,14
M3_TAACGTCTGGTGAG_Goblet,Goblet,18
M3_TAACTAGAATCTCT_Basal,Basal,5
M3_TAACTAGAGTACAC_Club,Club,207
M3_TAACTCACAGTCGT_Basal,Basal,7
M3_TAACTCACGGCAAG_Basal,Basal,1
M3_TAACTCACTAGAAG_Basal,Basal,5
M3_TAAGAACTCGGGAA_Basal,Basal,5
M3_TAAGAACTGATGAA_Goblet,Goblet,18
M3_TAAGAACTGGTAAA_Basal,Basal,1
M3_TAAGAACTGTAGGG_Basal,Basal,5
M3_TAAGAGGATCGCTC_Club,Club,14
M3_TAAGAGGATTAGGC_Basal,Basal,2
M3_TAAGATACAGGAGC_Basal,Basal,1
M3_TAAGATACCCATAG_Basal,Basal,5
M3_TAAGATACGTATCG_Club,Club,10
M3_TAAGATACTGACTG_Goblet,Goblet,18
M3_TAAGATTGAGTACC_Club,Club,14
M3_TAAGATTGGCGGAA_Basal,Basal,7
M3_TAAGCGTGTCGATG_Basal,Basal,1
M3_TAAGCGTGTTGTGG_Club,Club,5
M3_TAAGCTCTCTAGCA_Basal,Basal,5
M3_TAAGCTCTGGAGTG_Basal,Basal,36
M3_TAAGCTCTTTCATC_Basal,Basal,5
M3_TAAGGCTGAACGAA_Ciliated,Ciliated,9
M3_TAAGGGCTCTACGA_Club,Club,14
M3_TAAGGGCTTTCGTT_Neuroendocrine,Neuroendocrine,27
M3_TAAGTAACCTATGG_Basal,Basal,5
M3_TAATCCACGTGTCA_Basal,Basal,208
M3_TAATCGCTCTTCCG_Club,Club,6
M3_TAATCGCTTGGGAG_Club,Club,14
M3_TAATCGCTTGTCCC_Club,Club,14
M3_TAATGAACCCTTCG_Basal,Basal,7
M3_TACAAATGGATAGA_Club,Club,10
M3_TACAAATGGTCACA_Basal,Basal,2
M3_TACAATGAAACGGG_Ciliated,Ciliated,9
M3_TACAATGAATGGTC_Neuroendocrine,Neuroendocrine,19
M3_TACAATGATGTCCC_Ciliated,Ciliated,9
M3_TACACACTGCAGTT_Basal,Basal,4
M3_TACACACTGTCACA_Club,Club,7
M3_TACATAGAGTCTTT_Club,Club,5
M3_TACATAGAGTTGGT_Basal,Basal,5
M3_TACATCACCAGGAG_Basal,Basal,5
M3_TACATCACCCGTTC_Basal,Basal,5
M3_TACATCACGCTCCT_Basal,Basal,59
M3_TACATCACTTGTGG_Club,Club,14
M3_TACCATTGGGTCTA_Ciliated,Ciliated,9
M3_TACCATTGTACTCT_Basal,Basal,1
M3_TACCGAGACTGAGT_Basal,Basal,7
M3_TACCGAGAGCGAGA_Basal,Basal,0
M3_TACCGCTGAAGATG_Basal,Basal,1
M3_TACCGCTGCCTAAG_Basal,Basal,0
M3_TACGACGAGTTGCA_Goblet,Goblet,18
M3_TACGAGACACCTTT_Club,Club,12
M3_TACGAGACGACGTT_Basal,Basal,7
M3_TACGAGTGTGACCA_Basal,Basal,4
M3_TACGATCTCGTGTA_Club,Club,6
M3_TACGCCACCAGTTG_Basal,Basal,1
M3_TACGCCACGTATCG_Basal,Basal,5
M3_TACGGAACTCGCAA_Basal,Basal,5
M3_TACGGAACTGGATC_Basal,Basal,5
M3_TACGGCCTTTTCGT_Basal,Basal,5
M3_TACGTACTCATGGT_Basal,Basal,7
M3_TACGTACTGGACAG_Basal,Basal,1
M3_TACGTACTTAACGC_Goblet,Goblet,18
M3_TACGTACTTACGAC_Basal,Basal,7
M3_TACGTTACGAGGCA_Basal,Basal,5
M3_TACGTTACTTTACC_Basal,Basal,5
M3_TACTAAGACGAACT_Ciliated,Ciliated,22
M3_TACTAAGACTGAGT_Basal,Basal,7
M3_TACTACACAATGCC_Basal,Basal,4
M3_TACTACACGCTGAT_Basal,Basal,5
M3_TACTACTGACCAAC_Basal,Basal,2
M3_TACTACTGCGTCTC_Basal,Basal,1
M3_TACTACTGCTGTTT_Ciliated,Ciliated,22
M3_TACTCCCTAAGATG_Basal,Basal,7
M3_TACTCCCTGCAGAG_Ciliated,Ciliated,9
M3_TACTCCCTTCGCAA_Club,Club,14
M3_TACTCTGAAAAGCA_Basal,Basal,7
M3_TACTCTGAACTGTG_Basal,Basal,209
M3_TACTGGGAGTATCG_Basal,Basal,1
M3_TACTGGGATCAAGC_Basal,Basal,4
M3_TACTGGGATCTTTG_Basal,Basal,16
M3_TACTGTTGCCCAAA_Basal,Basal,0
M3_TACTGTTGTTACCT_Basal,Basal,5
M3_TACTTGACACCCTC_Basal,Basal,210
M3_TACTTGACGTTGCA_Ciliated,Ciliated,22
M3_TACTTTCTTAGTCG_Basal,Basal,4
M3_TAGAAACTAGCTAC_Basal,Basal,7
M3_TAGAAACTGTCATG_Basal,Basal,5
M3_TAGAAACTTCATTC_Club,Club,14
M3_TAGAATTGAACTGC_Club,Club,14
M3_TAGAATTGCACAAC_Basal,Basal,7
M3_TAGACGTGCCTAAG_Basal,Basal,211
M3_TAGACGTGTATTCC_Basal,Basal,1
M3_TAGACGTGTCTCGC_Basal,Basal,2
M3_TAGAGAGAAGCCAT_Basal,Basal,5
M3_TAGAGCACATTCCT_Club,Club,6
M3_TAGAGCACCGTTAG_Basal,Basal,37
M3_TAGAGCACGGTCAT_Club,Club,10
M3_TAGATCCTAGCGGA_Basal,Basal,7
M3_TAGATCCTCATGGT_Basal,Basal,1
M3_TAGATCCTCCTAAG_Basal,Basal,5
M3_TAGATCCTTTACCT_Club,Club,10
M3_TAGATTGAAAAGTG_Basal,Basal,5
M3_TAGATTGACTGACA_Club,Club,14
M3_TAGATTGATCAGGT_Basal,Basal,4
M3_TAGCATCTCGGGAA_Basal,Basal,7
M3_TAGCCCTGCTTATC_Basal,Basal,5
M3_TAGCCCTGTGACTG_Basal,Basal,5
M3_TAGCCCTGTGTTTC_Club,Club,6
M3_TAGCCGCTGGATTC_Basal,Basal,212
M3_TAGCGATGCCTTAT_Basal,Basal,5
M3_TAGCGATGTGACCA_Tuft,Tuft,35
M3_TAGCTACTATCGAC_Basal,Basal,7
M3_TAGGACTGCTTCCG_Basal,Basal,16
M3_TAGGACTGGACGGA_Club,Club,14
M3_TAGGACTGTCTTAC_Club,Club,6
M3_TAGGAGCTAGACTC_Basal,Basal,213
M3_TAGGAGCTCATTCT_Basal,Basal,5
M3_TAGGCAACATTCTC_Basal,Basal,5
M3_TAGGCAACCTCTAT_Club,Club,10
M3_TAGGCATGCGTGAT_Basal,Basal,5
M3_TAGGCATGCTTATC_Basal,Basal,7
M3_TAGGGACTCCTCCA_Basal,Basal,214
M3_TAGGTGACCGTAGT_Ciliated,Ciliated,60
M3_TAGGTGACCTGTCC_Basal,Basal,5
M3_TAGTAAACGGTCAT_Club,Club,14
M3_TAGTAATGAATCGC_Basal,Basal,1
M3_TAGTAATGGTTGCA_Basal,Basal,5
M3_TAGTATGAGAACCT_Club,Club,14
M3_TAGTCGGACCTAAG_Tuft,Tuft,17
M3_TAGTCGGAGAGAGC_Club,Club,10
M3_TAGTCGGATGCATG_Basal,Basal,5
M3_TAGTGGTGCCACAA_Club,Club,10
M3_TAGTGGTGGAATGA_Ciliated,Ciliated,9
M3_TAGTGGTGGGTAGG_Basal,Basal,7
M3_TAGTTAGATAAGGA_Basal,Basal,5
M3_TAGTTCACAAGGCG_Basal,Basal,7
M3_TATAAGTGCTTGGA_Club,Club,14
M3_TATAAGTGGGATTC_Basal,Basal,1
M3_TATAAGTGTTGCGA_Basal,Basal,4
M3_TATACAGATCCCAC_Basal,Basal,215
M3_TATACAGATGTCAG_Club,Club,14
M3_TATACCACCATGAC_Club,Club,13
M3_TATCACTGTACTCT_Basal,Basal,13
M3_TATCACTGTGGCAT_Basal,Basal,216
M3_TATCCAACCATGGT_Ciliated,Ciliated,9
M3_TATCGACTAGGGTG_Basal,Basal,5
M3_TATCGACTTGAGCT_Basal,Basal,7
M3_TATCGTACTGGTTG_Basal,Basal,16
M3_TATCTGACACGGAG_Basal,Basal,5
M3_TATCTGACGTTAGC_Club,Club,12
M3_TATCTTCTTGGATC_Ciliated,Ciliated,9
M3_TATGAATGAGCACT_Ionocyte,Ionocyte,1
M3_TATGAATGGCAGTT_Basal,Basal,16
M3_TATGCGGAGAGGAC_Basal,Basal,5
M3_TATGCGGATTACTC_Club,Club,14
M3_TATGGGACGGTGTT_Basal,Basal,1
M3_TATGGGACGTTGAC_Basal,Basal,7
M3_TATGGGACTGCTTT_Basal,Basal,4
M3_TATGGGTGCTCAGA_Club,Club,10
M3_TATGGGTGTCTATC_Basal,Basal,2
M3_TATGTCACAGCTCA_Tuft,Tuft,5
M3_TATGTCACGGATTC_Basal,Basal,1
M3_TATGTCTGTACGAC_Basal,Basal,5
M3_TATGTGCTCGTAAC_Basal,Basal,4
M3_TATTGCTGATTCCT_Basal,Basal,1
M3_TATTGCTGCGGAGA_Basal,Basal,5
M3_TATTGCTGCTTATC_Basal,Basal,1
M3_TATTTCCTTCTCTA_Ciliated,Ciliated,9
M3_TCAACACTTTACCT_Basal,Basal,4
M3_TCAAGGACCGGTAT_Basal,Basal,13
M3_TCAAGGACGATAGA_Basal,Basal,7
M3_TCAAGTCTCGCATA_Basal,Basal,1
M3_TCAATAGAACTAGC_Basal,Basal,4
M3_TCAATAGACGTTGA_Basal,Basal,5
M3_TCAATCACATTCGG_Basal,Basal,5
M3_TCAATCACGACGGA_Basal,Basal,5
M3_TCAATCACGGACAG_Basal,Basal,1
M3_TCACAACTGTTACG_Basal,Basal,1
M3_TCACATACGAAAGT_Club,Club,14
M3_TCACCCGACGGTAT_Basal,Basal,7
M3_TCACCCGATTCGTT_Club,Club,14
M3_TCACCGTGAAGGCG_Club,Club,10
M3_TCACCTCTGTATGC_Basal,Basal,5
M3_TCACGAGAAGCGGA_Basal,Basal,5
M3_TCACGAGATTTCTG_Basal,Basal,7
M3_TCAGACGATAAGGA_Basal,Basal,7
M3_TCAGAGACATTCCT_Basal,Basal,16
M3_TCAGAGACCCTCCA_Goblet,Goblet,18
M3_TCAGCAGACGGGAA_Basal,Basal,5
M3_TCAGCAGATGCAAC_Club,Club,14
M3_TCAGGATGAGCCTA_Club,Club,13
M3_TCAGTACTGAAACA_Basal,Basal,1
M3_TCAGTGGATATCTC_Club,Club,10
M3_TCAGTTACGAGACG_Basal,Basal,7
M3_TCATCAACAGAATG_Basal,Basal,0
M3_TCATCAACCATTGG_Basal,Basal,5
M3_TCATCAACTATTCC_Club,Club,10
M3_TCATCCCTCAACCA_Basal,Basal,1
M3_TCATGTACAGAATG_Basal,Basal,1
M3_TCATGTACGTCTAG_Basal,Basal,2
M3_TCATGTACGTGCAT_Basal,Basal,7
M3_TCATTGACCGAACT_Basal,Basal,0
M3_TCATTGACCTGTAG_Club,Club,6
M3_TCCACGTGAAGGTA_Basal,Basal,5
M3_TCCACGTGCGTACA_Basal,Basal,7
M3_TCCACGTGTCCTGC_Basal,Basal,5
M3_TCCACTCTGATGAA_Basal,Basal,5
M3_TCCATAACACCCAA_Basal,Basal,5
M3_TCCATAACGGAAGC_Basal,Basal,5
M3_TCCATCCTACCTTT_Club,Club,6
M3_TCCCACGATGAAGA_Basal,Basal,7
M3_TCCCAGACTCCCAC_Ciliated,Ciliated,9
M3_TCCCATCTCCTTCG_Basal,Basal,217
M3_TCCCATCTCCTTGC_Basal,Basal,5
M3_TCCCGAACGGAAGC_Club,Club,14
M3_TCCCTACTCCGTTC_Basal,Basal,7
M3_TCCGAAGAACCGAT_Basal,Basal,7
M3_TCCGAAGAGCGATT_Basal,Basal,16
M3_TCCGGACTACCTGA_Basal,Basal,0
M3_TCCGGACTCCTATT_Basal,Basal,1
M3_TCCGGACTCTAGTG_Basal,Basal,7
M3_TCCTAAACATACCG_Basal,Basal,7
M3_TCCTAAACCCGTTC_Basal,Basal,218
M3_TCCTAATGTAGCCA_Basal,Basal,4
M3_TCCTACCTCCTCGT_Basal,Basal,5
M3_TCCTACCTGCTCCT_Basal,Basal,16
M3_TCCTATGAATCTCT_Basal,Basal,1
M3_TCGACCTGGTTGTG_Basal,Basal,1
M3_TCGACGCTACACCA_Basal,Basal,5
M3_TCGAGAACAACAGA_Club,Club,6
M3_TCGAGCCTAAGCAA_Basal,Basal,4
M3_TCGAGCCTACTAGC_Basal,Basal,5
M3_TCGAGCCTGGATTC_Basal,Basal,4
M3_TCGATACTGATAGA_Basal,Basal,5
M3_TCGATACTGTTCTT_Basal,Basal,2
M3_TCGATACTTCGTAG_Basal,Basal,1
M3_TCGCAAGATTCGTT_Ciliated,Ciliated,9
M3_TCGCACTGATACCG_Basal,Basal,5
M3_TCGCACTGCGATAC_Basal,Basal,13
M3_TCGCACTGCTGGTA_Basal,Basal,1
M3_TCGCACTGTCTTTG_Basal,Basal,5
M3_TCGCAGCTGAGGTG_Club,Club,14
M3_TCGCAGCTTTATCC_Basal,Basal,5
M3_TCGCCATGCTGTGA_Club,Club,14
M3_TCGGACCTGGAAAT_Basal,Basal,5
M3_TCGGCACTGTTGGT_Club,Club,6
M3_TCGGTAGACCTTAT_Basal,Basal,1
M3_TCGGTAGAGTTCTT_Club,Club,14
M3_TCGGTAGATCTCTA_Basal,Basal,5
M3_TCGTGAGACACTAG_Basal,Basal,5
M3_TCTAACTGCCAATG_Basal,Basal,2
M3_TCTAACTGTCCGTC_Basal,Basal,5
M3_TCTAAGCTACTGTG_Basal,Basal,5
M3_TCTACAACCCATAG_Basal,Basal,4
M3_TCTACAACGTCGTA_Basal,Basal,1
M3_TCTAGTTGGGTTAC_Basal,Basal,1
M3_TCTATGTGCGGAGA_Basal,Basal,2
M3_TCTCAAACTCCAAG_Basal,Basal,7
M3_TCTCCACTCCCGTT_Basal,Basal,5
M3_TCTGATACATCAGC_Basal,Basal,7
M3_TCTGATACCCATAG_Basal,Basal,7
M3_TCTGATACGGTAAA_Club,Club,10
M3_TCTTACGAGACGTT_Basal,Basal,5
M3_TCTTGATGAAGTAG_Ciliated,Ciliated,9
M3_TGAAATTGCTGTGA_Basal,Basal,1
M3_TGAAATTGGGGCAA_Club,Club,14
M3_TGAAATTGTCCAGA_Basal,Basal,1
M3_TGAAGCTGAAGTGA_Basal,Basal,4
M3_TGAAGCTGACCGAT_Basal,Basal,13
M3_TGAATAACGAGACG_Club,Club,14
M3_TGAATAACGCAGAG_Basal,Basal,2
M3_TGAATAACTACTTC_Basal,Basal,5
M3_TGAATAACTCGTTT_Basal,Basal,1
M3_TGACCAGACTCAGA_Tuft,Tuft,16
M3_TGACCAGAGGATCT_Basal,Basal,1
M3_TGACCGCTCTCTCG_Basal,Basal,1
M3_TGACGAACGCTGTA_Club,Club,14
M3_TGACGAACTTGGCA_Club,Club,14
M3_TGACGCCTTAACCG_Basal,Basal,4
M3_TGACGCCTTAGAAG_Goblet,Goblet,18
M3_TGACGCCTTCCCGT_Ciliated,Ciliated,9
M3_TGACGCCTTCGTTT_Basal,Basal,7
M3_TGACGCCTTTTGGG_Club,Club,5
M3_TGACTTACCCCTCA_Goblet,Goblet,18
M3_TGACTTACTGTTTC_Club,Club,14
M3_TGACTTTGCGTAGT_Basal,Basal,1
M3_TGACTTTGTGATGC_Basal,Basal,0
M3_TGAGACACACGTTG_Basal,Basal,5
M3_TGAGACACCCATGA_Basal,Basal,16
M3_TGAGACACCCCGTT_Basal,Basal,4
M3_TGAGGACTGGACGA_Ciliated,Ciliated,9
M3_TGAGTCGACTCAAG_Ciliated,Ciliated,9
M3_TGATCGGAGGTGTT_Club,Club,14
M3_TGATTAGAAGAACA_Basal,Basal,0
M3_TGATTCACCGACAT_Basal,Basal,7
M3_TGATTCTGCTATTC_Basal,Basal,7
M3_TGATTCTGTTCCGC_Basal,Basal,0
M3_TGCAACGAGAACCT_Basal,Basal,5
M3_TGCAAGACTACGAC_Club,Club,14
M3_TGCAAGTGTCGCTC_Basal,Basal,219
M3_TGCAATCTCGACAT_Basal,Basal,4
M3_TGCAATCTTTCCGC_Basal,Basal,5
M3_TGCACAGAGATGAA_Basal,Basal,5
M3_TGCACAGAGCTTCC_Basal,Basal,5
M3_TGCACGCTCTCCCA_Club,Club,14
M3_TGCAGATGCCTAAG_Basal,Basal,7
M3_TGCCAAGAAACGGG_Club,Club,10
M3_TGCCAGCTCTAGTG_Basal,Basal,13
M3_TGCCCAACGGAGGT_Club,Club,6
M3_TGCCCAACTCCGTC_Basal,Basal,1
M3_TGCCGACTATTCCT_Basal,Basal,4
M3_TGCCGACTTGAGCT_Basal,Basal,5
M3_TGCGAAACCATTGG_Club,Club,14
M3_TGCGAAACTTGCGA_Basal,Basal,1
M3_TGCGATGACTACGA_Basal,Basal,2
M3_TGCGCACTTAGAAG_Basal,Basal,220
M3_TGCGCACTTTTACC_Basal,Basal,5
M3_TGCGTAGAAACCTG_Basal,Basal,5
M3_TGCTAGGACGCAAT_Basal,Basal,5
M3_TGCTAGGACTTGGA_Basal,Basal,5
M3_TGCTAGGAGGAAGC_Club,Club,14
M3_TGCTTAACCTGTAG_Basal,Basal,221
M3_TGGAAAGAACCAAC_Club,Club,14
M3_TGGAACACACGGGA_Basal,Basal,0
M3_TGGAACACTTTGCT_Ciliated,Ciliated,222
M3_TGGAACTGCGTGTA_Ciliated,Ciliated,9
M3_TGGAACTGGATAAG_Club,Club,6
M3_TGGAAGCTTCCGTC_Basal,Basal,1
M3_TGGACCCTGGTTAC_Club,Club,12
M3_TGGACTGACGGAGA_Tuft,Tuft,5
M3_TGGACTGAGGCAAG_Club,Club,6
M3_TGGACTGAGGCATT_Basal,Basal,0
M3_TGGACTGATAGACC_Basal,Basal,1
M3_TGGAGACTGTTCAG_Basal,Basal,7
M3_TGGAGGGAGAACTC_Basal,Basal,2
M3_TGGAGGGAGTACAC_Basal,Basal,1
M3_TGGATCGAACTGGT_Club,Club,2
M3_TGGATGTGGAGATA_Basal,Basal,5
M3_TGGATTCTGACTAC_Tuft,Tuft,1
M3_TGGCAATGAGTAGA_Club,Club,14
M3_TGGCACCTGAATAG_Basal,Basal,1
M3_TGGCACCTTGTCGA_Basal,Basal,1
M3_TGGGTATGCAACCA_Club,Club,10
M3_TGGGTATGGCGATT_Club,Club,10
M3_TGGGTATGGGACAG_Club,Club,10
M3_TGGTACGAAAACAG_Ciliated,Ciliated,22
M3_TGGTACGATGGAAA_Basal,Basal,1
M3_TGGTAGTGACGCTA_Basal,Basal,2
M3_TGGTAGTGCCCTCA_Club,Club,6
M3_TGGTATCTTGGTGT_Club,Club,18
M3_TGGTCAGACTAGCA_Basal,Basal,5
M3_TGGTCAGACTCCCA_Basal,Basal,1
M3_TGGTTACTCAGTCA_Goblet,Goblet,6
M3_TGGTTACTCCATAG_Basal,Basal,1
M3_TGGTTACTTTGCTT_Basal,Basal,5
M3_TGTAAAACCTTACT_Ciliated,Ciliated,9
M3_TGTAAAACTGACTG_Basal,Basal,7
M3_TGTAACCTCTATTC_Basal,Basal,4
M3_TGTAACCTTGGTTG_Basal,Basal,1
M3_TGTAATGATGATGC_Basal,Basal,5
M3_TGTACTTGTAAGCC_Club,Club,10
M3_TGTAGGTGACCGAT_Basal,Basal,5
M3_TGTAGGTGCTGAAC_Basal,Basal,223
M3_TGTAGTCTATTGGC_Club,Club,10
M3_TGTAGTCTTGGGAG_Basal,Basal,0
M3_TGTATGCTTGGGAG_Club,Club,14
M3_TGTCTAACATGTGC_Goblet,Goblet,18
M3_TGTGAGTGCAATCG_Basal,Basal,5
M3_TGTGAGTGGCTCCT_Basal,Basal,7
M3_TGTGATCTACCCAA_Basal,Basal,1
M3_TGTTACACACGTTG_Basal,Basal,5
M3_TGTTACACCCAGTA_Basal,Basal,7
M3_TGTTACACGTGTCA_Basal,Basal,2
M3_TGTTACTGTTCTCA_Basal,Basal,7
M3_TTAACCACGTAAGA_Club,Club,6
M3_TTACAGCTACGTAC_Basal,Basal,4
M3_TTACAGCTGGTTTG_Basal,Basal,5
M3_TTACAGCTGTGTAC_Basal,Basal,5
M3_TTACAGCTTGTGCA_Basal,Basal,5
M3_TTACGACTACCACA_Basal,Basal,7
M3_TTACGACTCAGTTG_Basal,Basal,7
M3_TTACGTACTACTGG_Basal,Basal,5
M3_TTAGAATGCTTGCC_Basal,Basal,5
M3_TTAGAATGTGGAAA_Tuft,Tuft,5
M3_TTAGCTACGGATCT_Basal,Basal,1
M3_TTAGGGACTCACCC_Basal,Basal,2
M3_TTAGGGTGGAGACG_Ciliated,Ciliated,9
M3_TTAGGGTGGCCATA_Club,Club,10
M3_TTAGTCACACTGGT_Club,Club,7
M3_TTATGGCTAAAGCA_Club,Club,10
M3_TTATGGCTGATAGA_Basal,Basal,7
M3_TTATGGCTTTGTGG_Ciliated,Ciliated,9
M3_TTATTCCTAGGCGA_Basal,Basal,2
M3_TTCAAAGATCGATG_Ciliated,Ciliated,9
M3_TTCAAGCTCACCAA_Basal,Basal,5
M3_TTCAAGCTGAAACA_Basal,Basal,1
M3_TTCACAACCTATGG_Club,Club,14
M3_TTCACAACGACGTT_Club,Club,7
M3_TTCACCCTACCATG_Basal,Basal,7
M3_TTCACCCTCATCAG_Club,Club,61
M3_TTCAGACTCGCCTT_Ciliated,Ciliated,60
M3_TTCAGACTGGAAGC_Basal,Basal,1
M3_TTCAGTACCAGCTA_Basal,Basal,5
M3_TTCATCGAAGCGTT_Neuroendocrine,Neuroendocrine,51
M3_TTCATCGACTCGAA_Basal,Basal,5
M3_TTCATCGAGCTTCC_Basal,Basal,5
M3_TTCATCGAGTTCAG_Basal,Basal,2
M3_TTCATCGATAAGCC_Basal,Basal,5
M3_TTCATGACCTGCTC_Basal,Basal,1
M3_TTCATGACTTTCTG_Basal,Basal,16
M3_TTCATGTGGGTTCA_Club,Club,14
M3_TTCATGTGTCAGGT_Basal,Basal,5
M3_TTCCATGAGTCGAT_Basal,Basal,5
M3_TTCCCACTACGTTG_Basal,Basal,224
M3_TTCCTAGACGACAT_Ciliated,Ciliated,22
M3_TTCCTAGACTTGAG_Basal,Basal,1
M3_TTCCTAGAGGTATC_Club,Club,10
M3_TTCGATTGCCTGAA_Basal,Basal,0
M3_TTCGATTGTCCGTC_Basal,Basal,4
M3_TTCGATTGTCCTAT_Basal,Basal,7
M3_TTCGGAGAATGCCA_Club,Club,14
M3_TTCGTATGGGTATC_Basal,Basal,2
M3_TTCTAGTGCCTAAG_Basal,Basal,7
M3_TTCTAGTGCTGAGT_Basal,Basal,5
M3_TTCTAGTGTGGTGT_Basal,Basal,62
M3_TTCTCAGAACGTGT_Ciliated,Ciliated,22
M3_TTCTCAGAATGTCG_Club,Club,14
M3_TTCTCAGAGGTCTA_Basal,Basal,5
M3_TTGAATGAGGTCTA_Basal,Basal,5
M3_TTGAGGTGAAGATG_Club,Club,1
M3_TTGAGGTGATGACC_Club,Club,14
M3_TTGAGGTGGCGAGA_Basal,Basal,5
M3_TTGAGGTGGCGGAA_Basal,Basal,5
M3_TTGATCTGTCATTC_Basal,Basal,225
M3_TTGATCTGTGACCA_Basal,Basal,1
M3_TTGCATTGCAGAAA_Basal,Basal,2
M3_TTGCATTGGAGCTT_Basal,Basal,0
M3_TTGCTAACTTGGCA_Basal,Basal,1
M3_TTGGAGACCCCTAC_Club,Club,6
M3_TTGGAGTGAGGTTC_Goblet,Goblet,18
M3_TTGGAGTGTCGTTT_Ciliated,Ciliated,9
M3_TTGGTACTAAAAGC_Ciliated,Ciliated,9
M3_TTGTACACTAGAGA_Club,Club,14
M3_TTGTACACTGCGTA_Basal,Basal,1
M3_TTGTAGCTCCATAG_Club,Club,6
M3_TTGTCATGCGACTA_Basal,Basal,63
M3_TTTAGAGACGTAAC_Basal,Basal,5
M3_TTTAGAGACTCGCT_Basal,Basal,4
M3_TTTAGAGAGCGAAG_Basal,Basal,4
M3_TTTAGCTGCAAGCT_Club,Club,6
M3_TTTAGGCTAATGCC_Basal,Basal,7
M3_TTTAGGCTAGAATG_Basal,Basal,5
M3_TTTAGGCTAGCATC_Basal,Basal,1
M3_TTTCCAGATACAGC_Basal,Basal,4
M3_TTTCGAACAAAAGC_Basal,Basal,5
M3_TTTGACTGAACCAC_Club,Club,10
M3_TTTGACTGGAGATA_Basal,Basal,7
M3_TTTGACTGTCTTTG_Basal,Basal,4
M4_AAACATACTGGTTG_Basal,Basal,0
M4_AAACATTGCGTGTA_Basal,Basal,0
M4_AAACCGTGCATCAG_Basal,Basal,2
M4_AAACGCTGAAAAGC_Basal,Basal,0
M4_AAACGCTGGGAGGT_Club,Club,6
M4_AAACGGCTGCATAC_Basal,Basal,2
M4_AAACTTGACCCACT_Basal,Basal,2
M4_AAACTTGAGATAAG_Basal,Basal,4
M4_AAAGACGACATTCT_Basal,Basal,2
M4_AAAGACGACGGGAA_Basal,Basal,4
M4_AAAGAGACTAACGC_Basal,Basal,2
M4_AAAGATCTTTCATC_Basal,Basal,4
M4_AAAGCAGAGCGTTA_Basal,Basal,1
M4_AAAGGCCTCCTGTC_Neuroendocrine,Neuroendocrine,27
M4_AAAGGCCTCGCAAT_Basal,Basal,4
M4_AAAGGCCTGAAGGC_Basal,Basal,7
M4_AAAGTTTGGGTACT_Basal,Basal,7
M4_AAAGTTTGTTCGCC_Basal,Basal,4
M4_AAATCAACAGTAGA_Basal,Basal,2
M4_AAATCATGTCCCAC_Basal,Basal,7
M4_AAATCATGTGGCAT_Club,Club,10
M4_AAATCCCTACACAC_Basal,Basal,1
M4_AAATCCCTACTGGT_Basal,Basal,4
M4_AAATCCCTTGTTTC_Basal,Basal,4
M4_AAATCCCTTTGTCT_Basal,Basal,4
M4_AAATGGGAACCACA_Basal,Basal,4
M4_AAATGGGACAGATC_Basal,Basal,4
M4_AAATGTTGAACCTG_Club,Club,6
M4_AAATGTTGTCTCTA_Basal,Basal,1
M4_AAATTGACAAAGTG_Basal,Basal,2
M4_AACAAACTCAGAGG_Basal,Basal,4
M4_AACAAACTGCGTAT_Basal,Basal,71
M4_AACAAACTGTAGCT_Basal,Basal,2
M4_AACAAACTTTTGGG_Basal,Basal,2
M4_AACAATACGGGCAA_Club,Club,1
M4_AACACGTGTGTGAC_Ciliated,Ciliated,9
M4_AACAGCACACCCTC_Basal,Basal,4
M4_AACAGCACTAGAAG_Basal,Basal,7
M4_AACAGCACTCAGAC_Basal,Basal,1
M4_AACATATGGCTGTA_Basal,Basal,226
M4_AACATATGGGACTT_Basal,Basal,4
M4_AACCACGACCAAGT_Basal,Basal,4
M4_AACCAGTGACAGTC_Basal,Basal,0
M4_AACCAGTGAGTGTC_Club,Club,6
M4_AACCAGTGCCCGTT_Basal,Basal,4
M4_AACCAGTGCTCGCT_Basal,Basal,2
M4_AACCAGTGGGTGAG_Basal,Basal,0
M4_AACCAGTGTTGGCA_Ciliated,Ciliated,9
M4_AACCGATGCTCGAA_Club,Club,6
M4_AACCTACTACTGTG_Goblet,Goblet,18
M4_AACCTTACAGTCTG_Basal,Basal,0
M4_AACCTTTGACGTTG_Ciliated,Ciliated,9
M4_AACGCAACAGTGTC_Ciliated,Ciliated,9
M4_AACGCAACCATACG_Basal,Basal,0
M4_AACGCATGAAGATG_Basal,Basal,0
M4_AACGCCCTAATCGC_Club,Club,2
M4_AACGCCCTCAAGCT_Basal,Basal,4
M4_AACGCCCTGTTTGG_Club,Club,6
M4_AACGGTACATCACG_Club,Club,6
M4_AACGGTACCGTGAT_Basal,Basal,1
M4_AACGGTACTATGGC_Basal,Basal,1
M4_AACGGTTGCTTAGG_Basal,Basal,2
M4_AACGTCGATAAGGA_Club,Club,6
M4_AACGTCGATGCTGA_Basal,Basal,2
M4_AACGTGTGTGCCCT_Basal,Basal,0
M4_AACGTTCTACGGTT_Basal,Basal,2
M4_AACGTTCTACGTTG_Basal,Basal,1
M4_AACGTTCTCTCTCG_Basal,Basal,4
M4_AACGTTCTTCCAGA_Basal,Basal,16
M4_AACTCACTTGCATG_Basal,Basal,2
M4_AACTCACTTGCCAA_Goblet,Goblet,18
M4_AACTGTCTCGACAT_Club,Club,6
M4_AACTGTCTTCAGTG_Ciliated,Ciliated,24
M4_AACTTGCTACCCTC_Club,Club,10
M4_AAGAACGAGGCGAA_Basal,Basal,0
M4_AAGAAGACTAAGGA_Basal,Basal,1
M4_AAGAAGACTGAGCT_Ciliated,Ciliated,22
M4_AAGAATCTAGTAGA_Club,Club,26
M4_AAGAATCTGACGGA_Basal,Basal,1
M4_AAGACAGACAACCA_Club,Club,6
M4_AAGATGGAGGACTT_Basal,Basal,1
M4_AAGCAAGATGGTAC_Club,Club,1
M4_AAGCACTGAAGAAC_Basal,Basal,1
M4_AAGCCATGCTGTAG_Club,Club,6
M4_AAGCCTGAAAAACG_Basal,Basal,4
M4_AAGCCTGACAGAGG_Ciliated,Ciliated,9
M4_AAGCGACTCCTTAT_Basal,Basal,0
M4_AAGCGTACCCAACA_Basal,Basal,227
M4_AAGGTCACACTCAG_Basal,Basal,1
M4_AAGGTCACTTCTTG_Club,Club,6
M4_AAGGTCTGTAGTCG_Club,Club,10
M4_AAGGTGCTCAGAAA_Basal,Basal,7
M4_AAGGTGCTTTACCT_Club,Club,6
M4_AAGTAACTAGTACC_Club,Club,6
M4_AAGTAACTTTGACG_Club,Club,6
M4_AAGTAGGAACCTGA_Basal,Basal,1
M4_AAGTATACCCACCT_Basal,Basal,0
M4_AAGTATACGCGGAA_Basal,Basal,1
M4_AAGTCTCTGAGAGC_Basal,Basal,228
M4_AAGTGCACTGTAGC_Club,Club,10
M4_AAGTGGCTTGTCTT_Basal,Basal,0
M4_AAGTTATGTTTCAC_Club,Club,10
M4_AAGTTCCTCCACCT_Basal,Basal,229
M4_AATAACACAACGGG_Basal,Basal,2
M4_AATAACACTGATGC_Basal,Basal,1
M4_AATACCCTCACAAC_Basal,Basal,4
M4_AATACTGAAAGTAG_Basal,Basal,4
M4_AATACTGATAACCG_Basal,Basal,1
M4_AATACTGATGAGGG_Basal,Basal,4
M4_AATAGGGAAGTGTC_Basal,Basal,16
M4_AATATCGACGTGAT_Basal,Basal,1
M4_AATCAAACCTGACA_Club,Club,10
M4_AATCAAACGACAGG_Basal,Basal,2
M4_AATCAAACGGGCAA_Club,Club,10
M4_AATCCTACTTCATC_Basal,Basal,1
M4_AATCTAGAGATAAG_Basal,Basal,4
M4_AATGAGGAGTGAGG_Basal,Basal,5
M4_AATGAGGATGCACA_Basal,Basal,2
M4_AATGCGTGTATTCC_Basal,Basal,1
M4_AATGGAGACGTGTA_Club,Club,6
M4_AATGGAGATCCTTA_Club,Club,6
M4_AATGGCTGACTCAG_Basal,Basal,2
M4_AATGGCTGGGGACA_Basal,Basal,1
M4_AATGTAACAGCCTA_Neuroendocrine,Neuroendocrine,0
M4_AATGTAACTCGTTT_Basal,Basal,2
M4_AATGTTGAAGTGTC_Basal,Basal,7
M4_AATGTTGACTCCAC_Basal,Basal,1
M4_AATGTTGATCCGAA_Basal,Basal,1
M4_AATTACGACCTCGT_Basal,Basal,2
M4_AATTACGAGGTATC_Basal,Basal,0
M4_AATTACGAGTATCG_Club,Club,6
M4_AATTACGATCTCGC_Club,Club,6
M4_AATTACGATGCTGA_Club,Club,6
M4_AATTCCTGTTGCGA_Basal,Basal,0
M4_AATTGTGATGGTCA_Club,Club,10
M4_ACAAATTGAAACAG_Club,Club,10
M4_ACAAATTGGTTCGA_Basal,Basal,2
M4_ACAAGAGAACTACG_Basal,Basal,64
M4_ACAAGAGAGTCGAT_Club,Club,13
M4_ACAATAACTGCCCT_Neuroendocrine,Neuroendocrine,230
M4_ACAATAACTTCCGC_Club,Club,6
M4_ACAATCCTCCGCTT_Club,Club,10
M4_ACACAGACACACCA_Basal,Basal,1
M4_ACACAGACCCTCCA_Club,Club,6
M4_ACACAGACGGTTCA_Basal,Basal,1
M4_ACACATCTCTCTAT_Basal,Basal,4
M4_ACACATCTTGGCAT_Basal,Basal,1
M4_ACACCAGAGTCAAC_Basal,Basal,1
M4_ACACCCTGCCGCTT_Basal,Basal,0
M4_ACACGAACCACTAG_Basal,Basal,4
M4_ACACGAACTTGGTG_Basal,Basal,2
M4_ACAGACACTATTCC_Basal,Basal,1
M4_ACAGCAACAGCGTT_Basal,Basal,1
M4_ACAGCAACCTTGCC_Basal,Basal,0
M4_ACAGGTACGCCATA_Basal,Basal,0
M4_ACAGGTACGGACAG_Basal,Basal,4
M4_ACAGGTACTGATGC_Basal,Basal,0
M4_ACAGTCGAAACCAC_Basal,Basal,1
M4_ACAGTCGACTTCCG_Basal,Basal,1
M4_ACAGTGACCCTATT_Club,Club,6
M4_ACAGTGACGGTGGA_Basal,Basal,1
M4_ACAGTGACTAAGCC_Club,Club,6
M4_ACAGTGTGCTGATG_Club,Club,6
M4_ACAGTGTGTTGCGA_Club,Club,6
M4_ACAGTTCTAAGCCT_Basal,Basal,4
M4_ACAGTTCTCTCTTA_Basal,Basal,2
M4_ACAGTTCTGGTATC_Basal,Basal,2
M4_ACATACCTATTTCC_Basal,Basal,0
M4_ACATCACTACCAAC_Basal,Basal,0
M4_ACATGGTGTGCCTC_Basal,Basal,2
M4_ACCAACGACACTGA_Club,Club,6
M4_ACCAACGATACGCA_Neuroendocrine,Neuroendocrine,0
M4_ACCACAGACCGATA_Basal,Basal,4
M4_ACCACCTGACTCAG_Basal,Basal,4
M4_ACCACCTGTAACGC_Basal,Basal,4
M4_ACCACCTGTCCAGA_Club,Club,10
M4_ACCACGCTTGGTAC_Basal,Basal,1
M4_ACCAGCCTGCGTTA_Basal,Basal,2
M4_ACCAGTGACTGTGA_Basal,Basal,2
M4_ACCAGTGACTTAGG_Basal,Basal,7
M4_ACCAGTGATATTCC_Basal,Basal,1
M4_ACCAGTGATTCGTT_Basal,Basal,0
M4_ACCATTACCTATGG_Basal,Basal,1
M4_ACCCAAGAGACGGA_Basal,Basal,0
M4_ACCCACTGTTCAGG_Ciliated,Ciliated,9
M4_ACCCAGCTAGATGA_Basal,Basal,13
M4_ACCCAGCTGGGACA_Basal,Basal,0
M4_ACCCGTACAACTGC_Basal,Basal,0
M4_ACCCGTACGGTTTG_Basal,Basal,4
M4_ACCCGTACTCCAAG_Basal,Basal,4
M4_ACCCGTACTGACAC_Ciliated,Ciliated,9
M4_ACCCGTTGTACGAC_Basal,Basal,0
M4_ACCGCGGAACCACA_Club,Club,10
M4_ACCGTGCTGGCGAA_Basal,Basal,0
M4_ACCTATTGGGTCAT_Basal,Basal,2
M4_ACCTGGCTAGCTAC_Basal,Basal,4
M4_ACCTGGCTGAGGTG_Club,Club,1
M4_ACCTTTGAGGGATG_Tuft,Tuft,18
M4_ACCTTTGATGCCAA_Basal,Basal,0
M4_ACGAACACGTCACA_Club,Club,6
M4_ACGAACACTCCGTC_Ciliated,Ciliated,9
M4_ACGAACTGGTCATG_Club,Club,10
M4_ACGACAACTGTGCA_Basal,Basal,16
M4_ACGAGGGAACGCTA_Basal,Basal,4
M4_ACGAGGGAACGGTT_Basal,Basal,2
M4_ACGAGGGAATGCCA_Basal,Basal,4
M4_ACGAGTACCAGTCA_Basal,Basal,231
M4_ACGAGTACTGCCTC_Club,Club,6
M4_ACGATCGAATAAGG_Basal,Basal,1
M4_ACGCAATGCTTGGA_Basal,Basal,2
M4_ACGCAATGGACTAC_Basal,Basal,1
M4_ACGCACCTATCGAC_Basal,Basal,4
M4_ACGCCTTGACTGTG_Basal,Basal,0
M4_ACGCCTTGATCGGT_Basal,Basal,1
M4_ACGCCTTGCTCGCT_Basal,Basal,7
M4_ACGCCTTGGCTAAC_Basal,Basal,4
M4_ACGCGGTGTTCTAC_Club,Club,6
M4_ACGCTGCTCTACCC_Club,Club,6
M4_ACGGAACTCTGGAT_Club,Club,10
M4_ACGGAGGAATGTGC_Basal,Basal,4
M4_ACGGAGGATGAGCT_Basal,Basal,4
M4_ACGGCGTGACGCTA_Basal,Basal,2
M4_ACGGCGTGCCTTGC_Ciliated,Ciliated,9
M4_ACGGCGTGTGGTTG_Club,Club,6
M4_ACGGCTCTCCTATT_Basal,Basal,4
M4_ACGGCTCTCTGAAC_Basal,Basal,0
M4_ACGGCTCTGTGTCA_Basal,Basal,1
M4_ACGGCTCTTACTTC_Basal,Basal,2
M4_ACGGGAGATAGAGA_Basal,Basal,4
M4_ACGGTAACACCATG_Basal,Basal,4
M4_ACGGTATGAAGAAC_Basal,Basal,4
M4_ACGGTATGGTGTTG_Basal,Basal,1
M4_ACGGTATGTCGTTT_Basal,Basal,1
M4_ACGGTCCTAAGAAC_Club,Club,6
M4_ACGTAGACAGGGTG_Basal,Basal,7
M4_ACGTAGACGGATTC_Basal,Basal,2
M4_ACGTCAGAGACGTT_Club,Club,13
M4_ACGTCAGATCACGA_Club,Club,6
M4_ACGTCCTGATACCG_Ciliated,Ciliated,9
M4_ACGTCCTGGGATTC_Club,Club,6
M4_ACGTGATGATGTCG_Basal,Basal,4
M4_ACGTGATGGGATCT_Basal,Basal,4
M4_ACGTGATGTCCAGA_Basal,Basal,4
M4_ACGTGATGTTCTGT_Basal,Basal,4
M4_ACGTTACTTCTACT_Basal,Basal,2
M4_ACGTTGGACTGGTA_Basal,Basal,1
M4_ACGTTTACACCTGA_Basal,Basal,0
M4_ACGTTTACGTGAGG_Basal,Basal,0
M4_ACGTTTACTAAGGA_Basal,Basal,2
M4_ACGTTTACTCCTAT_Basal,Basal,2
M4_ACTAAAACTTGACG_Basal,Basal,0
M4_ACTACGGAATCTCT_Basal,Basal,1
M4_ACTACGGATCCTGC_Basal,Basal,1
M4_ACTACTACAAGATG_Basal,Basal,1
M4_ACTACTACCGGGAA_Basal,Basal,0
M4_ACTACTACTAGAAG_Basal,Basal,0
M4_ACTAGGTGACCTCC_Basal,Basal,0
M4_ACTAGGTGCTCAGA_Ciliated,Ciliated,9
M4_ACTAGGTGGATGAA_Neuroendocrine,Neuroendocrine,1
M4_ACTATCACCTTCGC_Club,Club,6
M4_ACTATCACGCCATA_Basal,Basal,1
M4_ACTATCACGGAACG_Club,Club,6
M4_ACTATCACGGAAGC_Basal,Basal,2
M4_ACTATCACGTTCGA_Ciliated,Ciliated,21
M4_ACTCAGGAGATAAG_Club,Club,10
M4_ACTCAGGATGCAAC_Basal,Basal,4
M4_ACTCCCGACTCCCA_Basal,Basal,2
M4_ACTCCTCTTCGACA_Club,Club,10
M4_ACTCGAGAAAGCCT_Club,Club,44
M4_ACTCGAGAGAATGA_Basal,Basal,4
M4_ACTCGAGATAAGGA_Basal,Basal,232
M4_ACTCTATGCGAGTT_Basal,Basal,0
M4_ACTCTATGTTCTCA_Basal,Basal,2
M4_ACTCTCCTATCTCT_Basal,Basal,65
M4_ACTCTCCTCATGCA_Club,Club,10
M4_ACTCTCCTTTTGGG_Basal,Basal,1
M4_ACTGAGACCTTCTA_Club,Club,6
M4_ACTGTGGAAGGGTG_Basal,Basal,1
M4_ACTTAAGAATCACG_Basal,Basal,4
M4_ACTTAAGAGGACGA_Basal,Basal,4
M4_ACTTCAACATGTGC_Basal,Basal,1
M4_ACTTCAACCCAAGT_Basal,Basal,1
M4_ACTTCAACGTCGTA_Basal,Basal,2
M4_ACTTCAACGTTAGC_Basal,Basal,7
M4_ACTTCCCTTTCGGA_Basal,Basal,2
M4_ACTTGACTAACTGC_Basal,Basal,233
M4_ACTTGACTTGGTTG_Club,Club,6
M4_ACTTGGGAGCTATG_Basal,Basal,2
M4_ACTTGGGAGGTACT_Basal,Basal,1
M4_ACTTTGTGAAACGA_Basal,Basal,234
M4_AGAAAGTGCATACG_Basal,Basal,4
M4_AGAACAGAAATGCC_Basal,Basal,7
M4_AGAACAGACATTCT_Basal,Basal,0
M4_AGAACAGAGGTGAG_Basal,Basal,0
M4_AGAACAGATAACGC_Club,Club,6
M4_AGAACAGATCGCCT_Club,Club,10
M4_AGAAGATGATCAGC_Club,Club,6
M4_AGAATACTACTCTT_Basal,Basal,2
M4_AGAATGGAATCGAC_Ciliated,Ciliated,9
M4_AGAATGGAGGGCAA_Club,Club,6
M4_AGAATGGAGTTGCA_Club,Club,10
M4_AGAATGGATCTACT_Basal,Basal,7
M4_AGAATTTGGGGACA_Basal,Basal,0
M4_AGAATTTGTGCCTC_Ciliated,Ciliated,9
M4_AGAATTTGTTCCAT_Basal,Basal,0
M4_AGACACACCTAAGC_Basal,Basal,4
M4_AGACACACGGTCTA_Basal,Basal,4
M4_AGACACTGTGCCCT_Club,Club,10
M4_AGACACTGTGTTTC_Basal,Basal,2
M4_AGACCTGACGAGAG_Basal,Basal,4
M4_AGACCTGATGCCTC_Basal,Basal,1
M4_AGACGTACACACAC_Basal,Basal,4
M4_AGACTCGACGTTAG_Basal,Basal,4
M4_AGACTCGATCACCC_Club,Club,6
M4_AGACTGACAAACGA_Club,Club,6
M4_AGACTGACTTCCAT_Basal,Basal,1
M4_AGACTTCTCGCTAA_Basal,Basal,1
M4_AGAGAAACTACGCA_Basal,Basal,2
M4_AGAGAATGTTCGCC_Club,Club,26
M4_AGAGATGACACACA_Basal,Basal,0
M4_AGAGATGATTCTGT_Basal,Basal,1
M4_AGAGCGGACAGGAG_Basal,Basal,4
M4_AGAGCTACTCCCAC_Basal,Basal,0
M4_AGAGCTACTGCTTT_Basal,Basal,0
M4_AGAGGTCTTCGCAA_Basal,Basal,0
M4_AGAGTCACATGCTG_Club,Club,6
M4_AGAGTCTGCGGTAT_Basal,Basal,4
M4_AGAGTCTGGACTAC_Basal,Basal,7
M4_AGATATACCCCGTT_Basal,Basal,2
M4_AGATATACCCTTAT_Basal,Basal,0
M4_AGATATACTATGGC_Club,Club,6
M4_AGATATTGCTGTCC_Basal,Basal,4
M4_AGATATTGGCCCTT_Basal,Basal,4
M4_AGATATTGGTCGTA_Basal,Basal,235
M4_AGATCGTGCGAACT_Basal,Basal,0
M4_AGATCGTGCGTGTA_Club,Club,13
M4_AGATCGTGTACTCT_Basal,Basal,1
M4_AGATCTCTACTACG_Basal,Basal,0
M4_AGATCTCTGCATCA_Basal,Basal,2
M4_AGATTAACGTTGCA_Basal,Basal,1
M4_AGATTCCTGACGTT_Basal,Basal,0
M4_AGATTCCTTTTCGT_Basal,Basal,0
M4_AGCAAAGAATTCCT_Basal,Basal,4
M4_AGCAACACAACCTG_Club,Club,6
M4_AGCAACACCTGCAA_Club,Club,10
M4_AGCAACACGGAACG_Basal,Basal,2
M4_AGCACAACACTTTC_Ciliated,Ciliated,22
M4_AGCACTGACTTGTT_Basal,Basal,0
M4_AGCACTGATGATGC_Basal,Basal,0
M4_AGCATCGAACGGAG_Basal,Basal,1
M4_AGCATTCTGGTATC_Basal,Basal,0
M4_AGCCAATGATCTTC_Basal,Basal,16
M4_AGCCACCTCCTTTA_Basal,Basal,2
M4_AGCCACCTCGACTA_Basal,Basal,4
M4_AGCCGGACAGCGTT_Club,Club,10
M4_AGCCGGACCAAGCT_Basal,Basal,1
M4_AGCCGGACTGCCAA_Basal,Basal,1
M4_AGCCGGTGAGCGTT_Club,Club,10
M4_AGCCGGTGCCGTAA_Basal,Basal,0
M4_AGCCGGTGGAGGCA_Basal,Basal,4
M4_AGCCGTCTGCATCA_Basal,Basal,7
M4_AGCCGTCTTCTGGA_Basal,Basal,7
M4_AGCCTCTGGTTGCA_Basal,Basal,4
M4_AGCGAACTAGGAGC_Basal,Basal,16
M4_AGCGATACAAGATG_Club,Club,10
M4_AGCGATACCTGATG_Neuroendocrine,Neuroendocrine,0
M4_AGCGATTGTGGATC_Basal,Basal,2
M4_AGCGCTCTACCTAG_Basal,Basal,2
M4_AGCGCTCTTGCCCT_Basal,Basal,2
M4_AGCGGCACCAGTTG_Club,Club,6
M4_AGCGGCACGGGACA_Goblet,Goblet,18
M4_AGCGGCTGGAAGGC_Basal,Basal,1
M4_AGCGGGCTTCAGGT_Basal,Basal,4
M4_AGCGTAACCTCTTA_Basal,Basal,2
M4_AGCGTAACCTGCAA_Basal,Basal,7
M4_AGCGTAACTAGACC_Basal,Basal,236
M4_AGCTGCCTCCATAG_Basal,Basal,4
M4_AGCTTACTCAGGAG_Basal,Basal,4
M4_AGCTTTACAAAGTG_Basal,Basal,0
M4_AGCTTTACACACGT_Basal,Basal,4
M4_AGCTTTACGCTGTA_Club,Club,6
M4_AGGAAATGACTGGT_Basal,Basal,4
M4_AGGAAATGTTACCT_Basal,Basal,4
M4_AGGAACCTGGTAGG_Basal,Basal,2
M4_AGGAATGAGCGAGA_Basal,Basal,4
M4_AGGACTTGCTCGAA_Basal,Basal,2
M4_AGGAGTCTGGACGA_Basal,Basal,4
M4_AGGAGTCTGTACAC_Basal,Basal,2
M4_AGGATAGACCAAGT_Club,Club,6
M4_AGGATGCTTATCGG_Basal,Basal,1
M4_AGGCAACTCAGTTG_Basal,Basal,0
M4_AGGCAACTTGTTTC_Basal,Basal,1
M4_AGGCAGGAGTATGC_Basal,Basal,7
M4_AGGGACGACCCTTG_Club,Club,10
M4_AGGGACGACTGTTT_Basal,Basal,1
M4_AGGGAGTGCGACTA_Basal,Basal,1
M4_AGGGCCTGGGACTT_Club,Club,13
M4_AGGGCGCTTGCAAC_Goblet,Goblet,18
M4_AGGGTGGAAGAGTA_Ciliated,Ciliated,21
M4_AGGGTGGATAGTCG_Basal,Basal,1
M4_AGGTACACATCTTC_Basal,Basal,4
M4_AGGTACACCCTACC_Basal,Basal,16
M4_AGGTACACTCGCTC_Basal,Basal,2
M4_AGGTACACTCTCGC_Basal,Basal,0
M4_AGGTACTGAAGTAG_Basal,Basal,4
M4_AGGTACTGTAGCCA_Basal,Basal,1
M4_AGGTCATGAAGGCG_Ciliated,Ciliated,9
M4_AGGTCATGACACCA_Basal,Basal,4
M4_AGGTCATGGGGCAA_Basal,Basal,2
M4_AGGTCTGAAACCTG_Basal,Basal,4
M4_AGGTGGGAACGACT_Basal,Basal,2
M4_AGGTGGGACAGAAA_Ciliated,Ciliated,9
M4_AGGTGTTGGAGAGC_Goblet,Goblet,18
M4_AGGTGTTGTTTACC_Ciliated,Ciliated,9
M4_AGGTTCGATGCAAC_Ciliated,Ciliated,9
M4_AGGTTGTGCGTTAG_Basal,Basal,237
M4_AGGTTGTGTCTATC_Basal,Basal,4
M4_AGTAATACCTATTC_Basal,Basal,4
M4_AGTAATACTTCCAT_Basal,Basal,2
M4_AGTAATACTTGTCT_Club,Club,1
M4_AGTAATTGCATTCT_Basal,Basal,2
M4_AGTAATTGCCACAA_Basal,Basal,0
M4_AGTACGTGAACCGT_Basal,Basal,16
M4_AGTACGTGGTCATG_Basal,Basal,0
M4_AGTACGTGTGGAAA_Basal,Basal,0
M4_AGTACTCTCGATAC_Basal,Basal,1
M4_AGTAGGCTCCTTTA_Basal,Basal,7
M4_AGTAGGCTTCCGTC_Club,Club,6
M4_AGTATAACTGGAAA_Club,Club,10
M4_AGTATCCTATGGTC_Club,Club,10
M4_AGTATCCTCTAGAC_Club,Club,6
M4_AGTATCCTGACACT_Club,Club,6
M4_AGTATCCTTTTGTC_Club,Club,6
M4_AGTCACGACCGATA_Basal,Basal,2
M4_AGTCACGAGGGATG_Basal,Basal,0
M4_AGTCCAGACGGGAA_Basal,Basal,0
M4_AGTCCAGACTAAGC_Ciliated,Ciliated,9
M4_AGTCGAACGCCATA_Ciliated,Ciliated,9
M4_AGTCTACTGTATGC_Basal,Basal,7
M4_AGTGAAGACGTAGT_Basal,Basal,0
M4_AGTGACACCCCTCA_Club,Club,6
M4_AGTGACACGATAGA_Basal,Basal,0
M4_AGTGCAACAGCCAT_Club,Club,6
M4_AGTGCAACGGAAGC_Basal,Basal,0
M4_AGTTAAACAAGAGT_Basal,Basal,1
M4_AGTTAAACTTGCGA_Basal,Basal,2
M4_AGTTCTTGCGTAGT_Club,Club,6
M4_AGTTCTTGGTACCA_Club,Club,2
M4_AGTTCTTGTCAGAC_Club,Club,6
M4_AGTTCTTGTGAGCT_Basal,Basal,0
M4_AGTTCTTGTTGGTG_Club,Club,6
M4_AGTTGTCTCTTGTT_Club,Club,6
M4_AGTTGTCTTCGTTT_Basal,Basal,0
M4_AGTTGTCTTTCGTT_Basal,Basal,2
M4_AGTTTAGAATACCG_Club,Club,1
M4_AGTTTAGAGTCTTT_Basal,Basal,0
M4_AGTTTCACACCATG_Basal,Basal,4
M4_AGTTTGCTTTCTGT_Basal,Basal,4
M4_ATAAACACAACCAC_Neuroendocrine,Neuroendocrine,10
M4_ATAAACACATCGAC_Basal,Basal,2
M4_ATAAACACTGTGCA_Basal,Basal,66
M4_ATAACAACCTGGAT_Basal,Basal,2
M4_ATAACATGTAGAGA_Basal,Basal,0
M4_ATAACCCTAAAGCA_Basal,Basal,0
M4_ATAACCCTGCTACA_Basal,Basal,1
M4_ATAAGTACCAACTG_Club,Club,0
M4_ATAATCGACCGTAA_Basal,Basal,1
M4_ATAATCGATCAGGT_Basal,Basal,1
M4_ATACAATGCGACAT_Club,Club,10
M4_ATACAATGCTCGCT_Basal,Basal,1
M4_ATACACCTAAGTAG_Basal,Basal,16
M4_ATACACCTTGCCAA_Club,Club,6
M4_ATACACCTTTCCAT_Basal,Basal,0
M4_ATACCGGAATTGGC_Basal,Basal,4
M4_ATACCTACCGTAAC_Basal,Basal,0
M4_ATACCTACGCTAAC_Basal,Basal,0
M4_ATACCTTGGTTGGT_Basal,Basal,2
M4_ATACCTTGTCTGGA_Club,Club,6
M4_ATACGGACACTGTG_Basal,Basal,2
M4_ATACGTCTAGCATC_Basal,Basal,4
M4_ATACGTCTCTGAAC_Ciliated,Ciliated,9
M4_ATACTCTGGCCCTT_Basal,Basal,238
M4_ATACTCTGTAGTCG_Basal,Basal,1
M4_ATACTCTGTGACCA_Basal,Basal,2
M4_ATAGAACTTCGTAG_Ciliated,Ciliated,9
M4_ATAGAACTTGGAGG_Basal,Basal,0
M4_ATAGATACGGTTTG_Club,Club,2
M4_ATAGATACTCAGGT_Basal,Basal,0
M4_ATAGATTGTGCTTT_Basal,Basal,7
M4_ATAGCGTGACGTGT_Basal,Basal,1
M4_ATAGCGTGCATCAG_Club,Club,1
M4_ATAGGAGACCTTTA_Tuft,Tuft,17
M4_ATAGGAGATGACTG_Basal,Basal,2
M4_ATAGGCTGGTCGAT_Basal,Basal,1
M4_ATAGTCCTCGAATC_Club,Club,6
M4_ATAGTCCTTGAACC_Club,Club,2
M4_ATAGTTGATTCGGA_Ciliated,Ciliated,9
M4_ATATACGACTGACA_Basal,Basal,0
M4_ATATAGTGAAGTAG_Basal,Basal,4
M4_ATATAGTGTAGCCA_Club,Club,1
M4_ATATAGTGTGCAGT_Basal,Basal,2
M4_ATATGAACATCACG_Club,Club,1
M4_ATATGAACCCCAAA_Basal,Basal,1
M4_ATATGAACCTTCCG_Basal,Basal,7
M4_ATATGAACTTCCCG_Basal,Basal,1
M4_ATATGCCTCGAATC_Basal,Basal,4
M4_ATCAAATGAATCGC_Basal,Basal,7
M4_ATCAAATGCCTTGC_Basal,Basal,0
M4_ATCACACTAAAACG_Basal,Basal,4
M4_ATCACACTCGAACT_Basal,Basal,1
M4_ATCACACTCTTATC_Club,Club,6
M4_ATCACACTTCATTC_Basal,Basal,4
M4_ATCACGGACTCTCG_Club,Club,6
M4_ATCACTACATTGGC_Basal,Basal,2
M4_ATCACTACGGAAAT_Basal,Basal,1
M4_ATCACTTGACCTAG_Basal,Basal,2
M4_ATCACTTGCCAATG_Club,Club,10
M4_ATCATCTGCTTCCG_Basal,Basal,2
M4_ATCATCTGCTTTAC_Basal,Basal,1
M4_ATCCAGGACATTCT_Basal,Basal,0
M4_ATCCATACACCTTT_Basal,Basal,1
M4_ATCCATACTCACGA_Basal,Basal,2
M4_ATCCCGTGAACGTC_Basal,Basal,2
M4_ATCCCGTGCTGAAC_Club,Club,6
M4_ATCCCGTGTTTACC_Basal,Basal,2
M4_ATCCGCACACCGAT_Basal,Basal,16
M4_ATCCGCACCGTACA_Basal,Basal,16
M4_ATCCGCACTCTGGA_Basal,Basal,1
M4_ATCCTAACGATAAG_Basal,Basal,7
M4_ATCCTAACTCGCTC_Basal,Basal,2
M4_ATCGACGATCAGAC_Basal,Basal,4
M4_ATCGACGATGGGAG_Club,Club,6
M4_ATCGAGTGACGACT_Basal,Basal,7
M4_ATCGAGTGGCGATT_Basal,Basal,0
M4_ATCGCAGATCTACT_Basal,Basal,2
M4_ATCGGAACACGCAT_Basal,Basal,4
M4_ATCGGAACTCAGGT_Basal,Basal,0
M4_ATCGGTGAAAGAAC_Basal,Basal,2
M4_ATCGGTGAACTACG_Basal,Basal,4
M4_ATCGGTGATCCGAA_Basal,Basal,2
M4_ATCGTTTGCCAACA_Basal,Basal,1
M4_ATCTACTGAGTTCG_Basal,Basal,4
M4_ATCTACTGGGACAG_Club,Club,6
M4_ATCTCAACACGCTA_Basal,Basal,1
M4_ATCTCAACGACAAA_Basal,Basal,2
M4_ATCTCAACTTCCAT_Club,Club,1
M4_ATCTGACTCGAGTT_Basal,Basal,0
M4_ATCTGGGAGCTTAG_Basal,Basal,1
M4_ATCTGGGAGTTGGT_Basal,Basal,7
M4_ATCTGGGATCCGTC_Basal,Basal,4
M4_ATCTTGACTAGACC_Club,Club,6
M4_ATGAAACTCGTGAT_Ciliated,Ciliated,9
M4_ATGAAACTGTCGTA_Basal,Basal,4
M4_ATGAGAGATGATGC_Basal,Basal,1
M4_ATGAGCACTGGTGT_Basal,Basal,7
M4_ATGAGCACTTACCT_Club,Club,1
M4_ATGATAACAACCGT_Basal,Basal,2
M4_ATGATAACCGCATA_Basal,Basal,0
M4_ATGATAACGATAGA_Basal,Basal,16
M4_ATGCACGAGATAAG_Basal,Basal,16
M4_ATGCACGAGGTTTG_Tuft,Tuft,17
M4_ATGCACGAGTGAGG_Basal,Basal,0
M4_ATGCAGACCGCATA_Basal,Basal,239
M4_ATGCAGTGGTCTTT_Basal,Basal,2
M4_ATGCCAGAAAGATG_Basal,Basal,0
M4_ATGCCGCTGAATAG_Basal,Basal,4
M4_ATGCCGCTTGAAGA_Basal,Basal,4
M4_ATGCGATGCTATTC_Basal,Basal,0
M4_ATGCGATGTACTCT_Basal,Basal,2
M4_ATGCGATGTGTGCA_Basal,Basal,4
M4_ATGCGATGTTCGGA_Club,Club,6
M4_ATGCGCCTCGAACT_Basal,Basal,2
M4_ATGGACACAGTCAC_Basal,Basal,4
M4_ATGGGTACTATCGG_Basal,Basal,4
M4_ATGGGTACTCCTAT_Basal,Basal,2
M4_ATGTAAACGGCGAA_Club,Club,10
M4_ATGTCACTGACGTT_Club,Club,0
M4_ATGTCGGATTTCTG_Basal,Basal,4
M4_ATGTTCACCCGCTT_Basal,Basal,1
M4_ATGTTCACGAGGGT_Basal,Basal,7
M4_ATGTTCACTCACGA_Basal,Basal,4
M4_ATTAACGAACAGCT_Club,Club,6
M4_ATTAACGATGTGCA_Basal,Basal,2
M4_ATTAAGACCTTTAC_Basal,Basal,5
M4_ATTAAGACGTAGCT_Basal,Basal,4
M4_ATTACCACAGAGTA_Club,Club,6
M4_ATTACCTGCACAAC_Club,Club,6
M4_ATTACCTGTTAGGC_Tuft,Tuft,17
M4_ATTAGATGCATTCT_Basal,Basal,1
M4_ATTAGTGAACTTTC_Basal,Basal,4
M4_ATTAGTGACCCGTT_Basal,Basal,0
M4_ATTAGTGAGAAGGC_Basal,Basal,0
M4_ATTAGTGAGTTAGC_Club,Club,10
M4_ATTATGGAAAGTAG_Basal,Basal,0
M4_ATTATGGACTAGTG_Basal,Basal,4
M4_ATTATGGATTCAGG_Basal,Basal,0
M4_ATTATGGATTGTGG_Basal,Basal,2
M4_ATTCAAGAACCTGA_Basal,Basal,1
M4_ATTCAAGATCCTGC_Club,Club,6
M4_ATTCAAGATGACTG_Basal,Basal,4
M4_ATTCAGCTCCCTAC_Basal,Basal,4
M4_ATTCCAACAAAAGC_Club,Club,6
M4_ATTCCAACGACGTT_Basal,Basal,4
M4_ATTCCATGTTTACC_Basal,Basal,2
M4_ATTCGACTCTTGCC_Basal,Basal,240
M4_ATTCTTCTAACGGG_Basal,Basal,1
M4_ATTGAAACGTCTTT_Club,Club,6
M4_ATTGATGAAAAACG_Basal,Basal,1
M4_ATTGATGATCACCC_Ciliated,Ciliated,241
M4_ATTGCACTAAGTGA_Basal,Basal,4
M4_ATTGCACTGGTAAA_Basal,Basal,7
M4_ATTGCGGACACTAG_Basal,Basal,2
M4_ATTGCGGATGACCA_Basal,Basal,0
M4_ATTGCTACACGCTA_Basal,Basal,0
M4_ATTGCTTGAGCCAT_Basal,Basal,2
M4_ATTGGGTGGGGAGT_Goblet,Goblet,18
M4_ATTGGTCTCCTGTC_Basal,Basal,0
M4_ATTGTCTGGACAGG_Basal,Basal,242
M4_ATTGTCTGGGTCTA_Basal,Basal,4
M4_ATTGTCTGGGTGAG_Club,Club,26
M4_ATTTAGGAGGTTCA_Club,Club,10
M4_ATTTAGGATCGATG_Basal,Basal,1
M4_ATTTCCGAGCTAAC_Basal,Basal,2
M4_ATTTCGTGAAGTGA_Basal,Basal,1
M4_ATTTCGTGACCTTT_Basal,Basal,1
M4_ATTTCGTGTGCCAA_Basal,Basal,2
M4_ATTTCTCTCGCCTT_Basal,Basal,16
M4_ATTTGCACAGTTCG_Basal,Basal,4
M4_CAAACTCTGGAGGT_Basal,Basal,0
M4_CAAAGCACAGGCGA_Basal,Basal,0
M4_CAAAGCTGACGCAT_Basal,Basal,2
M4_CAAATATGTATGGC_Ciliated,Ciliated,9
M4_CAAATTGATTACCT_Basal,Basal,2
M4_CAACAGACTCCCAC_Basal,Basal,2
M4_CAACCAGAAGGGTG_Basal,Basal,16
M4_CAACCAGATGGGAG_Club,Club,2
M4_CAACGAACGCAGTT_Basal,Basal,1
M4_CAACGATGCTGGAT_Basal,Basal,0
M4_CAACGATGTCCAAG_Club,Club,2
M4_CAACGTGAAACCGT_Basal,Basal,4
M4_CAACGTGAAGCACT_Basal,Basal,1
M4_CAACGTGACAGTCA_Goblet,Goblet,18
M4_CAACTTTGTGCCTC_Basal,Basal,7
M4_CAAGAAGACGTGAT_Club,Club,2
M4_CAAGAAGATTCGCC_Basal,Basal,2
M4_CAAGCATGCCTCGT_Basal,Basal,0
M4_CAAGCATGGACGAG_Basal,Basal,0
M4_CAAGCATGGGAGCA_Neuroendocrine,Neuroendocrine,243
M4_CAAGCCCTCTGAGT_Basal,Basal,2
M4_CAAGCCCTTTCTAC_Club,Club,10
M4_CAAGCCCTTTTCAC_Basal,Basal,1
M4_CAAGCTGAACGTGT_Basal,Basal,2
M4_CAAGGACTAAGCAA_Basal,Basal,2
M4_CAAGGACTAGATCC_Club,Club,244
M4_CAAGGACTCGTACA_Basal,Basal,2
M4_CAAGGTTGCATTCT_Basal,Basal,16
M4_CAAGTCGAACCGAT_Ciliated,Ciliated,9
M4_CAAGTCGATCGTTT_Basal,Basal,1
M4_CAAGTTCTCACTAG_Club,Club,6
M4_CAAGTTCTGACAAA_Club,Club,2
M4_CAATAAACTGGAAA_Basal,Basal,1
M4_CAATCGGAATCGAC_Basal,Basal,4
M4_CAATCGGAGTGAGG_Basal,Basal,0
M4_CAATCTACACCTGA_Club,Club,6
M4_CAATCTACTCTACT_Ciliated,Ciliated,9
M4_CAATCTACTTCCAT_Basal,Basal,16
M4_CAATGGACAGGGTG_Basal,Basal,4
M4_CAATGGACCCACAA_Basal,Basal,245
M4_CACAACGAAACAGA_Basal,Basal,2
M4_CACAACGAGCTGAT_Basal,Basal,4
M4_CACAATCTATTCCT_Club,Club,6
M4_CACAATCTTTCGGA_Basal,Basal,5
M4_CACACCTGTACAGC_Basal,Basal,1
M4_CACAGATGCCACAA_Basal,Basal,0
M4_CACAGATGCCGCTT_Basal,Basal,4
M4_CACATGGAAAGGCG_Basal,Basal,1
M4_CACATGGATCTACT_Basal,Basal,1
M4_CACCCATGCTACTT_Basal,Basal,0
M4_CACCGGGAACCTTT_Basal,Basal,4
M4_CACCGGGAGCATCA_Basal,Basal,1
M4_CACCGTTGAAACGA_Basal,Basal,2
M4_CACCGTTGGGCGAA_Basal,Basal,1
M4_CACCGTTGTTTGGG_Club,Club,6
M4_CACCTGACACCACA_Ciliated,Ciliated,28
M4_CACCTGACCGTTAG_Ciliated,Ciliated,9
M4_CACGACCTCTGGAT_Basal,Basal,4
M4_CACGCTACATACCG_Basal,Basal,0
M4_CACGCTACTGAGGG_Basal,Basal,0
M4_CACTATACGCGTTA_Basal,Basal,4
M4_CACTCCGATCCCGT_Basal,Basal,1
M4_CACTCCGATGACTG_Basal,Basal,7
M4_CACTGAGAAGTCTG_Club,Club,6
M4_CACTGAGAGCTTCC_Club,Club,6
M4_CACTGCACCCGTTC_Basal,Basal,2
M4_CACTTAACACCAAC_Basal,Basal,246
M4_CACTTAACCCTCCA_Basal,Basal,4
M4_CACTTATGCTCTAT_Basal,Basal,0
M4_CACTTTGACCTTTA_Basal,Basal,2
M4_CACTTTGAGCTATG_Basal,Basal,7
M4_CAGAAGCTTCACCC_Basal,Basal,1
M4_CAGAAGCTTTGGTG_Basal,Basal,0
M4_CAGACAACCCAATG_Club,Club,6
M4_CAGACAACGTTAGC_Basal,Basal,4
M4_CAGACATGGGCGAA_Basal,Basal,2
M4_CAGACATGTGACTG_Basal,Basal,2
M4_CAGACCCTCACTAG_Basal,Basal,7
M4_CAGACTGAACACTG_Basal,Basal,1
M4_CAGACTGATTATCC_Basal,Basal,1
M4_CAGAGGGAAGCTAC_Basal,Basal,0
M4_CAGAGGGAGAGGTG_Basal,Basal,0
M4_CAGAGGGAGATAAG_Basal,Basal,1
M4_CAGATCGACAGATC_Basal,Basal,4
M4_CAGATCGATAGAAG_Basal,Basal,1
M4_CAGATGACCACCAA_Basal,Basal,1
M4_CAGATGACGAATCC_Basal,Basal,4
M4_CAGCATGAAAGGGC_Basal,Basal,4
M4_CAGCATGATTTGTC_Basal,Basal,0
M4_CAGCCTACTCACGA_Basal,Basal,1
M4_CAGCCTTGCTACGA_Basal,Basal,247
M4_CAGCCTTGTGGAAA_Club,Club,6
M4_CAGCGTCTCACTTT_Basal,Basal,1
M4_CAGCGTCTTAAGGA_Ciliated,Ciliated,9
M4_CAGCTAGATGCACA_Club,Club,10
M4_CAGCTCACAAAACG_Basal,Basal,0
M4_CAGCTCACGTGAGG_Basal,Basal,2
M4_CAGCTCTGCTTCCG_Ciliated,Ciliated,9
M4_CAGGAACTATCGAC_Basal,Basal,7
M4_CAGGCCGACTGTAG_Basal,Basal,16
M4_CAGGGCACGTTAGC_Basal,Basal,16
M4_CAGGTATGACTAGC_Basal,Basal,0
M4_CAGGTATGATTCTC_Club,Club,2
M4_CAGGTATGTGAACC_Basal,Basal,0
M4_CAGGTTGAAGCGTT_Club,Club,6
M4_CAGTCAGATTCACT_Club,Club,6
M4_CAGTGATGCTGTAG_Basal,Basal,1
M4_CAGTGATGCTTAGG_Basal,Basal,2
M4_CAGTGTGACCTGTC_Basal,Basal,7
M4_CAGTTACTCGCATA_Basal,Basal,1
M4_CAGTTACTTATGCG_Basal,Basal,4
M4_CAGTTACTTCTTTG_Basal,Basal,55
M4_CAGTTACTTGAGAA_Basal,Basal,0
M4_CAGTTGGAGGAGTG_Club,Club,6
M4_CAGTTGGAGTTAGC_Basal,Basal,1
M4_CATAAAACCTGTAG_Neuroendocrine,Neuroendocrine,19
M4_CATAAATGACACCA_Basal,Basal,4
M4_CATAACCTTTCTGT_Basal,Basal,0
M4_CATACTTGAGTCGT_Basal,Basal,1
M4_CATAGTCTCGTACA_Basal,Basal,0
M4_CATATAGATTGTCT_Basal,Basal,2
M4_CATCAGGAGGACTT_Club,Club,6
M4_CATCATACATTCGG_Club,Club,6
M4_CATCATACTTCTAC_Basal,Basal,2
M4_CATCCCGATCTGGA_Basal,Basal,248
M4_CATCGCTGGGAAGC_Basal,Basal,2
M4_CATCGCTGTGGAGG_Basal,Basal,2
M4_CATCGGCTATTTCC_Basal,Basal,0
M4_CATCGGCTCCACCT_Basal,Basal,4
M4_CATCTTGACGGGAA_Basal,Basal,2
M4_CATCTTGAGTCTAG_Basal,Basal,2
M4_CATGAGACGGAGGT_Basal,Basal,1
M4_CATGAGACTGGAAA_Basal,Basal,2
M4_CATGCCACCTTATC_Club,Club,1
M4_CATGCGCTCATCAG_Basal,Basal,2
M4_CATGCGCTGTTGCA_Basal,Basal,0
M4_CATGGATGAGATGA_Basal,Basal,4
M4_CATGTACTCCTACC_Basal,Basal,249
M4_CATGTACTGACACT_Club,Club,10
M4_CATGTTACAAAGCA_Basal,Basal,1
M4_CATGTTTGTTTCAC_Club,Club,6
M4_CATTAGCTTCTTTG_Basal,Basal,0
M4_CATTCCCTAAGCCT_Basal,Basal,0
M4_CATTCCCTTAAGGA_Basal,Basal,2
M4_CATTCCCTTCCCAC_Ciliated,Ciliated,9
M4_CATTGACTCACTTT_Basal,Basal,4
M4_CATTGGGATCGATG_Basal,Basal,1
M4_CATTGTACCCTACC_Club,Club,0
M4_CATTGTACCTGTAG_Club,Club,10
M4_CATTGTACTTCATC_Basal,Basal,1
M4_CATTGTTGGGTATC_Basal,Basal,4
M4_CATTGTTGGTGCTA_Club,Club,10
M4_CATTGTTGTCTGGA_Basal,Basal,2
M4_CATTTCGACTGAGT_Club,Club,6
M4_CATTTCGAGGTACT_Basal,Basal,0
M4_CATTTCGATCTCAT_Basal,Basal,0
M4_CATTTGACGTTGAC_Basal,Basal,2
M4_CATTTGACTTCACT_Basal,Basal,1
M4_CCAAAGTGAACTGC_Basal,Basal,2
M4_CCAACCTGGTCGTA_Club,Club,10
M4_CCAACCTGTACGCA_Club,Club,6
M4_CCAAGAACAGATGA_Club,Club,6
M4_CCAAGAACCCTCAC_Basal,Basal,2
M4_CCAAGAACTTTCAC_Club,Club,10
M4_CCAAGATGCGTCTC_Club,Club,6
M4_CCAAGTGAAGCGGA_Basal,Basal,4
M4_CCAAGTGATCTCGC_Club,Club,23
M4_CCACCTGAATTCCT_Basal,Basal,4
M4_CCACCTGAGTAGCT_Basal,Basal,4
M4_CCACGGGATTGCAG_Club,Club,6
M4_CCACTGACAAGCCT_Club,Club,250
M4_CCACTGACAGTCGT_Club,Club,6
M4_CCACTGTGGCCCTT_Basal,Basal,0
M4_CCACTGTGGGTCTA_Club,Club,251
M4_CCACTTCTCCAGTA_Basal,Basal,0
M4_CCAGAAACACAGCT_Basal,Basal,4
M4_CCAGACCTCCCACT_Basal,Basal,7
M4_CCAGATGAGGACTT_Basal,Basal,2
M4_CCAGCACTCTTCCG_Basal,Basal,1
M4_CCAGCGGAGTTGCA_Basal,Basal,1
M4_CCAGCTACCCGTAA_Basal,Basal,1
M4_CCAGCTACTCGCAA_Basal,Basal,2
M4_CCAGCTACTTCGTT_Basal,Basal,1
M4_CCAGTGCTTCCCGT_Ciliated,Ciliated,9
M4_CCAGTGCTTCTTTG_Ciliated,Ciliated,9
M4_CCATAGGATCTTAC_Basal,Basal,0
M4_CCATAGGATTCTCA_Basal,Basal,0
M4_CCATCCGACGACTA_Basal,Basal,252
M4_CCATCCGATTCCGC_Neuroendocrine,Neuroendocrine,1
M4_CCATCGTGGCCAAT_Basal,Basal,4
M4_CCATGCTGCCTATT_Basal,Basal,0
M4_CCATGCTGTTACCT_Basal,Basal,0
M4_CCATTAACATGTGC_Basal,Basal,2
M4_CCCAAAGAGCTACA_Basal,Basal,4
M4_CCCAACACAGGTTC_Basal,Basal,2
M4_CCCAACACGTCTTT_Club,Club,10
M4_CCCAACTGGCTGAT_Basal,Basal,5
M4_CCCAACTGGTACCA_Basal,Basal,253
M4_CCCAGACTCGTCTC_Basal,Basal,2
M4_CCCAGTTGACTACG_Basal,Basal,72
M4_CCCAGTTGGGTCAT_Club,Club,10
M4_CCCAGTTGTCCCGT_Basal,Basal,2
M4_CCCAGTTGTGTGAC_Club,Club,6
M4_CCCATCGAACCGAT_Basal,Basal,0
M4_CCCATGTGCCGTAA_Basal,Basal,4
M4_CCCGATTGGCTAAC_Basal,Basal,4
M4_CCCGGAGATCCTAT_Club,Club,10
M4_CCCTACGAGCTAAC_Basal,Basal,0
M4_CCCTAGTGGACGTT_Basal,Basal,254
M4_CCCTCAGACTTATC_Basal,Basal,4
M4_CCCTGAACACACAC_Basal,Basal,2
M4_CCCTGATGAGGAGC_Ciliated,Ciliated,255
M4_CCCTGATGGGAAGC_Club,Club,6
M4_CCCTTACTGGGCAA_Basal,Basal,1
M4_CCCTTACTGGTTTG_Basal,Basal,16
M4_CCGACACTGCGGAA_Club,Club,2
M4_CCGACTACATTGGC_Basal,Basal,4
M4_CCGATAGACGTAGT_Basal,Basal,4
M4_CCGATAGAGTTGCA_Basal,Basal,16
M4_CCGATAGATGAACC_Basal,Basal,0
M4_CCGATAGATGGAAA_Club,Club,6
M4_CCGCGAGATTTGTC_Club,Club,10
M4_CCGCTATGGGTAAA_Basal,Basal,0
M4_CCGGAGACCCAATG_Basal,Basal,0
M4_CCGGAGACGTCACA_Ionocyte,Ionocyte,25
M4_CCGGAGTGCCCTCA_Basal,Basal,0
M4_CCGGTACTAGCAAA_Basal,Basal,256
M4_CCGGTACTTGGCAT_Basal,Basal,1
M4_CCGTAAGACACCAA_Basal,Basal,2
M4_CCGTAAGACGGTAT_Ciliated,Ciliated,9
M4_CCGTACACCGTAGT_Basal,Basal,2
M4_CCTAAACTCGTTAG_Basal,Basal,0
M4_CCTAAACTGTCTGA_Basal,Basal,1
M4_CCTAAGGAACGACT_Club,Club,10
M4_CCTAAGGACATTTC_Club,Club,6
M4_CCTAAGGATCATTC_Basal,Basal,0
M4_CCTACCGACCCGTT_Basal,Basal,4
M4_CCTACCGACTCCCA_Club,Club,6
M4_CCTACCGACTGAAC_Basal,Basal,0
M4_CCTAGAGAGGGACA_Basal,Basal,2
M4_CCTAGAGAGGGATG_Basal,Basal,257
M4_CCTAGAGATCGACA_Basal,Basal,2
M4_CCTAGAGATTTACC_Basal,Basal,4
M4_CCTATTGACACTTT_Basal,Basal,1
M4_CCTATTGACAGAAA_Basal,Basal,1
M4_CCTCATCTGTTGAC_Club,Club,10
M4_CCTCATCTTATTCC_Basal,Basal,4
M4_CCTCATCTTCGTGA_Ciliated,Ciliated,9
M4_CCTCATCTTGGTAC_Basal,Basal,13
M4_CCTGACTGACGCTA_Club,Club,6
M4_CCTGACTGTCTACT_Basal,Basal,4
M4_CCTGAGCTAGGGTG_Club,Club,6
M4_CCTGAGCTCGTACA_Basal,Basal,2
M4_CCTGAGCTTGGAAA_Basal,Basal,1
M4_CCTTAATGATGACC_Basal,Basal,0
M4_CCTTAATGCTTGGA_Basal,Basal,1
M4_CCTTAATGGTACGT_Basal,Basal,4
M4_CCTTTAGATTACCT_Club,Club,6
M4_CCTTTAGATTTCTG_Club,Club,6
M4_CGAACATGAAGATG_Basal,Basal,2
M4_CGAACATGATTCTC_Basal,Basal,4
M4_CGAACATGGTCTTT_Basal,Basal,2
M4_CGAACATGTGCAGT_Basal,Basal,1
M4_CGAAGGGAAGCGGA_Club,Club,6
M4_CGAAGTACCTTACT_Basal,Basal,258
M4_CGAATCGAATTGGC_Basal,Basal,1
M4_CGAATCGACATACG_Basal,Basal,4
M4_CGAATCGAGCATCA_Basal,Basal,2
M4_CGACAAACCCTTAT_Club,Club,10
M4_CGACCACTATTCCT_Club,Club,23
M4_CGACCACTGTCTAG_Club,Club,10
M4_CGACCGGAACCAGT_Basal,Basal,1
M4_CGACCTACAGCGGA_Basal,Basal,0
M4_CGACCTTGAAAACG_Basal,Basal,1
M4_CGACCTTGCCTACC_Ciliated,Ciliated,9
M4_CGACCTTGGCAGAG_Basal,Basal,4
M4_CGACCTTGGCGAGA_Basal,Basal,1
M4_CGACTCACGGTAGG_Ciliated,Ciliated,9
M4_CGACTGCTAATGCC_Ciliated,Ciliated,9
M4_CGAGATTGCGCATA_Basal,Basal,0
M4_CGAGCCGAACCCTC_Basal,Basal,4
M4_CGAGCCGATTAGGC_Goblet,Goblet,18
M4_CGAGCGTGATTCCT_Basal,Basal,67
M4_CGAGCGTGCCGTTC_Basal,Basal,0
M4_CGAGCGTGTGGTCA_Basal,Basal,5
M4_CGAGCGTGTTGAGC_Basal,Basal,7
M4_CGAGGAGAACCGAT_Basal,Basal,1
M4_CGAGGCTGGGGCAA_Basal,Basal,0
M4_CGAGGCTGTGTAGC_Basal,Basal,2
M4_CGAGTATGTAGCGT_Basal,Basal,259
M4_CGATACGACGGAGA_Club,Club,1
M4_CGATAGACTGCTGA_Basal,Basal,1
M4_CGCAAATGCCTATT_Basal,Basal,2
M4_CGCAAATGGGAAAT_Basal,Basal,4
M4_CGCAAATGTGGTAC_Club,Club,10
M4_CGCACTACGGACGA_Basal,Basal,2
M4_CGCACTTGCGACAT_Club,Club,2
M4_CGCACTTGTTGTCT_Club,Club,10
M4_CGCAGGACAAACGA_Club,Club,10
M4_CGCAGGACGGTTCA_Basal,Basal,2
M4_CGCCATTGTGACCA_Club,Club,10
M4_CGCCGAGATTACCT_Basal,Basal,2
M4_CGCCTAACAACAGA_Club,Club,6
M4_CGCCTAACGGTTCA_Club,Club,6
M4_CGCCTAACTGACTG_Basal,Basal,7
M4_CGCCTAACTGTTTC_Neuroendocrine,Neuroendocrine,2
M4_CGCGAGACGGTTCA_Basal,Basal,1
M4_CGCGAGACGTAGGG_Basal,Basal,4
M4_CGCGATCTCACACA_Basal,Basal,4
M4_CGCGATCTCTGATG_Basal,Basal,4
M4_CGCGATCTTGAGCT_Basal,Basal,0
M4_CGCTAAGAGGAGCA_Club,Club,0
M4_CGCTACACTGTCGA_Basal,Basal,4
M4_CGCTACTGGAATAG_Basal,Basal,0
M4_CGCTCATGAGAAGT_Basal,Basal,1
M4_CGCTCATGTCTGGA_Basal,Basal,1
M4_CGGAATTGAAACGA_Basal,Basal,0
M4_CGGAATTGGCCTTC_Basal,Basal,2
M4_CGGACCGATCGTTT_Club,Club,260
M4_CGGACCGATCTGGA_Neuroendocrine,Neuroendocrine,0
M4_CGGACTCTCGCCTT_Basal,Basal,0
M4_CGGAGGCTTGGTTG_Club,Club,10
M4_CGGATAACCCTTTA_Basal,Basal,2
M4_CGGATAACTAACCG_Basal,Basal,1
M4_CGGATATGAAGCCT_Basal,Basal,1
M4_CGGATATGACGGTT_Basal,Basal,0
M4_CGGATATGAGTCGT_Basal,Basal,0
M4_CGGATATGGACGGA_Basal,Basal,4
M4_CGGCACGACTCTAT_Basal,Basal,2
M4_CGGCACGAGAACCT_Basal,Basal,0
M4_CGGCATCTTCTAGG_Club,Club,13
M4_CGGCATCTTTGGTG_Basal,Basal,4
M4_CGGCCAGAAGAGGC_Basal,Basal,0
M4_CGGCCAGACCCTAC_Ciliated,Ciliated,9
M4_CGGCCAGAGAAGGC_Basal,Basal,4
M4_CGGCCAGATACTCT_Basal,Basal,0
M4_CGGCCAGATGGAAA_Basal,Basal,4
M4_CGGCGAACCTGGTA_Basal,Basal,7
M4_CGGCGATGCCAGTA_Basal,Basal,2
M4_CGGCGATGGAGACG_Basal,Basal,1
M4_CGGCGATGTAGCGT_Basal,Basal,4
M4_CGGGACTGGTCCTC_Basal,Basal,2
M4_CGGGACTGGTTGTG_Basal,Basal,2
M4_CGGGACTGTTCCCG_Basal,Basal,4
M4_CGGTAAACAGCGTT_Basal,Basal,2
M4_CGGTAAACCAGATC_Club,Club,6
M4_CGGTAAACCTCGAA_Basal,Basal,1
M4_CGGTAAACTAAGCC_Basal,Basal,2
M4_CGGTAAACTCTTAC_Basal,Basal,4
M4_CGGTACCTAAGGTA_Basal,Basal,7
M4_CGGTCACTATGTGC_Basal,Basal,4
M4_CGTAACGAGTTCGA_Basal,Basal,5
M4_CGTACAGAGTCGTA_Basal,Basal,4
M4_CGTACCACACGGGA_Basal,Basal,1
M4_CGTACCTGGTACCA_Basal,Basal,5
M4_CGTCAAGAAACAGA_Basal,Basal,0
M4_CGTCAAGAGTCGAT_Basal,Basal,2
M4_CGTCAAGATCGACA_Basal,Basal,261
M4_CGTCCAACCTGCAA_Basal,Basal,1
M4_CGTCCAACGAGGTG_Basal,Basal,16
M4_CGTCCATGAAGTAG_Club,Club,10
M4_CGTCCATGTCACGA_Basal,Basal,1
M4_CGTGAAACCTGATG_Basal,Basal,13
M4_CGTGAATGGAACCT_Club,Club,262
M4_CGTGATGATCCTGC_Basal,Basal,4
M4_CGTGCACTAGTACC_Basal,Basal,1
M4_CGTGCACTCTAGAC_Club,Club,6
M4_CGTTAACTAATCGC_Basal,Basal,1
M4_CGTTAACTTCAAGC_Basal,Basal,2
M4_CGTTAGGAAATCGC_Basal,Basal,1
M4_CGTTAGGACGAGTT_Basal,Basal,1
M4_CGTTAGGACGTCTC_Basal,Basal,7
M4_CGTTAGGACGTGAT_Basal,Basal,0
M4_CGTTATACGGTTAC_Basal,Basal,0
M4_CTAAACCTACGGGA_Basal,Basal,0
M4_CTAAACCTGACTAC_Basal,Basal,0
M4_CTAACACTACAGCT_Basal,Basal,1
M4_CTAACACTCAAAGA_Club,Club,6
M4_CTAACACTTCAAGC_Ciliated,Ciliated,9
M4_CTAACGGAGCTACA_Basal,Basal,0
M4_CTAACTACGTCTAG_Basal,Basal,1
M4_CTAACTACTTCGCC_Ciliated,Ciliated,9
M4_CTAAGGACGGACTT_Basal,Basal,0
M4_CTAAGGTGAGGCGA_Basal,Basal,263
M4_CTAAGGTGTGGGAG_Club,Club,10
M4_CTAATAGACCCTTG_Basal,Basal,4
M4_CTAATAGATGTGAC_Club,Club,6
M4_CTACAACTCGTGAT_Basal,Basal,2
M4_CTACAACTTTCCAT_Club,Club,10
M4_CTACCTCTGACAAA_Basal,Basal,4
M4_CTACGCACGAGATA_Basal,Basal,16
M4_CTACGGCTTTGCAG_Basal,Basal,2
M4_CTACTATGAGCTAC_Basal,Basal,0
M4_CTACTATGGAGAGC_Basal,Basal,0
M4_CTACTATGTCCAAG_Club,Club,6
M4_CTACTCCTGGAGGT_Basal,Basal,264
M4_CTAGAGACGAACTC_Basal,Basal,4
M4_CTAGATCTAACGAA_Neuroendocrine,Neuroendocrine,4
M4_CTAGATCTATTGGC_Basal,Basal,2
M4_CTAGATCTCCCGTT_Basal,Basal,2
M4_CTAGATCTTACAGC_Basal,Basal,0
M4_CTAGGATGCACTTT_Basal,Basal,2
M4_CTAGGCCTAGCGTT_Basal,Basal,1
M4_CTAGGCCTGCGTAT_Goblet,Goblet,18
M4_CTAGGCCTGGCAAG_Basal,Basal,4
M4_CTAGGTGACTCCCA_Club,Club,12
M4_CTAGTTACCTCTAT_Basal,Basal,4
M4_CTAGTTTGTAAGGA_Basal,Basal,4
M4_CTAGTTTGTGAAGA_Basal,Basal,0
M4_CTAGTTTGTTTCTG_Basal,Basal,4
M4_CTATAAGATATTCC_Basal,Basal,2
M4_CTATACTGGAACCT_Basal,Basal,2
M4_CTATCCCTTGGCAT_Basal,Basal,0
M4_CTATGACTAAACAG_Basal,Basal,1
M4_CTATGACTACGGGA_Basal,Basal,2
M4_CTATGACTACTTTC_Basal,Basal,4
M4_CTATGACTGCTATG_Basal,Basal,2
M4_CTATGTACGCTGAT_Basal,Basal,4
M4_CTATGTACGGACAG_Basal,Basal,2
M4_CTATTGTGCTAGCA_Basal,Basal,1
M4_CTATTGTGGAGCTT_Basal,Basal,4
M4_CTCAATTGGGAGCA_Basal,Basal,4
M4_CTCAGAGAACCCAA_Basal,Basal,4
M4_CTCAGAGACTCATT_Basal,Basal,1
M4_CTCAGCACAAGGGC_Basal,Basal,7
M4_CTCAGCACCTGCTC_Basal,Basal,1
M4_CTCAGCTGACTCTT_Ciliated,Ciliated,9
M4_CTCAGCTGCTCAAG_Basal,Basal,4
M4_CTCAGCTGGGTTTG_Basal,Basal,1
M4_CTCAGCTGGTTCAG_Basal,Basal,4
M4_CTCAGCTGTTCTCA_Basal,Basal,4
M4_CTCATTGACGTAGT_Basal,Basal,4
M4_CTCCTACTTACAGC_Basal,Basal,7
M4_CTCCTACTTCCTCG_Basal,Basal,16
M4_CTCGAAGAAGAGTA_Basal,Basal,2
M4_CTCGAAGACACAAC_Basal,Basal,2
M4_CTCGAAGACTATGG_Club,Club,10
M4_CTCGACACGACAGG_Basal,Basal,4
M4_CTCGACACGGATTC_Basal,Basal,1
M4_CTCGACACTTTCGT_Club,Club,265
M4_CTCGACTGCTGCAA_Basal,Basal,2
M4_CTCGCATGGTCATG_Basal,Basal,2
M4_CTCGCATGTACAGC_Basal,Basal,4
M4_CTCTAAACACCAGT_Club,Club,1
M4_CTCTAATGAGCCTA_Club,Club,6
M4_CTCTAATGAGTAGA_Basal,Basal,4
M4_CTGAACGAGTCTTT_Basal,Basal,16
M4_CTGAAGACACTACG_Basal,Basal,7
M4_CTGAAGACCACTAG_Basal,Basal,1
M4_CTGAAGACTACTCT_Club,Club,10
M4_CTGACAGAAAGGGC_Basal,Basal,2
M4_CTGACAGATCCCGT_Basal,Basal,4
M4_CTGAGAACTCTCGC_Basal,Basal,1
M4_CTGATACTCCCACT_Club,Club,6
M4_CTGATGGACTCTAT_Basal,Basal,16
M4_CTGATTTGTAGCGT_Basal,Basal,0
M4_CTGCAGCTTGGAGG_Ciliated,Ciliated,9
M4_CTGGAAACGTTACG_Basal,Basal,4
M4_CTGTAACTGCTATG_Basal,Basal,7
M4_CTGTAACTTGGCAT_Club,Club,10
M4_CTGTATACATCACG_Basal,Basal,4
M4_CTTAAAGAACAGTC_Basal,Basal,0
M4_CTTAAGCTGTCGTA_Basal,Basal,4
M4_CTTACATGTCCCGT_Basal,Basal,4
M4_CTTACTGACCGATA_Basal,Basal,1
M4_CTTAGACTGTCAAC_Basal,Basal,7
M4_CTTAGGGAAACGGG_Club,Club,6
M4_CTTAGGGAATCGAC_Basal,Basal,2
M4_CTTAGGGATCTGGA_Club,Club,10
M4_CTTAGGGATGAACC_Basal,Basal,2
M4_CTTATCGAATCGGT_Neuroendocrine,Neuroendocrine,19
M4_CTTATCGACATTGG_Basal,Basal,266
M4_CTTATCGAGTTTCT_Basal,Basal,2
M4_CTTCACCTGCCATA_Basal,Basal,0
M4_CTTCACCTGTAGCT_Basal,Basal,4
M4_CTTCTAGAGGTCAT_Basal,Basal,2
M4_CTTGAACTAAGAGT_Basal,Basal,0
M4_CTTGAACTTCCTGC_Basal,Basal,1
M4_CTTGAGGAAGTTCG_Basal,Basal,4
M4_CTTGATTGACGGAG_Basal,Basal,4
M4_CTTTACGATGGTTG_Basal,Basal,0
M4_CTTTAGACCTGGTA_Basal,Basal,2
M4_CTTTCAGAACACGT_Basal,Basal,1
M4_CTTTGATGCTGATG_Basal,Basal,4
M4_GAAACAGATGAGCT_Basal,Basal,2
M4_GAAACCTGTCCTTA_Basal,Basal,0
M4_GAAAGATGCCTCAC_Club,Club,18
M4_GAAAGATGTCCAGA_Basal,Basal,1
M4_GAAAGCCTAGCGGA_Basal,Basal,2
M4_GAAAGCCTCTACTT_Basal,Basal,2
M4_GAAATACTAAAAGC_Basal,Basal,2
M4_GAACACACTTCTGT_Basal,Basal,4
M4_GAACAGCTACTCTT_Basal,Basal,16
M4_GAACAGCTTTCCAT_Basal,Basal,0
M4_GAACCAACTGGTCA_Tuft,Tuft,17
M4_GAACGGGACTCTTA_Club,Club,6
M4_GAAGAATGAACGTC_Basal,Basal,1
M4_GAAGAATGCACTGA_Club,Club,6
M4_GAAGAATGCTAAGC_Basal,Basal,1
M4_GAAGAATGTTGTGG_Club,Club,6
M4_GAAGCTACCCTAAG_Basal,Basal,1
M4_GAAGCTACGGTAAA_Basal,Basal,2
M4_GAAGCTACGTGCTA_Basal,Basal,2
M4_GAAGCTACTCCCAC_Basal,Basal,2
M4_GAAGCTTGCCTTGC_Basal,Basal,4
M4_GAAGCTTGTTCGTT_Basal,Basal,4
M4_GAAGTAGAACAGTC_Basal,Basal,0
M4_GAAGTAGATCCCGT_Basal,Basal,1
M4_GAAGTCACCTAAGC_Basal,Basal,4
M4_GAAGTCTGTGTCGA_Neuroendocrine,Neuroendocrine,27
M4_GAAGTGCTACCATG_Club,Club,10
M4_GAATGCACGAACCT_Basal,Basal,7
M4_GAATGCTGATAAGG_Basal,Basal,1
M4_GAATGCTGTAACGC_Basal,Basal,4
M4_GAATGGCTATGTGC_Basal,Basal,73
M4_GAATGGCTCCAATG_Basal,Basal,0
M4_GAATGGCTCTTAGG_Basal,Basal,2
M4_GAATTAACCCAATG_Basal,Basal,16
M4_GAATTAACTCATTC_Basal,Basal,4
M4_GACAACACCATTGG_Club,Club,1
M4_GACAACACCTGATG_Basal,Basal,4
M4_GACAACTGTTATCC_Basal,Basal,4
M4_GACACTGAATACCG_Basal,Basal,16
M4_GACACTGATTGGCA_Basal,Basal,4
M4_GACAGGGAAACCTG_Club,Club,10
M4_GACAGGGAATGTGC_Basal,Basal,2
M4_GACAGTTGATTTCC_Basal,Basal,4
M4_GACAGTTGCAGTCA_Basal,Basal,7
M4_GACAGTTGGACGTT_Basal,Basal,0
M4_GACCAAACATCGAC_Goblet,Goblet,18
M4_GACCATGAACAGCT_Club,Club,68
M4_GACCATGAGGACAG_Basal,Basal,4
M4_GACCTAGAGTTGAC_Club,Club,1
M4_GACCTCTGGGAAAT_Basal,Basal,0
M4_GACGAACTTACTCT_Basal,Basal,0
M4_GACGAACTTCCAAG_Basal,Basal,2
M4_GACGAACTTGGAGG_Ciliated,Ciliated,9
M4_GACGAGGAATCACG_Basal,Basal,16
M4_GACGAGGATGGAAA_Basal,Basal,7
M4_GACGATTGAAAGCA_Basal,Basal,0
M4_GACGATTGCCACCT_Club,Club,6
M4_GACGATTGCTCCAC_Basal,Basal,0
M4_GACGATTGGGAAAT_Basal,Basal,4
M4_GACGATTGTATTCC_Basal,Basal,2
M4_GACGCCGACACTAG_Basal,Basal,1
M4_GACGCTCTAGATCC_Club,Club,18
M4_GACGCTCTCTGCTC_Basal,Basal,2
M4_GACGGCACAAGAGT_Basal,Basal,0
M4_GACGGCACACCATG_Basal,Basal,2
M4_GACGGCACCCTCAC_Club,Club,6
M4_GACGGCACCGAGAG_Basal,Basal,0
M4_GACGGCACTGGAGG_Tuft,Tuft,17
M4_GACGTAACCCACAA_Basal,Basal,4
M4_GACGTAACGGAGCA_Basal,Basal,4
M4_GACGTATGCATTCT_Basal,Basal,0
M4_GACGTATGCCTGAA_Basal,Basal,4
M4_GACGTATGGTAAAG_Basal,Basal,1
M4_GACGTATGTCTAGG_Basal,Basal,1
M4_GACGTCCTGGTAAA_Basal,Basal,4
M4_GACTACGACCTCGT_Basal,Basal,2
M4_GACTGAACGAGACG_Club,Club,6
M4_GACTGAACGCAGTT_Club,Club,6
M4_GACTGATGATGACC_Basal,Basal,1
M4_GACTGATGCAGTCA_Basal,Basal,7
M4_GACTGTGAGTAAGA_Basal,Basal,0
M4_GACTGTGATATGCG_Club,Club,6
M4_GACTTTACGGTACT_Basal,Basal,1
M4_GAGAAATGCCATGA_Basal,Basal,4
M4_GAGAGGTGTCGCCT_Basal,Basal,2
M4_GAGAGGTGTGCATG_Basal,Basal,2
M4_GAGATCACCCTCGT_Basal,Basal,4
M4_GAGATCACCTGTTT_Basal,Basal,2
M4_GAGATGCTAGCGTT_Basal,Basal,4
M4_GAGCAACTTCTTTG_Basal,Basal,1
M4_GAGCAGGACCGTTC_Club,Club,6
M4_GAGCAGGATGCCCT_Basal,Basal,0
M4_GAGCATACAAGAAC_Basal,Basal,4
M4_GAGCATACAGTAGA_Club,Club,1
M4_GAGCATACCCATAG_Club,Club,6
M4_GAGCATACGTGTAC_Club,Club,2
M4_GAGCGAGACGACAT_Basal,Basal,4
M4_GAGCGAGACGAGTT_Club,Club,6
M4_GAGCGCACAGTCAC_Basal,Basal,1
M4_GAGCGCACGGCAAG_Basal,Basal,4
M4_GAGCGCACTCTACT_Basal,Basal,0
M4_GAGCGCTGAGGAGC_Club,Club,10
M4_GAGCGCTGTGAAGA_Basal,Basal,1
M4_GAGCGGCTTGTCGA_Basal,Basal,4
M4_GAGCTCCTAAACGA_Club,Club,10
M4_GAGCTCCTAAGTAG_Basal,Basal,16
M4_GAGGACGAGTAAGA_Basal,Basal,2
M4_GAGGATCTACAGTC_Basal,Basal,1
M4_GAGGCAGAGAGGTG_Club,Club,26
M4_GAGGGAACCGTGTA_Basal,Basal,0
M4_GAGGGCCTAAGATG_Tuft,Tuft,17
M4_GAGGGCCTCCTGAA_Basal,Basal,0
M4_GAGGGCCTGCTATG_Basal,Basal,2
M4_GAGGGTGATAGAAG_Basal,Basal,5
M4_GAGGTACTCGTGTA_Basal,Basal,1
M4_GAGGTACTTTTCAC_Ciliated,Ciliated,9
M4_GAGGTGGACGTACA_Basal,Basal,2
M4_GAGGTGGATGTTTC_Basal,Basal,0
M4_GAGGTTACACGTGT_Club,Club,10
M4_GAGGTTACCGAGTT_Basal,Basal,1
M4_GAGGTTACGAAACA_Basal,Basal,7
M4_GAGGTTTGCCTATT_Basal,Basal,4
M4_GAGGTTTGCCTGTC_Basal,Basal,0
M4_GAGTAAGAAGCACT_Ciliated,Ciliated,9
M4_GAGTAAGACGTTAG_Basal,Basal,0
M4_GAGTACTGCGCCTT_Basal,Basal,4
M4_GAGTACTGTTCCCG_Club,Club,10
M4_GAGTCAACAAAACG_Club,Club,12
M4_GAGTCAACCAACTG_Club,Club,10
M4_GAGTGGGATCTTTG_Club,Club,6
M4_GAGTTGTGAGGAGC_Basal,Basal,0
M4_GAGTTGTGCATTCT_Basal,Basal,4
M4_GAGTTGTGGTTCTT_Club,Club,6
M4_GATAAGGATACTCT_Basal,Basal,4
M4_GATAGAGATCCAAG_Basal,Basal,16
M4_GATAGCACATCTTC_Club,Club,6
M4_GATAGCACCACTAG_Basal,Basal,2
M4_GATATAACCCTAAG_Basal,Basal,7
M4_GATATAACGTAGCT_Basal,Basal,4
M4_GATATATGAGTCAC_Club,Club,6
M4_GATATTGACCTTCG_Neuroendocrine,Neuroendocrine,19
M4_GATATTGAGTATCG_Basal,Basal,7
M4_GATCATCTACACCA_Club,Club,10
M4_GATCATCTCACTTT_Club,Club,2
M4_GATCATCTCTTTAC_Basal,Basal,4
M4_GATCATCTTGGTTG_Club,Club,10
M4_GATCCCTGATCTCT_Basal,Basal,0
M4_GATCCCTGGCCTTC_Club,Club,10
M4_GATCCCTGTTGCAG_Club,Club,10
M4_GATCCGCTACCCTC_Club,Club,68
M4_GATCCGCTCATGGT_Basal,Basal,0
M4_GATCGAACACCAAC_Basal,Basal,1
M4_GATCGAACGACGAG_Club,Club,1
M4_GATCGTGAAGTCGT_Basal,Basal,2
M4_GATCTACTTCCTTA_Tuft,Tuft,267
M4_GATCTACTTGAGCT_Club,Club,10
M4_GATCTTACCATTCT_Basal,Basal,2
M4_GATGCATGAAGTGA_Basal,Basal,1
M4_GATGCATGCTTGCC_Club,Club,6
M4_GATTCGGAACTTTC_Club,Club,10
M4_GATTCGGAGCCCTT_Basal,Basal,1
M4_GATTCTTGAATCGC_Basal,Basal,7
M4_GATTGGACAAGGTA_Basal,Basal,1
M4_GATTTAGATACAGC_Basal,Basal,4
M4_GATTTGCTATTCTC_Basal,Basal,1
M4_GCAACCCTAGATCC_Basal,Basal,2
M4_GCAACCCTGATGAA_Club,Club,10
M4_GCAACCCTTGGATC_Basal,Basal,4
M4_GCAACTGAGGATCT_Basal,Basal,4
M4_GCAAGACTCTCCAC_Basal,Basal,0
M4_GCAATCGATCACGA_Club,Club,6
M4_GCAATTCTCCCTAC_Basal,Basal,1
M4_GCACAAACAAGAAC_Club,Club,6
M4_GCACAAACGCCTTC_Basal,Basal,1
M4_GCACCACTGTAAGA_Basal,Basal,0
M4_GCACCTACGCCTTC_Club,Club,10
M4_GCACCTTGGTGTAC_Basal,Basal,0
M4_GCACGGACCTCTCG_Basal,Basal,4
M4_GCACGGTGATCAGC_Tuft,Tuft,17
M4_GCACGGTGCTACGA_Basal,Basal,0
M4_GCACGGTGGAGACG_Basal,Basal,1
M4_GCACGGTGGCGAGA_Basal,Basal,4
M4_GCACGGTGGTGTTG_Club,Club,6
M4_GCACTAGAACCGAT_Basal,Basal,0
M4_GCACTAGATCTCTA_Basal,Basal,0
M4_GCACTGCTCCACCT_Basal,Basal,4
M4_GCACTGCTTGCAAC_Basal,Basal,2
M4_GCACTGCTTGTCAG_Basal,Basal,2
M4_GCAGATACCTGGTA_Basal,Basal,0
M4_GCAGCCGACGCATA_Basal,Basal,4
M4_GCAGCCGAGTATGC_Basal,Basal,4
M4_GCAGCGTGCAGAAA_Basal,Basal,1
M4_GCAGCGTGTGAAGA_Club,Club,0
M4_GCAGCTCTCGTTAG_Basal,Basal,0
M4_GCAGCTCTTATTCC_Basal,Basal,2
M4_GCAGGCACGTTACG_Basal,Basal,0
M4_GCAGGCACTGTTTC_Basal,Basal,0
M4_GCAGTTGAGTTCGA_Basal,Basal,0
M4_GCAGTTGATTGCAG_Basal,Basal,0
M4_GCATCAGACTGTCC_Club,Club,10
M4_GCATCAGAGACGGA_Basal,Basal,268
M4_GCATCAGATTCCAT_Basal,Basal,0
M4_GCATGTGACACTTT_Club,Club,0
M4_GCATGTGACTATGG_Club,Club,10
M4_GCATGTGACTCTCG_Basal,Basal,1
M4_GCATTGGACCACCT_Basal,Basal,0
M4_GCCAAAACAAGGCG_Basal,Basal,2
M4_GCCAAATGTTCATC_Basal,Basal,269
M4_GCCAACCTTTGTCT_Tuft,Tuft,17
M4_GCCACTACCACTGA_Basal,Basal,0
M4_GCCACTACTCCTTA_Club,Club,26
M4_GCCATGCTTCACGA_Basal,Basal,270
M4_GCCATGCTTTCTGT_Basal,Basal,0
M4_GCCCAACTAACCGT_Basal,Basal,0
M4_GCCCAACTTGTGCA_Basal,Basal,0
M4_GCCCAGGACACTAG_Club,Club,10
M4_GCCCAGGACCGTAA_Basal,Basal,271
M4_GCCCAGGATCGCAA_Club,Club,6
M4_GCCCAGGATTGTGG_Basal,Basal,2
M4_GCCCATACTCTCGC_Club,Club,6
M4_GCCGAGTGAAGTGA_Basal,Basal,272
M4_GCCGAGTGACACCA_Basal,Basal,16
M4_GCCGAGTGGTAAGA_Basal,Basal,1
M4_GCCGAGTGTGCGTA_Basal,Basal,2
M4_GCCGGAACCTGATG_Club,Club,6
M4_GCCTACACATCTTC_Club,Club,1
M4_GCCTACACGTATGC_Basal,Basal,1
M4_GCCTACACTAACGC_Basal,Basal,0
M4_GCCTAGCTGTGCTA_Basal,Basal,4
M4_GCCTAGCTTGTGCA_Basal,Basal,0
M4_GCCTAGCTTTCGTT_Basal,Basal,0
M4_GCCTCAACCGACTA_Club,Club,6
M4_GCCTCATGCAGAAA_Basal,Basal,1
M4_GCGAAGGATATGCG_Basal,Basal,0
M4_GCGAGAGACTAGAC_Basal,Basal,2
M4_GCGAGAGATTGTGG_Basal,Basal,0
M4_GCGATATGACGGAG_Basal,Basal,0
M4_GCGATATGATCTTC_Club,Club,6
M4_GCGATATGATTTCC_Basal,Basal,0
M4_GCGATATGCGAATC_Basal,Basal,1
M4_GCGCACGAGTATGC_Basal,Basal,2
M4_GCGCATCTCAGCTA_Basal,Basal,0
M4_GCGCGAACTCCTGC_Basal,Basal,4
M4_GCGGACTGTAGAGA_Basal,Basal,0
M4_GCGGAGCTAGAGTA_Club,Club,1
M4_GCGGGACTAGATCC_Club,Club,6
M4_GCGGGACTTCTTCA_Club,Club,6
M4_GCGTAAACGGTGGA_Basal,Basal,4
M4_GCGTATGAATGTGC_Basal,Basal,4
M4_GCTACAGACCCTTG_Basal,Basal,1
M4_GCTACCTGAACCAC_Basal,Basal,0
M4_GCTACCTGACCATG_Club,Club,6
M4_GCTACCTGCCAAGT_Basal,Basal,2
M4_GCTAGATGCGCAAT_Basal,Basal,273
M4_GCTATACTGCTGTA_Basal,Basal,1
M4_GCTATACTTACTGG_Basal,Basal,274
M4_GCTCAGCTCTGACA_Basal,Basal,67
M4_GCTCAGCTGAGGAC_Basal,Basal,0
M4_GCTCCATGAACCAC_Basal,Basal,4
M4_GCTCCATGAGAATG_Basal,Basal,4
M4_GCTCCATGGCGGAA_Basal,Basal,1
M4_GCTGATGACTTACT_Basal,Basal,7
M4_GCTGATGATAGCGT_Basal,Basal,4
M4_GCTTAACTAGCGGA_Basal,Basal,4
M4_GCTTAACTTTTGGG_Basal,Basal,275
M4_GCTTGAGAGATAAG_Club,Club,6
M4_GGAACACTAAGAGT_Basal,Basal,276
M4_GGAACTACACCTTT_Basal,Basal,1
M4_GGAACTACGCTAAC_Basal,Basal,2
M4_GGAACTTGAAGGTA_Basal,Basal,2
M4_GGAAGGACGAGACG_Club,Club,6
M4_GGAAGGTGCCATAG_Basal,Basal,0
M4_GGAAGGTGTCTTTG_Basal,Basal,0
M4_GGAATCTGTAAGGA_Basal,Basal,4
M4_GGACAGGACCTTAT_Basal,Basal,1
M4_GGACAGGACGTTGA_Basal,Basal,2
M4_GGACAGGAGGTCTA_Basal,Basal,2
M4_GGACATTGCTACCC_Basal,Basal,0
M4_GGACCTCTGTGCTA_Tuft,Tuft,17
M4_GGACCTCTTCTAGG_Neuroendocrine,Neuroendocrine,5
M4_GGACGAGAAATCGC_Basal,Basal,2
M4_GGACGCACTTGCAG_Basal,Basal,0
M4_GGACTATGATCGTG_Club,Club,6
M4_GGACTATGGTTCGA_Basal,Basal,16
M4_GGAGACGACCTTTA_Club,Club,6
M4_GGAGACGACTGATG_Basal,Basal,7
M4_GGAGACGAGAACTC_Basal,Basal,0
M4_GGAGACGAGGAGTG_Basal,Basal,4
M4_GGAGACGATACTCT_Basal,Basal,0
M4_GGAGAGACTGGTTG_Basal,Basal,0
M4_GGAGAGACTTGACG_Club,Club,6
M4_GGAGCAGAGAATGA_Club,Club,6
M4_GGAGCAGAGCTGTA_Club,Club,277
M4_GGAGCAGAGTCTTT_Basal,Basal,0
M4_GGAGCGCTCCTGAA_Basal,Basal,4
M4_GGAGGCCTGAACCT_Basal,Basal,1
M4_GGAGGCCTTTCTCA_Club,Club,6
M4_GGAGGTGAACTTTC_Basal,Basal,278
M4_GGAGTTACCCACCT_Basal,Basal,2
M4_GGAGTTACCTACCC_Basal,Basal,0
M4_GGAGTTTGCGATAC_Club,Club,6
M4_GGATACTGGACGTT_Basal,Basal,0
M4_GGATACTGGTACCA_Basal,Basal,1
M4_GGATAGCTGACGGA_Basal,Basal,0
M4_GGATAGCTGGCATT_Basal,Basal,1
M4_GGATGTACCTCGAA_Basal,Basal,7
M4_GGATGTTGGTTGCA_Club,Club,0
M4_GGATTGTGGGGACA_Basal,Basal,4
M4_GGATTTCTCCGATA_Basal,Basal,1
M4_GGATTTCTTTCAGG_Club,Club,23
M4_GGCAAGGAGGTAGG_Basal,Basal,4
M4_GGCAATACAGCGTT_Club,Club,10
M4_GGCAATACCTACCC_Basal,Basal,0
M4_GGCACTCTTTGACG_Club,Club,10
M4_GGCATATGAGTCGT_Basal,Basal,7
M4_GGCATATGTGATGC_Club,Club,6
M4_GGCCAGACTCATTC_Basal,Basal,1
M4_GGCCAGACTGTGCA_Basal,Basal,0
M4_GGCCCAGAGTGTAC_Basal,Basal,4
M4_GGCCCAGATTGGTG_Basal,Basal,1
M4_GGCCGAACATGCCA_Basal,Basal,4
M4_GGCCGAACGGGATG_Basal,Basal,37
M4_GGCCGATGAGGTTC_Club,Club,6
M4_GGCCGATGGACTAC_Club,Club,2
M4_GGCCGATGTAGCGT_Club,Club,6
M4_GGCGACACAGAGTA_Basal,Basal,2
M4_GGCGACACCAGTTG_Basal,Basal,0
M4_GGCGACACCCTGTC_Club,Club,1
M4_GGCGACTGCCTGAA_Club,Club,6
M4_GGCGACTGGGACGA_Basal,Basal,0
M4_GGCGCATGCGTGAT_Basal,Basal,2
M4_GGCGGACTACACCA_Basal,Basal,4
M4_GGCGGACTTCCAGA_Basal,Basal,4
M4_GGCGGACTTGAGGG_Basal,Basal,1
M4_GGCTAAACACCCAA_Club,Club,10
M4_GGCTAAACCTCAGA_Basal,Basal,5
M4_GGCTAAACTCTCTA_Basal,Basal,4
M4_GGCTCACTGGTGAG_Club,Club,11
M4_GGGAAGACCCACCT_Basal,Basal,4
M4_GGGAAGACGGAAAT_Basal,Basal,1
M4_GGGAAGACTTTCTG_Basal,Basal,1
M4_GGGAAGTGAGGTCT_Neuroendocrine,Neuroendocrine,1
M4_GGGAAGTGCGCAAT_Basal,Basal,4
M4_GGGACCACAAGGCG_Basal,Basal,1
M4_GGGACCACAGGGTG_Club,Club,6
M4_GGGACCACATCACG_Club,Club,6
M4_GGGACCACGAGCTT_Basal,Basal,0
M4_GGGACCTGGGTAAA_Basal,Basal,4
M4_GGGCACACTATTCC_Basal,Basal,7
M4_GGGCAGCTTAGCCA_Basal,Basal,1
M4_GGGCCATGGCATAC_Club,Club,6
M4_GGGTAACTGACACT_Basal,Basal,2
M4_GGGTTAACAGAGAT_Basal,Basal,7
M4_GGGTTATGAGCGTT_Basal,Basal,69
M4_GGGTTATGATCGGT_Basal,Basal,0
M4_GGGTTATGCTTCCG_Ciliated,Ciliated,9
M4_GGGTTATGTGTCAG_Club,Club,10
M4_GGTACATGCGGGAA_Basal,Basal,4
M4_GGTACTGAGTATCG_Basal,Basal,0
M4_GGTACTGATAGAGA_Ciliated,Ciliated,9
M4_GGTATCGAAACAGA_Basal,Basal,0
M4_GGTATCGACAGATC_Basal,Basal,1
M4_GGTATCGATTCATC_Basal,Basal,1
M4_GGTATGACACGCAT_Basal,Basal,0
M4_GGTATGACCAGAAA_Basal,Basal,0
M4_GGTATGACGTCGAT_Basal,Basal,1
M4_GGTCAAACCTGTGA_Basal,Basal,2
M4_GGTCAAACGTACGT_Club,Club,10
M4_GGTCTAGAGAACCT_Basal,Basal,1
M4_GGTCTAGAGGATTC_Club,Club,6
M4_GGTGGAGATTCCGC_Basal,Basal,4
M4_GGTTGAACTGTCCC_Basal,Basal,7
M4_GGTTTACTCCGTTC_Basal,Basal,0
M4_GTAACGTGAAAACG_Basal,Basal,4
M4_GTAACGTGCAATCG_Basal,Basal,4
M4_GTAACGTGGTGCTA_Basal,Basal,0
M4_GTAAGCTGCAACTG_Basal,Basal,0
M4_GTAAGCTGGCCTTC_Basal,Basal,0
M4_GTAAGCTGTACTCT_Basal,Basal,2
M4_GTAATATGTGAGGG_Basal,Basal,4
M4_GTACAGTGAGAACA_Basal,Basal,0
M4_GTACAGTGCTGGAT_Basal,Basal,2
M4_GTACCCTGCCTCAC_Basal,Basal,0
M4_GTACCCTGTCGCTC_Club,Club,6
M4_GTACTACTGCTCCT_Basal,Basal,4
M4_GTACTACTTACTCT_Basal,Basal,0
M4_GTAGACTGTATGCG_Basal,Basal,0
M4_GTAGCAACCGAGAG_Basal,Basal,0
M4_GTAGCCCTCATTGG_Basal,Basal,0
M4_GTAGCCCTGGAAGC_Basal,Basal,0
M4_GTAGTGACGTGCTA_Club,Club,0
M4_GTAGTGTGCAGATC_Club,Club,6
M4_GTAGTGTGCCCTCA_Basal,Basal,279
M4_GTATCACTGAATAG_Basal,Basal,16
M4_GTATCACTGCTAAC_Basal,Basal,0
M4_GTATGGTGCAGATC_Basal,Basal,0
M4_GTATGGTGGGCATT_Basal,Basal,4
M4_GTATTAGAACTCTT_Club,Club,6
M4_GTATTAGATAACCG_Basal,Basal,2
M4_GTATTCACCTTAGG_Basal,Basal,0
M4_GTATTCACGTCTGA_Basal,Basal,1
M4_GTCAATCTAAGCAA_Club,Club,10
M4_GTCAATCTCATTCT_Basal,Basal,0
M4_GTCACAGACGTTAG_Ciliated,Ciliated,9
M4_GTCACAGAGCCCTT_Basal,Basal,0
M4_GTCACAGATCCCGT_Basal,Basal,1
M4_GTCACCTGACGACT_Club,Club,6
M4_GTCACCTGGAAAGT_Basal,Basal,2
M4_GTCACCTGTGCAAC_Ciliated,Ciliated,9
M4_GTCCACACGGTAGG_Basal,Basal,2
M4_GTCCAGCTAGCGTT_Basal,Basal,4
M4_GTCCCATGAAGCAA_Basal,Basal,1
M4_GTCCCATGAGCATC_Ciliated,Ciliated,9
M4_GTCCCATGCGTCTC_Club,Club,2
M4_GTCCCATGGCGTTA_Basal,Basal,1
M4_GTCCCATGGCTCCT_Basal,Basal,4
M4_GTCCCATGTTACTC_Club,Club,10
M4_GTCGAATGGACTAC_Basal,Basal,0
M4_GTCGAATGTAAGGA_Basal,Basal,0
M4_GTCGACCTGGCATT_Club,Club,10
M4_GTCGCACTCAGTCA_Basal,Basal,2
M4_GTCGCACTCTGCTC_Basal,Basal,16
M4_GTCGCACTCTTGCC_Basal,Basal,2
M4_GTCGCACTGATGAA_Ciliated,Ciliated,280
M4_GTCGCACTGGTAAA_Club,Club,10
M4_GTCTAACTCAAAGA_Club,Club,6
M4_GTCTAGGAACGCTA_Basal,Basal,2
M4_GTCTAGGATCACCC_Basal,Basal,0
M4_GTCTGAGAAACGGG_Basal,Basal,0
M4_GTCTGAGAAGCCTA_Basal,Basal,4
M4_GTCTGAGATCGTAG_Basal,Basal,0
M4_GTGAACACGAAGGC_Basal,Basal,2
M4_GTGAACACTAGCGT_Club,Club,1
M4_GTGACAACACGTTG_Basal,Basal,16
M4_GTGACAACCGCAAT_Basal,Basal,281
M4_GTGACCCTAGCTAC_Basal,Basal,2
M4_GTGACCCTCTGACA_Basal,Basal,1
M4_GTGAGGGAACCAGT_Basal,Basal,0
M4_GTGAGGGATCAGAC_Basal,Basal,23
M4_GTGAGGGATTGTGG_Ciliated,Ciliated,9
M4_GTGATCGATGACTG_Basal,Basal,4
M4_GTGATTCTCCAATG_Basal,Basal,4
M4_GTGCAAACACCACA_Basal,Basal,1
M4_GTGCAAACAGAGAT_Basal,Basal,2
M4_GTGCAAACCAGTTG_Basal,Basal,70
M4_GTGCCACTTACGAC_Basal,Basal,0
M4_GTGGAGGAAGAACA_Basal,Basal,2
M4_GTGGAGGATCCCAC_Basal,Basal,2
M4_GTGGATTGATCTTC_Basal,Basal,2
M4_GTGGATTGTGACAC_Basal,Basal,2
M4_GTGGTAACACGCAT_Basal,Basal,0
M4_GTGGTAACCATACG_Basal,Basal,1
M4_GTGGTAACCCGTAA_Basal,Basal,2
M4_GTGGTAACTTCGCC_Basal,Basal,4
M4_GTGTACGAACGTTG_Basal,Basal,282
M4_GTGTACGAATCTCT_Basal,Basal,1
M4_GTGTACGACAGCTA_Basal,Basal,1
M4_GTGTACGAGGTGTT_Basal,Basal,1
M4_GTGTAGTGCGCTAA_Basal,Basal,4
M4_GTGTAGTGTGGTGT_Club,Club,6
M4_GTGTATCTCGGTAT_Basal,Basal,4
M4_GTGTCAGAATGTCG_Club,Club,6
M4_GTGTCAGACCGATA_Basal,Basal,4
M4_GTGTCAGATGCTAG_Basal,Basal,2
M4_GTTAAAACTCCCGT_Basal,Basal,1
M4_GTTAAATGGGATCT_Club,Club,6
M4_GTTAACCTGTAAAG_Basal,Basal,0
M4_GTTAGGTGGTTCGA_Basal,Basal,1
M4_GTTAGTCTAATCGC_Basal,Basal,16
M4_GTTAGTCTCCTAAG_Basal,Basal,0
M4_GTTATAGACGACTA_Basal,Basal,0
M4_GTTATCTGAAAGTG_Basal,Basal,4
M4_GTTATGCTAGTCTG_Ciliated,Ciliated,9
M4_GTTATGCTCAGTCA_Basal,Basal,0
M4_GTTCAACTCACTAG_Basal,Basal,4
M4_GTTCAGGATAGTCG_Basal,Basal,2
M4_GTTCATACGGAAGC_Basal,Basal,1
M4_GTTGAGTGAAGATG_Basal,Basal,0
M4_GTTGAGTGGCCCTT_Basal,Basal,0
M4_GTTGGATGAGGCGA_Basal,Basal,2
M4_GTTGGATGCATTCT_Basal,Basal,4
M4_GTTGGATGTTCTTG_Basal,Basal,2
M4_TAAACAACCAATCG_Basal,Basal,1
M4_TAAACAACTGGCAT_Basal,Basal,2
M4_TAAAGTTGTCTTTG_Club,Club,6
M4_TAAATGTGAAGTGA_Basal,Basal,4
M4_TAACATGACCGTTC_Basal,Basal,69
M4_TAACATGACTTTAC_Basal,Basal,2
M4_TAACCGGAGGACTT_Basal,Basal,2
M4_TAACGTCTAGATGA_Basal,Basal,2
M4_TAACGTCTGTATGC_Club,Club,18
M4_TAACGTCTTCTACT_Basal,Basal,0
M4_TAACTCACAGAACA_Basal,Basal,4
M4_TAACTCACGGTTAC_Basal,Basal,4
M4_TAAGAGGAATTGGC_Club,Club,6
M4_TAAGAGGATCTTCA_Basal,Basal,1
M4_TAAGATACCTGGTA_Basal,Basal,2
M4_TAAGATTGAAGGGC_Basal,Basal,283
M4_TAAGATTGTAGACC_Basal,Basal,0
M4_TAAGCTCTCATGGT_Basal,Basal,2
M4_TAAGCTCTTCAAGC_Basal,Basal,0
M4_TAAGCTCTTCCTGC_Ciliated,Ciliated,21
M4_TAAGCTCTTCTAGG_Basal,Basal,2
M4_TAAGGGCTCTAGCA_Basal,Basal,1
M4_TAAGTAACACACTG_Basal,Basal,4
M4_TAATCCACACCAGT_Basal,Basal,1
M4_TAATCCACCTGTTT_Basal,Basal,2
M4_TAATGAACGCTATG_Club,Club,6
M4_TAATGATGCGCCTT_Basal,Basal,1
M4_TACAAATGTGCTGA_Basal,Basal,4
M4_TACAATGACATTTC_Basal,Basal,71
M4_TACAATGATAGTCG_Basal,Basal,2
M4_TACACACTCTGGTA_Ciliated,Ciliated,9
M4_TACACACTTTACTC_Basal,Basal,1
M4_TACATAGATCCTGC_Basal,Basal,16
M4_TACATCACACCAAC_Basal,Basal,4
M4_TACCGAGAAGTACC_Basal,Basal,0
M4_TACCGAGAAGTAGA_Basal,Basal,2
M4_TACCGAGATCGATG_Basal,Basal,0
M4_TACCGGCTTGTCGA_Basal,Basal,4
M4_TACGACGAAGTACC_Basal,Basal,7
M4_TACGACGAGTAAAG_Basal,Basal,1
M4_TACGACGAGTCTTT_Basal,Basal,2
M4_TACGAGACCGGAGA_Club,Club,23
M4_TACGAGACGTCATG_Club,Club,6
M4_TACGATCTACTGGT_Basal,Basal,2
M4_TACGATCTTCTCGC_Basal,Basal,2
M4_TACGCAGATACGAC_Basal,Basal,1
M4_TACGCCACGCGTTA_Basal,Basal,2
M4_TACGCGCTAGCGGA_Basal,Basal,1
M4_TACGCGCTGAACTC_Basal,Basal,2
M4_TACGCGCTGGTTCA_Club,Club,6
M4_TACGCGCTTTCATC_Basal,Basal,1
M4_TACGGAACCGAGTT_Basal,Basal,4
M4_TACGGAACGTCAAC_Club,Club,6
M4_TACGGCCTTTTGCT_Ciliated,Ciliated,284
M4_TACGTACTTACAGC_Neuroendocrine,Neuroendocrine,19
M4_TACGTACTTGCTAG_Basal,Basal,2
M4_TACTAAGAAGAGTA_Basal,Basal,0
M4_TACTAAGAAGATCC_Tuft,Tuft,17
M4_TACTAAGAATGCTG_Ciliated,Ciliated,9
M4_TACTAAGAGGTCAT_Basal,Basal,285
M4_TACTAAGATGATGC_Basal,Basal,4
M4_TACTACTGAGAGAT_Basal,Basal,0
M4_TACTCAACGGAAGC_Club,Club,10
M4_TACTCAACTCAGGT_Basal,Basal,2
M4_TACTCAACTGAGCT_Basal,Basal,7
M4_TACTCCCTAGAGGC_Basal,Basal,1
M4_TACTCTGACTCAAG_Basal,Basal,2
M4_TACTCTGACTGAAC_Club,Club,26
M4_TACTCTGAGTTTCT_Basal,Basal,1
M4_TACTCTGATCAGAC_Basal,Basal,2
M4_TACTGTTGCTACGA_Basal,Basal,4
M4_TACTGTTGGGTGAG_Basal,Basal,4
M4_TACTTGACCGTAAC_Basal,Basal,4
M4_TACTTGACCTGAGT_Basal,Basal,0
M4_TACTTGACTGACAC_Tuft,Tuft,17
M4_TAGAAACTCTGTTT_Basal,Basal,4
M4_TAGAATACAAGCAA_Basal,Basal,4
M4_TAGAATACGATAAG_Basal,Basal,2
M4_TAGAATACTCTCCG_Basal,Basal,2
M4_TAGAATACTGCTTT_Ciliated,Ciliated,9
M4_TAGACGTGCGCATA_Basal,Basal,4
M4_TAGAGAGAACCCTC_Basal,Basal,0
M4_TAGAGAGACTGACA_Club,Club,6
M4_TAGATCCTCCAAGT_Basal,Basal,1
M4_TAGATTGATAAGCC_Basal,Basal,13
M4_TAGCATCTCGGAGA_Basal,Basal,4
M4_TAGCATCTTTCTAC_Basal,Basal,2
M4_TAGCCCTGGGTGTT_Club,Club,7
M4_TAGCGATGACACAC_Basal,Basal,1
M4_TAGCGATGCGCATA_Basal,Basal,2
M4_TAGGACTGCTGAAC_Basal,Basal,4
M4_TAGGAGCTCACTCC_Basal,Basal,2
M4_TAGGCATGTCCTTA_Basal,Basal,0
M4_TAGGGACTATAAGG_Basal,Basal,1
M4_TAGGGACTCTGCTC_Club,Club,6
M4_TAGGTCGACACTTT_Basal,Basal,0
M4_TAGGTCGAGCGATT_Basal,Basal,0
M4_TAGGTCGATAGAAG_Basal,Basal,5
M4_TAGGTGACATTCGG_Basal,Basal,2
M4_TAGGTTCTCGAATC_Ciliated,Ciliated,9
M4_TAGTATGATCCTTA_Neuroendocrine,Neuroendocrine,19
M4_TAGTCGGACCCTCA_Basal,Basal,0
M4_TAGTCTTGAAGGGC_Basal,Basal,4
M4_TAGTCTTGAGGTTC_Basal,Basal,16
M4_TAGTGGTGTGGAGG_Basal,Basal,0
M4_TAGTGGTGTTCACT_Basal,Basal,1
M4_TAGTTAGACCGTTC_Basal,Basal,1
M4_TAGTTCACAGAGAT_Basal,Basal,2
M4_TAGTTCACTCTTAC_Basal,Basal,4
M4_TAGTTCACTTTACC_Basal,Basal,0
M4_TAGTTGCTGCTACA_Basal,Basal,2
M4_TAGTTGCTGTCTAG_Basal,Basal,4
M4_TATAAGACGGTCTA_Basal,Basal,1
M4_TATAAGACTGGTAC_Basal,Basal,4
M4_TATAAGTGCTGCTC_Basal,Basal,2
M4_TATACAGACCGAAT_Basal,Basal,2
M4_TATACAGATGGTGT_Basal,Basal,4
M4_TATACCACACGGTT_Basal,Basal,2
M4_TATACCACGAGGCA_Basal,Basal,7
M4_TATACGCTGGGATG_Basal,Basal,1
M4_TATAGATGAATGCC_Basal,Basal,4
M4_TATAGATGCTTACT_Basal,Basal,5
M4_TATAGCCTCTAGAC_Basal,Basal,0
M4_TATCAAGAATCGTG_Basal,Basal,0
M4_TATCCTGACACTAG_Ciliated,Ciliated,9
M4_TATCGACTAAGGCG_Basal,Basal,0
M4_TATCGACTCTTACT_Basal,Basal,4
M4_TATCGACTCTTGGA_Basal,Basal,1
M4_TATCTCGAACGGTT_Basal,Basal,0
M4_TATCTCGAGGAGTG_Basal,Basal,2
M4_TATCTCGAGGGATG_Basal,Basal,2
M4_TATCTGACCCGATA_Basal,Basal,2
M4_TATGCGGAAAGAGT_Basal,Basal,4
M4_TATGGGACTAACGC_Basal,Basal,0
M4_TATGTCACACACGT_Basal,Basal,4
M4_TATGTCTGATTGGC_Basal,Basal,0
M4_TATGTCTGGGTTCA_Basal,Basal,4
M4_TATGTCTGTTGTCT_Club,Club,1
M4_TATGTGCTGGTACT_Club,Club,6
M4_TATTGCTGGGTAAA_Basal,Basal,4
M4_TATTGCTGTAGCGT_Club,Club,13
M4_TATTTCCTAGGTCT_Club,Club,2
M4_TATTTCCTTGGTTG_Basal,Basal,0
M4_TCAAGGACCATTCT_Basal,Basal,2
M4_TCAAGGTGGACAGG_Club,Club,10
M4_TCAAGTCTGCTGTA_Basal,Basal,0
M4_TCACAACTCTCTTA_Basal,Basal,2
M4_TCACATACCAGTCA_Basal,Basal,2
M4_TCACATACGGGATG_Basal,Basal,1
M4_TCACATACGTGTAC_Basal,Basal,4
M4_TCACCCGATCCTTA_Basal,Basal,4
M4_TCACCGTGATGACC_Club,Club,26
M4_TCACCGTGCCTGTC_Basal,Basal,4
M4_TCACCGTGTTGGTG_Club,Club,6
M4_TCACGAGACTCAAG_Basal,Basal,1
M4_TCACGAGATACTTC_Basal,Basal,1
M4_TCACTATGATGGTC_Basal,Basal,2
M4_TCACTATGCCTCCA_Basal,Basal,4
M4_TCACTATGTTCCAT_Basal,Basal,2
M4_TCAGACGAACCTCC_Club,Club,6
M4_TCAGACGAGGTATC_Basal,Basal,4
M4_TCAGAGACCCAATG_Basal,Basal,0
M4_TCAGCGCTATGTCG_Club,Club,6
M4_TCAGCGCTGTATGC_Basal,Basal,4
M4_TCAGGATGGTTCGA_Club,Club,6
M4_TCAGTGGAGGTGGA_Ciliated,Ciliated,9
M4_TCAGTTACCTGGTA_Basal,Basal,1
M4_TCAGTTACTGCCTC_Basal,Basal,13
M4_TCATCAACATAAGG_Neuroendocrine,Neuroendocrine,286
M4_TCATCAACTCGCCT_Basal,Basal,72
M4_TCATCATGCGAGAG_Basal,Basal,1
M4_TCATCCCTCCAAGT_Basal,Basal,0
M4_TCATCCCTGGGCAA_Club,Club,10
M4_TCATCCCTTCCTCG_Basal,Basal,1
M4_TCATGTACACCAAC_Neuroendocrine,Neuroendocrine,4
M4_TCATGTACCATTGG_Basal,Basal,4
M4_TCATGTACGAGATA_Basal,Basal,1
M4_TCATGTACGTTTGG_Club,Club,10
M4_TCATTCGAATCACG_Basal,Basal,0
M4_TCATTGACGCCAAT_Basal,Basal,1
M4_TCATTGACGTGCTA_Basal,Basal,1
M4_TCCACTCTCTGATG_Basal,Basal,0
M4_TCCAGAGAAGCCTA_Club,Club,6
M4_TCCAGAGACCATGA_Basal,Basal,4
M4_TCCAGAGACTCGAA_Basal,Basal,2
M4_TCCAGAGAGGAGCA_Basal,Basal,1
M4_TCCCACGATTGAGC_Basal,Basal,0
M4_TCCCAGACACGGTT_Basal,Basal,4
M4_TCCCAGACCTCATT_Ciliated,Ciliated,9
M4_TCCCGAACAGCGGA_Club,Club,6
M4_TCCCGAACCGAGAG_Basal,Basal,287
M4_TCCCGAACGTCCTC_Ciliated,Ciliated,9
M4_TCCCGAACTTTCGT_Neuroendocrine,Neuroendocrine,27
M4_TCCCGATGAAGTAG_Basal,Basal,0
M4_TCCCGATGAGATGA_Club,Club,10
M4_TCCCGATGAGCCAT_Basal,Basal,1
M4_TCCCGATGCGAATC_Basal,Basal,2
M4_TCCCTACTGTGCAT_Club,Club,6
M4_TCCGAAGAAGTGTC_Basal,Basal,4
M4_TCCGGACTAAGTAG_Basal,Basal,2
M4_TCCGGACTGGGAGT_Basal,Basal,1
M4_TCCGGACTTTTGTC_Basal,Basal,0
M4_TCCTAAACAAGCCT_Club,Club,2
M4_TCCTAAACGAGAGC_Basal,Basal,2
M4_TCCTAATGTTCCCG_Basal,Basal,288
M4_TCCTACCTTTGACG_Club,Club,6
M4_TCGAATCTACTACG_Basal,Basal,0
M4_TCGACCTGCAGATC_Basal,Basal,0
M4_TCGACGCTTCGACA_Basal,Basal,4
M4_TCGAGCCTCAACTG_Basal,Basal,1
M4_TCGATACTAGTCGT_Basal,Basal,1
M4_TCGATACTCATGGT_Club,Club,6
M4_TCGATACTTGTCAG_Basal,Basal,0
M4_TCGCAAGAGGGATG_Club,Club,6
M4_TCGCAAGATACGAC_Basal,Basal,2
M4_TCGCAAGATATTCC_Basal,Basal,1
M4_TCGCACACTCAAGC_Basal,Basal,16
M4_TCGCACTGACCTGA_Basal,Basal,4
M4_TCGCACTGCGAATC_Basal,Basal,4
M4_TCGCACTGGGTTAC_Basal,Basal,1
M4_TCGCAGCTCTTACT_Club,Club,6
M4_TCGGACCTTGTCCC_Neuroendocrine,Neuroendocrine,4
M4_TCGGACCTTTTACC_Club,Club,6
M4_TCGGCACTACACGT_Basal,Basal,1
M4_TCGTAGGAGAGGGT_Club,Club,6
M4_TCGTGAGACCTTAT_Club,Club,6
M4_TCTAACACGGTGGA_Basal,Basal,1
M4_TCTAACTGTTCACT_Basal,Basal,4
M4_TCTAACTGTTCTGT_Basal,Basal,2
M4_TCTAAGCTGGGTGA_Basal,Basal,7
M4_TCTAAGCTTTGAGC_Basal,Basal,4
M4_TCTAGTTGACGGTT_Basal,Basal,2
M4_TCTAGTTGCATCAG_Basal,Basal,1
M4_TCTAGTTGTCGTGA_Basal,Basal,1
M4_TCTATGTGATCTTC_Club,Club,10
M4_TCTATGTGTGCTAG_Basal,Basal,1
M4_TCTCTAGATGTCTT_Basal,Basal,16
M4_TCTTACGACGTACA_Ciliated,Ciliated,9
M4_TCTTCAGAACCTTT_Basal,Basal,0
M4_TCTTCAGAAGGGTG_Basal,Basal,16
M4_TCTTGATGACGACT_Basal,Basal,2
M4_TCTTGATGCCATGA_Basal,Basal,0
M4_TGAAATTGTTCTCA_Club,Club,6
M4_TGAACCGACTACGA_Basal,Basal,4
M4_TGAAGCACGAGGTG_Basal,Basal,4
M4_TGAAGCTGTCTTTG_Basal,Basal,0
M4_TGAATAACAGGAGC_Basal,Basal,0
M4_TGACACGAAAGAGT_Basal,Basal,7
M4_TGACACGAAGAGAT_Basal,Basal,2
M4_TGACACGAAGAGTA_Basal,Basal,4
M4_TGACACGACCTCGT_Basal,Basal,1
M4_TGACACGAGCAGAG_Basal,Basal,0
M4_TGACACGATCCAAG_Basal,Basal,0
M4_TGACCAGAGCCTTC_Basal,Basal,0
M4_TGACCGCTAGTGTC_Basal,Basal,4
M4_TGACGAACCCGTAA_Basal,Basal,0
M4_TGACGATGTTTCTG_Club,Club,6
M4_TGACGCCTGACGTT_Basal,Basal,2
M4_TGACGCCTGCTTCC_Basal,Basal,4
M4_TGACGCCTTACTTC_Basal,Basal,4
M4_TGACTTTGCCACAA_Basal,Basal,13
M4_TGAGACACCAATCG_Club,Club,10
M4_TGAGGACTTTGTGG_Basal,Basal,2
M4_TGAGTGACCTGCTC_Basal,Basal,1
M4_TGAGTGACTTGACG_Basal,Basal,1
M4_TGATAAACATAAGG_Basal,Basal,0
M4_TGATAAACCTTGCC_Basal,Basal,2
M4_TGATACCTATGTGC_Basal,Basal,4
M4_TGATACCTTGGATC_Basal,Basal,62
M4_TGATATGACAACCA_Basal,Basal,7
M4_TGATATGACTGTGA_Basal,Basal,4
M4_TGATATGATGAGAA_Basal,Basal,289
M4_TGATCGGAGTAGCT_Club,Club,2
M4_TGATTCACTGCACA_Basal,Basal,4
M4_TGATTCTGACTGGT_Basal,Basal,37
M4_TGATTCTGGACAGG_Club,Club,6
M4_TGATTCTGTACTCT_Basal,Basal,2
M4_TGCAACGAAAGATG_Club,Club,6
M4_TGCAACGACAGTCA_Basal,Basal,0
M4_TGCAACGACGCTAA_Club,Club,1
M4_TGCAACGAGCGTAT_Basal,Basal,7
M4_TGCAACGAGTGTCA_Club,Club,6
M4_TGCAAGACGAACTC_Basal,Basal,2
M4_TGCAAGACTCACCC_Club,Club,2
M4_TGCAATCTCAGTCA_Basal,Basal,1
M4_TGCAATCTGAAGGC_Basal,Basal,1
M4_TGCAATCTGGAGCA_Basal,Basal,13
M4_TGCACAGAGGTCAT_Basal,Basal,5
M4_TGCACAGAGTTACG_Basal,Basal,1
M4_TGCACAGATCTTAC_Basal,Basal,0
M4_TGCACGCTTCTCTA_Basal,Basal,1
M4_TGCATGGATTACCT_Basal,Basal,1
M4_TGCCACTGCGAGAG_Ciliated,Ciliated,9
M4_TGCCACTGGGAACG_Basal,Basal,1
M4_TGCCACTGGGTGAG_Basal,Basal,1
M4_TGCCACTGTGCTTT_Club,Club,6
M4_TGCCACTGTTGCTT_Basal,Basal,4
M4_TGCCAGCTAGCGTT_Club,Club,10
M4_TGCCCAACCATTGG_Basal,Basal,1
M4_TGCCGACTTGACAC_Basal,Basal,0
M4_TGCGAAACGCGATT_Basal,Basal,0
M4_TGCGATGAGTCAAC_Basal,Basal,1
M4_TGCGCACTGGCATT_Club,Club,6
M4_TGCGTAGAGCTTAG_Basal,Basal,1
M4_TGCTATACACCTGA_Basal,Basal,4
M4_TGCTATACCCATGA_Basal,Basal,2
M4_TGCTGAGAGTACGT_Neuroendocrine,Neuroendocrine,19
M4_TGCTGAGATCAAGC_Basal,Basal,4
M4_TGCTTAACGCCAAT_Basal,Basal,2
M4_TGGAAAGAATCTTC_Basal,Basal,0
M4_TGGAACACCTCAAG_Club,Club,10
M4_TGGAACACTTCTTG_Basal,Basal,4
M4_TGGAACTGTATCTC_Basal,Basal,4
M4_TGGACCCTAGCACT_Basal,Basal,2
M4_TGGACCCTGGCATT_Basal,Basal,0
M4_TGGACTGAAAGAAC_Basal,Basal,2
M4_TGGAGGGATTTACC_Basal,Basal,4
M4_TGGATCGAGGTATC_Basal,Basal,1
M4_TGGATGACCGTAAC_Goblet,Goblet,18
M4_TGGATGACTCCCGT_Club,Club,6
M4_TGGATGTGCCTGTC_Basal,Basal,4
M4_TGGATGTGGCTTCC_Basal,Basal,1
M4_TGGATTCTAACCGT_Basal,Basal,4
M4_TGGATTCTCAGCTA_Club,Club,6
M4_TGGATTCTCCAAGT_Club,Club,6
M4_TGGATTCTTGAGCT_Basal,Basal,2
M4_TGGCAATGGTTCTT_Basal,Basal,1
M4_TGGCACCTTCGTTT_Basal,Basal,13
M4_TGGTACGATGAGAA_Basal,Basal,16
M4_TGGTACGATGGTCA_Basal,Basal,0
M4_TGGTAGACCCCAAA_Basal,Basal,0
M4_TGGTAGACGTCTGA_Club,Club,0
M4_TGGTAGACTGGAAA_Basal,Basal,2
M4_TGGTAGTGAACTGC_Basal,Basal,290
M4_TGGTAGTGACGCAT_Basal,Basal,4
M4_TGGTAGTGGGATTC_Basal,Basal,16
M4_TGGTAGTGTCCTAT_Basal,Basal,0
M4_TGGTTACTCTCAAG_Basal,Basal,0
M4_TGGTTACTTTCCGC_Basal,Basal,0
M4_TGTAACCTACGCTA_Basal,Basal,4
M4_TGTAACCTAGGTCT_Basal,Basal,2
M4_TGTACTTGAAACAG_Basal,Basal,2
M4_TGTAGGTGACGGGA_Club,Club,10
M4_TGTAGGTGAGCAAA_Club,Club,6
M4_TGTAGTCTCCTCAC_Basal,Basal,4
M4_TGTAGTCTGTACAC_Basal,Basal,73
M4_TGTATCTGTCCCAC_Basal,Basal,2
M4_TGTATCTGTTCGCC_Basal,Basal,16
M4_TGTATCTGTTCTGT_Basal,Basal,1
M4_TGTATGCTTGATGC_Basal,Basal,0
M4_TGTCAGGATCGATG_Basal,Basal,4
M4_TGTCAGGATCGTAG_Club,Club,6
M4_TGTCTAACCTGTAG_Ciliated,Ciliated,9
M4_TGTGAGACACAGCT_Basal,Basal,4
M4_TGTGAGACAGAACA_Basal,Basal,0
M4_TGTGAGACGTAGGG_Tuft,Tuft,17
M4_TGTGAGTGCCCTTG_Club,Club,18
M4_TGTGATCTGAATGA_Basal,Basal,2
M4_TGTGATCTGACGGA_Basal,Basal,4
M4_TGTGATCTGCTCCT_Basal,Basal,2
M4_TGTGATCTGTAAAG_Basal,Basal,1
M4_TGTTACACAGGTTC_Club,Club,6
M4_TGTTACACCATTGG_Basal,Basal,4
M4_TGTTACACGATAAG_Club,Club,6
M4_TTAACCACGTTTGG_Club,Club,16
M4_TTAACCACTGACAC_Basal,Basal,0
M4_TTAACCACTGCAAC_Basal,Basal,4
M4_TTACACACAGGTTC_Basal,Basal,7
M4_TTACACACGTCACA_Basal,Basal,1
M4_TTACAGCTCTATGG_Club,Club,10
M4_TTACCATGCGCTAA_Club,Club,0
M4_TTACGACTGGGAGT_Basal,Basal,7
M4_TTACGTACAGAAGT_Club,Club,1
M4_TTACGTACGATGAA_Basal,Basal,4
M4_TTACTCGATTCATC_Basal,Basal,1
M4_TTAGACCTGAAACA_Basal,Basal,4
M4_TTAGACCTTCCTTA_Basal,Basal,4
M4_TTAGCTACCGTAAC_Club,Club,10
M4_TTAGGGTGGCTGAT_Basal,Basal,70
M4_TTAGGGTGGGTGAG_Neuroendocrine,Neuroendocrine,19
M4_TTAGGGTGTCTAGG_Basal,Basal,1
M4_TTAGGGTGTGTGCA_Basal,Basal,2
M4_TTAGGTCTACACAC_Club,Club,6
M4_TTAGTCTGCTTGGA_Basal,Basal,2
M4_TTAGTCTGTTCTAC_Basal,Basal,1
M4_TTATCCGAACACGT_Basal,Basal,4
M4_TTATCCGAGGGCAA_Basal,Basal,1
M4_TTATGAGAGGGAGT_Basal,Basal,0
M4_TTATGAGATCACCC_Basal,Basal,4
M4_TTATGAGATCCGAA_Basal,Basal,1
M4_TTATGCACCTAAGC_Basal,Basal,16
M4_TTATGCACGTACGT_Ciliated,Ciliated,22
M4_TTATGGCTAACGAA_Basal,Basal,5
M4_TTATGGCTGTACAC_Basal,Basal,2
M4_TTCAAAGATGTTCT_Basal,Basal,4
M4_TTCAACACCTCCCA_Basal,Basal,1
M4_TTCAACACTTCCCG_Basal,Basal,2
M4_TTCAAGCTGCCCTT_Basal,Basal,1
M4_TTCACCCTCCTCAC_Basal,Basal,0
M4_TTCACCCTGCGATT_Club,Club,6
M4_TTCACCCTTCGACA_Club,Club,6
M4_TTCAGACTAAGAAC_Basal,Basal,2
M4_TTCAGTACCTATGG_Basal,Basal,7
M4_TTCAGTTGCAAGCT_Club,Club,6
M4_TTCATCGAATTCCT_Basal,Basal,4
M4_TTCATCGATGACTG_Basal,Basal,0
M4_TTCATGACTAAAGG_Basal,Basal,4
M4_TTCATGTGCCATAG_Ciliated,Ciliated,9
M4_TTCATGTGGTAGGG_Club,Club,23
M4_TTCATGTGTGTCTT_Club,Club,6
M4_TTCATTCTAGCATC_Basal,Basal,5
M4_TTCCAAACACGTTG_Basal,Basal,4
M4_TTCCATGAACCTTT_Basal,Basal,4
M4_TTCCATGACGTGTA_Basal,Basal,4
M4_TTCCCACTAGAGGC_Basal,Basal,4
M4_TTCCTAGAGAAACA_Basal,Basal,7
M4_TTCGATTGCTCTAT_Basal,Basal,0
M4_TTCGTATGCGGAGA_Basal,Basal,2
M4_TTCGTATGCTGTCC_Basal,Basal,0
M4_TTCTACGAGAAACA_Basal,Basal,2
M4_TTCTACGATTCTAC_Basal,Basal,0
M4_TTCTAGTGAGCACT_Basal,Basal,1
M4_TTCTAGTGCCCTAC_Basal,Basal,7
M4_TTCTCAGAGGCGAA_Basal,Basal,2
M4_TTCTGATGCAACTG_Club,Club,10
M4_TTCTGATGCTACCC_Basal,Basal,1
M4_TTCTGATGTCGACA_Basal,Basal,4
M4_TTCTTACTCTGATG_Basal,Basal,0
M4_TTGAATGAGGGATG_Basal,Basal,291
M4_TTGACACTTGGATC_Basal,Basal,1
M4_TTGATCTGCCAGTA_Basal,Basal,1
M4_TTGATCTGGTGTCA_Basal,Basal,0
M4_TTGCATTGGACACT_Basal,Basal,0
M4_TTGCTAACACCTCC_Basal,Basal,2
M4_TTGCTAACTCATTC_Basal,Basal,1
M4_TTGCTATGCGCATA_Basal,Basal,4
M4_TTGCTATGCTCCAC_Ciliated,Ciliated,9
M4_TTGCTATGTGCGTA_Club,Club,6
M4_TTGGAGACCAATCG_Basal,Basal,2
M4_TTGGAGTGAACGAA_Basal,Basal,2
M4_TTGGAGTGACCTGA_Basal,Basal,4
M4_TTGGGAACGCTCCT_Basal,Basal,1
M4_TTGTACACCAAGCT_Basal,Basal,2
M4_TTGTACACTTTGGG_Basal,Basal,1
M4_TTGTAGCTAGGTCT_Tuft,Tuft,17
M4_TTTAGAGAGGATTC_Basal,Basal,292
M4_TTTAGCTGATGCTG_Basal,Basal,0
M4_TTTAGCTGGCAGTT_Basal,Basal,2
M4_TTTAGCTGTCAGTG_Basal,Basal,293
M4_TTTAGCTGTCCAGA_Club,Club,2
M4_TTTAGGCTTCAAGC_Club,Club,0
M4_TTTAGGCTTCGTAG_Basal,Basal,1
M4_TTTATCCTATAAGG_Basal,Basal,4
M4_TTTCACGAAGCATC_Basal,Basal,2
M4_TTTCACGAATGTCG_Basal,Basal,0
M4_TTTCACGATAACGC_Basal,Basal,1
M4_TTTCACGATATCGG_Basal,Basal,0
M4_TTTCAGTGACGGAG_Club,Club,6
M4_TTTCAGTGGACGAG_Basal,Basal,0
M4_TTTCAGTGGGCATT_Club,Club,6
M4_TTTCCAGAGTCTAG_Ciliated,Ciliated,9
M4_TTTCGAACATGTGC_Ciliated,Ciliated,9
M4_TTTCTACTTGAACC_Club,Club,6
M4_TTTCTACTTTGTCT_Basal,Basal,4
M4_TTTGACTGGATGAA_Basal,Basal,4
M4_TTTGACTGGTACCA_Basal,Basal,0
M4_TTTGCATGACCACA_Basal,Basal,1
M4_TTTGCATGACCGAT_Ciliated,Ciliated,9
M4_TTTGCATGAGATCC_Basal,Basal,16
M4_TTTGCATGGAATAG_Basal,Basal,0
M5_AAAGATCTTGCATG_Basal,Basal,0
M5_AAATACTGAGTTCG_Basal,Basal,0
M5_AACCGATGAGATCC_Club,Club,6
M5_AACGGTACAACTGC_Club,Club,6
M5_AACGGTACTCCCGT_Basal,Basal,16
M5_AACTCTTGAAGAAC_Basal,Basal,0
M5_AAGCGTACATGCTG_Basal,Basal,7
M5_AAGTAGGATTACCT_Basal,Basal,0
M5_AAGTTATGGGAAGC_Basal,Basal,0
M5_AATAGGGATTCGTT_Basal,Basal,0
M5_AATCAAACGGCATT_Club,Club,6
M5_AATCCGGAGGTCAT_Basal,Basal,2
M5_AATCCTACGGTGAG_Ciliated,Ciliated,9
M5_AATCTCTGAACAGA_Basal,Basal,7
M5_AATGGCTGAGTGTC_Basal,Basal,2
M5_AATGTCCTAGCACT_Club,Club,6
M5_ACAACCGAGAATAG_Basal,Basal,2
M5_ACAATCCTGGTTAC_Basal,Basal,2
M5_ACAATTGAGTATCG_Basal,Basal,0
M5_ACACAGACCGGGAA_Ciliated,Ciliated,9
M5_ACACCAGAGCTTCC_Basal,Basal,2
M5_ACACGATGCCTACC_Basal,Basal,0
M5_ACCAGTGAACCATG_Basal,Basal,0
M5_ACCCAAGACACTTT_Basal,Basal,32
M5_ACGACCCTAGCACT_Club,Club,6
M5_ACGGAGGAGCGTAT_Basal,Basal,0
M5_ACGGATTGGTTCGA_Neuroendocrine,Neuroendocrine,19
M5_ACGGGAGATGACCA_Basal,Basal,0
M5_ACGTGATGAGCGTT_Basal,Basal,0
M5_ACGTTTACTAACGC_Basal,Basal,2
M5_ACTAAAACAACGTC_Basal,Basal,2
M5_ACTATCACAAGTGA_Basal,Basal,2
M5_ACTCTCCTAGTACC_Basal,Basal,0
M5_ACTCTCCTTTCTTG_Neuroendocrine,Neuroendocrine,19
M5_ACTGAGACAATGCC_Basal,Basal,0
M5_ACTGGCCTTGAGGG_Club,Club,24
M5_ACTTCAACCTAGCA_Neuroendocrine,Neuroendocrine,19
M5_ACTTCCCTCGAACT_Basal,Basal,0
M5_ACTTGTACACTCAG_Basal,Basal,0
M5_AGAATTTGTGCAAC_Club,Club,10
M5_AGACACACTACTTC_Basal,Basal,0
M5_AGACTCGAACCTCC_Basal,Basal,0
M5_AGAGCGGATGTCTT_Club,Club,10
M5_AGAGCTACTCGCTC_Club,Club,10
M5_AGATATACACAGCT_Basal,Basal,0
M5_AGCAACACGCTATG_Club,Club,10
M5_AGCATGACCCTCGT_Ciliated,Ciliated,9
M5_AGCCGGTGTACGCA_Basal,Basal,0
M5_AGCGAACTGTCTGA_Basal,Basal,0
M5_AGCGTAACAACCAC_Basal,Basal,2
M5_AGCTGAACCCCTCA_Basal,Basal,2
M5_AGCTGAACGTCCTC_Basal,Basal,2
M5_AGCTTACTGGATCT_Basal,Basal,0
M5_AGCTTTACGGTGGA_Neuroendocrine,Neuroendocrine,19
M5_AGGACTTGCGATAC_Ciliated,Ciliated,9
M5_AGGCCTCTCTTCCG_Basal,Basal,0
M5_AGGCTAACAAGGCG_Club,Club,6
M5_AGGTACACGTCACA_Basal,Basal,2
M5_AGTACGTGCCGTTC_Basal,Basal,0
M5_AGTACGTGTTCGCC_Basal,Basal,2
M5_AGTAGAGATGAGGG_Ciliated,Ciliated,9
M5_AGTAGGCTGTACGT_Ciliated,Ciliated,21
M5_AGTAGGCTGTCTAG_Ciliated,Ciliated,74
M5_AGTCCAGACCGTTC_Basal,Basal,2
M5_AGTGACTGACTCAG_Basal,Basal,10
M5_AGTTCTACATGCCA_Ciliated,Ciliated,9
M5_AGTTCTTGCCTACC_Club,Club,0
M5_AGTTTAGAGTTGTG_Basal,Basal,0
M5_ATAAGTACGAGGGT_Neuroendocrine,Neuroendocrine,19
M5_ATAATCGAGCTTAG_Basal,Basal,0
M5_ATACACCTAGAACA_Club,Club,6
M5_ATACCACTCCGATA_Club,Club,6
M5_ATACTCTGCAGTTG_Ionocyte,Ionocyte,0
M5_ATCACTTGAGACTC_Basal,Basal,0
M5_ATCATCTGCTTTAC_Basal,Basal,0
M5_ATCATGCTAGCATC_Neuroendocrine,Neuroendocrine,19
M5_ATCCATACCTCTAT_Basal,Basal,0
M5_ATCGTTTGCTACTT_Ciliated,Ciliated,24
M5_ATCTACACTGGTTG_Basal,Basal,2
M5_ATCTACTGTGGGAG_Neuroendocrine,Neuroendocrine,19
M5_ATCTTGACTCCCGT_Basal,Basal,0
M5_ATCTTTCTCATTCT_Basal,Basal,0
M5_ATCTTTCTCCTAAG_Club,Club,2
M5_ATGCACGAGTACAC_Ciliated,Ciliated,28
M5_ATGCAGTGTAGCGT_Ciliated,Ciliated,9
M5_ATGCGCCTCGTTGA_Basal,Basal,0
M5_ATTAAGACTTCACT_Basal,Basal,0
M5_ATTCAAGACAGCTA_Basal,Basal,2
M5_ATTCGGGATGTGCA_Basal,Basal,0
M5_ATTGATGAACCAAC_Ciliated,Ciliated,294
M5_ATTGTAGAGGGAGT_Club,Club,6
M5_CAACCAGAACGCTA_Club,Club,10
M5_CAAGTCGAAACGAA_Ciliated,Ciliated,9
M5_CAAGTCGATTTCAC_Ciliated,Ciliated,9
M5_CAAGTTCTTGTGAC_Basal,Basal,2
M5_CAATAATGTCGTGA_Basal,Basal,13
M5_CACCACTGGTGCTA_Basal,Basal,0
M5_CACTTTGAGGAACG_Club,Club,13
M5_CAGACATGGTCTTT_Basal,Basal,0
M5_CAGCGGACTTGACG_Club,Club,6
M5_CAGGCCGAAAACAG_Club,Club,6
M5_CAGGTTGACGACAT_Basal,Basal,0
M5_CATACTTGTTGCTT_Club,Club,10
M5_CATAGTCTAAACGA_Club,Club,6
M5_CATCAACTATGGTC_Basal,Basal,2
M5_CATCAGGAAGTACC_Basal,Basal,0
M5_CATCATACTCGCTC_Basal,Basal,0
M5_CATCCCGATCCTTA_Basal,Basal,0
M5_CATGCCACCCGCTT_Neuroendocrine,Neuroendocrine,25
M5_CATTTGACCCCTTG_Basal,Basal,0
M5_CCAAAGTGTATCGG_Basal,Basal,2
M5_CCAAGAACCAATCG_Neuroendocrine,Neuroendocrine,19
M5_CCAAGATGCGAGAG_Basal,Basal,0
M5_CCAAGTGATCTCAT_Basal,Basal,2
M5_CCACTGTGAAGTAG_Basal,Basal,2
M5_CCAGACCTCGTTAG_Ciliated,Ciliated,9
M5_CCCTAGTGGACGAG_Neuroendocrine,Neuroendocrine,19
M5_CCGACTACCAAGCT_Basal,Basal,7
M5_CCTCGAACTTGTGG_Basal,Basal,2
M5_CCTCTACTTGCTTT_Basal,Basal,0
M5_CCTGACTGGATGAA_Club,Club,6
M5_CGAAGGGAGTACGT_Basal,Basal,0
M5_CGACTCTGTCGCTC_Basal,Basal,2
M5_CGACTGCTTAGAGA_Ciliated,Ciliated,9
M5_CGATAGACACTCTT_Ciliated,Ciliated,22
M5_CGATCAGATTCGTT_Basal,Basal,0
M5_CGCACTTGACGCAT_Basal,Basal,2
M5_CGCACTTGTTCCCG_Basal,Basal,2
M5_CGCATAGATGAGCT_Basal,Basal,0
M5_CGCCATTGACCAAC_Basal,Basal,0
M5_CGCCGAGATGCAGT_Ciliated,Ciliated,9
M5_CGCGATCTCTTCGC_Club,Club,6
M5_CGCTACTGGGAGTG_Basal,Basal,0
M5_CGGAATTGCATTTC_Basal,Basal,0
M5_CGGATATGATCTTC_Basal,Basal,0
M5_CGGTAAACAACGGG_Basal,Basal,4
M5_CGTACAGAAAACAG_Basal,Basal,5
M5_CGTGAAACAGATCC_Basal,Basal,0
M5_CGTTAACTCTACGA_Basal,Basal,2
M5_CGTTAGGAAGGAGC_Basal,Basal,0
M5_CGTTATACCGAGTT_Basal,Basal,38
M5_CTAAACCTTGCGTA_Basal,Basal,0
M5_CTAACGGAACGGAG_Club,Club,13
M5_CTAAGGACTACTGG_Basal,Basal,2
M5_CTACGCACCTTCGC_Basal,Basal,0
M5_CTAGATCTTCTTAC_Basal,Basal,16
M5_CTATAGCTTGGTGT_Club,Club,295
M5_CTATCAACATAAGG_Basal,Basal,0
M5_CTATGACTCAGCTA_Ciliated,Ciliated,9
M5_CTCAATTGTAACGC_Ciliated,Ciliated,9
M5_CTCAGCTGTTTCAC_Club,Club,10
M5_CTCCATCTACAGTC_Tuft,Tuft,17
M5_CTCGAAGAGACAAA_Basal,Basal,16
M5_CTCGCATGCTGATG_Basal,Basal,0
M5_CTCTAAACACGTGT_Basal,Basal,0
M5_CTCTAATGGGGAGT_Basal,Basal,2
M5_CTGAATCTATCGAC_Basal,Basal,0
M5_CTTAACACAACGTC_Basal,Basal,0
M5_CTTAACACTGACAC_Club,Club,2
M5_CTTAACACTGTCTT_Basal,Basal,0
M5_CTTACTGACAGGAG_Basal,Basal,296
M5_CTTAGACTGTTACG_Basal,Basal,297
M5_CTTGATTGTCTCCG_Basal,Basal,0
M5_CTTTACGAACCTAG_Ciliated,Ciliated,9
M5_CTTTCAGATAGCCA_Basal,Basal,0
M5_GAAACCTGTGCACA_Basal,Basal,0
M5_GAAGCGGAACGTGT_Basal,Basal,0
M5_GAAGGTCTTGCATG_Basal,Basal,0
M5_GAAGTAGAACCATG_Basal,Basal,2
M5_GAAGTCTGACCGAT_Basal,Basal,0
M5_GACAGGGAAGAATG_Basal,Basal,0
M5_GACAGTTGCGCCTT_Basal,Basal,0
M5_GACCTAGAGTCAAC_Basal,Basal,2
M5_GACTGATGGTTAGC_Ciliated,Ciliated,28
M5_GAGAGGTGCACAAC_Basal,Basal,0
M5_GAGAGGTGGAGCAG_Basal,Basal,2
M5_GAGGATCTTCGTTT_Basal,Basal,0
M5_GAGGCCACGAATCC_Club,Club,10
M5_GAGGCCACTGTGCA_Basal,Basal,0
M5_GAGGGTGACGGTAT_Basal,Basal,32
M5_GAGTAAGACCTCAC_Basal,Basal,0
M5_GAGTCTGACTGATG_Tuft,Tuft,17
M5_GAGTGTTGTCCGTC_Basal,Basal,38
M5_GATACTCTTCCTAT_Ciliated,Ciliated,9
M5_GATAGCACTCTGGA_Goblet,Goblet,18
M5_GATCATCTAAGAAC_Ciliated,Ciliated,21
M5_GATCATCTCGACAT_Basal,Basal,2
M5_GATCATCTTTCTCA_Basal,Basal,0
M5_GATGCAACGAAAGT_Basal,Basal,0
M5_GATGCATGAGTTCG_Club,Club,10
M5_GATTGGACTTTGGG_Ciliated,Ciliated,9
M5_GATTGGTGGCTACA_Club,Club,6
M5_GCAAACTGTGCTTT_Basal,Basal,0
M5_GCAGCCGATACGAC_Basal,Basal,2
M5_GCAGTCCTTGTCGA_Basal,Basal,16
M5_GCAGTTGATCGTTT_Basal,Basal,0
M5_GCCAACCTCGTAGT_Neuroendocrine,Neuroendocrine,19
M5_GCCCATACAGCCAT_Basal,Basal,2
M5_GCGACTCTTGCTTT_Basal,Basal,0
M5_GCGCACGATCCGTC_Club,Club,6
M5_GCGGACTGTGCAGT_Basal,Basal,0
M5_GCGGAGCTCGCAAT_Club,Club,6
M5_GGACGCTGACTGGT_Basal,Basal,0
M5_GGACGCTGTTTGTC_Ciliated,Ciliated,77
M5_GGAGGTGAGTAGCT_Basal,Basal,0
M5_GGAGTTTGCTGACA_Basal,Basal,0
M5_GGAGTTTGGAATAG_Basal,Basal,1
M5_GGCAAGGAACTGGT_Basal,Basal,0
M5_GGCACGTGACCTTT_Basal,Basal,0
M5_GGCCAGACTCTATC_Ciliated,Ciliated,9
M5_GGCCGAACTAGAAG_Club,Club,6
M5_GGCCGAACTTCTTG_Ciliated,Ciliated,298
M5_GGCTCACTTTCGCC_Basal,Basal,299
M5_GGGCACACGGAGGT_Club,Club,6
M5_GGGTAACTTGTGCA_Basal,Basal,2
M5_GGGTTAACACTTTC_Club,Club,6
M5_GGTACAACGCGTTA_Club,Club,6
M5_GGTCAAACGAGGCA_Basal,Basal,2
M5_GTAAGCACCTGAAC_Basal,Basal,2
M5_GTAATAACCAATCG_Basal,Basal,0
M5_GTACCCTGGACGAG_Basal,Basal,0
M5_GTACTACTTGGAAA_Basal,Basal,0
M5_GTACTTTGCCAGTA_Basal,Basal,0
M5_GTAGTGTGAAACAG_Ciliated,Ciliated,9
M5_GTCCACACGTAGGG_Basal,Basal,0
M5_GTCCACTGCGAATC_Basal,Basal,1
M5_GTCGACCTTCCTCG_Neuroendocrine,Neuroendocrine,19
M5_GTGAACACCTAGAC_Ciliated,Ciliated,9
M5_GTGATGACGAAAGT_Basal,Basal,0
M5_GTTATAGAGAGGCA_Basal,Basal,0
M5_GTTGACGAGGCGAA_Ciliated,Ciliated,9
M5_TAAACAACGCATAC_Basal,Basal,0
M5_TAAACAACGGAAGC_Neuroendocrine,Neuroendocrine,19
M5_TAACTCACGAACTC_Basal,Basal,16
M5_TACATCACGGAACG_Basal,Basal,0
M5_TACGAGACGGTTCA_Basal,Basal,0
M5_TACGTTACACACGT_Club,Club,6
M5_TACTACTGCCAACA_Neuroendocrine,Neuroendocrine,27
M5_TACTTGACGTCTGA_Club,Club,6
M5_TAGAATTGTGTAGC_Ciliated,Ciliated,21
M5_TAGAGCACTACGAC_Basal,Basal,0
M5_TAGATCCTTGTGCA_Ciliated,Ciliated,9
M5_TAGCATCTAGAGGC_Club,Club,6
M5_TAGCATCTCCATGA_Basal,Basal,4
M5_TAGCCCACCATACG_Club,Club,300
M5_TAGCGATGGGAGTG_Basal,Basal,0
M5_TAGCTACTACAGCT_Ciliated,Ciliated,9
M5_TAGGCAACCCTTGC_Club,Club,10
M5_TAGGTCGATTGACG_Basal,Basal,0
M5_TATAAGTGATCTTC_Basal,Basal,0
M5_TATGAATGTTAGGC_Ciliated,Ciliated,9
M5_TATGTCTGTTCGCC_Basal,Basal,16
M5_TCAATAGAAGGTTC_Basal,Basal,2
M5_TCACAACTGTTGCA_Basal,Basal,0
M5_TCAGTTACGAGCTT_Club,Club,10
M5_TCAGTTACGGGTGA_Club,Club,6
M5_TCCACGTGACTGTG_Club,Club,10
M5_TCCATCCTCTAAGC_Basal,Basal,0
M5_TCCATCCTGCTAAC_Club,Club,6
M5_TCCCACGAAACCGT_Basal,Basal,0
M5_TCCCACGAATTGGC_Ciliated,Ciliated,9
M5_TCGCAGCTGTTGGT_Ciliated,Ciliated,74
M5_TCGCCATGTTAGGC_Basal,Basal,2
M5_TCGGCACTCGTACA_Basal,Basal,0
M5_TCTAAGCTTTCGGA_Neuroendocrine,Neuroendocrine,19
M5_TCTAGACTGTTAGC_Neuroendocrine,Neuroendocrine,19
M5_TCTCCACTTATCGG_Ciliated,Ciliated,9
M5_TCTCTAGATGTGAC_Goblet,Goblet,6
M5_TCTTGATGCGAACT_Basal,Basal,0
M5_TGACGAACTCCTAT_Ciliated,Ciliated,9
M5_TGAGACACGGAACG_Basal,Basal,0
M5_TGAGTCGAGCGAGA_Basal,Basal,0
M5_TGATATGAACCAAC_Basal,Basal,0
M5_TGATCGGACAAGCT_Basal,Basal,16
M5_TGCAAGTGTGTTCT_Ciliated,Ciliated,9
M5_TGCTAGGACAGCTA_Basal,Basal,0
M5_TGGAAGCTAAGCAA_Basal,Basal,2
M5_TGGAAGCTCGGAGA_Basal,Basal,2
M5_TGGATGACATCGAC_Neuroendocrine,Neuroendocrine,19
M5_TGGATTCTCTACTT_Club,Club,6
M5_TGGCAATGTCACGA_Basal,Basal,0
M5_TGGTAGACCTTATC_Ciliated,Ciliated,9
M5_TGGTTACTCCTCCA_Basal,Basal,301
M5_TGTAAAACTTACCT_Neuroendocrine,Neuroendocrine,19
M5_TGTAACCTAAGATG_Basal,Basal,0
M5_TGTAACCTTTCTCA_Ciliated,Ciliated,9
M5_TGTCAGGAGTATGC_Club,Club,0
M5_TTAGACCTTTGACG_Basal,Basal,0
M5_TTAGGTCTGGATCT_Basal,Basal,0
M5_TTAGTCACCGCAAT_Club,Club,6
M5_TTCAAGCTCATCAG_Club,Club,302
M5_TTCATCGACCTTGC_Ciliated,Ciliated,9
M5_TTGAACCTACCCTC_Basal,Basal,303
M5_TTGAACCTCAGAGG_Basal,Basal,0
M5_TTGCATTGACCTAG_Basal,Basal,0
M5_TTGGAGACAGATCC_Basal,Basal,0
M5_TTGGAGACCCTTGC_Basal,Basal,1
M5_TTGGAGACTCTCTA_Basal,Basal,2
M5_TTGGAGTGATCTCT_Basal,Basal,0
M5_TTGTCATGGGACTT_Club,Club,304
M5_TTTCGAACTATCGG_Basal,Basal,0
M5_TTTGCATGGAGAGC_Club,Club,6
M6_AAACTTGACCTGAA_Club,Club,2
M6_AAAGACGAGGATTC_Basal,Basal,0
M6_AAAGGCCTCCGTAA_Basal,Basal,2
M6_AAATCCCTTCGCCT_Basal,Basal,2
M6_AAATCTGAGAACTC_Basal,Basal,4
M6_AAATCTGAGTGTTG_Ciliated,Ciliated,9
M6_AAATCTGATCATTC_Basal,Basal,38
M6_AAATGTTGTAAAGG_Ciliated,Ciliated,305
M6_AACCAGTGGGACAG_Ciliated,Ciliated,9
M6_AACCTTACCACTAG_Ciliated,Ciliated,9
M6_AACCTTACTTCCCG_Basal,Basal,2
M6_AACCTTTGGGAGTG_Basal,Basal,4
M6_AACGCAACGCATAC_Basal,Basal,0
M6_AACGCATGTATTCC_Basal,Basal,2
M6_AACTCGGAACGTGT_Basal,Basal,2
M6_AACTCGGAAGGGTG_Basal,Basal,0
M6_AACTCTTGATGCCA_Basal,Basal,0
M6_AACTGTCTTGAAGA_Ciliated,Ciliated,9
M6_AAGATGGAAACCAC_Ciliated,Ciliated,9
M6_AAGCAAGAGCCTTC_Basal,Basal,2
M6_AAGCCAACCTCCAC_Basal,Basal,7
M6_AAGGTCTGCATACG_Neuroendocrine,Neuroendocrine,19
M6_AAGTAACTATGCCA_Basal,Basal,2
M6_AAGTGCACTCGTTT_Basal,Basal,0
M6_AATAGGGATACTTC_Basal,Basal,0
M6_AATCCTACACGACT_Basal,Basal,2
M6_AATCGGTGTCCCGT_Basal,Basal,16
M6_AATGGCTGCGTCTC_Basal,Basal,0
M6_AATTACGACGTTGA_Ciliated,Ciliated,9
M6_AATTACGACTAGAC_Basal,Basal,0
M6_AATTACGATGAACC_Basal,Basal,7
M6_AATTGATGGAAAGT_Basal,Basal,2
M6_ACAAAGGAACACGT_Basal,Basal,2
M6_ACAAATTGAGTAGA_Ionocyte,Ionocyte,306
M6_ACAAGAGAGTACGT_Club,Club,6
M6_ACAATAACTGGCAT_Basal,Basal,1
M6_ACAATCCTTGTCTT_Basal,Basal,2
M6_ACACCAGATTGCAG_Basal,Basal,0
M6_ACACCCTGCTTCCG_Club,Club,10
M6_ACACGATGTCTACT_Club,Club,14
M6_ACAGACACGGTAGG_Ciliated,Ciliated,9
M6_ACAGTTCTTGTGCA_Club,Club,10
M6_ACATACCTGAGATA_Basal,Basal,0
M6_ACATACCTGCGGAA_Basal,Basal,2
M6_ACATACCTTTCCGC_Club,Club,24
M6_ACATCACTGTTTCT_Ciliated,Ciliated,21
M6_ACCATTACCCATAG_Basal,Basal,2
M6_ACCCAGCTGGAAAT_Basal,Basal,1
M6_ACCTGGCTAGTCGT_Basal,Basal,0
M6_ACGAACTGACTCAG_Basal,Basal,7
M6_ACGAACTGGTTGCA_Basal,Basal,0
M6_ACGACCCTTGATGC_Basal,Basal,2
M6_ACGCCACTGGTATC_Club,Club,10
M6_ACGCTCACGGAACG_Ciliated,Ciliated,9
M6_ACGCTGCTAAGGCG_Basal,Basal,0
M6_ACGGAACTTCGCAA_Basal,Basal,0
M6_ACGGAGGAGTTGAC_Basal,Basal,0
M6_ACGGTATGCACCAA_Basal,Basal,0
M6_ACGTAGACACGACT_Basal,Basal,2
M6_ACGTCGCTTAAAGG_Basal,Basal,2
M6_ACGTGATGCTGGTA_Club,Club,6
M6_ACGTGCCTGCCTTC_Club,Club,6
M6_ACGTTGGAACACCA_Ciliated,Ciliated,9
M6_ACTAGGTGAACCAC_Ciliated,Ciliated,9
M6_ACTGCCACGGACTT_Basal,Basal,5
M6_ACTGCCTGTGCCAA_Basal,Basal,0
M6_ACTGTTACGCCCTT_Basal,Basal,0
M6_ACTTAAGACGGTAT_Basal,Basal,0
M6_ACTTCAACCCACCT_Ciliated,Ciliated,9
M6_AGAAAGTGTCGATG_Club,Club,6
M6_AGAATACTAGTAGA_Basal,Basal,0
M6_AGAATACTTGTAGC_Club,Club,1
M6_AGAATTTGCGATAC_Ciliated,Ciliated,9
M6_AGACCTGAAGTCAC_Basal,Basal,0
M6_AGACCTGATGTCGA_Basal,Basal,2
M6_AGACGTACTGCATG_Basal,Basal,0
M6_AGAGCTACGATAGA_Basal,Basal,2
M6_AGAGTCTGCTTAGG_Basal,Basal,0
M6_AGATTAACTTTCGT_Basal,Basal,0
M6_AGCAAGCTATGTGC_Club,Club,13
M6_AGCACAACTCTTCA_Basal,Basal,0
M6_AGCATCGAAACCAC_Basal,Basal,0
M6_AGCATTCTGGCAAG_Club,Club,5
M6_AGCCGGACGGGAGT_Club,Club,6
M6_AGCGATTGCGTTGA_Basal,Basal,2
M6_AGCGCCGATGAGAA_Basal,Basal,7
M6_AGGAAATGTGAGCT_Basal,Basal,0
M6_AGGAACCTAAGAAC_Club,Club,6
M6_AGGACTTGAAAGTG_Basal,Basal,0
M6_AGGAGTCTTAGCCA_Basal,Basal,1
M6_AGGGCGCTCGTGAT_Club,Club,6
M6_AGGGCGCTGTCGTA_Basal,Basal,2
M6_AGTAATACCCTTAT_Basal,Basal,0
M6_AGTACGTGACTACG_Ciliated,Ciliated,9
M6_AGTATAACGCATCA_Basal,Basal,1
M6_AGTCACGATCCGTC_Basal,Basal,0
M6_AGTTATGAATTTCC_Ciliated,Ciliated,9
M6_AGTTTAGATCAAGC_Basal,Basal,0
M6_ATAAACACCATTGG_Basal,Basal,2
M6_ATAAACACGGAAAT_Basal,Basal,0
M6_ATAACAACCTAGAC_Ciliated,Ciliated,9
M6_ATAATCGATTTCGT_Basal,Basal,4
M6_ATACAATGACCAGT_Basal,Basal,0
M6_ATACAATGTGTCTT_Basal,Basal,0
M6_ATACCACTGTTCTT_Club,Club,14
M6_ATACCGGACCTTTA_Basal,Basal,2
M6_ATAGATTGGTACAC_Club,Club,2
M6_ATAGCGTGAAGCAA_Basal,Basal,0
M6_ATATACGATCTACT_Ciliated,Ciliated,21
M6_ATCACGGAGAATCC_Basal,Basal,2
M6_ATCCATACCCGCTT_Basal,Basal,2
M6_ATCCATACTCAGTG_Ciliated,Ciliated,9
M6_ATCCGCACATCACG_Basal,Basal,0
M6_ATCGACGAACCCAA_Basal,Basal,0
M6_ATCGCCACCGACTA_Neuroendocrine,Neuroendocrine,19
M6_ATCGCCTGTGGATC_Basal,Basal,2
M6_ATCGGAACCGTCTC_Basal,Basal,75
M6_ATCGTTTGCTACCC_Basal,Basal,2
M6_ATCTTTCTAGCACT_Neuroendocrine,Neuroendocrine,27
M6_ATCTTTCTCGAATC_Basal,Basal,0
M6_ATGAAGGAGTTTCT_Basal,Basal,0
M6_ATGAAGGATAGAAG_Basal,Basal,0
M6_ATGCTTTGATTCTC_Neuroendocrine,Neuroendocrine,19
M6_ATGCTTTGCGACAT_Basal,Basal,7
M6_ATGTACCTTAGAGA_Basal,Basal,2
M6_ATGTCGGAACCTGA_Basal,Basal,0
M6_ATGTCGGACTGAGT_Ciliated,Ciliated,21
M6_ATGTCGGAGGATTC_Ciliated,Ciliated,9
M6_ATGTTAGAATCACG_Ciliated,Ciliated,21
M6_ATGTTCACGATACC_Ciliated,Ciliated,9
M6_ATTAACGATTCTCA_Ciliated,Ciliated,9
M6_ATTACCTGCTTCGC_Tuft,Tuft,0
M6_ATTCGACTAGTCAC_Club,Club,10
M6_ATTCGACTGCCCTT_Basal,Basal,0
M6_ATTCGACTGCTCCT_Basal,Basal,307
M6_ATTCGGGATGATGC_Club,Club,10
M6_ATTCTTCTATTGGC_Ciliated,Ciliated,9
M6_ATTGAATGGTCGTA_Basal,Basal,0
M6_ATTGCTACAGGTCT_Basal,Basal,0
M6_ATTTAGGATGGCAT_Basal,Basal,0
M6_CAAAGCACGGTGTT_Ciliated,Ciliated,9
M6_CAAAGCTGTGCAGT_Tuft,Tuft,2
M6_CAACCAGAACCTTT_Basal,Basal,2
M6_CAACGTGAGGGCAA_Basal,Basal,0
M6_CAAGAAGAAACCTG_Basal,Basal,0
M6_CAAGACTGCATGCA_Basal,Basal,75
M6_CAAGACTGCTCGAA_Club,Club,24
M6_CAAGCATGGTTGTG_Basal,Basal,32
M6_CAAGCTGAGTTGCA_Basal,Basal,0
M6_CAAGCTGAGTTGGT_Basal,Basal,2
M6_CAAGGACTGGCAAG_Club,Club,10
M6_CAATATGAGCAGTT_Basal,Basal,2
M6_CAATATGATAGCCA_Basal,Basal,2
M6_CAATGGACGGTAGG_Basal,Basal,2
M6_CACAGAACACCTGA_Basal,Basal,0
M6_CACCCATGTTGAGC_Basal,Basal,0
M6_CACCGGGATTTACC_Club,Club,6
M6_CACCGTTGCTTCGC_Ionocyte,Ionocyte,2
M6_CACGCTACGGAAAT_Basal,Basal,2
M6_CACTCCGAACCAAC_Basal,Basal,0
M6_CACTCCGATACTTC_Club,Club,6
M6_CACTGAGATTTCTG_Basal,Basal,0
M6_CACTGCACACGTAC_Basal,Basal,1
M6_CAGACCCTGGTACT_Neuroendocrine,Neuroendocrine,19
M6_CAGCATGACTTCTA_Basal,Basal,2
M6_CAGCCTACCCACAA_Basal,Basal,2
M6_CAGCGGACCCGTAA_Basal,Basal,0
M6_CAGGAACTGAATCC_Basal,Basal,0
M6_CAGGAACTGCGTTA_Club,Club,2
M6_CAGTCAGACGAGAG_Basal,Basal,2
M6_CAGTGATGACCAGT_Basal,Basal,2
M6_CAGTGATGCACTGA_Basal,Basal,0
M6_CAGTGTGAACGTTG_Basal,Basal,76
M6_CAGTTGGAGACGAG_Basal,Basal,2
M6_CAGTTGGAGCTTCC_Basal,Basal,0
M6_CAGTTTACCGACAT_Basal,Basal,0
M6_CATACTACACCCTC_Basal,Basal,0
M6_CATAGTCTCCGAAT_Basal,Basal,0
M6_CATCAACTCTGCAA_Basal,Basal,0
M6_CATCCCGAAGCAAA_Basal,Basal,2
M6_CATCGGCTAACAGA_Ciliated,Ciliated,9
M6_CATGAGACGCGGAA_Goblet,Goblet,6
M6_CATGCGCTGTTCTT_Basal,Basal,2
M6_CATGGCCTCGACAT_Neuroendocrine,Neuroendocrine,19
M6_CATGTACTAAACAG_Basal,Basal,0
M6_CATTAGCTAAAAGC_Club,Club,6
M6_CATTGGGACTGGAT_Basal,Basal,2
M6_CATTGTTGTACGAC_Basal,Basal,2
M6_CATTTCGAAAACGA_Basal,Basal,2
M6_CATTTGACCTTCTA_Basal,Basal,7
M6_CCAAGTGACAAGCT_Club,Club,6
M6_CCAAGTGATTCGGA_Basal,Basal,0
M6_CCAATGGAGTACGT_Basal,Basal,0
M6_CCAATTTGACTCAG_Ciliated,Ciliated,9
M6_CCACCATGTCTAGG_Ciliated,Ciliated,21
M6_CCACGGGAAACGAA_Club,Club,23
M6_CCACGGGAACACCA_Basal,Basal,0
M6_CCACTGACGGTTTG_Basal,Basal,0
M6_CCACTGTGATGTGC_Basal,Basal,0
M6_CCAGCACTGTTGCA_Basal,Basal,4
M6_CCAGGTCTGGTTAC_Basal,Basal,0
M6_CCATATACAGATGA_Basal,Basal,2
M6_CCATATACTGAGGG_Basal,Basal,0
M6_CCATGCTGAGATGA_Ciliated,Ciliated,9
M6_CCCGGAGATTGTCT_Basal,Basal,0
M6_CCCTCAGACATTCT_Basal,Basal,0
M6_CCCTGATGAAAGCA_Basal,Basal,2
M6_CCCTGATGTGCCTC_Ciliated,Ciliated,9
M6_CCGAAAACGAATGA_Basal,Basal,7
M6_CCGAAAACTCGCTC_Basal,Basal,2
M6_CCGACTACTTCTCA_Basal,Basal,7
M6_CCGTACACCTGTGA_Basal,Basal,0
M6_CCTAAGGAATTGGC_Basal,Basal,0
M6_CCTAAGGATCGCCT_Basal,Basal,0
M6_CCTACCGAACCAGT_Basal,Basal,0
M6_CCTAGAGATGCGTA_Basal,Basal,2
M6_CCTATAACGGAGCA_Ciliated,Ciliated,9
M6_CCTATAACTGCACA_Basal,Basal,0
M6_CCTGAGCTGTCATG_Ciliated,Ciliated,9
M6_CCTGAGCTTTCGCC_Ciliated,Ciliated,22
M6_CCTTTAGAGCTCCT_Basal,Basal,4
M6_CGAAGACTCCTTTA_Ciliated,Ciliated,9
M6_CGAGAACTCCGTAA_Neuroendocrine,Neuroendocrine,19
M6_CGAGATTGCTTGTT_Ciliated,Ciliated,9
M6_CGAGGCACCCATGA_Basal,Basal,0
M6_CGCACTTGTTACTC_Basal,Basal,4
M6_CGCTCATGGGTACT_Club,Club,14
M6_CGGAATTGAGTCTG_Ciliated,Ciliated,9
M6_CGGACCGAGAGGCA_Ciliated,Ciliated,9
M6_CGGCACGAACCATG_Basal,Basal,4
M6_CGGCACGAGCTACA_Basal,Basal,2
M6_CGGCGATGACGGTT_Basal,Basal,2
M6_CGGCGATGACTGTG_Basal,Basal,2
M6_CGGCGATGTGGTGT_Basal,Basal,0
M6_CGGTACCTTCTAGG_Club,Club,10
M6_CGTAACGAACTCAG_Basal,Basal,0
M6_CGTAGCCTTCCCGT_Ciliated,Ciliated,9
M6_CGTCGACTTGGAAA_Basal,Basal,2
M6_CGTTAACTCTTCTA_Basal,Basal,2
M6_CGTTATACTCTACT_Basal,Basal,2
M6_CTAAACCTTCCTAT_Club,Club,0
M6_CTAACTACCGAACT_Basal,Basal,2
M6_CTAAGGTGCTACGA_Ciliated,Ciliated,21
M6_CTACGCACAGTAGA_Basal,Basal,0
M6_CTACGCACCCCGTT_Tuft,Tuft,6
M6_CTACGCACCGCATA_Basal,Basal,7
M6_CTACTCCTTGTGAC_Basal,Basal,2
M6_CTATAAGACTCCAC_Basal,Basal,0
M6_CTATACTGCCGAAT_Basal,Basal,308
M6_CTATCCCTGTAAGA_Basal,Basal,0
M6_CTCAATTGCTATTC_Basal,Basal,0
M6_CTCATTGAACGTAC_Basal,Basal,1
M6_CTCCATCTGCTGAT_Neuroendocrine,Neuroendocrine,27
M6_CTCCTACTAAGGGC_Basal,Basal,0
M6_CTCGACTGATTGGC_Club,Club,10
M6_CTGAAGTGTCACCC_Basal,Basal,0
M6_CTGATACTCATTGG_Club,Club,6
M6_CTGCAGCTCGCTAA_Basal,Basal,0
M6_CTGCCAACATGACC_Basal,Basal,0
M6_CTGTATACTCATTC_Basal,Basal,0
M6_CTGTATACTGTAGC_Basal,Basal,0
M6_CTTAAAGAAAGCAA_Basal,Basal,1
M6_CTTAAAGAGCTTCC_Basal,Basal,0
M6_CTTAAAGATCGATG_Basal,Basal,0
M6_CTTAAGCTGGCATT_Basal,Basal,0
M6_CTTAGACTACGTAC_Basal,Basal,7
M6_CTTATCGAGTTGCA_Basal,Basal,0
M6_CTTGAACTTGGCAT_Ciliated,Ciliated,9
M6_CTTGAGGACGCTAA_Basal,Basal,2
M6_CTTGATTGGATACC_Basal,Basal,0
M6_CTTTAGTGTCGATG_Basal,Basal,0
M6_GAAAGCCTCTCAGA_Basal,Basal,2
M6_GAAATACTGTTACG_Basal,Basal,0
M6_GAACACACACTCAG_Club,Club,6
M6_GAACCAACACGACT_Ciliated,Ciliated,9
M6_GAAGAATGCGGTAT_Basal,Basal,0
M6_GAAGAATGTCTCCG_Basal,Basal,0
M6_GAAGATGAGCGAAG_Basal,Basal,0
M6_GAAGCGGACGTTAG_Basal,Basal,0
M6_GAAGCTACTGAGCT_Basal,Basal,2
M6_GAAGGTCTGCCTTC_Basal,Basal,7
M6_GAATGCACTTGTGG_Ciliated,Ciliated,9
M6_GAATGGCTCTCAAG_Ciliated,Ciliated,9
M6_GACAACACTGACAC_Club,Club,39
M6_GACAACTGCACTTT_Ciliated,Ciliated,21
M6_GACAGTTGTACGCA_Basal,Basal,0
M6_GACCAAACTTTCAC_Basal,Basal,2
M6_GACCTCACGCAGAG_Club,Club,6
M6_GACGATTGTCGCCT_Basal,Basal,0
M6_GACTTTACCAGATC_Basal,Basal,2
M6_GAGATAGAATCTTC_Basal,Basal,2
M6_GAGATCACTTTGTC_Basal,Basal,0
M6_GAGCGCTGAAGGCG_Basal,Basal,1
M6_GAGCGCTGTACAGC_Basal,Basal,2
M6_GAGCGGCTTCCCAC_Ciliated,Ciliated,9
M6_GAGTAAGAGATACC_Basal,Basal,2
M6_GAGTCAACAGTTCG_Basal,Basal,0
M6_GAGTGACTCAGAAA_Basal,Basal,1
M6_GAGTGGGAGCCAAT_Basal,Basal,7
M6_GAGTTGTGTTGCTT_Basal,Basal,0
M6_GATAAGGAAAGTAG_Neuroendocrine,Neuroendocrine,19
M6_GATAATACCTAGCA_Club,Club,10
M6_GATAGCACGGGATG_Basal,Basal,2
M6_GATATCCTACGTAC_Basal,Basal,0
M6_GATATTGAATTCGG_Basal,Basal,0
M6_GATCCGCTAACGGG_Club,Club,10
M6_GATGCAACTTCCGC_Ciliated,Ciliated,21
M6_GATGCATGCATCAG_Basal,Basal,0
M6_GATGCATGTTCTTG_Basal,Basal,2
M6_GATTACCTCTACCC_Basal,Basal,0
M6_GATTCTACTGGTTG_Basal,Basal,0
M6_GATTTAGAGCCTTC_Basal,Basal,2
M6_GCAACCCTACAGCT_Basal,Basal,1
M6_GCAACCCTGCAAGG_Basal,Basal,0
M6_GCAACCCTTTCTGT_Basal,Basal,7
M6_GCACACCTTTCATC_Basal,Basal,0
M6_GCACGTCTGTTACG_Basal,Basal,0
M6_GCACTGCTCTGGAT_Ciliated,Ciliated,9
M6_GCAGATACCAACCA_Basal,Basal,0
M6_GCAGGCACCACTAG_Basal,Basal,2
M6_GCAGTCCTCTCCCA_Basal,Basal,2
M6_GCCAAAACCTTGTT_Basal,Basal,7
M6_GCCATGCTGGTCTA_Club,Club,10
M6_GCCCAACTGCCTTC_Basal,Basal,7
M6_GCCCATACGGACGA_Basal,Basal,4
M6_GCCGGAACTCTCTA_Club,Club,10
M6_GCCGTACTGATGAA_Basal,Basal,5
M6_GCCTCAACGAGGAC_Basal,Basal,1
M6_GCCTGACTACCAAC_Basal,Basal,0
M6_GCGAAGGAACTGGT_Tuft,Tuft,309
M6_GCGACTCTCGGAGA_Basal,Basal,2
M6_GCGCATCTTTTGTC_Ciliated,Ciliated,21
M6_GCGCGATGCTTGTT_Basal,Basal,310
M6_GCGGCAACACGCTA_Ciliated,Ciliated,9
M6_GCGGGACTGTGAGG_Basal,Basal,4
M6_GCGTAAACTAACCG_Basal,Basal,0
M6_GCGTACCTTTTGGG_Basal,Basal,0
M6_GCTACAGACCGATA_Basal,Basal,2
M6_GCTAGAACCCCAAA_Basal,Basal,311
M6_GCTATACTTCTCAT_Basal,Basal,2
M6_GGAATCTGTCAGTG_Basal,Basal,2
M6_GGACAACTGGTATC_Basal,Basal,2
M6_GGACAGGAAGCTCA_Club,Club,23
M6_GGACATTGCGAATC_Basal,Basal,2
M6_GGAGAGACGGATCT_Basal,Basal,0
M6_GGAGCAGAAAGTGA_Ciliated,Ciliated,21
M6_GGAGCCACATAAGG_Basal,Basal,0
M6_GGATACTGTTGACG_Basal,Basal,2
M6_GGATGTACTGAGCT_Basal,Basal,2
M6_GGATGTTGCAAGCT_Basal,Basal,0
M6_GGATGTTGTGCACA_Basal,Basal,1
M6_GGATTTCTCCGATA_Ciliated,Ciliated,9
M6_GGCAAGGAAGAGTA_Basal,Basal,2
M6_GGCAATACAAGGTA_Basal,Basal,0
M6_GGCACGTGCCACCT_Club,Club,10
M6_GGCCACGATGTGAC_Basal,Basal,0
M6_GGCCGAACTCACGA_Basal,Basal,0
M6_GGCGACTGCTCAGA_Basal,Basal,2
M6_GGCGGACTGACGGA_Ionocyte,Ionocyte,0
M6_GGCTAATGCTTCGC_Basal,Basal,0
M6_GGCTACCTCTGGAT_Basal,Basal,0
M6_GGCTCACTCCTCAC_Basal,Basal,0
M6_GGCTCACTCTACGA_Basal,Basal,312
M6_GGGAAGACGGTATC_Basal,Basal,313
M6_GGGAAGTGGATACC_Basal,Basal,2
M6_GGGACCACCCGTAA_Ciliated,Ciliated,9
M6_GGGACCTGAGTCTG_Club,Club,10
M6_GGGACCTGGTCAAC_Basal,Basal,7
M6_GGGCCAACCAGGAG_Basal,Basal,2
M6_GGGTTATGAGAAGT_Basal,Basal,4
M6_GGTAAAGAGGCAAG_Basal,Basal,0
M6_GGTTTACTAGTACC_Basal,Basal,2
M6_GTACAGTGAACCGT_Basal,Basal,2
M6_GTACAGTGGGAAGC_Ciliated,Ciliated,9
M6_GTACAGTGTTTCGT_Ciliated,Ciliated,9
M6_GTAGACTGTTACTC_Club,Club,314
M6_GTAGCAACCTCAGA_Ciliated,Ciliated,9
M6_GTATCACTAGTTCG_Club,Club,6
M6_GTATCACTGGATCT_Ciliated,Ciliated,52
M6_GTATCTACTGCTCC_Basal,Basal,0
M6_GTATTAGATGGCAT_Basal,Basal,4
M6_GTCAACGAACCATG_Basal,Basal,2
M6_GTCAACGACCAAGT_Basal,Basal,0
M6_GTCAATCTATTCCT_Basal,Basal,0
M6_GTCAATCTTAACCG_Basal,Basal,2
M6_GTCAATCTTAAGGA_Basal,Basal,0
M6_GTCTAGGACTCTAT_Basal,Basal,0
M6_GTGACAACTGTGGT_Basal,Basal,0
M6_GTGACCCTGCGTAT_Basal,Basal,0
M6_GTGATGACTGAGGG_Basal,Basal,0
M6_GTGCCACTACGCTA_Basal,Basal,1
M6_GTGGAGGAAAGAGT_Ciliated,Ciliated,9
M6_GTGGAGGAACGTAC_Club,Club,10
M6_GTGTCAGAAAGGGC_Basal,Basal,0
M6_GTGTCAGAACACGT_Basal,Basal,2
M6_GTGTGATGCGACAT_Ciliated,Ciliated,9
M6_GTTAACCTCCTCCA_Basal,Basal,0
M6_GTTACTACGTCATG_Basal,Basal,4
M6_GTTATCTGGTACGT_Ciliated,Ciliated,9
M6_GTTATGCTTCAGGT_Basal,Basal,16
M6_GTTGAGTGCGCTAA_Basal,Basal,2
M6_TAAACAACTCACGA_Ciliated,Ciliated,9
M6_TAACAATGTCTGGA_Basal,Basal,0
M6_TAACACCTAGTTCG_Basal,Basal,2
M6_TAACTAGAATTGGC_Basal,Basal,2
M6_TAAGCGTGAAGAAC_Basal,Basal,0
M6_TAAGGCTGAGACTC_Ciliated,Ciliated,9
M6_TAATGAACAAAGCA_Ciliated,Ciliated,9
M6_TAATGCCTGGTAGG_Club,Club,39
M6_TACACACTGCTACA_Basal,Basal,7
M6_TACACACTTTCTCA_Basal,Basal,2
M6_TACCGGCTCAGCTA_Basal,Basal,2
M6_TACGATCTCGCATA_Basal,Basal,0
M6_TACGATCTGGTACT_Basal,Basal,2
M6_TACGTACTGCATAC_Basal,Basal,315
M6_TACTCCCTGGTTTG_Basal,Basal,2
M6_TAGAATACGTAAAG_Basal,Basal,2
M6_TAGCCCACTGCCCT_Club,Club,2
M6_TAGGAGCTTCTGGA_Basal,Basal,0
M6_TAGTACCTGCGAAG_Basal,Basal,2
M6_TAGTATGAAATCGC_Basal,Basal,7
M6_TATCAAGAACCATG_Basal,Basal,2
M6_TATCAGCTTGCTAG_Ciliated,Ciliated,77
M6_TATCTCGAGAAACA_Club,Club,0
M6_TATCTGACCTTAGG_Basal,Basal,2
M6_TCAACACTTGGGAG_Basal,Basal,2
M6_TCAATAGATTACTC_Basal,Basal,2
M6_TCACAACTCCAATG_Club,Club,6
M6_TCACCTCTACGGAG_Club,Club,14
M6_TCACTATGGCTTCC_Ciliated,Ciliated,9
M6_TCAGAGACTGGTGT_Basal,Basal,7
M6_TCAGCGCTTTGCTT_Club,Club,6
M6_TCAGTACTTCAGAC_Basal,Basal,16
M6_TCATCATGCCTCAC_Basal,Basal,2
M6_TCATCCCTTCCTTA_Basal,Basal,1
M6_TCATGTACCCTCGT_Neuroendocrine,Neuroendocrine,19
M6_TCATGTACCGAATC_Basal,Basal,5
M6_TCATTGACTTCACT_Neuroendocrine,Neuroendocrine,19
M6_TCCATAACCGTGAT_Basal,Basal,2
M6_TCCCAGACAACGAA_Basal,Basal,2
M6_TCCCGATGAAAAGC_Basal,Basal,0
M6_TCCGAAGAGGCATT_Basal,Basal,0
M6_TCCTAAACACCTCC_Basal,Basal,0
M6_TCCTAAACGGTTAC_Basal,Basal,1
M6_TCCTACCTGGCATT_Basal,Basal,0
M6_TCGAGAACTTCTAC_Basal,Basal,0
M6_TCGAGCCTGTCTAG_Basal,Basal,0
M6_TCTATGTGTGACAC_Basal,Basal,7
M6_TGAAATTGTGACTG_Ciliated,Ciliated,9
M6_TGAATAACCTGATG_Basal,Basal,0
M6_TGACCAGACCTTAT_Basal,Basal,1
M6_TGACTGGACATTGG_Ciliated,Ciliated,9
M6_TGAGCAACCTATTC_Club,Club,6
M6_TGAGCAACTACTTC_Club,Club,6
M6_TGAGTCGAAGATCC_Ciliated,Ciliated,9
M6_TGAGTGACTCAGTG_Club,Club,10
M6_TGATCGGAGTACAC_Basal,Basal,0
M6_TGATTCACGCTCCT_Basal,Basal,0
M6_TGATTCTGATCGTG_Basal,Basal,316
M6_TGCAACGAGCATAC_Basal,Basal,2
M6_TGCAAGTGGTAAGA_Basal,Basal,0
M6_TGCAATCTTCCAAG_Basal,Basal,0
M6_TGCACAGATCCGTC_Basal,Basal,0
M6_TGCAGATGCTTCTA_Basal,Basal,2
M6_TGCATGGATCGCAA_Basal,Basal,0
M6_TGCGATGACTTAGG_Basal,Basal,2
M6_TGCGCACTACTCAG_Basal,Basal,0
M6_TGCGTAGATGTAGC_Basal,Basal,2
M6_TGCTGAGAATTTCC_Basal,Basal,2
M6_TGCTTAACGGTTAC_Basal,Basal,2
M6_TGGAAGCTATCTTC_Basal,Basal,4
M6_TGGACTGAAGCTCA_Basal,Basal,0
M6_TGGAGGGAACGTTG_Club,Club,6
M6_TGGATGTGAGCTAC_Neuroendocrine,Neuroendocrine,317
M6_TGGATGTGGACTAC_Basal,Basal,0
M6_TGGTAGACTGGCAT_Ciliated,Ciliated,9
M6_TGGTATCTAGCGTT_Basal,Basal,76
M6_TGGTATCTGGTTTG_Basal,Basal,0
M6_TGGTTACTCGCAAT_Club,Club,6
M6_TGGTTACTGCATAC_Ciliated,Ciliated,9
M6_TGTACTTGCAGGAG_Basal,Basal,0
M6_TGTACTTGGGTTTG_Club,Club,318
M6_TGTCAGGAAGCATC_Basal,Basal,4
M6_TGTGACGAATGGTC_Ciliated,Ciliated,9
M6_TGTGAGACAGCGTT_Basal,Basal,0
M6_TGTGAGACCATGAC_Basal,Basal,4
M6_TGTTACACTCTTAC_Ciliated,Ciliated,9
M6_TTAACCACTAGTCG_Basal,Basal,0
M6_TTACACACACTTTC_Ciliated,Ciliated,9
M6_TTACCATGTAGCGT_Club,Club,39
M6_TTAGACCTACGTAC_Basal,Basal,1
M6_TTAGCTACAAGCAA_Basal,Basal,2
M6_TTAGGGTGTGACTG_Basal,Basal,0
M6_TTATGCACAGGCGA_Basal,Basal,2
M6_TTATGGCTATTTCC_Basal,Basal,0
M6_TTCACAACCTGACA_Basal,Basal,0
M6_TTCACAACGTATCG_Basal,Basal,16
M6_TTCAGACTCGCCTT_Ciliated,Ciliated,21
M6_TTCATCGAAGAGAT_Basal,Basal,319
M6_TTCATGACACCCTC_Ciliated,Ciliated,9
M6_TTCATGACATGGTC_Basal,Basal,2
M6_TTCATGTGCGAATC_Basal,Basal,2
M6_TTCCAAACATGCCA_Basal,Basal,7
M6_TTCGATTGTTTACC_Basal,Basal,7
