cell_id,umap_1,umap_2,cell_type,rc.cluster_init
M1_GCTTGAGAAGTCGT_Club,3.9271243,11.120055,Club,12
M1_GGAACACTTTCGTT_Club,5.6334324,5.2160597,Club,8
M1_GGAATGCTTCGACA_Club,5.4016767,6.9706326,Club,3
M1_GGACAACTCTGAGT_Basal,3.7693002,8.28347,Basal,13
M1_GGACAACTTCGCTC_Club,5.2208023,5.6316595,Club,3
M1_GGACATTGTCTGGA_Club,5.358492,9.568487,Club,12
M1_GGACCCGAAGAGTA_Club,4.5986333,4.4733453,Club,8
M1_GGACCTCTGGTTCA_Club,5.987467,4.37654,Club,8
M1_GGACTATGCGCCTT_Club,6.055154,7.0492263,Club,11
M1_GGAGCAGATGGAGG_Club,6.516088,6.4919844,Club,3
M1_GGAGCGCTTCAAGC_Club,7.7927322,5.024085,Club,11
M1_GGAGTTACCTACTT_Club,5.931599,3.3750312,Club,15
M1_GGAGTTTGGTTACG_Club,5.9271994,4.6484876,Club,8
M1_GGATTTCTACCTAG_Club,5.1057286,4.2057796,Club,8
M1_GGCAATACGAAACA_Club,5.2331104,9.144451,Club,12
M1_GGCAATACTTTACC_Club,5.5517855,7.275494,Club,3
M1_GGCACGTGTCCCGT_Basal,3.7710938,8.123525,Basal,13
M1_GGCCAGACACTCTT_Club,5.734348,7.3650413,Club,11
M1_GGCCAGACCGCTAA_Club,4.971965,4.943998,Club,3
M1_GGCCGATGCACAAC_Club,4.836205,4.369108,Club,8
M1_GGCGGACTCCGTTC_Ciliated,4.2165446,8.094069,Ciliated,13
M1_GGCTCACTCTGTCC_Club,4.7995467,11.384075,Club,12
M1_GGGATGGATAAGCC_Club,5.228785,6.74381,Club,3
M1_GGGCAAGATATTCC_Tuft,17.043076,9.3071995,Tuft,17
M1_GGGTTATGCAGTCA_Club,5.212201,9.775771,Club,12
M1_GGTATCGAATTGGC_Club,4.7158937,11.648115,Club,12
M1_GGTATGACTCGTGA_Club,5.2492356,10.25262,Club,12
M1_GGTCTAGAGGTTCA_Basal,2.7781641,5.0033765,Basal,23
M1_GGTTGAACCTATTC_Club,5.32646,9.046312,Club,12
M1_GGTTTACTAGGCGA_Club,5.173522,5.860078,Club,3
M1_GGTTTACTTGCATG_Club,6.1869693,7.217747,Club,3
M1_GTAATATGGTCACA_Club,4.6155334,4.972479,Club,3
M1_GTAGCTGACATGAC_Club,6.2298717,6.8105016,Club,11
M1_GTAGGTACTGTCAG_Club,5.499114,6.2613206,Club,78
M1_GTAGTCGATACGAC_Club,5.2982345,8.430458,Club,3
M1_GTAGTGTGTGCACA_Basal,4.500975,9.263847,Basal,79
M1_GTATCACTCGAGTT_Club,4.8413157,4.618136,Club,13
M1_GTATTCACTCCCAC_Club,4.8244214,10.3432255,Club,12
M1_GTCAATCTGTCCTC_Club,5.0473933,8.291967,Club,13
M1_GTCATACTCTGACA_Club,4.876266,5.9235907,Club,3
M1_GTCATACTTTTGTC_Club,4.9198794,5.773218,Club,3
M1_GTCGAATGGGTGTT_Club,3.9739292,11.168683,Club,12
M1_GTCGACCTGAGAGC_Club,5.173626,9.444713,Club,12
M1_GTCTAACTGAGGCA_Club,6.5516834,3.6587794,Club,11
M1_GTGACCCTGTATGC_Club,5.391894,8.938089,Club,12
M1_GTGATTCTGCTAAC_Club,7.261336,4.5504165,Club,11
M1_GTGTACGAAGATCC_Club,4.670583,5.9350696,Club,3
M1_GTGTACGAGCATCA_Club,5.714956,5.483514,Club,3
M1_GTGTACGATCTACT_Club,4.9701376,10.843303,Club,12
M1_GTGTAGTGGCTAAC_Club,6.238776,8.513458,Club,3
M1_GTGTAGTGGGCATT_Club,5.8560176,4.051586,Club,8
M1_GTGTATCTTGGTTG_Tuft,17.059212,9.344488,Tuft,17
M1_GTGTGATGCCTACC_Club,4.8630753,11.042384,Club,12
M1_GTTAAAACGTATGC_Club,5.0186644,7.1943803,Club,80
M1_GTTAAATGGCTAAC_Club,4.9166517,11.333723,Club,12
M1_GTTAACCTTCCTTA_Club,5.895735,6.8194084,Club,3
M1_GTTATAGATTGCGA_Club,5.3471975,8.938219,Club,12
M1_TAAACAACCGTGAT_Club,7.4980145,5.1247253,Club,11
M1_TAAATGTGAGCATC_Basal,4.0513124,8.488224,Basal,13
M1_TAAATGTGGGTATC_Basal,-0.3246104,-8.787862,Basal,16
M1_TAACATGAACCCTC_Club,3.9930882,11.228445,Club,12
M1_TAACCGGAGTGTCA_Club,6.143389,4.210278,Club,8
M1_TAACTAGACTAGCA_Tuft,16.262281,8.778272,Tuft,17
M1_TAAGAGGAGCTCCT_Club,4.8191605,10.597139,Club,12
M1_TAAGATACTTACTC_Basal,4.112709,8.806157,Basal,40
M1_TAAGATTGCCCACT_Club,5.056145,9.187473,Club,81
M1_TAAGCTCTAGAGGC_Basal,3.7690613,8.303877,Basal,13
M1_TAATGAACCTCGCT_Basal,3.7020988,5.599724,Basal,82
M1_TAATGAACGATAAG_Club,4.7793126,10.57222,Club,12
M1_TACACACTACAGCT_Tuft,16.429176,8.95937,Tuft,17
M1_TACCATTGGGTGTT_Club,4.743843,9.023993,Club,13
M1_TACCGAGACATTTC_Club,7.1439576,4.025813,Club,11
M1_TACCGCTGTAGCGT_Club,7.037901,5.221002,Club,33
M1_TACCGCTGTGTCCC_Club,6.417636,4.0070014,Club,11
M1_TACGAGTGAGCCAT_Club,6.490339,4.6890693,Club,8
M1_TACGAGTGTGTTCT_Club,5.608003,6.7903585,Club,3
M1_TACGCGCTTCTCCG_Club,5.645469,6.5252385,Club,3
M1_TACTACTGACGCTA_Club,5.7878456,4.807713,Club,8
M1_TACTACTGGGACTT_Club,6.060352,5.126309,Club,8
M1_TACTTGACTTGAGC_Club,4.85248,10.171735,Club,12
M1_TAGAATACACGTGT_Club,5.5367,5.626836,Club,3
M1_TAGAATTGACGGAG_Club,4.0808244,11.335296,Club,12
M1_TAGAATTGCTCGCT_Club,6.1880074,7.7106404,Club,3
M1_TAGATTGAATACCG_Club,5.253224,9.397679,Club,12
M1_TAGATTGATGATGC_Club,5.9373155,9.128967,Club,3
M1_TAGCCCACCGAGTT_Club,4.307957,10.916648,Club,12
M1_TAGCCGCTATAAGG_Club,5.383004,6.5246253,Club,83
M1_TAGCGATGTGGTGT_Club,4.873354,6.008307,Club,3
M1_TAGGGACTAAAGCA_Club,4.873101,5.9652743,Club,3
M1_TAGGTGTGAAGCCT_Club,6.572018,2.1956875,Club,15
M1_TAGTAAACCGGGAA_Neuroendocrine,13.395213,-5.8754745,Neuroendocrine,19
M1_TAGTAATGAGCTAC_Club,6.3901396,2.1873984,Club,15
M1_TAGTATGACGGTAT_Club,4.8916783,10.671703,Club,10
M1_TAGTATGAGGCATT_Club,6.171336,8.018933,Club,3
M1_TAGTCGGAGGGTGA_Club,7.4858565,4.1401196,Club,11
M1_TAGTCGGATCACGA_Club,7.3473115,3.5075629,Club,11
M1_TAGTTGCTCACTCC_Club,7.4220586,4.399072,Club,11
M1_TAGTTGCTCGAACT_Club,7.2381563,4.565877,Club,50
M1_TATCAAGACGGGAA_Club,4.905289,10.72517,Club,12
M1_TATCAGCTACCCTC_Club,4.982262,11.207003,Club,12
M1_TATCGTACAAAAGC_Club,5.674598,9.449928,Club,84
M1_TATCTCGAGAGGTG_Club,5.0758142,6.576504,Club,3
M1_TATCTTCTCACAAC_Club,7.9816465,5.5883484,Club,11
M1_TATCTTCTGATGAA_Club,6.489025,2.1961057,Club,15
M1_TATGAATGGGTACT_Club,5.3607273,7.0220127,Club,3
M1_TATGGGACAGTGTC_Tuft,16.244968,8.668255,Tuft,17
M1_TATGGGTGGTCTAG_Basal,-0.20270698,-8.545416,Basal,16
M1_TATGTCACCTCGCT_Basal,3.718446,5.6025043,Basal,13
M1_TATGTCTGACCGAT_Tuft,17.022825,9.201537,Tuft,17
M1_TATTGCTGAGTCAC_Club,4.814416,10.526267,Club,12
M1_TATTTCCTAGTCTG_Club,5.118175,9.772292,Club,12
M1_TCAAGGTGTCTTAC_Club,5.839226,9.313795,Club,3
M1_TCAATCACGTGAGG_Club,5.3205676,9.018411,Club,12
M1_TCACAACTCCTATT_Club,5.2227964,9.7356,Club,12
M1_TCACATACTCTCGC_Club,6.9896636,4.866662,Club,11
M1_TCACGAGATGCCAA_Tuft,16.380882,8.8441925,Tuft,17
M1_TCACTATGAAAGTG_Club,6.772109,5.777752,Club,11
M1_TCAGACGACTCTAT_Club,5.119235,6.1832027,Club,3
M1_TCAGACGATCTAGG_Club,4.285835,10.974921,Club,85
M1_TCAGCAGAGTCTAG_Tuft,17.018038,9.203566,Tuft,17
M1_TCAGTACTCCACAA_Club,5.2078166,7.9154987,Club,3
M1_TCCCAGACCCACAA_Club,5.5910473,6.722855,Club,86
M1_TCCCAGACCCTTAT_Club,5.5332956,6.4669785,Club,3
M1_TCCCATCTGGACTT_Club,4.6360598,4.7073565,Club,13
M1_TCCCATCTTTTACC_Club,6.5158634,3.604813,Club,15
M1_TCCCGAACCCTGAA_Ciliated,-1.5591806,15.7318325,Ciliated,21
M1_TCCGAGCTCTTGTT_Club,5.3052297,8.222601,Club,12
M1_TCCTATGAACGGTT_Tuft,17.05706,9.198792,Tuft,17
M1_TCGACGCTATCAGC_Club,6.6487412,2.2400224,Club,15
M1_TCGACGCTGAGGTG_Club,3.8847637,11.252175,Club,12
M1_TCGACGCTTGTCTT_Club,5.08777,9.006388,Club,13
M1_TCGAGCCTTGGTAC_Club,5.979293,2.7591958,Club,15
M1_TCGCAAGATTTCTG_Club,5.9388666,8.956183,Club,3
M1_TCGCAGCTTTCACT_Club,4.791792,8.225831,Club,13
M1_TCGGACCTGTACAC_Club,5.9569993,6.440163,Club,3
M1_TCGGCACTAGGAGC_Club,7.4400816,3.844478,Club,11
M1_TCTATGTGAGTCAC_Basal,3.9807403,6.692748,Basal,13
M1_TCTATGTGGTCTTT_Club,5.563954,4.990932,Club,87
M1_TCTCCACTCTCTTA_Club,7.4371552,4.2055793,Club,11
M1_TCTCTAGACTAGTG_Club,5.552237,9.0967245,Club,12
M1_TCTTACGAGCCTTC_Club,4.8823967,10.367919,Club,12
M1_TCTTCAGATGTCAG_Club,6.5414634,3.6851277,Club,15
M1_TCTTGATGACGTGT_Club,7.381048,4.403397,Club,11
M1_TGAACCGAAAGAGT_Club,4.018227,11.563295,Club,12
M1_TGACACGAAGAGGC_Club,5.7161646,5.2266884,Club,8
M1_TGACCGCTTGTCAG_Club,4.820411,9.289642,Club,13
M1_TGACGCCTGTCTTT_Tuft,16.423616,8.953069,Tuft,17
M1_TGAGACACGTCCTC_Club,6.314574,5.120865,Club,8
M1_TGAGACACTACTGG_Club,6.068285,5.850839,Club,8
M1_TGAGGACTCAGAAA_Club,6.392375,2.2209735,Club,15
M1_TGAGGTACTTACTC_Club,5.241496,5.6338224,Club,3
M1_TGATAAACCCATGA_Basal,4.7631307,8.235739,Basal,13
M1_TGATCACTCTCTAT_Club,7.4360795,3.786129,Club,11
M1_TGATTCACTTCCCG_Club,5.9723983,5.835117,Club,3
M1_TGATTCTGCTGTAG_Club,4.9722023,5.6392455,Club,88
M1_TGCAAGACTCTGGA_Club,5.0052705,6.2286763,Club,3
M1_TGCAAGACTTGGTG_Club,5.9103355,5.6563473,Club,3
M1_TGCACAGACTCCCA_Club,5.237869,6.982913,Club,3
M1_TGCCACTGATTCCT_Club,5.3370147,6.736283,Club,8
M1_TGCGATGACGACAT_Tuft,17.072632,9.162743,Tuft,17
M1_TGCTAGGAAAACGA_Club,5.9705334,8.970528,Club,89
M1_TGCTAGGATGGTAC_Club,5.8668237,7.328545,Club,11
M1_TGGAACACTGAAGA_Goblet,-1.8969762,2.9570363,Goblet,18
M1_TGGACCCTCAACCA_Tuft,16.291927,8.697975,Tuft,17
M1_TGGACCCTTAGAAG_Club,5.202326,5.5575686,Club,3
M1_TGGAGACTAAGAGT_Club,5.5319858,9.030604,Club,3
M1_TGGAGACTCTTACT_Club,7.7997518,5.50208,Club,11
M1_TGGAGGGACCGTTC_Club,6.2964644,7.53129,Club,3
M1_TGGATGACTCTTAC_Club,7.5130506,3.8064072,Club,11
M1_TGGATTCTCTTCGC_Club,5.90651,2.9749713,Club,15
M1_TGGGTATGCGCAAT_Club,5.7681746,6.6889043,Club,3
M1_TGTAAAACGTCACA_Club,4.8967843,10.392074,Club,12
M1_TGTAATGAGTAAGA_Club,5.255721,4.657744,Club,13
M1_TGTACTTGAAGGCG_Ciliated,-1.3694067,15.820518,Ciliated,21
M1_TGTACTTGAGAATG_Club,4.442785,11.423231,Club,12
M1_TGTCAGGATTGCTT_Club,5.1913805,4.3739486,Club,8
M1_TGTGAGACAGCCAT_Club,5.569396,3.6663504,Club,8
M1_TGTTAAGACTCAAG_Neuroendocrine,13.418253,-5.9006033,Neuroendocrine,19
M1_TTACACACAACTGC_Club,5.728729,7.343155,Club,3
M1_TTACAGCTTGTCAG_Club,5.877934,6.3798385,Club,3
M1_TTACCATGTTGCTT_Basal,3.9935124,8.909075,Basal,13
M1_TTAGGGTGTGCCAA_Club,7.8045144,5.721582,Club,11
M1_TTAGTCACAGCATC_Club,6.193828,2.145521,Club,15
M1_TTAGTCTGACGCTA_Club,6.1156025,5.006824,Club,8
M1_TTATCCGACTCAGA_Club,5.2187285,8.898807,Club,13
M1_TTATCCGAGGAGCA_Tuft,16.45824,8.892421,Tuft,17
M1_TTATCCGAGTGCTA_Club,7.9693055,5.6074486,Club,11
M1_TTATGAGACAACTG_Club,4.921263,10.699519,Club,12
M1_TTATTCCTGTTCGA_Club,6.408519,5.333775,Club,8
M1_TTCAAAGATGGCAT_Club,6.181393,2.1372056,Club,15
M1_TTCAACACAAGTGA_Club,5.553816,6.954595,Club,3
M1_TTCAGACTCTTACT_Tuft,16.635798,8.2630625,Tuft,17
M1_TTCATCGAAGTCAC_Club,4.2720385,5.176253,Club,13
M1_TTCATGACTGACCA_Basal,4.0864406,8.133639,Basal,13
M1_TTCCAAACTCGTTT_Club,5.6750693,3.2611651,Club,8
M1_TTCGAGGACTTCGC_Club,5.03948,11.177069,Club,12
M1_TTCGGAGACTTGAG_Club,4.7305646,4.9091372,Club,3
M1_TTCGGAGATTTGGG_Basal,3.9271278,8.611401,Basal,13
M1_TTCGTATGCGTTGA_Club,7.0071273,4.939644,Club,11
M1_TTCGTATGCTACGA_Club,6.259642,2.2352374,Club,15
M1_TTCTGATGTCGCTC_Basal,4.3608565,8.900324,Basal,40
M1_TTGAACCTGGGATG_Club,4.8177805,5.72385,Club,3
M1_TTGAGGTGCCTCGT_Club,5.327503,8.599124,Club,3
M1_TTGCATTGACCGAT_Club,6.0999246,2.5571811,Club,15
M1_TTGCATTGCACCAA_Club,6.275961,7.6072545,Club,3
M1_TTGCTATGCCCAAA_Club,5.7261815,3.2370389,Club,8
M1_TTGTAGCTTACGCA_Basal,4.1215,8.245502,Basal,13
M1_TTTCAGTGAGGGTG_Ciliated,5.2618732,8.232734,Ciliated,13
M1_TTTCGAACACACGT_Basal,3.8227823,8.311716,Basal,13
M2_AAACATACGAGCAG_Club,5.890029,3.045776,Club,15
M2_AAACATACTTCTGT_Club,6.47865,3.2345273,Club,15
M2_AAACATTGGGATTC_Club,5.616776,9.923047,Club,12
M2_AAACGCACAGGGTG_Club,5.576748,3.6627412,Club,8
M2_AAACGCACGGGATG_Club,5.058855,4.258609,Club,8
M2_AAACGCTGTCCTCG_Club,5.14404,5.3869367,Club,3
M2_AAACGGCTACGACT_Club,4.930756,10.237176,Club,12
M2_AAACTTGAACACGT_Club,6.1553516,2.239053,Club,15
M2_AAAGACGAACGTTG_Club,5.517254,6.6859407,Club,3
M2_AAAGACGACGTCTC_Club,5.955285,7.598973,Club,3
M2_AAAGACGAGTTGTG_Club,6.3784547,6.1155815,Club,3
M2_AAAGAGACACGGTT_Club,5.1201034,10.86749,Club,12
M2_AAAGAGACGGTCAT_Club,5.466247,6.781687,Club,3
M2_AAAGATCTAGAACA_Club,4.781691,10.337604,Club,12
M2_AAAGCAGACTGCTC_Club,5.8444743,8.382094,Club,3
M2_AAAGCAGAGGTGGA_Tuft,16.419607,8.865115,Tuft,17
M2_AAAGCCTGAGTGCT_Basal,4.3709292,8.457067,Basal,13
M2_AAAGGCCTGAATAG_Club,5.576612,6.9933515,Club,3
M2_AAATACTGTGGGAG_Club,5.8886037,2.6333196,Club,15
M2_AAATCAACCCTTGC_Club,7.6325383,4.5115643,Club,11
M2_AAATCAACTTCTGT_Club,7.732348,5.0655837,Club,11
M2_AAATCATGTGGGAG_Club,6.403479,7.7115345,Club,3
M2_AAATCCCTTATTCC_Club,5.242352,6.343367,Club,3
M2_AAATGGGATGAGCT_Club,5.327436,7.170685,Club,3
M2_AAATTGACAACCTG_Ciliated,-1.1174163,15.734899,Ciliated,20
M2_AAATTGACCCCAAA_Club,5.111287,5.4993267,Club,3
M2_AACAAACTCTCCAC_Club,6.559473,4.5132985,Club,11
M2_AACAAACTGGGTGA_Club,5.928025,2.9555025,Club,15
M2_AACACGTGTCACCC_Club,5.577271,10.016181,Club,12
M2_AACACGTGTCGATG_Club,4.921535,5.7414713,Club,3
M2_AACACTCTTCCAGA_Ciliated,-0.8973308,15.614478,Ciliated,20
M2_AACAGCACTCTACT_Club,5.1587033,7.2945247,Club,3
M2_AACATATGATGGTC_Club,5.2398577,5.8584194,Club,90
M2_AACATATGCGCATA_Club,5.684253,8.80229,Club,12
M2_AACATTGAACCTCC_Club,7.7605042,5.592548,Club,11
M2_AACATTGACTAGTG_Club,5.4677224,3.8560865,Club,8
M2_AACCAGTGGTATCG_Club,5.427231,6.1195397,Club,3
M2_AACCAGTGGTCATG_Tuft,16.357634,8.911796,Tuft,17
M2_AACCGATGTTCTCA_Club,6.8127947,3.8381186,Club,15
M2_AACCTACTTGCAGT_Club,5.156307,10.892326,Club,12
M2_AACCTTACAACCTG_Club,7.6023297,4.484986,Club,11
M2_AACCTTACTGCAGT_Basal,-0.29764614,-8.694609,Basal,16
M2_AACGCAACTCGCTC_Club,6.5472574,5.684341,Club,8
M2_AACGGTTGGTGTTG_Club,5.107592,7.382094,Club,3
M2_AACGGTTGGTTCAG_Club,6.231252,4.129558,Club,8
M2_AACGTCGAACACGT_Club,6.1141024,2.832004,Club,15
M2_AACGTCGACGTAAC_Club,7.7072587,5.100068,Club,11
M2_AACGTGTGAACCGT_Club,5.9656277,8.526077,Club,43
M2_AACGTGTGCGATAC_Club,6.946921,3.0441196,Club,15
M2_AACGTGTGCGGTAT_Club,5.3800135,8.8084,Club,24
M2_AACTCACTGAACTC_Club,7.502704,5.447668,Club,11
M2_AACTCGGAGGAGTG_Club,5.431709,10.396313,Club,12
M2_AACTTGCTCTCCAC_Club,5.3183327,6.4938393,Club,91
M2_AACTTGCTGCAAGG_Club,6.3473773,7.8914313,Club,3
M2_AACTTGCTTCCTAT_Club,5.6211166,5.569518,Club,3
M2_AACTTGCTTCTTTG_Club,5.861402,8.11301,Club,3
M2_AAGAACGAACACAC_Goblet,-1.4084336,2.8425205,Goblet,18
M2_AAGAACGACTGTAG_Club,6.57384,3.9989247,Club,8
M2_AAGAACGAGTAAAG_Tuft,16.395645,8.54378,Tuft,17
M2_AAGAACGATACGAC_Club,5.6971245,2.6685393,Club,15
M2_AAGAACGATACTCT_Club,7.3406706,4.7399244,Club,11
M2_AAGAACGATTTGCT_Club,5.811286,3.8881943,Club,8
M2_AAGAAGACACGACT_Club,7.409995,4.2358747,Club,11
M2_AAGAAGACGCAGTT_Club,5.6799893,8.279746,Club,3
M2_AAGAAGACTTTACC_Club,4.8909826,11.160438,Club,12
M2_AAGACAGATCACGA_Club,6.3637958,8.110116,Club,3
M2_AAGATGGACATGGT_Club,7.6615696,5.427667,Club,11
M2_AAGATTACTGCTGA_Ciliated,-1.2830187,14.667824,Ciliated,28
M2_AAGCAAGAGTTGCA_Club,5.3872304,9.978533,Club,12
M2_AAGCAAGATCCTAT_Club,5.2632995,3.6744034,Club,15
M2_AAGCAAGATTGCTT_Club,7.0558248,3.1263778,Club,15
M2_AAGCACTGGATGAA_Club,7.657578,5.4176393,Club,11
M2_AAGCCAACTGGTTG_Club,5.7130275,4.594567,Club,8
M2_AAGCCATGCCACAA_Club,6.2221885,2.1519132,Club,15
M2_AAGCCATGGACGAG_Ciliated,-0.7784102,15.605988,Ciliated,20
M2_AAGGCTACAGTCGT_Club,6.8153024,5.153947,Club,11
M2_AAGGCTTGAAGGGC_Club,5.840786,9.206959,Club,3
M2_AAGGCTTGTCAAGC_Basal,2.7318056,-1.7095714,Basal,0
M2_AAGGTCACTGATGC_Club,7.714619,5.315862,Club,11
M2_AAGGTGCTGTGTAC_Club,5.9249554,9.38951,Club,92
M2_AAGTAACTCAGATC_Club,6.6575336,6.4455266,Club,3
M2_AAGTAGGACCAGTA_Club,7.1447115,2.9782598,Club,15
M2_AAGTAGGATGGAAA_Club,4.531751,8.739126,Club,29
M2_AAGTCCGAGTCATG_Club,6.073897,2.496603,Club,15
M2_AAGTCTCTTGTCTT_Club,3.8038468,5.9380755,Club,13
M2_AAGTTATGGGTGGA_Club,5.5292616,7.4352756,Club,3
M2_AATAAGCTAACAGA_Club,4.612911,9.445905,Club,93
M2_AATAAGCTATTTCC_Club,4.943762,5.415783,Club,3
M2_AATAGGGAGGCGAA_Club,5.5075936,6.9742036,Club,3
M2_AATAGGGATTATCC_Club,4.1771297,11.516102,Club,12
M2_AATAGGGATTGTCT_Club,7.4091487,5.3230205,Club,11
M2_AATCCGGATCTTTG_Club,6.540683,4.058494,Club,15
M2_AATCCTACCCTTCG_Club,6.259024,3.5567367,Club,8
M2_AATCCTTGAAACGA_Club,6.5635586,6.9532905,Club,3
M2_AATCCTTGTATGCG_Club,5.665243,5.859592,Club,3
M2_AATCGGTGGGAGTG_Club,4.9969907,6.5719223,Club,3
M2_AATCTAGAACGACT_Club,6.3990397,7.450012,Club,3
M2_AATCTAGACTATTC_Basal,4.599539,8.634481,Basal,13
M2_AATCTCACCAATCG_Club,4.905291,10.814264,Club,12
M2_AATCTCACGCATCA_Basal,4.4993644,7.8494306,Basal,13
M2_AATCTCTGTAGAGA_Basal,7.527267,6.079157,Basal,11
M2_AATCTCTGTCTTAC_Club,5.4383388,3.61501,Club,8
M2_AATGATACTAGACC_Club,4.6036396,9.636882,Club,13
M2_AATGCGTGCACAAC_Club,5.0357313,4.057807,Club,8
M2_AATGCGTGGGGATG_Club,4.7978244,5.5948195,Club,3
M2_AATGCGTGTCACGA_Club,7.5172143,4.0214167,Club,11
M2_AATGCGTGTCTAGG_Club,5.057606,6.7182026,Club,3
M2_AATGTAACCACTGA_Club,7.6639614,5.7725134,Club,11
M2_AATGTCCTAAAGTG_Club,4.267208,11.019841,Club,12
M2_AATGTCCTGACTAC_Club,5.2659006,6.604633,Club,3
M2_AATGTCCTGGGATG_Club,5.718922,4.9548893,Club,8
M2_AATGTTGATCATTC_Club,6.2758636,7.380052,Club,3
M2_AATTCCTGATGCCA_Club,5.119197,5.0735574,Club,11
M2_AATTCCTGCATTGG_Club,7.150622,3.4081736,Club,15
M2_AATTCCTGCTGTGA_Club,7.844535,5.3548827,Club,11
M2_AATTGTGATGCTCC_Club,5.1620183,4.2322664,Club,8
M2_ACAAGAGATAGCGT_Club,4.9327874,5.0437307,Club,3
M2_ACAATAACTCGATG_Ionocyte,2.9068909,5.9533153,Ionocyte,25
M2_ACAATCCTTTACCT_Basal,4.0305514,8.627641,Basal,13
M2_ACACAGACAACAGA_Club,6.953178,5.2050047,Club,11
M2_ACACAGACCGGTAT_Club,5.1006236,3.6708333,Club,94
M2_ACACATCTGAGAGC_Club,6.5693393,6.968737,Club,3
M2_ACACCAGAAGAACA_Club,6.001711,7.1613145,Club,3
M2_ACACCAGATAGACC_Club,6.1358266,2.9925222,Club,95
M2_ACACCCTGACAGCT_Club,5.0454116,10.606874,Club,12
M2_ACACCCTGATCTTC_Club,6.0981956,4.927723,Club,8
M2_ACACGATGGTCTGA_Club,5.928038,6.2008696,Club,8
M2_ACAGACACTCAGAC_Club,7.007893,5.1268086,Club,11
M2_ACAGCAACTTGTGG_Club,5.6118484,7.6400447,Club,3
M2_ACAGGTACACTCTT_Basal,2.8710854,4.990582,Basal,23
M2_ACAGTGTGCATTCT_Club,4.5483146,10.745024,Club,12
M2_ACAGTTCTGTTTCT_Basal,0.66360253,-6.982515,Basal,16
M2_ACAGTTCTTGCGTA_Club,4.7912555,3.8307846,Club,8
M2_ACATACCTCTGAGT_Club,5.894372,6.3234134,Club,3
M2_ACATCACTAAACGA_Club,7.1228194,4.158419,Club,11
M2_ACATCACTAGCATC_Club,6.195688,9.000962,Club,3
M2_ACATCACTAGTGTC_Club,4.7428813,4.8438625,Club,3
M2_ACATCACTTCCGAA_Club,6.8771067,4.55655,Club,11
M2_ACATGGTGGTTGGT_Club,4.829984,3.9913263,Club,8
M2_ACATGGTGTGGAGG_Club,6.419297,8.033536,Club,3
M2_ACCAACGACTTCTA_Tuft,16.35753,8.874796,Tuft,30
M2_ACCAACGAGAGCTT_Club,6.0023856,8.848968,Club,3
M2_ACCAACGAGTTGGT_Club,6.8299465,2.3948262,Club,15
M2_ACCACAGAATGTGC_Club,5.7241526,3.986007,Club,8
M2_ACCACAGACCCTCA_Club,4.557194,5.129867,Club,96
M2_ACCACCTGAAAGTG_Basal,4.07614,8.63828,Basal,13
M2_ACCACCTGATCAGC_Club,4.412306,11.679993,Club,12
M2_ACCACCTGGCTGTA_Club,5.497184,2.9402723,Club,15
M2_ACCACCTGTAAAGG_Club,5.5549703,8.050558,Club,3
M2_ACCACCTGTTACTC_Club,5.604482,8.985858,Club,3
M2_ACCACGCTCCACAA_Club,6.33783,5.2571387,Club,3
M2_ACCACGCTGGTGGA_Club,4.938948,6.0232344,Club,3
M2_ACCAGCCTCGACAT_Club,6.4743876,4.894443,Club,8
M2_ACCAGCCTGAGATA_Club,7.6261153,4.462353,Club,11
M2_ACCAGTGAAAGCAA_Ciliated,-0.722041,15.531172,Ciliated,20
M2_ACCAGTGATCGCCT_Club,4.729477,4.0950856,Club,8
M2_ACCATTACCCTACC_Ciliated,-1.1925949,15.76543,Ciliated,21
M2_ACCATTTGAGCTAC_Club,5.9967914,9.237774,Club,3
M2_ACCATTTGGGGACA_Club,5.9202952,8.518313,Club,3
M2_ACCCAAGAAGAGAT_Club,5.34998,5.6233416,Club,3
M2_ACCCAAGACACAAC_Club,5.894546,4.4291763,Club,8
M2_ACCCAAGATGACTG_Club,7.2415547,3.9811013,Club,11
M2_ACCCGTTGGACGAG_Club,6.235947,8.321737,Club,3
M2_ACCCTCGAGGTCTA_Basal,2.7765365,4.9492846,Basal,23
M2_ACCCTCGATTCCAT_Club,4.079063,11.544346,Club,12
M2_ACCGAAACGACAGG_Club,5.180588,8.909304,Club,41
M2_ACCGAAACGGCGAA_Basal,4.7182817,8.895128,Basal,13
M2_ACCGTGCTTCTTAC_Club,5.9817767,3.0221725,Club,15
M2_ACCTATTGTGGAGG_Club,6.6420364,6.786101,Club,3
M2_ACCTCCGAACGGGA_Club,6.479787,5.280563,Club,8
M2_ACCTGAGACTTCCG_Tuft,16.249151,8.509572,Tuft,17
M2_ACCTTTGAGGTATC_Club,5.9222383,8.446888,Club,3
M2_ACGAACTGCAGTCA_Club,4.883828,11.386461,Club,12
M2_ACGAACTGTCTCAT_Club,5.1290975,6.209231,Club,3
M2_ACGAAGCTGCATCA_Club,7.2456665,3.2089043,Club,11
M2_ACGACAACCGTACA_Club,5.2998505,7.696144,Club,12
M2_ACGACAACTACAGC_Club,6.8973947,3.9676986,Club,11
M2_ACGACAACTGGTGT_Club,7.784147,5.3929553,Club,11
M2_ACGAGGGAAGGGTG_Club,5.4348187,3.670401,Club,15
M2_ACGAGGGACGTAAC_Club,7.38843,5.8066745,Club,11
M2_ACGAGGGAGAACCT_Club,7.959047,5.6796823,Club,11
M2_ACGATGACCTATTC_Tuft,16.75625,9.010441,Tuft,17
M2_ACGATTCTCCAAGT_Club,5.077208,10.418815,Club,12
M2_ACGCACCTCGTTAG_Ciliated,-0.8672012,15.532458,Ciliated,20
M2_ACGCACCTTCTTAC_Club,7.1008615,6.0721316,Club,11
M2_ACGCCGGAATTCTC_Club,5.773082,8.630656,Club,3
M2_ACGCCGGACGAATC_Club,5.8574266,2.8084307,Club,15
M2_ACGCCGGAGAAAGT_Tuft,16.837488,9.062637,Tuft,17
M2_ACGCGGTGAGATCC_Club,7.574179,5.0293097,Club,33
M2_ACGCGGTGTCCCAC_Club,5.644048,8.978183,Club,12
M2_ACGCTGCTAAACAG_Club,5.017681,10.516159,Club,12
M2_ACGGAACTTCTTTG_Club,4.649701,11.666921,Club,12
M2_ACGGATTGTCTCGC_Club,5.1381755,7.4249167,Club,97
M2_ACGGCGTGCTGAGT_Club,5.9548507,2.624332,Club,98
M2_ACGGGAGAATGTCG_Club,5.797485,9.285898,Club,12
M2_ACGGTATGCCCTAC_Club,5.810094,6.6603036,Club,3
M2_ACGGTCCTGAGGAC_Club,5.059723,5.472378,Club,3
M2_ACGTCAGAAACCAC_Club,6.2958646,4.6596003,Club,8
M2_ACGTCCTGTTATCC_Club,5.442591,7.151108,Club,99
M2_ACGTGATGTTCCGC_Club,7.753417,4.9973993,Club,11
M2_ACGTTACTAGCCTA_Basal,7.9821916,5.4138784,Basal,11
M2_ACGTTACTATGCTG_Club,6.185039,2.4935973,Club,15
M2_ACGTTACTTGTGAC_Club,4.836922,3.852228,Club,8
M2_ACGTTTACAAAGCA_Club,6.1547294,2.570455,Club,15
M2_ACTAAAACGAAACA_Club,4.3567286,10.8899,Club,12
M2_ACTACGGAATCTTC_Club,5.664572,9.0979595,Club,12
M2_ACTACGGAATTCGG_Club,4.884112,4.1016645,Club,8
M2_ACTACTACTTGCGA_Club,7.7402844,4.847913,Club,11
M2_ACTATCACATGACC_Club,5.6272554,7.8416023,Club,3
M2_ACTATCACCGGGAA_Club,4.802394,4.569513,Club,8
M2_ACTATCACTCCCGT_Club,6.570796,6.871651,Club,3
M2_ACTATCACTCGCTC_Club,7.3368483,4.5988207,Club,11
M2_ACTCAGGAACCACA_Club,5.0182385,6.06314,Club,100
M2_ACTCAGGAGGTGAG_Ciliated,-1.1852727,15.507191,Ciliated,20
M2_ACTCCTCTTAAAGG_Club,5.9916925,6.9183,Club,3
M2_ACTCGAGACCCGTT_Club,5.079188,4.7716084,Club,42
M2_ACTCGCACTCCGTC_Club,4.638992,4.8417797,Club,3
M2_ACTCTATGGTAGCT_Club,4.8455186,11.449131,Club,12
M2_ACTCTATGTGCCTC_Basal,0.7713534,-0.86821574,Basal,13
M2_ACTCTCCTACAGCT_Club,6.0042715,7.3147993,Club,3
M2_ACTCTCCTTTGTGG_Club,6.252793,8.303792,Club,3
M2_ACTGCCTGGGTATC_Neuroendocrine,13.338389,-5.815736,Neuroendocrine,19
M2_ACTGGCCTACGTGT_Club,5.787998,7.128533,Club,3
M2_ACTGGCCTGGTAGG_Tuft,4.92465,11.145672,Tuft,30
M2_ACTGTGGACATGGT_Club,6.366434,8.637421,Club,3
M2_ACTGTGGAGGTTAC_Club,7.509291,5.265076,Club,11
M2_ACTGTTACCACCAA_Club,5.418332,5.3205214,Club,3
M2_ACTGTTACGGTCTA_Club,7.2677627,4.2852397,Club,11
M2_ACTTAGCTTGGCAT_Club,5.7898784,3.224816,Club,15
M2_ACTTCAACAGTTCG_Club,6.556656,4.532627,Club,8
M2_ACTTCAACGAGGCA_Club,6.2977495,7.7678323,Club,3
M2_ACTTCCCTAATGCC_Basal,7.8568287,5.6016726,Basal,11
M2_ACTTCTGACGTGTA_Club,5.6583023,7.1569586,Club,3
M2_ACTTGGGATACTTC_Basal,0.72349626,-6.6708636,Basal,16
M2_ACTTGGGATTCCAT_Club,4.9677906,5.5354886,Club,3
M2_AGAAACGACCTACC_Club,6.9424815,2.5028787,Club,15
M2_AGAAACGACGACAT_Tuft,16.416307,8.880865,Tuft,17
M2_AGAAACGAGCATCA_Club,5.562661,8.251888,Club,3
M2_AGAACGCTAGGTCT_Club,5.96902,6.5163765,Club,11
M2_AGAAGATGAAAAGC_Basal,-0.4516609,-8.715265,Basal,16
M2_AGAAGATGCCGTAA_Club,4.970719,6.524875,Club,3
M2_AGAAGATGTGAAGA_Club,4.8678784,5.2822194,Club,3
M2_AGAATGGAACCTCC_Basal,3.0968192,6.009415,Basal,25
M2_AGAATTTGACAGTC_Club,4.98733,6.9015656,Club,3
M2_AGAATTTGACGTAC_Club,4.9091835,9.953816,Club,12
M2_AGACACTGAGCACT_Club,5.3002567,3.8301537,Club,8
M2_AGACTCGAATCGGT_Club,5.1427546,5.2468104,Club,3
M2_AGACTCGACCGTTC_Club,5.259193,7.2603216,Club,3
M2_AGACTCGAGCCCTT_Club,4.732843,5.103311,Club,3
M2_AGACTCGAGTCTAG_Club,5.059019,4.6238055,Club,42
M2_AGACTCGATATGGC_Ciliated,-1.3178179,15.163642,Ciliated,9
M2_AGACTGACAGAAGT_Club,6.621502,4.071852,Club,15
M2_AGACTGACGTCATG_Club,5.019921,9.68096,Club,12
M2_AGACTGACTGATGC_Club,6.913279,3.4478748,Club,15
M2_AGACTTCTTACTTC_Club,4.8637986,4.4268436,Club,8
M2_AGACTTCTTCTTAC_Club,7.404653,4.068218,Club,11
M2_AGAGAATGACGGAG_Basal,2.9604168,4.9912753,Basal,23
M2_AGAGAATGATCGTG_Club,6.805923,2.2781985,Club,15
M2_AGAGAATGCCCGTT_Tuft,16.41679,8.443834,Tuft,17
M2_AGAGCGGAATCAGC_Club,5.666881,4.8503695,Club,8
M2_AGAGCTACTTGGCA_Club,5.151969,7.830553,Club,12
M2_AGAGGTCTCAGTCA_Basal,5.085484,7.9448085,Basal,13
M2_AGAGGTCTGACAAA_Club,6.098596,4.2067933,Club,8
M2_AGAGGTCTGACAGG_Basal,3.7054827,6.7742195,Basal,13
M2_AGAGGTCTGATACC_Basal,3.5580566,5.467419,Basal,13
M2_AGAGTCTGATCACG_Club,6.2785707,6.2942166,Club,3
M2_AGAGTCTGTTTCTG_Club,4.986041,11.425133,Club,12
M2_AGAGTGCTTTCCAT_Club,6.5871,6.068664,Club,3
M2_AGATATACGCGAGA_Club,5.7975626,7.987019,Club,3
M2_AGATATTGTGCACA_Club,6.2331696,6.774087,Club,3
M2_AGATATTGTGTCTT_Club,5.5284977,3.6897466,Club,8
M2_AGATCGTGGGCAAG_Club,5.7866173,5.093273,Club,8
M2_AGATCGTGGGTGGA_Club,5.8078055,7.089864,Club,3
M2_AGATCGTGTTTACC_Basal,4.0886674,5.8602633,Basal,13
M2_AGATCTCTAAGGTA_Club,5.315759,7.456972,Club,3
M2_AGATCTCTGCTACA_Club,6.1243925,5.0023217,Club,8
M2_AGATCTCTTGTCTT_Club,5.972004,2.8572326,Club,15
M2_AGATCTCTTGTTTC_Club,5.6376004,7.3679767,Club,3
M2_AGATTAACGTCAAC_Club,6.241692,9.117754,Club,3
M2_AGATTCCTGAATGA_Club,6.6322713,6.6536555,Club,3
M2_AGATTCCTTGGTAC_Club,5.9612274,8.238504,Club,101
M2_AGCAAAGACCTCGT_Club,4.97519,5.526505,Club,3
M2_AGCAACACCTGACA_Club,4.7764106,9.123655,Club,13
M2_AGCAACACGTGTCA_Club,6.5758724,5.4414415,Club,8
M2_AGCAAGCTTTCGCC_Club,5.5306373,7.792379,Club,3
M2_AGCATCGATGGTAC_Club,7.841802,5.380675,Club,11
M2_AGCATGACGACGAG_Club,6.439479,4.2674356,Club,11
M2_AGCATGACTGGTCA_Club,5.7015576,5.7725005,Club,102
M2_AGCATTCTTGAGCT_Ciliated,-0.7221478,15.506041,Ciliated,20
M2_AGCATTCTTGCAGT_Club,6.56582,3.273463,Club,15
M2_AGCCAATGGGTACT_Club,4.9556746,11.352047,Club,12
M2_AGCCACCTAGCGTT_Club,6.6186466,6.7587166,Club,3
M2_AGCCGGACCGGTAT_Club,5.761397,9.402448,Club,12
M2_AGCCTCACGGATCT_Club,5.833097,9.0202465,Club,3
M2_AGCCTCACTCGACA_Club,6.1999803,3.4726357,Club,8
M2_AGCCTCTGAACCAC_Club,5.152857,4.9311624,Club,3
M2_AGCGAACTCCTGAA_Club,6.026677,9.238304,Club,3
M2_AGCGATACAGAATG_Club,5.5640497,9.75708,Club,12
M2_AGCGATACGAAAGT_Club,7.0492115,5.4911065,Club,11
M2_AGCGATACTAGACC_Club,4.925226,5.645392,Club,103
M2_AGCGATTGCCCACT_Club,6.5296555,4.581201,Club,8
M2_AGCGATTGCGGGAA_Club,5.287821,9.440367,Club,12
M2_AGCGCTCTTTAGGC_Club,4.780353,9.374915,Club,13
M2_AGCGGCACAAGGCG_Tuft,6.6566277,3.6989827,Tuft,104
M2_AGCGGCACAGCGGA_Club,5.4866915,9.852733,Club,12
M2_AGCGGGCTCCACAA_Basal,4.5895,8.731573,Basal,13
M2_AGCGGGCTGTCAAC_Club,4.500104,11.410839,Club,12
M2_AGCGTAACTGCTTT_Basal,0.6392484,-0.34330282,Basal,13
M2_AGCTCGCTCTAGCA_Club,5.1356273,5.319944,Club,3
M2_AGCTCGCTGAGGCA_Club,4.7602463,11.259111,Club,12
M2_AGCTGAACCGTGTA_Club,5.840655,3.7497296,Club,8
M2_AGCTGCCTCAGAAA_Club,5.364696,9.90753,Club,12
M2_AGCTGCCTCATTCT_Club,6.5355363,8.110429,Club,3
M2_AGCTGTGATATGCG_Club,4.739718,4.2678037,Club,8
M2_AGCTGTGATGCACA_Club,5.8236504,6.8160233,Club,3
M2_AGCTTACTTTGTCT_Club,6.525255,4.5758004,Club,8
M2_AGCTTTACAAAAGC_Club,4.911299,5.2050743,Club,105
M2_AGCTTTACGGTCTA_Basal,4.273372,8.548901,Basal,13
M2_AGCTTTACTCTACT_Club,5.1196265,7.3070107,Club,3
M2_AGCTTTACTGTTCT_Club,5.635029,4.4530034,Club,11
M2_AGCTTTACTTAGGC_Club,6.7042627,5.6676064,Club,8
M2_AGGAAATGTTCGTT_Ciliated,-0.7672337,15.63805,Ciliated,20
M2_AGGAACCTACGTAC_Club,7.136267,3.8066099,Club,11
M2_AGGAATGAGAAGGC_Club,5.920974,5.760229,Club,3
M2_AGGAATGATGACCA_Club,6.018234,6.927086,Club,3
M2_AGGACTTGAGGTTC_Club,7.5918546,4.788081,Club,11
M2_AGGAGTCTCAGAGG_Club,5.548753,7.5708327,Club,3
M2_AGGATGCTCTTCGC_Club,6.771905,4.0912476,Club,11
M2_AGGCAGGATATCTC_Basal,1.2049756,-0.5431783,Basal,13
M2_AGGCCTCTGTACAC_Club,5.692268,7.9525766,Club,3
M2_AGGCTAACACCCTC_Club,6.183108,2.1641552,Club,15
M2_AGGCTAACGCGATT_Club,5.9583116,2.570619,Club,15
M2_AGGGACGATTTCGT_Club,4.590429,4.9204307,Club,3
M2_AGGGAGTGGTCATG_Club,6.0101495,7.410338,Club,106
M2_AGGGAGTGTCTCTA_Club,5.078461,3.4605615,Club,8
M2_AGGTACACGTAAAG_Basal,5.7604585,7.257485,Basal,11
M2_AGGTACACTTTGTC_Club,5.92743,5.626165,Club,8
M2_AGGTCATGCGAACT_Club,5.510291,5.705592,Club,3
M2_AGGTCTGACAACCA_Club,5.161206,6.1168523,Club,3
M2_AGGTCTGAGCGTTA_Club,5.405251,5.5590577,Club,3
M2_AGGTCTGATTCCGC_Club,5.3615117,4.626171,Club,8
M2_AGGTGGGATAGAGA_Basal,7.740631,5.9840417,Basal,11
M2_AGGTGTTGACGGTT_Basal,3.9854264,8.917494,Basal,13
M2_AGGTGTTGAGTCGT_Club,6.181715,7.757279,Club,3
M2_AGGTTGTGTATTCC_Club,4.9505806,10.22176,Club,107
M2_AGTAAGGAAAGCAA_Club,5.2839026,10.167454,Club,12
M2_AGTAATACCCAACA_Club,4.82117,11.598677,Club,12
M2_AGTAATTGACTCTT_Club,6.450625,2.0739856,Club,108
M2_AGTACGTGAACGAA_Club,6.7101,4.0990877,Club,15
M2_AGTACGTGTGGAGG_Club,4.779437,11.705642,Club,12
M2_AGTACTCTGGATTC_Club,5.7514524,3.1753469,Club,8
M2_AGTACTCTGTATCG_Basal,3.5471997,5.524822,Basal,13
M2_AGTAGAGAATCGTG_Club,4.9882274,6.117553,Club,3
M2_AGTAGAGACCGAAT_Club,6.2491846,8.97672,Club,3
M2_AGTAGGCTCGTAAC_Club,4.9179983,11.509448,Club,12
M2_AGTAGGCTTTGAGC_Club,5.549468,5.5240173,Club,3
M2_AGTATAACACCATG_Club,5.2959456,3.7738883,Club,8
M2_AGTATAACCAGTCA_Club,5.9293528,2.5249033,Club,15
M2_AGTATAACTCGCAA_Tuft,16.197857,8.694117,Tuft,17
M2_AGTCACGACAGTCA_Club,6.4491315,7.186073,Club,3
M2_AGTCCAGAATGCTG_Club,7.1309137,2.9542248,Club,15
M2_AGTCGCCTCAATCG_Club,6.10967,2.9372568,Club,15
M2_AGTCTACTCCTTCG_Club,4.766426,3.96539,Club,8
M2_AGTCTTACACCAAC_Basal,4.805487,7.488138,Basal,13
M2_AGTGACACGGAGGT_Club,5.5270114,7.3171263,Club,3
M2_AGTGACTGCACTGA_Club,6.1191535,9.125529,Club,3
M2_AGTGACTGCTAGTG_Basal,4.323496,8.246853,Basal,13
M2_AGTGTGACACTGTG_Club,6.4249945,5.3808093,Club,8
M2_AGTGTGACGCTTAG_Basal,4.056913,8.904756,Basal,13
M2_AGTGTTCTGAGCTT_Basal,4.1382537,8.871992,Basal,13
M2_AGTTAAACTTTGCT_Club,5.356697,9.474281,Club,109
M2_AGTTCTACCCTGAA_Club,6.6807175,5.3484144,Club,8
M2_AGTTCTACTCACGA_Club,5.1234984,6.90667,Club,3
M2_AGTTCTTGGAGGCA_Club,4.8913555,5.5747023,Club,3
M2_AGTTCTTGTAGTCG_Club,6.4782124,7.1417985,Club,3
M2_AGTTGTCTACGACT_Club,5.274134,4.9525113,Club,8
M2_AGTTGTCTCTAGAC_Club,7.744205,5.334396,Club,11
M2_AGTTTCACGCTCCT_Club,5.6761045,7.3363776,Club,11
M2_AGTTTGCTGCTACA_Club,5.1254597,10.321453,Club,12
M2_ATAACAACGCTTCC_Club,7.768776,5.4199195,Club,11
M2_ATAACATGATGACC_Club,6.7840686,3.2962599,Club,15
M2_ATAACCCTTCTTTG_Club,6.045616,9.149929,Club,3
M2_ATAAGTACGATAAG_Basal,3.7295632,8.454849,Basal,13
M2_ATAAGTTGTAAGCC_Club,7.322159,5.8972297,Club,11
M2_ATAATCGAGTGTCA_Club,6.064683,5.191486,Club,8
M2_ATAATGACATGACC_Basal,5.071059,6.9366236,Basal,11
M2_ATAATGACTGGGAG_Club,6.107592,9.161967,Club,3
M2_ATACAATGTCTTTG_Club,6.014609,2.5660515,Club,15
M2_ATACACCTACTGGT_Club,4.746737,4.24906,Club,8
M2_ATACACCTTAGACC_Club,5.8550863,8.4712305,Club,43
M2_ATACCACTGCTGAT_Club,6.9304686,4.496019,Club,11
M2_ATACCACTTCTAGG_Club,4.1631727,11.608192,Club,12
M2_ATACCGGACATACG_Basal,3.7603528,8.267745,Basal,13
M2_ATACCGGACTCAAG_Club,5.2847505,9.714619,Club,110
M2_ATACCGGATTCCCG_Club,5.8749223,8.881036,Club,3
M2_ATACCTACAGCTCA_Club,6.0044246,8.016744,Club,111
M2_ATACCTACTTACCT_Club,5.674609,6.5693207,Club,3
M2_ATACGGACAGGCGA_Club,4.3533487,10.17284,Club,13
M2_ATACGGACTCGATG_Club,5.697564,7.567917,Club,3
M2_ATACGTCTGTCCTC_Tuft,16.12877,8.6797905,Tuft,17
M2_ATACTCTGCACTCC_Club,4.9608283,7.6890006,Club,3
M2_ATAGCGTGGGGATG_Club,5.879567,9.220855,Club,3
M2_ATAGCTCTACGTAC_Club,6.116258,4.3473625,Club,8
M2_ATAGCTCTGAGATA_Basal,4.7333093,8.568357,Basal,13
M2_ATAGGAGAGTTGTG_Club,5.5979595,6.3976274,Club,112
M2_ATAGTCCTCCGAAT_Club,5.7695556,8.223132,Club,113
M2_ATAGTTGAGCATAC_Tuft,16.371622,8.888733,Tuft,17
M2_ATATACGACGAGTT_Club,6.87079,4.194429,Club,11
M2_ATATACGAGCGATT_Club,5.215413,4.5325623,Club,11
M2_ATATACGATCTGGA_Club,5.827379,2.9196084,Club,15
M2_ATATAGTGCGTTAG_Club,5.7726626,5.642144,Club,3
M2_ATATAGTGGGAGTG_Club,7.2215676,3.0954387,Club,15
M2_ATATAGTGTCTCTA_Basal,2.1829703,-1.0751029,Basal,13
M2_ATATGCCTACCTGA_Basal,3.430136,5.4350567,Basal,13
M2_ATATGCCTGACACT_Club,6.405893,3.8848956,Club,15
M2_ATATGCCTTATGCG_Club,5.0520315,9.550057,Club,13
M2_ATCAAATGAAAGTG_Club,5.424731,8.369768,Club,3
M2_ATCAACCTTTCGTT_Club,6.2603006,5.6818905,Club,11
M2_ATCACTACATCGGT_Club,6.540948,3.6528225,Club,44
M2_ATCACTACCCTTGC_Club,5.8331604,6.400975,Club,3
M2_ATCACTTGTCAGAC_Club,5.675193,7.424682,Club,11
M2_ATCAGGTGCGTACA_Ciliated,-0.8249308,15.711432,Ciliated,20
M2_ATCATGCTCTAGCA_Basal,7.1935835,6.3197675,Basal,11
M2_ATCCAGGACGTAGT_Club,5.6666894,7.183935,Club,3
M2_ATCCAGGATAAGGA_Club,7.4767694,4.228133,Club,11
M2_ATCCCGTGAGTCAC_Club,5.2632246,5.990959,Club,8
M2_ATCCCGTGGGAGGT_Club,5.9416757,3.1852372,Club,45
M2_ATCCCGTGTACTCT_Club,5.4017534,7.3965473,Club,3
M2_ATCCGCACCTCATT_Club,4.9043427,8.40575,Club,13
M2_ATCCGCACTGACTG_Club,6.1002116,7.823468,Club,3
M2_ATCCTAACAGTACC_Club,7.7184935,4.6842656,Club,11
M2_ATCGACGAAAGATG_Club,6.4916077,6.999151,Club,3
M2_ATCGAGTGCCGCTT_Basal,5.299917,8.339226,Basal,3
M2_ATCGAGTGGGACAG_Club,5.8355856,3.608816,Club,8
M2_ATCGAGTGGTACAC_Club,5.401493,5.99091,Club,3
M2_ATCGAGTGGTTCTT_Club,6.5309315,7.9879603,Club,3
M2_ATCGCCTGTCCTGC_Club,4.897813,8.586954,Club,13
M2_ATCGCGCTAGTGTC_Club,5.0132523,7.3717422,Club,3
M2_ATCGCGCTGACACT_Tuft,16.256819,8.674921,Tuft,17
M2_ATCGTTTGTGCAGT_Club,6.7058883,6.0230346,Club,8
M2_ATCTACACGTATCG_Club,4.918911,6.2091837,Club,3
M2_ATCTCAACATCTCT_Club,4.8114586,11.332907,Club,12
M2_ATCTCAACGTCTGA_Club,7.360801,5.701351,Club,11
M2_ATCTCAACTGCATG_Club,6.2672048,6.8945503,Club,3
M2_ATCTGACTATGCCA_Club,6.292855,6.300542,Club,3
M2_ATCTTGACTAAGCC_Basal,5.8344483,7.28013,Basal,13
M2_ATCTTTCTCTACCC_Club,6.7375445,4.1877117,Club,15
M2_ATGAAACTCGTGTA_Club,7.6650987,4.519165,Club,11
M2_ATGAAACTTGAAGA_Basal,7.8529835,5.8055186,Basal,11
M2_ATGAGAGAACTAGC_Club,4.8845167,4.335445,Club,8
M2_ATGAGAGAAGCTCA_Basal,0.47506672,-0.79763263,Basal,13
M2_ATGAGAGATCTCAT_Club,4.8687673,11.657029,Club,12
M2_ATGAGAGATTCACT_Ionocyte,2.9678998,5.947106,Ionocyte,25
M2_ATGAGCACCGGGAA_Club,5.193621,9.482002,Club,12
M2_ATGAGCACGCATAC_Club,5.1785545,3.4762192,Club,15
M2_ATGATAACTCAGTG_Club,5.21712,7.653787,Club,3
M2_ATGATATGCCTACC_Tuft,16.305758,8.83475,Tuft,17
M2_ATGCACGAGGGAGT_Club,6.5390587,5.361222,Club,8
M2_ATGCAGACGCGAAG_Club,5.2388887,6.4010377,Club,3
M2_ATGCAGACGTGAGG_Club,5.367026,4.8888063,Club,13
M2_ATGCCAGACACTCC_Club,5.0176897,3.9095914,Club,8
M2_ATGCGATGACACCA_Club,6.286101,2.4719718,Club,15
M2_ATGCGATGGACGAG_Club,6.8823123,3.6899347,Club,11
M2_ATGCGATGGAGGCA_Club,6.115411,6.0311074,Club,3
M2_ATGCTTTGGATAAG_Club,6.528933,6.8748507,Club,3
M2_ATGGTGACCCTGTC_Club,5.1111245,7.3842382,Club,3
M2_ATGGTGACTATGGC_Club,6.843478,3.4566896,Club,15
M2_ATGTCACTCTATGG_Club,4.787704,5.518698,Club,3
M2_ATGTCACTTTTGGG_Club,5.4624815,3.7197094,Club,8
M2_ATGTCGGAAGAGGC_Club,6.640327,5.8926816,Club,8
M2_ATGTCGGAAGATGA_Club,5.772223,6.955498,Club,3
M2_ATGTTAGAGTATGC_Club,7.0219855,5.0408344,Club,11
M2_ATGTTCACGACAGG_Club,5.465704,9.511357,Club,41
M2_ATGTTCACGAGCAG_Club,4.708316,5.9356213,Club,114
M2_ATGTTCACTCGCCT_Club,5.908252,2.9325929,Club,15
M2_ATTAACGAAAGAAC_Club,7.7281632,5.5768285,Club,11
M2_ATTAACGACGTAAC_Club,6.2080255,7.928793,Club,3
M2_ATTACCTGTCGTGA_Club,6.414105,7.161005,Club,3
M2_ATTAGTGAATTCGG_Basal,4.8901734,7.633096,Basal,13
M2_ATTAGTGACCTCCA_Club,4.2787333,5.187764,Club,13
M2_ATTAGTGAGCCCTT_Club,7.22766,5.9923973,Club,11
M2_ATTATGGACTGCAA_Club,5.9104996,4.57534,Club,8
M2_ATTATGGACTTCTA_Club,5.6659985,2.8611856,Club,15
M2_ATTCAAGAACCGAT_Basal,4.195908,8.936036,Basal,13
M2_ATTCAAGAGCGTAT_Club,6.2380342,4.5185156,Club,8
M2_ATTCAAGATGCTAG_Club,4.929308,10.593228,Club,12
M2_ATTCCAACATCACG_Club,4.2933702,11.545946,Club,12
M2_ATTCGACTAAAGCA_Club,4.704193,4.6322145,Club,8
M2_ATTCGACTGGCAAG_Club,6.303172,3.1749384,Club,15
M2_ATTCTGACCTGAAC_Club,4.885536,5.844986,Club,3
M2_ATTCTTCTTGCTTT_Basal,4.1956134,5.662421,Basal,13
M2_ATTGAATGAACCGT_Club,5.2481503,5.423572,Club,3
M2_ATTGCGGAGCTACA_Basal,3.7271109,8.308592,Basal,13
M2_ATTGCGGAGGTTCA_Club,5.1794124,10.583256,Club,12
M2_ATTGCTACCTACCC_Club,6.0437865,4.758331,Club,8
M2_ATTGCTACTCGATG_Club,7.502497,5.0701694,Club,11
M2_ATTGCTTGTCACGA_Club,7.4497533,4.593257,Club,11
M2_ATTGCTTGTCAGGT_Club,6.156959,9.028859,Club,3
M2_ATTGCTTGTCTCAT_Ionocyte,2.9872289,5.959937,Ionocyte,25
M2_ATTGGGTGCACTGA_Club,6.422208,7.5497413,Club,3
M2_ATTGGGTGCTGTAG_Club,5.034657,6.5277987,Club,3
M2_ATTGGGTGTCCTAT_Basal,4.080622,8.787413,Basal,13
M2_ATTGGTCTCCAACA_Club,6.549323,5.3269424,Club,8
M2_ATTGTAGACTCCAC_Club,6.0820413,4.1462517,Club,8
M2_ATTGTAGAGGCGAA_Club,6.5476937,5.951854,Club,3
M2_ATTGTCTGCGGTAT_Club,7.8338833,5.3651547,Club,11
M2_ATTGTCTGTTATCC_Club,6.3989453,3.7097087,Club,8
M2_ATTTCGTGTCACGA_Club,7.028291,5.3660955,Club,11
M2_ATTTCTCTGTTACG_Club,7.14464,3.6525886,Club,15
M2_CAAACTCTACCCTC_Basal,4.3403907,8.741861,Basal,13
M2_CAAACTCTCTGAGT_Club,5.0037923,5.2870092,Club,3
M2_CAACAGACCCGTTC_Club,6.2742505,8.898674,Club,3
M2_CAACAGACCTATTC_Ciliated,-0.99977165,15.424488,Ciliated,20
M2_CAACCAGACCAACA_Club,6.015843,2.460246,Club,15
M2_CAACCAGATGACCA_Club,5.418684,9.6657715,Club,12
M2_CAACCGCTTTCGTT_Ciliated,-1.3030015,14.883233,Ciliated,28
M2_CAACGAACAGTACC_Club,6.0885262,3.6872733,Club,15
M2_CAACGAACGCATCA_Club,6.122725,6.867501,Club,3
M2_CAACGAACTGCACA_Club,6.338679,8.155543,Club,3
M2_CAACGAACTTCGTT_Club,6.149153,6.7150674,Club,3
M2_CAACGATGGTAAGA_Ciliated,-1.2200426,15.729542,Ciliated,21
M2_CAACGATGTCCTAT_Club,4.853524,7.1081486,Club,3
M2_CAACTTTGACTCAG_Ciliated,-0.78691936,15.656515,Ciliated,20
M2_CAACTTTGTGCTAG_Club,6.029009,2.4324167,Club,15
M2_CAAGAAGACTTCCG_Club,5.4409537,6.497813,Club,3
M2_CAAGAAGATCACCC_Basal,3.8397708,11.136425,Basal,12
M2_CAAGACTGAAGGTA_Club,5.960231,3.6891086,Club,8
M2_CAAGACTGGTATGC_Club,5.216104,3.3061984,Club,8
M2_CAAGCCCTGGACAG_Tuft,16.369448,8.545629,Tuft,17
M2_CAAGCTGAAAGCCT_Club,6.6534815,6.0464745,Club,8
M2_CAAGGACTTCCCGT_Club,6.042653,6.0594754,Club,3
M2_CAAGTCGACTTACT_Club,5.162039,3.6502724,Club,8
M2_CAAGTTCTATCGGT_Club,4.8745046,4.2295628,Club,8
M2_CAATAAACCTATTC_Goblet,2.823941,4.923574,Goblet,23
M2_CAATATGAGGTACT_Club,7.6392345,5.5211487,Club,11
M2_CAATATGATGACAC_Club,6.828308,4.417752,Club,11
M2_CAATTCTGCATGAC_Club,5.020682,11.316847,Club,12
M2_CAATTCTGGGTACT_Club,5.777399,7.2642584,Club,3
M2_CAATTCTGGGTGGA_Club,6.508353,2.1499271,Club,15
M2_CAATTCTGGTCATG_Club,5.1830034,6.41023,Club,3
M2_CAATTCTGTGTGCA_Club,7.085757,2.8729765,Club,15
M2_CACAACGACGGAGA_Club,7.9008527,5.352963,Club,11
M2_CACAATCTACCCAA_Tuft,16.775492,9.019132,Tuft,17
M2_CACAATCTAGCCAT_Club,6.472209,8.235229,Club,3
M2_CACACCTGATCGTG_Club,4.780879,11.630045,Club,12
M2_CACACCTGTAGTCG_Club,6.0274396,6.776038,Club,3
M2_CACACCTGTTTGTC_Club,5.057069,9.313152,Club,13
M2_CACAGAACTCAGGT_Club,5.584059,5.820568,Club,3
M2_CACAGATGAACGAA_Club,5.430127,7.985942,Club,3
M2_CACAGATGACACAC_Club,7.7018843,5.4844637,Club,11
M2_CACAGATGCAGAAA_Club,5.651263,7.5188303,Club,3
M2_CACATACTCGCTAA_Club,5.264222,7.9015813,Club,3
M2_CACATGGATAGACC_Club,5.39973,10.199258,Club,12
M2_CACCACTGGGAGCA_Club,6.577202,6.303838,Club,3
M2_CACCGGGATCTCTA_Club,5.589683,7.039581,Club,3
M2_CACCGTACCGAATC_Basal,3.683126,6.2070136,Basal,13
M2_CACCGTTGCTGAAC_Basal,4.0380673,8.15018,Basal,13
M2_CACGAAACGGATTC_Club,5.430232,6.5983458,Club,3
M2_CACGGGACCTTGAG_Club,5.616284,6.927221,Club,3
M2_CACGGGACTGTGGT_Club,5.744973,4.8548822,Club,8
M2_CACTAGGATCTCCG_Club,7.233719,4.5908165,Club,11
M2_CACTAGGATGATGC_Basal,3.8653235,8.7122555,Basal,13
M2_CACTGCTGCCATAG_Club,7.146654,5.6276846,Club,11
M2_CACTTATGCCAATG_Club,5.503759,7.206711,Club,3
M2_CACTTATGGGCAAG_Club,5.3450484,6.5837593,Club,3
M2_CACTTTGATCTATC_Club,6.408363,7.6266046,Club,3
M2_CAGACAACCTTGGA_Club,4.6283865,4.32557,Club,8
M2_CAGACCCTAAGAAC_Club,7.0724597,3.104271,Club,15
M2_CAGACCCTGAGATA_Club,5.882872,3.57355,Club,45
M2_CAGACCCTGATAAG_Basal,4.5269227,8.543691,Basal,13
M2_CAGACTGAGCTTAG_Club,5.710868,3.6321168,Club,8
M2_CAGACTGATTCGCC_Club,4.8159504,10.008873,Club,12
M2_CAGAGGGATCTATC_Club,6.6356053,5.1477337,Club,8
M2_CAGATGACACCCTC_Club,5.1178193,6.960127,Club,3
M2_CAGATGACACTTTC_Club,6.0765533,8.592987,Club,3
M2_CAGCCTTGACTGGT_Club,5.309392,6.174124,Club,3
M2_CAGCGGACGAACCT_Club,6.755113,2.9580534,Club,15
M2_CAGCGTCTTTATCC_Club,5.173841,10.126273,Club,12
M2_CAGGTATGTTCGCC_Club,5.836462,9.5331545,Club,3
M2_CAGTGATGGCATAC_Club,5.242605,6.3303003,Club,3
M2_CAGTGATGTTGCGA_Club,5.102606,3.4226782,Club,8
M2_CAGTGTGATAGCGT_Club,6.0930657,5.568969,Club,8
M2_CAGTGTGATTCTAC_Club,5.280309,7.839354,Club,115
M2_CAGTTGGACACTGA_Basal,4.0385356,8.907793,Basal,13
M2_CAGTTGGACCCTCA_Club,6.643418,2.1675007,Club,15
M2_CAGTTGGATATGGC_Club,7.7095017,5.1510406,Club,11
M2_CAGTTGGATGCATG_Club,6.139648,3.7044418,Club,8
M2_CAGTTTACTACGCA_Club,5.8347545,4.8644443,Club,8
M2_CAGTTTACTCCGAA_Club,4.09656,10.943524,Club,12
M2_CATAAAACCGCAAT_Club,7.383552,3.9116893,Club,11
M2_CATAAATGTCTTCA_Club,5.355853,9.0904045,Club,13
M2_CATACTACAAGGTA_Club,5.2697253,9.164235,Club,12
M2_CATACTACCAAGCT_Club,5.4414725,6.921269,Club,3
M2_CATAGTCTATGGTC_Club,6.0562706,3.4101133,Club,11
M2_CATCAGGAGGATCT_Club,6.874172,2.4079318,Club,15
M2_CATCATACGGAGCA_Club,6.3487606,7.7983284,Club,3
M2_CATCCCGACGCAAT_Club,6.0137177,8.084661,Club,3
M2_CATCGCTGAGAGGC_Club,5.6237774,9.608904,Club,12
M2_CATCGCTGTCACGA_Club,6.582251,5.3000164,Club,8
M2_CATCGGCTCTGAAC_Ciliated,-0.9156822,15.440696,Ciliated,20
M2_CATGCCACGTCATG_Club,6.219897,2.6613662,Club,15
M2_CATGCGCTTCGTAG_Club,5.7855277,8.364076,Club,3
M2_CATGGATGTCAGGT_Club,6.41091,6.025627,Club,8
M2_CATGTACTGATGAA_Club,5.7918334,6.66806,Club,3
M2_CATGTTTGACGTGT_Club,5.2445436,7.805289,Club,13
M2_CATGTTTGATTCCT_Club,5.717183,4.452738,Club,8
M2_CATGTTTGGAAACA_Club,6.098388,2.7939274,Club,15
M2_CATGTTTGTTCTGT_Club,6.818515,3.3009915,Club,116
M2_CATTAGCTAGAGAT_Club,5.6440206,2.8210077,Club,15
M2_CATTAGCTCTTCCG_Club,4.7687783,9.064172,Club,13
M2_CATTCCCTACAGCT_Club,5.999725,2.550338,Club,15
M2_CATTCCCTGTTGTG_Basal,3.560248,5.8698363,Basal,13
M2_CATTGACTCAGAGG_Club,6.2637644,9.056129,Club,3
M2_CATTGACTTTCACT_Basal,3.8397024,8.802648,Basal,13
M2_CATTGGGAGAGCAG_Club,5.7747197,3.6396687,Club,8
M2_CATTGGGATGCTAG_Club,5.9085703,6.7063417,Club,3
M2_CATTGTACTCCCGT_Club,6.6124964,5.497503,Club,8
M2_CATTGTTGGGGACA_Basal,4.734309,8.485931,Basal,13
M2_CATTGTTGGGTATC_Tuft,16.655699,8.273754,Tuft,17
M2_CATTTCGAGAGCAG_Club,6.1025705,8.934279,Club,3
M2_CATTTGACGGAAAT_Club,5.8486595,8.848843,Club,3
M2_CATTTGACTGTGGT_Club,7.454492,4.3424025,Club,11
M2_CATTTGTGCTGATG_Club,7.4137483,4.626147,Club,11
M2_CATTTGTGGAATAG_Club,7.1265836,3.102001,Club,15
M2_CCAAGAACAGTCTG_Club,5.387125,6.458736,Club,3
M2_CCAAGATGCCGATA_Club,7.618109,5.810665,Club,11
M2_CCAAGATGTAGAAG_Ciliated,-0.90754193,15.7143135,Ciliated,20
M2_CCAAGATGTCCCAC_Club,5.752537,8.320536,Club,3
M2_CCAATTTGAGCCTA_Ciliated,-0.8714155,15.686896,Ciliated,20
M2_CCAATTTGATCGTG_Club,6.7007165,6.641174,Club,3
M2_CCAATTTGCAAGCT_Club,5.92521,7.287701,Club,11
M2_CCAATTTGCTCGCT_Club,4.7705317,5.883832,Club,3
M2_CCACCATGATTGGC_Club,4.5974917,11.485701,Club,12
M2_CCACCTGAGCGGAA_Club,6.9261403,2.5044892,Club,15
M2_CCACGGGATTCACT_Club,5.049608,5.8450346,Club,3
M2_CCACTGACTGCCCT_Basal,3.7554417,8.185239,Basal,13
M2_CCACTGTGCGGAGA_Club,5.761121,6.492324,Club,3
M2_CCAGAAACGAAGGC_Club,6.485797,6.360355,Club,3
M2_CCAGAAACTAAAGG_Tuft,16.185053,8.689452,Tuft,17
M2_CCAGCGGATTAGGC_Tuft,16.430704,8.925916,Tuft,17
M2_CCAGCTACGTACCA_Club,4.7507286,5.307543,Club,117
M2_CCAGTCACAACGAA_Club,5.2395606,5.9293704,Club,3
M2_CCAGTCACAGGTCT_Club,5.426045,6.091386,Club,3
M2_CCAGTCACATGTGC_Club,6.468652,6.6225553,Club,3
M2_CCAGTGCTCATTCT_Tuft,17.019905,9.260655,Tuft,17
M2_CCAGTGCTGTCGTA_Club,6.838086,2.3538694,Club,15
M2_CCAGTGCTTACGAC_Club,6.206669,8.83872,Club,3
M2_CCATAGGACCTTTA_Club,7.8812823,5.086631,Club,11
M2_CCATAGGAGCATAC_Club,5.394749,4.0267224,Club,8
M2_CCATAGGAGGCAAG_Club,5.4462967,9.5865345,Club,12
M2_CCATATACAAAAGC_Club,5.102719,5.9193797,Club,3
M2_CCATATACCGCAAT_Club,7.0578423,2.8693874,Club,15
M2_CCATATACGGATCT_Basal,3.6840856,6.790064,Basal,13
M2_CCATATACTCGCAA_Club,5.569082,9.7950325,Club,12
M2_CCATATACTTGCAG_Club,6.2678328,2.1724184,Club,15
M2_CCATCCGATTTGTC_Club,6.8087773,4.3724184,Club,11
M2_CCATCGTGACCCAA_Club,4.959099,5.146988,Club,3
M2_CCATGCTGCTGAAC_Club,6.7522655,5.9687037,Club,11
M2_CCATGCTGTCTTCA_Club,6.7257247,4.6490374,Club,11
M2_CCCAAAGAGAATCC_Club,6.3166904,3.5098124,Club,15
M2_CCCAAAGAGCCTTC_Club,6.034455,5.5301876,Club,3
M2_CCCACATGCAGAAA_Club,6.6662464,5.9697394,Club,8
M2_CCCACATGCTTCTA_Club,6.1182165,7.1427445,Club,10
M2_CCCAGACTTACTGG_Club,5.567625,6.7501507,Club,3
M2_CCCGAACTGGTATC_Club,4.774198,5.540158,Club,3
M2_CCCGATTGGTATGC_Ciliated,-0.8471527,15.5926895,Ciliated,20
M2_CCCGATTGTCTCAT_Club,4.6489444,5.729361,Club,3
M2_CCCGATTGTTTACC_Club,4.9293838,11.311529,Club,12
M2_CCCGGAGACTTCCG_Club,6.954816,2.8597531,Club,118
M2_CCCGGAGAGGTTCA_Club,7.2378817,3.255729,Club,15
M2_CCCGGAGATGCCAA_Club,4.955552,5.7805185,Club,3
M2_CCCTAGTGATCGAC_Basal,4.5290704,7.8093653,Basal,13
M2_CCCTCAGATGGAAA_Neuroendocrine,5.4499497,7.2197976,Neuroendocrine,119
M2_CCCTGATGCACACA_Club,5.3810387,3.929583,Club,8
M2_CCCTGATGGCTATG_Club,6.4552364,3.7467592,Club,15
M2_CCCTGATGTGCGTA_Club,3.9760273,5.451888,Club,13
M2_CCCTGATGTGCTCC_Goblet,-3.0196733,2.7344716,Goblet,18
M2_CCCTTACTCGTAGT_Basal,4.729877,9.106394,Basal,12
M2_CCCTTACTGTCCTC_Club,6.281452,9.030422,Club,3
M2_CCGACTACCTCATT_Tuft,16.290405,8.7736845,Tuft,17
M2_CCGACTACCTTGCC_Club,6.2114224,8.066236,Club,3
M2_CCGACTACGTACGT_Club,5.6081123,3.5074418,Club,8
M2_CCGCTATGAAGGCG_Club,6.4717813,7.840509,Club,3
M2_CCGCTATGCTTGGA_Ciliated,-0.87122405,15.719957,Ciliated,20
M2_CCGGAGACCTGACA_Club,5.874999,4.82652,Club,11
M2_CCGGAGACGCTTAG_Basal,4.7500777,8.623796,Basal,13
M2_CCGGAGACTCTGGA_Club,6.7030544,3.521199,Club,15
M2_CCGGAGTGCACTGA_Club,7.3188815,5.6417274,Club,11
M2_CCGGAGTGCTCGCT_Club,5.395288,5.4485016,Club,3
M2_CCGGAGTGTTGGCA_Club,5.398125,6.8023224,Club,3
M2_CCGTACACTTGGCA_Club,7.1000156,2.9823034,Club,15
M2_CCTAAACTTTTGTC_Basal,3.8876112,8.798602,Basal,13
M2_CCTAGAGAGAGGGT_Club,6.8156476,3.801856,Club,11
M2_CCTAGAGATTCGTT_Club,6.285662,5.3903923,Club,8
M2_CCTATAACACTAGC_Club,6.818856,5.8355575,Club,3
M2_CCTATTGACAGTCA_Basal,3.904363,7.9857783,Basal,13
M2_CCTATTGAGTCGAT_Club,6.764514,6.4834137,Club,3
M2_CCTATTGATGTGCA_Club,5.685753,3.3699045,Club,8
M2_CCTCATCTGGTGTT_Club,7.477286,4.0793557,Club,11
M2_CCTCGAACAATCGC_Club,6.2442117,2.5616791,Club,15
M2_CCTGACTGATGGTC_Basal,4.2931376,8.232838,Basal,13
M2_CCTGACTGTGGTCA_Club,5.738678,7.19094,Club,3
M2_CCTGAGCTAAAGTG_Club,6.916063,3.0463464,Club,15
M2_CCTGCAACGGAAGC_Club,6.116285,2.7252014,Club,46
M2_CCTGCAACTCTACT_Club,6.670675,5.728274,Club,8
M2_CCTTAATGCTGTCC_Club,5.047848,3.862714,Club,8
M2_CCTTCACTCTGGAT_Club,5.364781,7.294942,Club,3
M2_CCTTTAGATCCTCG_Club,4.9372034,3.7971864,Club,8
M2_CGAATCGATCTTCA_Club,5.773513,9.4806185,Club,12
M2_CGAATCGATGCTGA_Club,4.813018,3.7943177,Club,8
M2_CGACAAACCGTTGA_Club,5.7349925,8.332183,Club,3
M2_CGACAAACGATGAA_Tuft,16.41931,8.882137,Tuft,17
M2_CGACCGGACGACTA_Club,5.2054133,9.365239,Club,12
M2_CGACCTACGCTGTA_Goblet,-3.0104947,2.7483683,Goblet,18
M2_CGACGTCTGTTGGT_Club,5.8093495,6.769685,Club,3
M2_CGACGTCTTCAGAC_Club,5.8326116,6.6879077,Club,3
M2_CGACTCTGCCTCAC_Basal,0.6167075,-7.0061893,Basal,16
M2_CGACTGCTCCCGTT_Club,5.2456403,4.7812495,Club,3
M2_CGACTGCTTCACGA_Basal,4.2835894,10.414463,Basal,12
M2_CGAGATTGAAGCAA_Basal,0.07036582,-1.6256453,Basal,13
M2_CGAGATTGGGGTGA_Club,5.6630926,9.896752,Club,12
M2_CGAGCGTGAAACGA_Club,5.3819957,6.2849827,Club,3
M2_CGAGCGTGGAGAGC_Basal,3.7796223,7.1817336,Basal,13
M2_CGAGCGTGTTCGTT_Club,5.546507,6.2883205,Club,3
M2_CGAGGAGACAGCTA_Club,5.13159,6.005126,Club,120
M2_CGAGGCACATGTGC_Club,5.6930847,8.423514,Club,3
M2_CGAGGCTGCGTTAG_Club,6.2827873,2.0371554,Club,15
M2_CGAGGCTGCTTAGG_Club,7.5337358,4.332599,Club,11
M2_CGAGGGCTTCCCAC_Basal,4.2213526,7.1200905,Basal,13
M2_CGAGTATGGCGTTA_Club,4.6615005,4.132782,Club,8
M2_CGATACGACAGTCA_Club,4.6558776,11.435927,Club,12
M2_CGATAGACCGACAT_Club,6.207994,3.9715886,Club,8
M2_CGATAGACTGTTTC_Club,5.6641717,6.10702,Club,3
M2_CGATCAGACCTTGC_Club,6.2930765,6.6062145,Club,3
M2_CGATCAGACGATAC_Club,5.9796715,9.297571,Club,3
M2_CGATCAGAGAGAGC_Tuft,16.980904,9.209568,Tuft,17
M2_CGCACGGAGGTTTG_Club,4.672396,4.5154023,Club,8
M2_CGCACGGATCTACT_Club,6.2298036,2.4265914,Club,15
M2_CGCACGGATCTAGG_Club,6.0624866,8.826924,Club,3
M2_CGCAGGACAGAGAT_Club,4.8183856,4.7302895,Club,8
M2_CGCAGGACATGACC_Club,6.6849775,2.7232447,Club,15
M2_CGCAGGTGTGGCAT_Club,5.7091947,3.8710375,Club,8
M2_CGCATAGAGATGAA_Club,5.070912,6.2615957,Club,3
M2_CGCCATACTGACAC_Club,5.4848366,6.0686927,Club,3
M2_CGCCATTGCTAGAC_Club,4.686914,3.9347653,Club,8
M2_CGCCATTGGGTAAA_Club,6.633462,5.369807,Club,8
M2_CGCCATTGTCAAGC_Club,5.7125244,7.1878867,Club,3
M2_CGCCGAGAATTCTC_Club,4.7391586,5.6387997,Club,3
M2_CGCCTAACCACTGA_Club,5.7253313,6.914818,Club,3
M2_CGCCTAACCTGCTC_Basal,4.377579,9.900093,Basal,13
M2_CGCCTAACGCGAAG_Club,6.442004,4.956,Club,8
M2_CGCCTAACGCTAAC_Club,5.467491,2.9952056,Club,15
M2_CGCGAGACCCTATT_Club,5.1781106,3.5084295,Club,8
M2_CGCGGATGGGTTTG_Club,6.503177,6.122904,Club,3
M2_CGCTACTGCAGCTA_Club,5.82071,8.034177,Club,3
M2_CGCTACTGCATTTC_Club,6.0945864,4.973617,Club,11
M2_CGGAATTGACTCTT_Club,5.444943,6.078106,Club,3
M2_CGGAATTGCGGTAT_Club,6.8105845,3.7051156,Club,15
M2_CGGAATTGGTTCTT_Club,6.113944,6.738276,Club,3
M2_CGGACCGAACGTGT_Club,5.5917397,4.602288,Club,8
M2_CGGACCGAAGCCAT_Club,5.182433,7.3541923,Club,3
M2_CGGACCGAAGTCTG_Club,7.530323,5.008738,Club,11
M2_CGGACCGATTGGTG_Club,6.746415,2.2698345,Club,15
M2_CGGACTCTGACACT_Club,6.030245,8.043977,Club,3
M2_CGGACTCTGATACC_Club,5.2278223,10.00568,Club,12
M2_CGGACTCTTGGCAT_Club,5.556315,9.65228,Club,12
M2_CGGATATGGACAAA_Club,7.230386,4.285416,Club,11
M2_CGGCGAACACCACA_Club,6.3753495,6.4164934,Club,3
M2_CGGCGAACCTTATC_Club,5.481724,8.141262,Club,3
M2_CGGCGATGCGACTA_Club,5.7125487,4.0659857,Club,8
M2_CGGGACTGGCTACA_Club,7.293041,4.620828,Club,11
M2_CGGTACCTACCTGA_Club,5.3082857,4.6209917,Club,121
M2_CGGTACCTGTTCTT_Club,6.1535616,4.6825376,Club,8
M2_CGGTCACTGGACAG_Ciliated,-1.2779284,14.881427,Ciliated,28
M2_CGTAACGACCTGAA_Club,5.974946,3.6870446,Club,8
M2_CGTAACGATCGCAA_Club,6.3606024,6.6082006,Club,3
M2_CGTACAGAATGGTC_Club,5.5713625,6.5741687,Club,11
M2_CGTACAGAGGGCAA_Basal,4.9404488,6.9961157,Basal,122
M2_CGTACCACAGTGTC_Ciliated,-0.75974625,15.694841,Ciliated,20
M2_CGTACCACCCTTAT_Club,5.5152946,4.499703,Club,8
M2_CGTACCACTAAGGA_Club,5.2540827,10.337003,Club,12
M2_CGTACCTGCCAACA_Club,6.1753464,2.7032533,Club,15
M2_CGTCAAGAGTACGT_Club,6.540564,5.9423227,Club,8
M2_CGTGAATGGTCTAG_Club,4.6484003,4.10119,Club,8
M2_CGTGAATGTGTAGC_Club,7.2440696,5.1835737,Club,11
M2_CGTGTAGATGCATG_Club,4.9874887,6.7528644,Club,3
M2_CGTTAACTGTGTTG_Club,6.573194,6.2859235,Club,8
M2_CGTTAACTTTGCTT_Club,7.1762624,4.8733673,Club,11
M2_CGTTAGGACTTGGA_Club,6.010653,7.922643,Club,3
M2_CGTTATACCAGATC_Ciliated,-0.9116628,15.679399,Ciliated,20
M2_CGTTATACCTTCCG_Club,6.094004,8.595691,Club,3
M2_CGTTATACTCAAGC_Club,5.5235705,5.7906303,Club,3
M2_CTAAACCTCAAGCT_Club,4.6048827,4.2304335,Club,8
M2_CTAACGGAAAACAG_Club,6.663516,6.477135,Club,3
M2_CTAACGGAACTGTG_Club,6.7164946,5.978063,Club,11
M2_CTAAGGACTGAGGG_Club,5.816016,8.881934,Club,3
M2_CTAAGGTGTCTCGC_Club,6.181,6.7291207,Club,3
M2_CTAATAGATTTCAC_Club,5.0592256,6.665517,Club,3
M2_CTACAACTTTCTAC_Club,5.5054913,5.9522104,Club,3
M2_CTACAACTTTGAGC_Club,5.945058,7.7515974,Club,3
M2_CTACCTCTTCCGTC_Goblet,5.8670087,6.36032,Goblet,123
M2_CTACGCACCGAGTT_Club,5.63269,7.050106,Club,3
M2_CTACGCACGTCGTA_Ciliated,-0.77998865,15.61326,Ciliated,20
M2_CTACGGCTACAGTC_Club,5.932167,3.7194102,Club,8
M2_CTACTATGCTCCCA_Club,5.3834286,9.206652,Club,12
M2_CTACTCCTGTGCTA_Club,5.9323425,7.7213316,Club,3
M2_CTAGATCTACCTTT_Club,5.4131246,7.4902864,Club,3
M2_CTAGATCTGCTCCT_Basal,4.0543547,7.743966,Basal,13
M2_CTAGGATGTTTGGG_Club,6.595671,5.351984,Club,8
M2_CTAGTTACGACAGG_Club,5.6996336,7.455611,Club,3
M2_CTAGTTTGCTATGG_Club,6.176961,8.987826,Club,3
M2_CTAGTTTGGGGACA_Club,6.157251,4.385103,Club,15
M2_CTAGTTTGTAGCCA_Club,5.3405404,9.562783,Club,12
M2_CTATAAGATGCAAC_Club,5.229628,3.8921578,Club,11
M2_CTATACTGTCTTCA_Club,4.4348073,5.250599,Club,3
M2_CTATACTGTGGGAG_Club,6.2362137,4.215231,Club,8
M2_CTATAGCTTTTGGG_Club,5.407719,7.019633,Club,3
M2_CTATCAACAGGGTG_Club,5.472137,3.1133637,Club,8
M2_CTATCCCTCCCACT_Club,5.0577636,10.779151,Club,12
M2_CTATCCCTCTAGAC_Basal,3.8776524,7.8828006,Basal,13
M2_CTATGACTCTCAAG_Club,7.5302987,5.0819035,Club,124
M2_CTATGTTGAGCCTA_Ciliated,-0.90500605,15.750709,Ciliated,20
M2_CTATGTTGCTGGAT_Basal,4.5637712,8.379718,Basal,13
M2_CTATGTTGTAGACC_Basal,4.1806273,7.7964883,Basal,13
M2_CTATTGACCCACAA_Club,6.613513,2.3428774,Club,125
M2_CTATTGTGCTGACA_Ionocyte,2.8766048,5.9427094,Ionocyte,25
M2_CTCAATTGAACAGA_Club,6.6603174,3.681336,Club,11
M2_CTCAATTGTTATCC_Tuft,16.435083,8.952902,Tuft,17
M2_CTCAGAGAAGTAGA_Club,5.6490707,8.46272,Club,12
M2_CTCAGAGACGTAGT_Club,6.677106,5.970122,Club,3
M2_CTCAGAGACTTGTT_Club,5.023777,7.164481,Club,3
M2_CTCAGAGAGAACTC_Club,6.092186,4.6366763,Club,8
M2_CTCAGCACGTTGTG_Club,5.9299946,2.8745148,Club,15
M2_CTCAGCTGACCAAC_Club,5.4547462,7.1895733,Club,11
M2_CTCAGCTGCCTAAG_Club,4.922013,10.39774,Club,12
M2_CTCAGCTGGATAGA_Club,5.827374,6.827311,Club,3
M2_CTCAGCTGGCGTTA_Club,6.234009,5.620034,Club,8
M2_CTCATTGAGGTGGA_Club,5.784241,2.7569451,Club,15
M2_CTCCGAACAAGCCT_Club,6.343688,2.5980494,Club,15
M2_CTCCGAACAGAAGT_Club,5.3406205,9.928478,Club,12
M2_CTCCGAACGACTAC_Club,5.3184648,6.5433345,Club,3
M2_CTCCTACTGTGTTG_Club,6.749647,6.662485,Club,3
M2_CTCGAAGAGAATGA_Basal,7.1861095,6.237646,Basal,11
M2_CTCGAAGAGGTATC_Tuft,17.04684,9.333591,Tuft,17
M2_CTCGACACTTATCC_Club,6.6121044,5.3888364,Club,8
M2_CTCGCATGTACAGC_Club,5.415596,7.4283347,Club,3
M2_CTCGCATGTCCTTA_Club,6.1935987,7.2946486,Club,3
M2_CTCTAAACCGAGTT_Club,5.185895,9.513553,Club,12
M2_CTCTAAACTGTGGT_Club,5.89077,7.821575,Club,3
M2_CTCTAATGCAGAGG_Club,6.254137,4.9946876,Club,8
M2_CTGAAGACAGGTTC_Tuft,16.186834,8.637651,Tuft,17
M2_CTGAAGACCGAGAG_Club,5.172809,5.893172,Club,3
M2_CTGAATCTCTCTCG_Ionocyte,2.9751458,5.9833636,Ionocyte,25
M2_CTGACAGAGTCGTA_Tuft,17.040422,9.364965,Tuft,17
M2_CTGAGAACAAGAGT_Club,5.526839,8.223932,Club,12
M2_CTGAGAACTGCAAC_Club,6.390218,3.287226,Club,15
M2_CTGAGAACTGGTAC_Club,5.1285,6.5886617,Club,3
M2_CTGAGCCTACGGTT_Ionocyte,3.409345,5.588059,Ionocyte,23
M2_CTGATACTCTTAGG_Club,5.3780794,10.217926,Club,12
M2_CTGCCAACCGATAC_Basal,1.2999318,-0.70489436,Basal,13
M2_CTGCCAACGGTTAC_Club,4.834891,4.33493,Club,8
M2_CTGGAAACCGAATC_Goblet,-2.9913642,2.7457194,Goblet,18
M2_CTGGATGAACCCAA_Tuft,16.135159,8.701022,Tuft,17
M2_CTGGATGATAGCGT_Club,4.8485374,6.479844,Club,3
M2_CTGTATACGAAGGC_Basal,3.5865812,5.628129,Basal,13
M2_CTGTATACGAGGTG_Club,4.734059,10.530836,Club,12
M2_CTTAAAGACCTTCG_Tuft,16.199598,8.764447,Tuft,17
M2_CTTAACACCTCCCA_Club,6.11989,8.606941,Club,3
M2_CTTACAACTATCTC_Club,4.9774404,9.626432,Club,12
M2_CTTACTGACTTGAG_Club,7.571002,4.1939993,Club,11
M2_CTTAGGGAACACGT_Club,6.42914,6.713526,Club,3
M2_CTTATCGAGATACC_Neuroendocrine,13.396105,-5.873438,Neuroendocrine,19
M2_CTTATCGATACTTC_Club,4.7449803,5.0016627,Club,3
M2_CTTCACCTCACTTT_Club,5.7333674,9.620349,Club,12
M2_CTTCATGAACGTAC_Club,5.2689714,3.3598812,Club,8
M2_CTTCATGACATGAC_Club,5.178884,4.4274383,Club,126
M2_CTTCTAGATGACCA_Club,4.976777,3.8925586,Club,8
M2_CTTGAACTCCTTGC_Club,5.6110625,6.641552,Club,3
M2_CTTGAACTGAGCTT_Club,6.253286,2.2209487,Club,15
M2_CTTGAACTTTTGTC_Club,6.563528,8.353504,Club,3
M2_CTTGTATGACCAAC_Club,6.289956,8.158019,Club,3
M2_CTTGTATGGGTGAG_Club,6.3339577,6.932109,Club,10
M2_CTTGTATGTCCTCG_Club,5.843486,3.858812,Club,8
M2_CTTTAGACCGAATC_Club,6.62709,6.6857114,Club,3
M2_CTTTAGACTGTCGA_Club,5.905596,9.249427,Club,3
M2_CTTTAGTGAGCGGA_Club,6.083382,2.1519494,Club,15
M2_CTTTCAGAGGAACG_Basal,3.5135553,5.5812707,Basal,13
M2_CTTTCAGATGCACA_Club,6.4674177,2.1026435,Club,15
M2_CTTTGATGGCAGAG_Club,5.0471525,6.7723365,Club,3
M2_GAAACAGAGGTAAA_Club,5.114194,9.877006,Club,127
M2_GAAAGATGCTTCCG_Club,6.064412,2.319976,Club,15
M2_GAAAGCCTGCTCCT_Tuft,16.75036,9.0053005,Tuft,17
M2_GAAAGCCTGTCTTT_Club,5.355565,5.0613503,Club,3
M2_GAAAGCCTTCCAGA_Club,6.851028,4.788322,Club,11
M2_GAAAGTGACCTCGT_Ciliated,-0.9445769,15.531947,Ciliated,20
M2_GAAAGTGATACTCT_Club,5.213501,9.856438,Club,12
M2_GAAATACTGGAAGC_Tuft,16.17479,8.778021,Tuft,17
M2_GAACAGCTCTACGA_Club,6.190492,2.2328737,Club,15
M2_GAACAGCTTGACCA_Club,6.754059,5.6923275,Club,33
M2_GAACCAACACCAGT_Club,4.571259,9.761898,Club,13
M2_GAACCTGAGCGATT_Basal,4.0197897,8.877285,Basal,13
M2_GAACGTTGGCGAGA_Club,5.6219673,5.2319055,Club,128
M2_GAAGAATGAACGAA_Club,4.103052,11.607175,Club,12
M2_GAAGATGACACTCC_Club,5.7835426,4.1296854,Club,8
M2_GAAGCTACACTTTC_Club,5.482854,10.047493,Club,12
M2_GAAGCTACGACGGA_Ciliated,-0.8795786,15.4564905,Ciliated,20
M2_GAAGCTACTTGTGG_Basal,4.8030705,9.246423,Basal,29
M2_GAAGCTTGAACGTC_Club,6.3489237,2.1451576,Club,15
M2_GAAGCTTGCTGCTC_Club,6.4464836,2.2467513,Club,15
M2_GAAGGTCTGATACC_Basal,3.7733662,8.221712,Basal,13
M2_GAAGTAGAATGTCG_Club,6.843547,2.406815,Club,15
M2_GAAGTAGACCCTTG_Club,4.2077403,11.590958,Club,12
M2_GAAGTAGACGTTGA_Club,5.762011,7.2637773,Club,3
M2_GAAGTAGATTGCTT_Club,6.7243547,3.8706422,Club,11
M2_GAAGTCTGATCGTG_Tuft,16.213238,8.753757,Tuft,17
M2_GAATGCACCTAGTG_Club,4.614393,8.918723,Club,29
M2_GAATGCTGCAACCA_Club,6.1117496,2.119339,Club,15
M2_GAATGGCTGGAAAT_Club,4.5409303,5.239569,Club,3
M2_GAATTAACAAACGA_Basal,7.199219,5.0599675,Basal,11
M2_GAATTAACAACCAC_Club,5.3947535,10.230948,Club,12
M2_GACAACACCGCATA_Club,7.1508946,3.323915,Club,15
M2_GACAACACGAGCAG_Club,4.9639006,10.507599,Club,12
M2_GACAACACTGGGAG_Club,3.935925,11.594431,Club,12
M2_GACAACTGTACGAC_Club,6.263387,7.3202324,Club,3
M2_GACAACTGTCACCC_Basal,5.39147,7.7607546,Basal,13
M2_GACAACTGTTCAGG_Club,5.970962,2.230397,Club,15
M2_GACACTGAGACGGA_Club,7.7482014,4.9598923,Club,11
M2_GACAGTACATCGGT_Club,5.2128277,9.700568,Club,129
M2_GACAGTACGCGTTA_Club,6.233003,7.786506,Club,3
M2_GACATTCTAAACGA_Basal,3.779738,7.023398,Basal,13
M2_GACATTCTCAACTG_Club,5.876071,9.521772,Club,130
M2_GACATTCTGTTTCT_Club,5.951203,9.580086,Club,12
M2_GACCATGACGAGTT_Club,6.2598295,8.877613,Club,3
M2_GACCCTACAGTTCG_Basal,4.5625567,8.7975025,Basal,13
M2_GACCTAGATATGCG_Club,7.673686,5.4286823,Club,11
M2_GACCTCACAGCATC_Club,6.1190267,6.6231413,Club,3
M2_GACCTCTGCGTCTC_Club,6.16592,3.2744067,Club,15
M2_GACCTCTGGAACCT_Club,4.8426213,11.572405,Club,12
M2_GACCTCTGGGATCT_Club,6.3554583,8.226927,Club,3
M2_GACGAACTCCATAG_Club,5.7773547,9.529521,Club,12
M2_GACGAACTGAGAGC_Club,6.080103,3.2805583,Club,11
M2_GACGAGGAACGGTT_Tuft,16.4538,8.791622,Tuft,17
M2_GACGAGGAGAGGAC_Club,6.0815277,4.0059457,Club,8
M2_GACGAGGAGTGAGG_Tuft,16.139898,8.700306,Tuft,17
M2_GACGATTGACGTAC_Club,6.1795745,8.073329,Club,3
M2_GACGATTGCTTACT_Basal,3.6116645,5.64539,Basal,13
M2_GACGCCGAGGACTT_Tuft,16.285904,8.584587,Tuft,17
M2_GACGGCACAGATCC_Club,5.5080013,7.546223,Club,3
M2_GACGTATGACTCAG_Club,4.609962,4.3757186,Club,8
M2_GACGTATGCTTTAC_Club,6.342468,7.710923,Club,3
M2_GACTACGAACGGAG_Club,5.234323,3.4906769,Club,8
M2_GACTACGACTTGCC_Club,6.8712826,5.147423,Club,131
M2_GACTACGAGCTACA_Club,5.338677,6.001744,Club,3
M2_GACTCCTGCCATAG_Club,5.7256618,5.6842985,Club,3
M2_GACTGAACCGGGAA_Club,5.986148,8.278524,Club,3
M2_GACTGAACGTGTAC_Club,6.2334123,3.7439158,Club,47
M2_GACTGATGGCTTAG_Club,6.3072176,8.378767,Club,3
M2_GACTGTGACAATCG_Club,4.9636416,7.8086624,Club,3
M2_GAGAAATGCCAACA_Club,7.1065054,5.1689997,Club,11
M2_GAGAGGTGTCTTTG_Basal,1.5930935,-2.360147,Basal,16
M2_GAGATAGAAGCTCA_Club,4.746742,4.904033,Club,3
M2_GAGATAGATGACCA_Club,6.7110057,6.3747096,Club,3
M2_GAGATCACCTGAAC_Basal,5.8363323,7.5521054,Basal,13
M2_GAGATCACGGATCT_Basal,3.86387,7.9906225,Basal,13
M2_GAGATCACGTCCTC_Club,7.10553,3.1294894,Club,15
M2_GAGATGCTACTAGC_Club,6.41082,5.7296853,Club,8
M2_GAGCAACTTGGAGG_Tuft,17.068499,9.240493,Tuft,17
M2_GAGCAGGAGGAGTG_Club,4.7472577,4.7471437,Club,8
M2_GAGCAGGATATGCG_Club,5.9691777,2.9668427,Club,15
M2_GAGCATACGGTGTT_Club,4.7040825,11.714145,Club,12
M2_GAGCGAGATCTTCA_Club,5.3844476,9.362846,Club,12
M2_GAGCGCACCTCTAT_Basal,4.0396194,8.922848,Basal,13
M2_GAGCGCACTGGAAA_Club,5.024751,4.174449,Club,8
M2_GAGCGCTGACCAGT_Club,3.8341875,5.515326,Club,13
M2_GAGCGCTGCTGGAT_Club,4.889508,7.737842,Club,13
M2_GAGCGGCTATGTGC_Club,5.9196067,2.7201447,Club,15
M2_GAGGACGATGACTG_Tuft,17.069952,9.252791,Tuft,17
M2_GAGGACGATTCAGG_Club,7.010783,4.5420375,Club,11
M2_GAGGATCTCTAAGC_Basal,4.3911266,9.789288,Basal,13
M2_GAGGCAGAACACTG_Club,5.2358503,4.7340508,Club,132
M2_GAGGCAGAATTTCC_Club,6.325648,8.737466,Club,3
M2_GAGGCAGACATGAC_Club,7.3000503,5.2725496,Club,11
M2_GAGGCCACTGCAAC_Club,5.363297,9.871243,Club,12
M2_GAGGCCACTGCTGA_Tuft,17.016632,9.278784,Tuft,17
M2_GAGGGAACCAGAAA_Club,6.44919,6.97764,Club,3
M2_GAGGGAACTGCTCC_Basal,0.36877978,-0.6288715,Basal,13
M2_GAGGGATGAAGGGC_Club,6.367159,6.9401746,Club,3
M2_GAGGGATGGCATCA_Club,5.9971237,5.182321,Club,8
M2_GAGGGTGACTAGAC_Club,5.4531975,5.676865,Club,3
M2_GAGGGTGATCTATC_Club,6.149316,2.2946482,Club,15
M2_GAGGTACTCTGAGT_Club,5.744051,7.0686255,Club,3
M2_GAGGTGGACCAATG_Basal,1.8658508,0.25599757,Basal,13
M2_GAGGTGGACCTTAT_Club,6.599902,3.134317,Club,15
M2_GAGTAAGACGATAC_Club,7.2806807,5.886586,Club,11
M2_GAGTAAGATATGGC_Club,7.718682,5.2995048,Club,11
M2_GAGTACTGCAGCTA_Club,5.1292176,3.8820877,Club,8
M2_GAGTGACTGAATAG_Club,6.1103153,4.728738,Club,8
M2_GAGTGACTGACACT_Club,6.5024447,6.321105,Club,3
M2_GAGTGACTTCATTC_Basal,3.6799135,8.277715,Basal,13
M2_GAGTTGTGAGGTCT_Club,6.241429,2.4360824,Club,15
M2_GAGTTGTGGGGATG_Club,6.8082867,3.1608202,Club,15
M2_GAGTTGTGTAGACC_Club,6.1694446,7.8536835,Club,3
M2_GAGTTGTGTTAGGC_Club,7.71429,5.527734,Club,11
M2_GATAATACTCAAGC_Club,6.011114,8.798551,Club,133
M2_GATACTCTGTCTGA_Club,5.0381756,11.219213,Club,12
M2_GATACTCTTATCGG_Club,7.226881,5.088776,Club,11
M2_GATAGAGACATGAC_Basal,3.836523,7.3619914,Basal,13
M2_GATAGAGACTTATC_Club,7.5579066,5.3708396,Club,11
M2_GATAGCACATGCTG_Club,6.652274,5.75724,Club,8
M2_GATAGCACTGGAGG_Basal,0.5016544,-1.2612956,Basal,13
M2_GATATATGGAGGGT_Club,5.5592484,7.243284,Club,3
M2_GATATCCTGCTCCT_Club,5.312627,6.213226,Club,3
M2_GATCCCTGTCACGA_Club,4.719435,4.905152,Club,3
M2_GATCGATGCATCAG_Neuroendocrine,13.3662615,-5.8511815,Neuroendocrine,19
M2_GATCGATGCGGTAT_Club,7.7985106,5.141693,Club,11
M2_GATCGATGCTCTAT_Club,5.9110284,3.0654218,Club,15
M2_GATCGTGATAACGC_Club,6.7725163,4.600614,Club,11
M2_GATCTACTCGTCTC_Club,5.216327,6.9834795,Club,3
M2_GATCTTACGGGCAA_Club,4.0020103,11.063746,Club,12
M2_GATGACACCCTTCG_Club,5.995486,9.281311,Club,3
M2_GATGCATGCCGCTT_Club,6.4635344,4.2232,Club,11
M2_GATGCCCTCCTCGT_Club,6.6742144,6.996922,Club,134
M2_GATGCCCTGTAAGA_Club,5.4790263,5.642719,Club,3
M2_GATTCGGAGTTTGG_Club,7.723909,4.5558205,Club,11
M2_GATTCTACCTGTTT_Club,5.9589286,7.7457786,Club,3
M2_GATTCTACTGAAGA_Club,4.595817,5.1357765,Club,3
M2_GATTCTTGAAGGGC_Club,4.572162,4.8821626,Club,3
M2_GATTCTTGCATGGT_Club,6.28526,7.8043046,Club,3
M2_GATTCTTGGCATCA_Club,5.2727823,10.016822,Club,12
M2_GATTGGACATCGTG_Club,5.496864,10.097258,Club,12
M2_GATTGGACCCGCTT_Club,6.490789,4.704741,Club,8
M2_GATTGGTGATCTTC_Club,6.402049,4.396213,Club,48
M2_GATTGGTGTCCCAC_Club,4.9851203,10.241542,Club,12
M2_GATTGGTGTTCCCG_Ciliated,-1.2967322,14.840571,Ciliated,28
M2_GATTTAGACTTACT_Club,5.0963073,5.6639895,Club,3
M2_GATTTGCTCATGGT_Club,5.162629,6.297143,Club,3
M2_GCAAACTGGACAGG_Club,5.49084,7.465148,Club,3
M2_GCAAACTGTCCAAG_Club,4.475573,5.495249,Club,3
M2_GCAACCCTCTTACT_Club,6.69997,2.201094,Club,15
M2_GCAAGACTCCAAGT_Club,5.68978,2.7525227,Club,15
M2_GCAAGACTGGACTT_Basal,3.5574992,5.482094,Basal,13
M2_GCAAGACTTTGTCT_Basal,4.415123,8.853373,Basal,13
M2_GCAATCGATGTCCC_Club,4.841939,5.1747794,Club,3
M2_GCACAAACAGGAGC_Club,3.915599,11.591436,Club,12
M2_GCACAAACGGTGTT_Club,5.9191494,4.4762225,Club,8
M2_GCACAAACGGTTAC_Club,7.1889715,5.3058405,Club,11
M2_GCACCTACAGTCTG_Club,5.2067256,3.8136106,Club,135
M2_GCACCTACTTCAGG_Club,4.7259364,10.633501,Club,12
M2_GCACTGCTTCACGA_Club,7.7873654,4.7350936,Club,11
M2_GCAGATACAGACTC_Club,5.0107536,11.410908,Club,12
M2_GCAGATACTCTATC_Tuft,16.610611,8.163947,Tuft,17
M2_GCAGCCGACTCAGA_Club,5.523708,9.687712,Club,12
M2_GCAGCGTGTTGCAG_Club,5.81346,4.434094,Club,8
M2_GCAGCTCTGGTATC_Club,6.434791,4.38155,Club,8
M2_GCAGCTCTTTCTTG_Club,6.1997385,5.8546033,Club,8
M2_GCAGGCACTGGAAA_Club,4.817601,5.589785,Club,136
M2_GCAGGGCTCCAATG_Club,6.938318,4.399796,Club,11
M2_GCAGTCCTCATACG_Club,4.7143564,4.5347543,Club,8
M2_GCAGTTGACATTTC_Club,5.586478,7.945615,Club,3
M2_GCATCAGACTTCGC_Club,5.0405498,9.689551,Club,12
M2_GCATCAGATTGGCA_Club,5.4445176,5.179668,Club,3
M2_GCATGATGTCATTC_Club,6.6554956,6.5018387,Club,3
M2_GCATGATGTTACCT_Club,6.5154767,4.282451,Club,11
M2_GCATGTGAGTAAAG_Club,6.3739796,2.159101,Club,15
M2_GCCAAATGACCCTC_Tuft,16.941635,9.190257,Tuft,17
M2_GCCAAATGCACTAG_Club,6.543208,2.1002932,Club,15
M2_GCCAACCTGGTAAA_Club,4.62715,4.1936088,Club,8
M2_GCCACGGAGCAGAG_Club,5.5157576,3.5069485,Club,8
M2_GCCACTACATCGGT_Club,5.527679,9.221753,Club,12
M2_GCCACTACTCCCGT_Basal,5.425739,6.5737443,Basal,3
M2_GCCATCACAGGAGC_Basal,0.5979374,-7.0337706,Basal,16
M2_GCCCAACTCATTGG_Club,6.1754575,2.42808,Club,15
M2_GCCGACGAGCATCA_Basal,3.8433998,5.5747128,Basal,13
M2_GCCGACGATGTTCT_Club,7.695916,5.324365,Club,11
M2_GCCGAGTGCTCAAG_Club,7.439796,4.1117554,Club,11
M2_GCCGAGTGTGACCA_Club,6.0087852,5.4942746,Club,8
M2_GCCGGAACACACGT_Club,6.063702,6.9055743,Club,3
M2_GCCGGAACCCAATG_Club,4.998206,9.653439,Club,12
M2_GCCGGAACGGGTGA_Basal,2.0887218,-0.8452147,Basal,13
M2_GCCGTACTGCTTAG_Basal,3.3243384,6.299572,Basal,25
M2_GCCTACACCAGTTG_Basal,3.825426,8.64523,Basal,13
M2_GCCTCATGCTTCGC_Club,5.50242,8.77903,Club,3
M2_GCGAAGGACACCAA_Club,5.15745,3.4861705,Club,8
M2_GCGACTCTCAGTTG_Club,5.0230064,11.223149,Club,12
M2_GCGACTCTTTTCGT_Tuft,16.334196,8.796647,Tuft,17
M2_GCGATATGCAACCA_Club,6.093242,9.023041,Club,3
M2_GCGCACGAACCTTT_Club,7.9987235,5.4657693,Club,11
M2_GCGCACGAGAGGTG_Ciliated,-0.8385737,15.568747,Ciliated,20
M2_GCGCATCTGGTTCA_Club,6.3978744,3.8954833,Club,47
M2_GCGCGAACCCGTTC_Club,5.3404064,6.26556,Club,3
M2_GCGCGATGCACTGA_Basal,4.8697867,8.858911,Basal,13
M2_GCGGAGCTCGAGAG_Club,5.1348,6.6070595,Club,3
M2_GCGTAATGCACACA_Ciliated,-0.8451922,15.5963955,Ciliated,20
M2_GCGTAATGGTAGCT_Club,6.2294545,5.096569,Club,8
M2_GCTACCTGTGCAGT_Club,6.253193,4.2501035,Club,8
M2_GCTAGATGAACAGA_Tuft,16.292196,8.724398,Tuft,17
M2_GCTAGATGACACTG_Club,5.2315803,5.462773,Club,137
M2_GCTATACTAGATGA_Basal,5.025954,7.582566,Basal,13
M2_GCTATACTGAGGAC_Club,7.4062195,4.5726686,Club,11
M2_GCTCAAGATTCCCG_Club,5.2771425,5.9957643,Club,3
M2_GCTCACTGACACGT_Club,6.0783787,6.005946,Club,8
M2_GCTCACTGATCTCT_Club,6.401472,6.5333853,Club,3
M2_GCTCACTGCGGGAA_Basal,4.0399504,5.599012,Basal,13
M2_GCTCACTGGGTTAC_Club,5.7559905,6.0039907,Club,3
M2_GCTCAGCTAACGGG_Club,6.197285,3.9067488,Club,8
M2_GCTCCATGAGAGAT_Club,6.0775223,8.488887,Club,3
M2_GCTCCATGCCCAAA_Club,5.028753,9.867905,Club,12
M2_GCTCGACTACTACG_Club,6.282423,8.743892,Club,3
M2_GCTCGACTCCTAAG_Club,4.848599,4.302733,Club,8
M2_GCTTAACTTCGCCT_Basal,4.8782873,9.492602,Basal,13
M2_GCTTGAGAAACCAC_Club,5.5057173,6.971405,Club,138
M2_GGAACACTACACGT_Club,6.9082603,4.689659,Club,11
M2_GGAACTACACACAC_Neuroendocrine,13.359102,-5.83405,Neuroendocrine,19
M2_GGAAGGTGAGAACA_Club,5.8474045,4.140508,Club,8
M2_GGAATCTGGCCCTT_Club,4.8273273,4.082268,Club,8
M2_GGACAACTCGCATA_Club,5.432102,9.489104,Club,12
M2_GGACAACTGTTGAC_Club,6.4031,2.8111992,Club,15
M2_GGACATTGCTCGCT_Club,7.62976,4.510639,Club,11
M2_GGACCTCTCTACGA_Club,6.080604,8.050006,Club,3
M2_GGACGCACGTGTTG_Basal,0.57341546,-0.2797147,Basal,13
M2_GGACTATGTCTTCA_Tuft,17.056755,9.303371,Tuft,17
M2_GGAGCAGAGAATCC_Club,4.2871976,5.4668636,Club,13
M2_GGAGCCACACGCTA_Club,4.7516637,3.9789374,Club,8
M2_GGAGCCACCCAAGT_Club,5.827857,4.5404415,Club,8
M2_GGAGGCCTAGAATG_Basal,0.45650083,-0.303556,Basal,13
M2_GGAGGCCTATTCTC_Club,6.079228,6.6791315,Club,3
M2_GGAGGCCTTCTCGC_Club,7.11043,5.21658,Club,11
M2_GGAGGTGAAAGAAC_Basal,5.128051,8.350844,Basal,13
M2_GGAGGTGAACAGTC_Club,5.861011,9.458005,Club,12
M2_GGATACTGATCGGT_Tuft,16.527374,8.934385,Tuft,17
M2_GGATACTGTGACCA_Tuft,16.839293,9.046698,Tuft,17
M2_GGATACTGTGAGAA_Club,4.8887,6.3041863,Club,3
M2_GGATACTGTGCTAG_Club,5.8694897,3.9538207,Club,8
M2_GGATAGCTATTCCT_Club,4.943468,6.8986487,Club,3
M2_GGATAGCTGTATCG_Club,6.4417844,2.3612788,Club,15
M2_GGATTGTGTCAGTG_Tuft,16.27964,8.677029,Tuft,17
M2_GGATTTCTAGTGCT_Club,5.152446,7.635541,Club,3
M2_GGATTTCTGAATCC_Club,6.323114,7.542981,Club,3
M2_GGCAAGGACTCATT_Club,6.064893,9.143374,Club,3
M2_GGCAATACTGCCTC_Club,5.5706534,7.3322744,Club,3
M2_GGCAATACTTTGTC_Club,6.6141195,5.583747,Club,8
M2_GGCACGTGGCCATA_Club,5.0799193,7.488059,Club,3
M2_GGCACTCTCAACCA_Club,5.906381,8.467358,Club,3
M2_GGCATATGGGTATC_Club,5.0146813,5.4569874,Club,3
M2_GGCATATGGTCTAG_Club,4.8818893,6.359689,Club,3
M2_GGCCAGACGTGAGG_Basal,7.3313146,6.2274146,Basal,11
M2_GGCCGAACGAGACG_Club,5.3325887,6.0789657,Club,3
M2_GGCCGAACTACGAC_Tuft,16.344212,8.713767,Tuft,17
M2_GGCCGATGCTCTCG_Club,5.308215,3.758872,Club,8
M2_GGCGACTGACGCAT_Club,5.564795,9.849057,Club,12
M2_GGCGACTGCGTGTA_Club,5.189165,6.7464848,Club,3
M2_GGCGCATGAGCAAA_Club,5.3852897,6.2577434,Club,3
M2_GGCGCATGTCAGGT_Club,5.1047144,5.1747413,Club,3
M2_GGCGGACTTCCTGC_Club,5.3698616,10.336203,Club,12
M2_GGCTAATGTCTTCA_Club,4.9463162,6.2108135,Club,3
M2_GGGAACGAATTGGC_Club,6.529143,3.4281924,Club,15
M2_GGGAAGACGCCAAT_Club,4.7105966,11.696037,Club,12
M2_GGGAAGTGAGAACA_Basal,3.7792735,5.7452745,Basal,13
M2_GGGACCACAGATCC_Club,5.5404096,5.219324,Club,8
M2_GGGACCACTGGATC_Club,6.434028,6.9372044,Club,3
M2_GGGACCTGACACTG_Club,4.820706,5.102278,Club,3
M2_GGGACCTGATCGTG_Club,6.009839,4.6436324,Club,8
M2_GGGATGGATTGGCA_Basal,4.3216014,8.36831,Basal,13
M2_GGGATTACGGAGGT_Club,4.9843655,5.7179966,Club,3
M2_GGGCACACTGTCTT_Club,4.068258,11.318477,Club,12
M2_GGTAAAGACAGAGG_Club,5.5288486,6.625162,Club,3
M2_GGTAAAGACTCCAC_Club,3.9060426,11.185875,Club,12
M2_GGTACAACGCCATA_Ciliated,-1.0316693,15.780227,Ciliated,20
M2_GGTACAACTCTGGA_Club,5.733161,6.4896545,Club,3
M2_GGTAGTACACCTTT_Club,4.1860776,11.301538,Club,12
M2_GGTAGTACACTCAG_Club,5.743365,5.5458536,Club,8
M2_GGTATCGATGCTAG_Club,5.09207,6.0413795,Club,3
M2_GGTATGACTTGGCA_Club,6.570531,5.6454635,Club,139
M2_GGTTTACTTACGAC_Club,5.821351,6.8807397,Club,3
M2_GTAACGTGCATACG_Club,6.9709163,2.5172265,Club,15
M2_GTAAGCACGAGGCA_Club,5.987768,8.170632,Club,3
M2_GTAAGCACTACGAC_Club,5.8826246,8.022713,Club,3
M2_GTAAGCTGGTATCG_Club,7.8683558,5.821069,Club,11
M2_GTAATATGCGAGAG_Club,6.5404053,5.1881843,Club,8
M2_GTAATATGGGTTAC_Basal,1.718655,-0.30172032,Basal,13
M2_GTACAGTGTAGTCG_Club,6.3777776,8.569395,Club,3
M2_GTACAGTGTCTTTG_Club,7.5758834,5.541524,Club,11
M2_GTACCCTGAGTCTG_Club,4.79007,5.4344063,Club,3
M2_GTACGAACGGCGAA_Club,7.0453324,3.1833434,Club,15
M2_GTACTACTATCTTC_Club,5.665558,7.032987,Club,3
M2_GTAGACTGCATACG_Club,5.8821077,5.7847085,Club,8
M2_GTAGACTGCGCAAT_Club,6.3685594,7.1382046,Club,3
M2_GTAGACTGGAGATA_Basal,4.7905645,8.460434,Basal,13
M2_GTAGACTGGCGAAG_Tuft,16.278463,8.608119,Tuft,17
M2_GTAGCAACATGCTG_Club,6.0448966,7.8070297,Club,3
M2_GTAGCAACGTTGCA_Basal,3.8583152,8.351396,Basal,13
M2_GTAGCAACTTTGGG_Club,6.3229003,4.1117334,Club,11
M2_GTAGCATGGCGTTA_Club,5.2655525,5.893169,Club,140
M2_GTAGCTGAAGTCGT_Club,7.6615534,4.873829,Club,11
M2_GTAGCTGAGCCCTT_Club,5.2259364,7.4770474,Club,3
M2_GTAGCTGAGTCGAT_Basal,3.7230487,8.342922,Basal,13
M2_GTAGTGACACCTAG_Club,6.156436,8.778247,Club,3
M2_GTAGTGACTACTTC_Club,4.6947613,5.287872,Club,3
M2_GTATCACTCTTACT_Club,6.2635446,4.416221,Club,8
M2_GTATGGTGAGCACT_Club,7.7421436,4.9243164,Club,11
M2_GTATTAGAAAAACG_Club,6.893681,4.6549397,Club,11
M2_GTCACAGAAAGTGA_Club,7.0421214,3.2050395,Club,15
M2_GTCACAGATTGCAG_Club,5.2775836,9.576678,Club,12
M2_GTCACCTGAGTACC_Club,6.565777,5.3257084,Club,8
M2_GTCACCTGAGTCAC_Club,5.341611,5.219755,Club,3
M2_GTCACCTGGGTGGA_Basal,3.6742077,8.0400305,Basal,13
M2_GTCCAAGACCTACC_Club,5.4342904,3.693598,Club,8
M2_GTCCACACACCAAC_Goblet,6.4706206,4.7157564,Goblet,141
M2_GTCCACACGAGCTT_Club,6.3281417,8.98688,Club,3
M2_GTCCACACGCGTTA_Club,4.9530444,3.8643696,Club,8
M2_GTCCACACTCCCAC_Club,5.8569813,3.8039827,Club,8
M2_GTCCCATGTCAGAC_Club,6.341156,7.609482,Club,3
M2_GTCGAATGAGAAGT_Ciliated,-0.84552866,15.680123,Ciliated,20
M2_GTCTAGGAACGTTG_Club,5.2688136,7.9860835,Club,3
M2_GTCTAGGACCGTAA_Club,3.9901443,11.0809765,Club,12
M2_GTGAACACACGCAT_Club,6.25177,2.91243,Club,15
M2_GTGACAACCCTGAA_Club,4.576385,11.764539,Club,12
M2_GTGACCCTCTAGAC_Club,5.313044,5.229361,Club,3
M2_GTGATGACCATACG_Club,7.555325,3.953986,Club,11
M2_GTGATTCTAGACTC_Club,6.192575,6.0098333,Club,8
M2_GTGATTCTGGTATC_Club,5.9604983,2.4350643,Club,15
M2_GTGCAAACCGTGAT_Tuft,17.06045,9.326204,Tuft,17
M2_GTGGATTGCGTCTC_Club,6.709786,5.2426276,Club,15
M2_GTGGTAACCGTACA_Club,5.123102,6.0569315,Club,3
M2_GTGTAGTGAGTGCT_Club,5.76605,9.03015,Club,3
M2_GTGTATCTCTCAGA_Club,7.005117,2.958119,Club,15
M2_GTGTCAGATGTGGT_Club,5.879794,7.316454,Club,10
M2_GTGTCAGATGTTTC_Club,6.942885,5.3003654,Club,11
M2_GTGTCAGATTACCT_Club,5.4775395,9.105646,Club,12
M2_GTGTCAGATTATCC_Club,5.411216,7.7551556,Club,3
M2_GTGTCAGATTCACT_Club,5.380608,8.302969,Club,3
M2_GTGTGATGGATAGA_Club,6.010878,9.163199,Club,3
M2_GTTACGGATACAGC_Basal,4.788627,9.27707,Basal,13
M2_GTTACTACCTGTAG_Club,7.4419255,4.232771,Club,11
M2_GTTACTACGTTGAC_Ciliated,-0.82479525,15.597074,Ciliated,20
M2_GTTAGTCTTGAGCT_Club,5.5024915,7.5125446,Club,3
M2_GTTATAGAACTACG_Club,7.4513135,5.9267755,Club,11
M2_GTTATCTGGGTGAG_Club,5.6990523,5.3708353,Club,8
M2_GTTATGCTCCCTAC_Club,7.7967367,5.33991,Club,11
M2_GTTATGCTCCTTCG_Basal,3.739921,8.010954,Basal,13
M2_GTTATGCTTGTCCC_Club,5.468578,4.0763783,Club,8
M2_GTTCAGGACGCTAA_Club,6.222718,9.117643,Club,3
M2_GTTCAGGAGTTACG_Club,5.0742574,7.5355906,Club,3
M2_GTTCAGGATGGAAA_Club,5.766677,4.9356394,Club,8
M2_GTTCATACCGACAT_Club,5.5213733,8.199175,Club,3
M2_GTTCATACGTGCTA_Club,5.9378557,5.8621173,Club,3
M2_GTTGACGATACAGC_Club,4.916741,11.467243,Club,12
M2_GTTGAGTGAGCATC_Basal,1.7367537,-0.43792573,Basal,13
M2_GTTGAGTGAGCTCA_Club,5.7550898,8.481423,Club,142
M2_GTTGATCTGCGTAT_Club,5.969258,2.944217,Club,15
M2_GTTGTACTATTTCC_Club,7.005033,4.5457397,Club,11
M2_GTTTAAGAGGTACT_Club,5.2203526,6.30259,Club,3
M2_TAAACAACAAGGTA_Ciliated,-1.2247046,15.070841,Ciliated,24
M2_TAAACAACCCCGTT_Tuft,16.58609,8.832785,Tuft,17
M2_TAAACAACTTCCCG_Club,7.270385,4.684677,Club,11
M2_TAAAGACTACGTAC_Club,6.026556,2.9533842,Club,15
M2_TAAAGACTCTTCGC_Club,6.2955604,7.9214444,Club,3
M2_TAAAGTTGATTCTC_Club,5.212775,5.8816323,Club,3
M2_TAAAGTTGTTCTAC_Club,7.718634,4.815602,Club,11
M2_TAAATGTGGTCGTA_Club,4.988563,7.4106855,Club,13
M2_TAACACCTCTGTAG_Neuroendocrine,13.36804,-5.8447123,Neuroendocrine,19
M2_TAACTAGAGTTGTG_Club,5.86231,3.5256886,Club,8
M2_TAACTCACAGCCTA_Club,7.165824,3.110478,Club,15
M2_TAACTCACCCTGAA_Club,6.5450644,3.7565937,Club,15
M2_TAACTCACCTCTAT_Club,5.252744,7.4054847,Club,3
M2_TAAGAACTAGTAGA_Club,4.876212,5.3666573,Club,3
M2_TAAGAGGAAAGATG_Club,4.888779,7.3580356,Club,12
M2_TAAGAGGATTCAGG_Club,6.3778143,7.108417,Club,3
M2_TAAGATTGCCCAAA_Club,5.0513864,10.541249,Club,12
M2_TAAGCTCTGCTCCT_Club,7.609642,5.207641,Club,11
M2_TAAGGCTGTAGTCG_Basal,4.914175,5.7500396,Basal,3
M2_TAAGTAACAGCACT_Club,5.31156,8.708487,Club,13
M2_TAAGTAACATGGTC_Club,4.5755925,4.494131,Club,8
M2_TAAGTAACGACGAG_Club,5.86063,8.279376,Club,3
M2_TAAGTCCTCACTAG_Tuft,16.998734,9.310483,Tuft,17
M2_TAAGTCCTGGTATC_Club,0.9660131,2.8769467,Club,48
M2_TAAGTCCTGTTGCA_Basal,5.134068,7.8868985,Basal,12
M2_TAATCGCTCTTATC_Club,4.8564987,6.0224257,Club,3
M2_TAATGCCTCCTCCA_Basal,4.468632,8.505066,Basal,13
M2_TAATGTGACAATCG_Club,5.3665137,9.185694,Club,12
M2_TACAAATGTCAGGT_Club,6.52323,6.609763,Club,3
M2_TACACACTGGGCAA_Tuft,16.486647,8.567274,Tuft,17
M2_TACACACTTGTCTT_Club,6.189759,3.0813036,Club,15
M2_TACATAGAACCTCC_Club,5.8760085,9.036324,Club,3
M2_TACATAGAGGTTTG_Club,5.304813,6.614772,Club,3
M2_TACCATTGAGAGGC_Club,6.4607882,7.849525,Club,3
M2_TACCATTGTTTGTC_Club,5.2096996,5.306774,Club,3
M2_TACCGAGATTTCGT_Club,5.456077,9.90975,Club,12
M2_TACCGCTGTCTTTG_Club,6.260809,6.1272273,Club,3
M2_TACCGGCTAAGTAG_Club,6.8991704,4.5048914,Club,11
M2_TACCGGCTCCAATG_Club,4.7479234,9.781596,Club,12
M2_TACCGGCTCTCTCG_Club,4.521876,4.5219665,Club,8
M2_TACGACGACTTGCC_Club,7.3585835,4.8453803,Club,11
M2_TACGACGATTTCGT_Club,5.924558,2.3053007,Club,15
M2_TACGAGTGGTATCG_Basal,4.5036035,9.891118,Basal,13
M2_TACGCAGAACCTCC_Club,5.787601,5.140078,Club,8
M2_TACGCAGAACTACG_Club,6.2984433,2.2875698,Club,15
M2_TACGCCACCGTACA_Club,5.401007,6.885345,Club,3
M2_TACGCGCTAGAGAT_Club,6.9703813,2.562233,Club,15
M2_TACGGAACACCTAG_Basal,1.7763685,-0.4364241,Basal,13
M2_TACGGAACATCTTC_Club,4.064535,11.100647,Club,12
M2_TACGGCCTCTGGTA_Basal,1.852278,-0.11406787,Basal,13
M2_TACGGCCTGACACT_Club,5.2743564,6.2962003,Club,8
M2_TACGGCCTTTGCAG_Club,5.808093,4.85097,Club,8
M2_TACTAAGAATCAGC_Club,5.657588,3.8532457,Club,8
M2_TACTAAGAGCTACA_Club,5.2335367,9.587414,Club,12
M2_TACTACTGGGTGTT_Neuroendocrine,13.357223,-5.8277783,Neuroendocrine,19
M2_TACTGGGACAACTG_Club,6.8990226,4.1328244,Club,11
M2_TACTGTTGGACAGG_Club,4.6282206,5.3701034,Club,3
M2_TACTGTTGTGCCAA_Club,5.6574726,4.9074745,Club,8
M2_TACTTGACTGGAGG_Club,6.002764,9.195523,Club,3
M2_TACTTTCTAGATCC_Club,6.51179,5.667822,Club,3
M2_TACTTTCTTCCTTA_Basal,5.6687045,7.781738,Basal,143
M2_TAGAATACTATGCG_Club,5.167826,10.385763,Club,12
M2_TAGAATACTTCTAC_Club,7.3486853,4.8945317,Club,11
M2_TAGAATTGGGATCT_Goblet,-2.9975266,2.7451494,Goblet,18
M2_TAGAATTGTCACCC_Tuft,16.521753,8.896874,Tuft,17
M2_TAGACGTGAAGTAG_Club,7.2406263,3.9851406,Club,11
M2_TAGACGTGATGCTG_Club,5.093398,10.750812,Club,12
M2_TAGACGTGGAGATA_Club,5.4745955,7.3110285,Club,3
M2_TAGCATCTGTTCGA_Club,5.942519,9.636747,Club,3
M2_TAGCCCTGCTCAAG_Basal,4.3616557,8.916768,Basal,13
M2_TAGCCCTGGGTAGG_Basal,1.7694422,-0.38717917,Basal,13
M2_TAGCCCTGTGTGCA_Club,5.2712154,3.440794,Club,8
M2_TAGCGATGGGTGTT_Club,6.0894237,6.5517707,Club,3
M2_TAGCGATGTGAAGA_Club,5.998295,6.6011834,Club,3
M2_TAGCTACTTCTCTA_Club,7.6339655,4.7466373,Club,11
M2_TAGCTACTTGCATG_Club,4.7575254,3.9014504,Club,8
M2_TAGCTACTTTCCCG_Club,5.564403,9.2564945,Club,12
M2_TAGGACTGCCTACC_Club,7.599923,5.2496686,Club,11
M2_TAGGCATGAATCGC_Basal,7.7745385,5.9174905,Basal,11
M2_TAGGCATGCGAGAG_Club,5.2955723,3.479921,Club,8
M2_TAGGCATGTTTCGT_Basal,4.868344,8.319966,Basal,13
M2_TAGGCTGATAGCCA_Club,5.3690815,5.233982,Club,144
M2_TAGGTCGACTACTT_Club,5.8359795,7.4445844,Club,3
M2_TAGGTCGACTTGTT_Club,5.701258,8.36151,Club,3
M2_TAGGTCGAGTCAAC_Club,5.170266,5.712502,Club,3
M2_TAGGTGACTACAGC_Club,6.922842,4.6894875,Club,11
M2_TAGGTGTGGTAAGA_Club,6.27649,2.196832,Club,15
M2_TAGGTTCTCTAAGC_Club,6.0897765,8.794607,Club,3
M2_TAGGTTCTTGCTTT_Club,5.7003913,3.7610145,Club,8
M2_TAGTAAACGAATCC_Club,7.4577646,4.4220395,Club,11
M2_TAGTACCTTCTAGG_Club,6.111792,7.986142,Club,3
M2_TAGTACCTTTATCC_Club,5.4333124,6.5024443,Club,3
M2_TAGTATGACTACCC_Club,7.1281333,3.256619,Club,15
M2_TAGTCGGAAGAACA_Club,4.11738,11.07507,Club,12
M2_TAGTTCACGGTCTA_Club,6.958515,2.5370016,Club,15
M2_TATAAGACAATGCC_Club,5.858863,6.7199802,Club,3
M2_TATAAGACTAGAAG_Club,5.170379,9.49864,Club,12
M2_TATACAGAACCGAT_Club,5.9657907,5.671996,Club,8
M2_TATACCACAGCCTA_Club,4.9380307,6.069398,Club,3
M2_TATACCACCTGACA_Club,6.384391,6.872845,Club,3
M2_TATACGCTTTTCTG_Club,2.8329928,5.002593,Club,23
M2_TATAGATGTGACCA_Club,4.7845893,5.253208,Club,3
M2_TATAGCCTACACAC_Ciliated,-1.0139469,15.540471,Ciliated,20
M2_TATCAAGACTTCCG_Club,5.4023304,5.1547875,Club,8
M2_TATCACTGCAGGAG_Club,5.1377363,6.3359985,Club,3
M2_TATCACTGTTAGGC_Basal,3.617154,5.682343,Basal,13
M2_TATCAGCTGAATCC_Basal,3.5880015,5.7579274,Basal,13
M2_TATCCAACCTGTTT_Club,6.123877,9.077186,Club,3
M2_TATCCAACGCTGTA_Tuft,16.311357,8.674363,Tuft,17
M2_TATCCAACTTCCCG_Club,7.519859,5.2556753,Club,11
M2_TATCGTACAACTGC_Club,5.134197,5.384728,Club,3
M2_TATCGTACACGTAC_Tuft,16.353416,8.489191,Tuft,17
M2_TATCGTACGCATAC_Basal,-0.36089748,2.29126,Basal,145
M2_TATCTCGATGACTG_Club,7.1576066,4.0483384,Club,11
M2_TATCTGACTCTCTA_Club,5.8384027,6.7150598,Club,3
M2_TATCTTCTACGACT_Club,5.777944,4.1045113,Club,8
M2_TATCTTCTGGGACA_Tuft,16.156155,8.6133175,Tuft,17
M2_TATGAATGATGTCG_Ciliated,-0.8764545,15.706474,Ciliated,20
M2_TATGAATGTGGAAA_Basal,1.7801127,-0.22404224,Basal,13
M2_TATGCGGAAGTTCG_Club,6.4395876,4.5848007,Club,11
M2_TATGCGGATTCACT_Club,6.6410146,2.2968528,Club,15
M2_TATGGGACGAGATA_Club,4.6187797,5.416702,Club,3
M2_TATGGGTGAACAGA_Basal,3.7150583,6.8832603,Basal,13
M2_TATGGTCTAGATCC_Club,5.542725,10.212473,Club,12
M2_TATGTCACACACTG_Club,6.381676,7.002912,Club,3
M2_TATGTCTGACTAGC_Club,6.1972656,7.0279255,Club,3
M2_TATGTGCTCATGAC_Club,6.2371426,4.0499916,Club,8
M2_TATTGCTGACCTAG_Club,5.7083125,4.4446597,Club,8
M2_TATTGCTGAGAAGT_Club,5.8360972,4.993392,Club,8
M2_TATTGCTGCTCAAG_Basal,3.8037615,8.260162,Basal,13
M2_TATTGCTGTGTCGA_Club,6.7411594,6.604757,Club,3
M2_TATTTCCTGGCAAG_Club,6.3140655,3.4764097,Club,15
M2_TCAACACTCCTTTA_Club,5.2856116,10.442835,Club,12
M2_TCAACACTGTTCAG_Tuft,16.566687,8.322071,Tuft,17
M2_TCAAGTCTAAGTAG_Club,6.5551424,5.869603,Club,8
M2_TCAAGTCTATTGGC_Club,6.3960943,5.6687813,Club,3
M2_TCAAGTCTCGTTAG_Club,5.820548,8.170598,Club,3
M2_TCAATAGAAGCCTA_Goblet,-3.0527565,2.710884,Goblet,18
M2_TCAATCACAAAACG_Club,5.8794327,3.6164043,Club,8
M2_TCAATCACCCTACC_Club,6.517805,2.1902182,Club,15
M2_TCACAACTTTCGGA_Club,5.990746,3.0372732,Club,15
M2_TCACATACTAGAAG_Club,6.0972605,7.7038107,Club,3
M2_TCACCCGAGGTTAC_Club,6.296459,7.8490644,Club,3
M2_TCACCCGAGTTCAG_Club,5.5792656,4.834883,Club,11
M2_TCACCGTGTCTACT_Tuft,16.141548,8.690971,Tuft,17
M2_TCACCGTGTGACAC_Club,7.0040317,4.7289877,Club,11
M2_TCACCGTGTTTCGT_Club,6.571747,5.1130147,Club,8
M2_TCAGACGAAAGGTA_Club,5.611637,7.5603266,Club,3
M2_TCAGACGAGACACT_Basal,4.5886765,8.677293,Basal,13
M2_TCAGAGACAGCATC_Club,6.1060905,5.4329805,Club,8
M2_TCAGAGACGTGTAC_Club,5.780626,8.470142,Club,146
M2_TCAGCGCTACCACA_Club,4.603257,5.856268,Club,13
M2_TCAGCGCTTCCCGT_Club,5.558801,6.23487,Club,3
M2_TCAGGATGCCAAGT_Basal,3.9489884,11.535849,Basal,12
M2_TCAGGATGCCGAAT_Club,6.1903663,9.087459,Club,3
M2_TCAGGATGTTGAGC_Club,7.635179,4.241408,Club,11
M2_TCAGTACTGTATGC_Club,5.4743657,4.1011295,Club,11
M2_TCAGTACTGTTGAC_Club,5.9070616,6.345524,Club,3
M2_TCAGTGGATAACGC_Club,5.8311834,3.9561875,Club,8
M2_TCAGTGGATCCGAA_Club,7.0327234,3.2580736,Club,15
M2_TCAGTTACACCACA_Club,6.049033,6.54348,Club,3
M2_TCATCAACGTCGTA_Club,5.3539968,8.378931,Club,12
M2_TCATCATGAAAGCA_Club,7.50525,5.0913963,Club,11
M2_TCATCATGCTACCC_Club,7.680102,5.6280427,Club,11
M2_TCATCATGGAACCT_Club,5.5821958,9.614285,Club,12
M2_TCATCATGTGAGGG_Club,6.6508045,6.5859623,Club,3
M2_TCATCCCTCCATAG_Club,5.9979076,9.004922,Club,3
M2_TCATCCCTTCGTTT_Club,6.482868,7.370623,Club,3
M2_TCATGTACGGCGAA_Club,5.7093487,8.250757,Club,3
M2_TCATTGACTTCGGA_Club,4.8176694,4.178383,Club,8
M2_TCCACTCTACGACT_Club,7.1313186,5.237258,Club,11
M2_TCCACTCTTATGCG_Club,4.5655546,10.104709,Club,12
M2_TCCAGAGACGAGTT_Club,4.4303074,5.2358413,Club,13
M2_TCCATCCTAGAATG_Club,6.4683943,4.7255344,Club,8
M2_TCCATCCTGGTGGA_Club,6.2555795,7.2111344,Club,3
M2_TCCCACGAACTTTC_Club,6.7722497,4.1263723,Club,11
M2_TCCCAGACCACAAC_Basal,1.9055046,-0.45639813,Basal,13
M2_TCCCAGACTTGCTT_Club,6.67037,5.4695873,Club,8
M2_TCCCGATGCCCTTG_Club,4.61436,5.0755296,Club,3
M2_TCCCTACTAAGGTA_Tuft,16.660845,8.950091,Tuft,17
M2_TCCCTACTACTAGC_Basal,4.4611583,8.744817,Basal,29
M2_TCCGAGCTACTGTG_Club,5.653671,6.263795,Club,3
M2_TCCGAGCTCTTAGG_Club,5.1426687,10.186988,Club,12
M2_TCCGAGCTTGGTGT_Club,5.938884,7.782493,Club,3
M2_TCCGAGCTTTAGGC_Club,4.8223243,5.1656632,Club,3
M2_TCCGGACTGAAGGC_Club,5.7523255,8.672087,Club,24
M2_TCCGGACTTTTGCT_Neuroendocrine,13.412306,-5.8917823,Neuroendocrine,19
M2_TCCTATGACTACGA_Tuft,16.392342,8.666547,Tuft,17
M2_TCGAATCTGTCGAT_Basal,4.961206,7.6330614,Basal,3
M2_TCGAATCTTCTACT_Club,5.2453594,6.7973537,Club,3
M2_TCGAATCTTGTAGC_Club,6.1234818,2.7419047,Club,46
M2_TCGACCTGTGCCCT_Club,6.0769625,3.985914,Club,8
M2_TCGACGCTATGCCA_Club,5.9077067,3.259727,Club,15
M2_TCGACGCTCTTGCC_Club,5.470907,6.302208,Club,3
M2_TCGAGAACGACGGA_Club,5.7231007,3.6510642,Club,147
M2_TCGAGAACGCCAAT_Club,4.115482,11.432232,Club,12
M2_TCGAGCCTAGAACA_Club,5.154811,9.474373,Club,13
M2_TCGAGCCTGTCGTA_Club,5.398995,10.213198,Club,12
M2_TCGAGCCTTTCCCG_Club,5.6948204,5.258211,Club,8
M2_TCGATACTACCCTC_Club,7.0222373,2.6973205,Club,15
M2_TCGATACTCTTATC_Club,6.779845,6.55118,Club,3
M2_TCGATACTTAGCGT_Club,5.2444263,6.966368,Club,3
M2_TCGATTTGACGTGT_Club,6.092118,7.977249,Club,3
M2_TCGCACTGTGGTCA_Club,7.0540657,4.72576,Club,11
M2_TCGCAGCTAACGAA_Club,5.9376073,5.6882725,Club,3
M2_TCGCAGCTTGACAC_Tuft,7.360954,6.099613,Tuft,30
M2_TCGGACCTTAGTCG_Club,6.5268154,6.1204777,Club,3
M2_TCGGACCTTCCGTC_Club,5.850761,3.5285318,Club,8
M2_TCGGCACTCATTGG_Club,5.8709083,4.894781,Club,8
M2_TCGGTAGAACACAC_Club,4.880561,6.269431,Club,3
M2_TCGGTAGAAGCGGA_Club,6.631265,6.6532216,Club,148
M2_TCGTAGGATTCACT_Club,5.311192,10.393301,Club,12
M2_TCGTGAGATACTTC_Tuft,16.973877,9.353753,Tuft,17
M2_TCTAACACATCAGC_Club,6.277805,2.8358293,Club,15
M2_TCTAACACTCCGTC_Club,5.705944,4.613582,Club,8
M2_TCTAACTGCAGAGG_Basal,3.6467392,8.165566,Basal,13
M2_TCTAAGCTTTCTAC_Club,7.0825973,2.8979456,Club,15
M2_TCTACAACAGGAGC_Club,4.8290734,4.5545454,Club,8
M2_TCTACAACGTAAGA_Club,4.9576926,4.202988,Club,8
M2_TCTAGACTGAACTC_Club,5.352759,3.5247571,Club,8
M2_TCTAGACTGCTTAG_Club,6.9569526,4.122558,Club,11
M2_TCTAGTTGGTACGT_Club,7.0991616,3.2480602,Club,15
M2_TCTTACGACACTGA_Basal,3.4801917,5.448445,Basal,13
M2_TCTTCAGACCAATG_Club,5.8384485,4.468434,Club,11
M2_TCTTCAGAGGTAAA_Club,5.1373854,9.399192,Club,12
M2_TCTTGATGCTAAGC_Club,4.729723,5.129082,Club,3
M2_TCTTGATGGCCATA_Club,4.997745,6.0004554,Club,3
M2_TGAAATTGACGGAG_Club,7.624096,5.4125586,Club,11
M2_TGAAATTGCTTGCC_Club,6.2244015,2.4530082,Club,15
M2_TGAAGCACTCTTTG_Club,4.7980905,6.0241575,Club,149
M2_TGACCAGACAGAAA_Club,6.1314106,2.6836011,Club,15
M2_TGACGAACGAGGGT_Club,5.810383,4.6544657,Club,8
M2_TGACGAACTCGATG_Club,5.5318127,9.06656,Club,3
M2_TGACGATGTGGTAC_Club,6.8442197,2.9706397,Club,15
M2_TGACGCCTGGACGA_Club,7.893131,5.2778277,Club,11
M2_TGACTGGAGCTACA_Club,5.004321,11.340397,Club,12
M2_TGACTGGATTGCGA_Club,5.940614,2.3591056,Club,15
M2_TGACTTACAAAGCA_Club,5.458915,10.053503,Club,12
M2_TGAGACACGAAGGC_Club,5.7686996,9.121633,Club,3
M2_TGAGACACTTTCAC_Club,5.8761067,9.306518,Club,3
M2_TGAGCAACCAAGCT_Club,5.315265,7.209843,Club,150
M2_TGAGCAACGATAGA_Basal,4.3692117,8.764569,Basal,13
M2_TGAGCTGACCGTAA_Club,4.2920136,5.272596,Club,13
M2_TGAGCTGACTCAGA_Club,5.292275,4.600058,Club,8
M2_TGAGCTGAGAGATA_Club,5.1343884,6.7446322,Club,3
M2_TGAGGACTACTAGC_Ciliated,-0.88611734,15.699911,Ciliated,20
M2_TGAGGACTAGTACC_Club,5.495154,6.0724244,Club,3
M2_TGAGGTACTGCTCC_Basal,3.5738385,5.6172495,Basal,13
M2_TGAGTCGACCTCAC_Club,7.5508676,4.2915034,Club,11
M2_TGAGTGACAGCCAT_Tuft,4.3122754,11.31075,Tuft,30
M2_TGAGTGACTTACTC_Club,6.321898,8.928485,Club,3
M2_TGATAAACACTGGT_Club,5.3845005,5.506194,Club,3
M2_TGATAAACTCCTGC_Club,7.960628,5.6980066,Club,11
M2_TGATACCTGGTGTT_Club,4.878392,3.9784706,Club,151
M2_TGATATGAACGTTG_Club,6.039391,5.613304,Club,8
M2_TGATCACTCGATAC_Club,5.9605703,3.5256016,Club,8
M2_TGATTCACACTGTG_Club,5.984403,7.225054,Club,3
M2_TGCAACGAGGAGCA_Club,4.0928845,11.18128,Club,12
M2_TGCAACGAGGGTGA_Ciliated,-0.84327656,15.757426,Ciliated,20
M2_TGCAAGACAGAGGC_Club,6.20303,8.216648,Club,3
M2_TGCAAGACCTGGTA_Club,5.753541,4.1981273,Club,8
M2_TGCAAGTGAAGGGC_Basal,7.601554,6.0126204,Basal,11
M2_TGCAATCTAATCGC_Club,4.8779755,6.9366283,Club,3
M2_TGCAATCTCTGCTC_Club,4.942245,5.8948283,Club,3
M2_TGCACAGAAACCTG_Club,5.764596,6.372157,Club,3
M2_TGCACGCTTTCATC_Club,7.243369,6.032247,Club,11
M2_TGCATGGATCCTTA_Basal,7.7178473,5.5779166,Basal,11
M2_TGCCAAGACATTTC_Club,6.0313573,6.0687485,Club,3
M2_TGCCAAGAGCGTAT_Club,4.9192896,3.6309252,Club,8
M2_TGCCACTGCCTTTA_Club,5.49464,5.9883113,Club,3
M2_TGCCAGCTGGAGCA_Club,5.91018,3.4895303,Club,8
M2_TGCCAGCTTAGTCG_Club,3.999529,11.545463,Club,12
M2_TGCCAGCTTTTCAC_Club,6.6096544,6.3726306,Club,3
M2_TGCCCAACTTCAGG_Club,5.7805467,6.852861,Club,3
M2_TGCCGACTAACCAC_Club,4.83657,3.964237,Club,8
M2_TGCCGACTACCCTC_Club,5.639035,5.1273856,Club,11
M2_TGCCGACTTACGAC_Club,5.7727213,3.1678205,Club,15
M2_TGCCGACTTCGACA_Club,6.1658397,9.022017,Club,3
M2_TGCGAAACGCCCTT_Ciliated,-0.8874227,15.6724205,Ciliated,20
M2_TGCGAAACTACTTC_Club,5.37786,3.461907,Club,8
M2_TGCGATGAATGACC_Club,5.918706,7.087401,Club,3
M2_TGCGTAGACACACA_Club,4.7697964,10.47183,Club,12
M2_TGCTAGGAGGTCTA_Club,5.231681,6.3593316,Club,3
M2_TGCTAGGAGTGAGG_Club,5.71469,7.1600885,Club,3
M2_TGCTAGGATAGAAG_Club,4.950036,6.8245997,Club,3
M2_TGCTGAGAGCTTAG_Club,5.0777087,11.230872,Club,12
M2_TGGAACACAGCACT_Club,6.532118,6.954519,Club,3
M2_TGGAACACCACAAC_Basal,1.7696593,-0.30633882,Basal,13
M2_TGGAACACCTGCAA_Club,7.647603,5.2713776,Club,11
M2_TGGAACACGAGGGT_Club,5.400645,4.427963,Club,152
M2_TGGAACTGACCTCC_Club,6.412165,3.9381726,Club,15
M2_TGGACCCTCGCAAT_Club,6.2241764,7.0918083,Club,3
M2_TGGACTGACTGTAG_Tuft,16.633665,8.237573,Tuft,17
M2_TGGACTGACTTATC_Club,5.070621,4.154615,Club,8
M2_TGGAGACTCCTCGT_Club,5.1900964,5.4669867,Club,3
M2_TGGAGACTCTTCCG_Club,4.880604,9.253433,Club,13
M2_TGGATGTGATTCTC_Ciliated,-0.69290155,15.76528,Ciliated,20
M2_TGGATGTGTCACCC_Basal,7.224395,5.147822,Basal,11
M2_TGGCAATGTCCAGA_Club,6.1519995,8.614395,Club,3
M2_TGGCAATGTGGTGT_Club,5.4110427,6.9894843,Club,3
M2_TGGTACGATGGTAC_Basal,7.723021,6.0096493,Basal,11
M2_TGGTAGACAAGGTA_Club,5.9511433,3.6457276,Club,8
M2_TGGTAGACATTCCT_Club,5.189912,5.5070415,Club,153
M2_TGGTAGTGTTACTC_Club,6.7837825,3.6902046,Club,15
M2_TGGTATCTGTTGGT_Club,6.6637526,2.241163,Club,15
M2_TGGTCAGACCTAAG_Club,7.158504,3.0210462,Club,15
M2_TGTAATGACTGATG_Club,4.988226,4.202723,Club,8
M2_TGTACTTGACACAC_Club,7.128569,3.2163692,Club,15
M2_TGTAGGTGTGCTGA_Club,5.4854116,6.5269136,Club,3
M2_TGTAGTCTCTGTGA_Club,6.3711,3.2651527,Club,11
M2_TGTATCTGGTTGAC_Club,7.6486135,4.6268425,Club,11
M2_TGTATGCTTTTGCT_Club,6.5931344,6.8878894,Club,3
M2_TGTCAGGACCTCAC_Basal,1.9217035,0.22132598,Basal,13
M2_TGTGACGACATGAC_Club,2.9719136,5.0429053,Club,23
M2_TGTGACGAGAATAG_Club,7.4176826,3.7604492,Club,11
M2_TGTGACGATGGATC_Club,6.1108975,2.7248456,Club,15
M2_TGTGAGACCATTTC_Club,5.049199,3.4027545,Club,8
M2_TGTGAGACCGGAGA_Club,7.2486773,3.1300402,Club,15
M2_TGTGAGTGACGGTT_Club,5.1671047,5.4102488,Club,3
M2_TGTGAGTGCTGTAG_Club,7.539336,4.070494,Club,11
M2_TGTGATCTTTCGTT_Club,5.586065,9.805694,Club,12
M2_TGTTACTGAAACGA_Club,6.534295,6.9098043,Club,3
M2_TTAACCACAAACGA_Club,4.6304927,3.9261432,Club,8
M2_TTAACCACTCGTTT_Basal,0.7348274,-6.8841667,Basal,16
M2_TTACACACCCGTAA_Club,7.00162,4.727074,Club,11
M2_TTACAGCTTTCGGA_Neuroendocrine,13.333676,-5.806647,Neuroendocrine,19
M2_TTACGACTCTACCC_Club,6.493888,4.79983,Club,8
M2_TTACGACTTAAGGA_Club,5.270163,10.048346,Club,12
M2_TTAGCTACAAACGA_Club,4.766873,5.8189344,Club,3
M2_TTAGCTACTGACTG_Club,6.6789317,5.580586,Club,15
M2_TTAGGGTGCTGATG_Club,6.7004924,5.3560777,Club,8
M2_TTAGGTCTCCGTAA_Club,4.8118987,10.409193,Club,12
M2_TTAGTCACAGTCGT_Basal,3.7477155,8.658224,Basal,13
M2_TTAGTCACCGTGTA_Club,5.1674824,6.0635605,Club,3
M2_TTAGTCACGTGTCA_Club,6.0958986,8.594916,Club,3
M2_TTAGTCACTTGACG_Club,5.417311,4.4405117,Club,8
M2_TTATCCGAGAGCTT_Club,4.820786,5.071081,Club,3
M2_TTATGAGAACTCTT_Club,6.9427123,2.4380267,Club,15
M2_TTATGCACACACCA_Club,5.3873878,3.168504,Club,8
M2_TTATGGCTGTTGTG_Club,4.991975,6.8065114,Club,3
M2_TTCAAAGACGCATA_Club,5.159444,4.743841,Club,8
M2_TTCAAAGATAAGGA_Club,5.5266595,6.346636,Club,3
M2_TTCAAGCTGGGACA_Basal,4.5876794,8.277218,Basal,13
M2_TTCACCCTTTGAGC_Club,6.958445,2.586762,Club,15
M2_TTCAGTACTACAGC_Club,7.0851517,2.9358492,Club,15
M2_TTCAGTTGGTTTGG_Club,4.98609,5.1720796,Club,3
M2_TTCATCGAAAAAGC_Tuft,17.059338,9.346111,Tuft,17
M2_TTCATCGAAACGAA_Club,6.1067247,7.703113,Club,3
M2_TTCATCGAGTCTAG_Tuft,17.080091,9.277315,Tuft,17
M2_TTCATGACGAGACG_Club,6.034538,2.8756742,Club,15
M2_TTCATGTGCCTCAC_Club,5.662042,9.757406,Club,12
M2_TTCATGTGTCGCCT_Club,5.542018,6.269758,Club,3
M2_TTCCAAACGGTGTT_Club,4.9454293,11.507084,Club,12
M2_TTCCATGAGAGCAG_Club,5.0338707,9.159257,Club,12
M2_TTCCATGAGGTCTA_Club,4.9697285,10.184186,Club,12
M2_TTCCCACTACCATG_Club,5.8956556,8.0975,Club,3
M2_TTCCCACTGAACTC_Club,5.094963,3.8647833,Club,8
M2_TTCCCACTGGTTCA_Club,4.140145,11.242997,Club,12
M2_TTCGAGGAAGCCTA_Club,6.6724033,5.9896803,Club,8
M2_TTCGATTGTCAGTG_Club,5.2994084,9.033687,Club,12
M2_TTCGATTGTCTCAT_Club,6.078538,7.7954235,Club,3
M2_TTCGGAGAACCAGT_Club,5.775689,9.307724,Club,3
M2_TTCTAGTGACTCTT_Club,5.108656,7.580747,Club,3
M2_TTCTGATGCTTATC_Club,5.170346,7.468617,Club,3
M2_TTCTTACTGCTTCC_Club,4.170589,10.845301,Club,12
M2_TTGAACCTCCTTCG_Basal,1.7471354,-0.041112676,Basal,13
M2_TTGAGGACTCGATG_Basal,1.9834088,-3.6634946,Basal,49
M2_TTGAGGTGCATCAG_Club,4.9079714,8.86249,Club,13
M2_TTGATCTGAGAATG_Club,6.671555,3.265348,Club,11
M2_TTGATCTGCCAACA_Club,5.998124,7.6584873,Club,3
M2_TTGATCTGGACGGA_Club,5.553961,6.8452997,Club,3
M2_TTGCATTGGCTGTA_Club,7.543563,5.008536,Club,11
M2_TTGCTAACTGAACC_Club,5.9268394,2.3805068,Club,15
M2_TTGCTAACTGATGC_Tuft,16.313791,8.728011,Tuft,17
M2_TTGCTATGCATGGT_Club,4.773824,4.6260867,Club,11
M2_TTGGAGACAAGGCG_Club,7.703561,4.387352,Club,11
M2_TTGGAGTGCCTCAC_Club,4.880223,10.625644,Club,12
M2_TTGGTACTTCTCCG_Club,5.9637837,9.091227,Club,3
M2_TTGTACACAGCAAA_Club,6.5157394,6.578727,Club,3
M2_TTGTACACTAACGC_Club,5.8541756,4.449258,Club,8
M2_TTGTCATGAGGTCT_Club,6.1101556,2.8667073,Club,15
M2_TTGTCATGATACCG_Club,5.22453,9.532302,Club,12
M2_TTGTCATGTCCTCG_Club,6.9719324,3.6118734,Club,11
M2_TTTAGAGAACGTGT_Club,5.467595,8.292511,Club,154
M2_TTTAGAGACTGCAA_Club,6.0495977,2.7110152,Club,15
M2_TTTAGCTGTGGTTG_Club,4.274356,10.95017,Club,12
M2_TTTAGCTGTGTAGC_Club,5.3594217,7.5167933,Club,3
M2_TTTCACGACACTGA_Club,5.6522064,9.113695,Club,155
M2_TTTCAGTGACGTAC_Club,5.6369414,9.177079,Club,3
M2_TTTCAGTGCCTTCG_Club,7.051284,4.62895,Club,50
M2_TTTCAGTGCTTATC_Club,5.2951903,8.697296,Club,13
M2_TTTCAGTGGAGGAC_Club,5.193953,5.478404,Club,3
M2_TTTCAGTGGCCATA_Club,5.2530017,7.2837415,Club,3
M2_TTTCAGTGGTATGC_Club,5.9106927,9.390154,Club,3
M2_TTTCGAACTTCTCA_Club,5.882814,3.2809236,Club,15
M2_TTTGCATGCGTAGT_Club,6.549284,4.164136,Club,8
M3_AAACATACAACGGG_Basal,-0.40080714,-3.8026967,Basal,1
M3_AAACATACGTAGCT_Club,-1.7134053,4.414024,Club,14
M3_AAACCGTGTCCTTA_Basal,2.008337,-1.462939,Basal,0
M3_AAACGCTGAAGGGC_Club,-1.766616,5.0119348,Club,14
M3_AAACGCTGTAGTCG_Basal,-2.4294252,-1.7544901,Basal,2
M3_AAACGGCTCTCATT_Basal,1.2722162,-1.755004,Basal,156
M3_AAACTTGAAGGTTC_Basal,-0.6099297,-5.509232,Basal,4
M3_AAAGACGAGCCATA_Basal,-1.9850166,-5.9585185,Basal,7
M3_AAAGCAGACGACAT_Basal,-1.1022298,-3.494598,Basal,4
M3_AAAGCCTGTGTGAC_Basal,-1.4373711,-0.8526063,Basal,2
M3_AAAGCCTGTTCGGA_Club,0.24602339,7.4994802,Club,10
M3_AAAGGCCTGGACAG_Basal,0.20253009,-3.420903,Basal,1
M3_AAAGTTTGTAGAAG_Basal,-2.5024683,-6.107616,Basal,7
M3_AAATACTGAGTGCT_Neuroendocrine,13.614276,-6.149697,Neuroendocrine,19
M3_AAATACTGTTGACG_Basal,-2.1211977,-5.4936967,Basal,5
M3_AAATCAACTTCGCC_Ciliated,-2.858431,14.9077835,Ciliated,9
M3_AAATCAACTTTGGG_Club,1.2759659,2.9496021,Club,6
M3_AAATCATGCGTCTC_Basal,-3.9274383,-4.8895564,Basal,5
M3_AAATCATGTGAACC_Basal,-2.2710507,-4.4515867,Basal,5
M3_AAATCCCTAACCAC_Basal,-3.3295293,-2.8768,Basal,5
M3_AAATCTGATAAGCC_Basal,1.6898063,-2.6299677,Basal,0
M3_AAATGGGACTTTAC_Club,0.23999278,5.674928,Club,10
M3_AAATGGGAGATGAA_Ciliated,-2.5923493,15.139494,Ciliated,9
M3_AAATGGGATAGAGA_Basal,-2.3173132,-4.94501,Basal,5
M3_AAATTCGAAAGAAC_Basal,-1.045128,-2.3887699,Basal,4
M3_AACAAACTCTATTC_Club,-0.2579205,6.8484817,Club,10
M3_AACACGTGGTAGGG_Club,-0.32244202,3.944115,Club,6
M3_AACACGTGTTGAGC_Basal,-1.6002132,-4.399217,Basal,1
M3_AACACTCTCATGCA_Club,-0.9377005,3.942419,Club,14
M3_AACAGAGAATTCCT_Basal,-3.605375,-4.1127768,Basal,5
M3_AACAGAGACTACGA_Basal,-0.38430402,-4.40392,Basal,4
M3_AACAGAGATTCATC_Basal,-1.0113641,-4.5188813,Basal,5
M3_AACAGCACAAGCCT_Basal,-1.7677985,-6.0528517,Basal,7
M3_AACATTGACCGTTC_Basal,-3.8204505,-3.2732592,Basal,5
M3_AACCACGATTGCGA_Ciliated,-2.735185,14.627333,Ciliated,9
M3_AACCAGTGGTGAGG_Basal,0.019561829,-0.7666568,Basal,2
M3_AACCAGTGGTGCTA_Basal,0.70953935,-1.1570771,Basal,0
M3_AACCCAGAAAGTAG_Basal,-3.3978646,-5.395811,Basal,157
M3_AACCCAGAGTACGT_Basal,-0.49297297,-0.8379974,Basal,2
M3_AACCGATGAATCGC_Basal,-2.9062095,-5.675652,Basal,5
M3_AACCTACTCCGATA_Club,-2.0354593,4.5696387,Club,14
M3_AACCTTACCACTCC_Club,-0.8338524,4.781638,Club,14
M3_AACCTTTGAGTCAC_Basal,-1.1519005,-6.569959,Basal,7
M3_AACCTTTGCCTATT_Basal,-3.8882833,-2.0724847,Basal,5
M3_AACCTTTGGGTCAT_Basal,-0.7116958,-2.4470234,Basal,2
M3_AACGCAACTTCGCC_Club,-0.050015874,7.280915,Club,10
M3_AACGCATGGGTCAT_Basal,-1.9146127,-4.608984,Basal,5
M3_AACGCATGTCCCGT_Basal,-1.118244,-5.1573815,Basal,1
M3_AACGCCCTACTGGT_Basal,-3.654012,-3.0813634,Basal,5
M3_AACGCCCTAGTCGT_Basal,1.2615085,-5.280973,Basal,1
M3_AACGCCCTGTGAGG_Club,0.017380685,4.416343,Club,23
M3_AACGCCCTTCCTGC_Basal,0.6554332,-6.707907,Basal,16
M3_AACGGTACCTCTTA_Basal,-0.12084679,-4.650122,Basal,4
M3_AACGTCGATGACAC_Basal,-0.023636028,-5.7910147,Basal,1
M3_AACGTGTGTAGACC_Basal,-3.2862453,-4.774287,Basal,5
M3_AACGTTCTGACTAC_Goblet,-2.7610905,2.9171782,Goblet,18
M3_AACTACCTGTTTCT_Neuroendocrine,0.46970418,-5.0590177,Neuroendocrine,1
M3_AACTACCTTTCTCA_Basal,2.0568824,-4.3094497,Basal,1
M3_AACTCTTGGTAGCT_Basal,-3.6073115,-1.7680962,Basal,5
M3_AACTGTCTGAGGTG_Club,-1.5036265,5.0595665,Club,10
M3_AAGAACGAGTGTTG_Basal,-3.941817,-3.282487,Basal,5
M3_AAGAACGATCTCAT_Basal,-2.3474224,-4.412842,Basal,5
M3_AAGAAGACCCTTTA_Basal,0.020951338,-0.11936701,Basal,158
M3_AAGAAGACCGATAC_Tuft,-1.2608649,5.2939186,Tuft,31
M3_AAGAAGACCTGCTC_Neuroendocrine,-3.0746956,-4.373666,Neuroendocrine,4
M3_AAGACAGATGCACA_Club,2.1923726,-4.7581754,Club,1
M3_AAGAGATGGACAGG_Basal,1.7784443,-3.718153,Basal,1
M3_AAGAGATGGATAGA_Ciliated,-2.3711283,13.33332,Ciliated,22
M3_AAGAGATGTACTTC_Basal,-1.4178472,-5.342258,Basal,7
M3_AAGATGGAAAGATG_Basal,0.030586377,-0.4413854,Basal,2
M3_AAGATGGAAAGCCT_Basal,-3.3799956,-4.6347737,Basal,5
M3_AAGATGGATGTTCT_Goblet,-1.7683488,3.24989,Goblet,18
M3_AAGATTACTACTGG_Basal,-1.2193255,-6.521047,Basal,7
M3_AAGATTACTTATCC_Basal,0.6491409,-6.524527,Basal,16
M3_AAGCCTGAACAGCT_Club,0.44536272,3.3768702,Club,6
M3_AAGCGACTACCACA_Club,-1.2497022,4.105143,Club,159
M3_AAGCGACTGAAAGT_Club,-1.7086197,5.3214946,Club,14
M3_AAGCGTACAGAGTA_Club,1.4399661,5.234345,Club,10
M3_AAGGCTTGAAGAGT_Basal,-0.89136297,-3.3178992,Basal,4
M3_AAGGCTTGCTTCTA_Basal,-0.36000666,-3.858838,Basal,4
M3_AAGGTCACCTAAGC_Basal,-0.8216997,-5.306974,Basal,1
M3_AAGGTCACTCGATG_Basal,-0.65453476,-3.2389143,Basal,36
M3_AAGGTCTGTCCTTA_Basal,-3.552476,-4.4996266,Basal,5
M3_AAGGTCTGTCTTCA_Basal,-0.3817743,-3.570127,Basal,1
M3_AAGGTCTGTGACAC_Basal,-1.3654498,-5.6805735,Basal,7
M3_AAGGTGCTAGAATG_Basal,-3.950568,-5.1755805,Basal,5
M3_AAGTAGGAAAGCAA_Basal,-3.156185,-3.7861388,Basal,7
M3_AAGTAGGATAGAAG_Neuroendocrine,-1.9587477,4.389485,Neuroendocrine,5
M3_AAGTATACAAGAGT_Basal,-3.0195029,-3.7952268,Basal,160
M3_AAGTCCGAAACCGT_Club,-1.3701093,5.136989,Club,14
M3_AAGTCTCTATGGTC_Basal,-0.4191557,-4.579113,Basal,1
M3_AAGTGCACATACCG_Club,-1.0441908,5.0571747,Club,14
M3_AAGTGCACCAGTTG_Basal,0.39339572,-2.8649907,Basal,0
M3_AAGTGCACCGTTAG_Basal,-2.0007904,-5.6079965,Basal,5
M3_AAGTGCACCTCCAC_Basal,-3.1665227,-3.8021708,Basal,5
M3_AAGTGCACCTGTTT_Basal,-3.206132,-3.8091857,Basal,7
M3_AAGTGGCTCTGGAT_Basal,1.3741997,-3.0252435,Basal,0
M3_AAGTGGCTGCAGTT_Club,-1.9539315,4.2245545,Club,14
M3_AAGTTATGTTCTCA_Basal,-3.7016075,-5.3386903,Basal,5
M3_AATAACACGGGCAA_Basal,-0.58528566,-4.41799,Basal,4
M3_AATAAGCTGCGAAG_Basal,0.026255734,-4.098952,Basal,4
M3_AATAGGGAGAATAG_Basal,-2.1428566,-3.5998256,Basal,4
M3_AATAGGGAGGTCTA_Basal,-3.3448305,-3.6380575,Basal,5
M3_AATATCGACGTTAG_Basal,-3.395354,-3.560346,Basal,5
M3_AATCAAACAGTCTG_Club,-1.882045,4.7254314,Club,14
M3_AATCCTACTGGATC_Basal,-3.8093367,-2.8613658,Basal,5
M3_AATCCTTGATTGGC_Club,-3.451987,-1.4769856,Club,5
M3_AATCCTTGGTTCGA_Basal,-0.5011422,-1.9979295,Basal,4
M3_AATCCTTGTGGTTG_Basal,2.072616,-2.5732024,Basal,0
M3_AATCGGTGATGCTG_Club,-1.6281321,4.0655074,Club,14
M3_AATCGGTGGAAACA_Basal,-2.7650368,-5.0443997,Basal,5
M3_AATCGGTGGGGCAA_Club,-0.68977123,4.624393,Club,14
M3_AATCTAGATCCTCG_Basal,-3.5396085,-5.2360024,Basal,5
M3_AATCTCTGTCTCGC_Club,-1.1990743,5.0257745,Club,14
M3_AATGAGGACGAGAG_Basal,-2.1137912,-4.4194503,Basal,5
M3_AATGGAGAACTACG_Basal,-1.3539829,-5.335815,Basal,4
M3_AATGGAGATCCTAT_Basal,-1.6619406,-5.138091,Basal,7
M3_AATGGCTGCCTTAT_Ciliated,-2.8050127,14.86621,Ciliated,9
M3_AATGGCTGGGATTC_Basal,-3.4942641,-3.7091134,Basal,5
M3_AATGGCTGTGTGGT_Basal,-3.917884,-2.5592227,Basal,5
M3_AATGTCCTCACTGA_Basal,-1.1309512,-7.9613776,Basal,16
M3_AATGTTGACCTATT_Basal,0.18102361,-2.7252386,Basal,4
M3_AATGTTGATCGTAG_Basal,-0.4995448,-2.579024,Basal,4
M3_AATTACGAACCTGA_Basal,-3.0758836,-3.8132691,Basal,5
M3_AATTACGATATGGC_Basal,0.3035101,-4.1294518,Basal,4
M3_AATTGATGCCAATG_Basal,-0.084816135,-2.8732128,Basal,4
M3_AATTGTGACTGTCC_Club,-0.8921024,4.9725266,Club,14
M3_AATTGTGAGTGTTG_Ciliated,-2.8986905,15.336105,Ciliated,9
M3_ACAAAGGATCTCGC_Club,-1.3787907,4.6528816,Club,14
M3_ACAAATTGTACTTC_Basal,0.88825923,-4.6024947,Basal,1
M3_ACAAATTGTCTACT_Basal,1.6269771,-1.4002408,Basal,0
M3_ACAACCGAACAGCT_Basal,-4.058953,-2.4891274,Basal,5
M3_ACAAGAGAGTACGT_Basal,-1.7582208,-5.092022,Basal,7
M3_ACAAGCACGGGATG_Basal,-1.2318382,-6.133537,Basal,7
M3_ACAAGCACGTCATG_Basal,-2.1446848,-5.3310122,Basal,7
M3_ACAATAACCTGGAT_Ciliated,-2.181421,15.532766,Ciliated,9
M3_ACAATCCTATGACC_Basal,-1.3094597,-4.436025,Basal,1
M3_ACAATTGACCGTAA_Club,0.4638493,4.557967,Club,6
M3_ACAATTGATGGATC_Basal,-3.0538912,-4.6888103,Basal,5
M3_ACACAGACGGAGGT_Club,1.0150179,2.926742,Club,6
M3_ACACAGACTTCCGC_Club,-1.9738768,4.488611,Club,14
M3_ACACATCTACGTAC_Basal,-1.1236688,-5.388518,Basal,1
M3_ACACCCTGTTGCGA_Club,-0.07028847,7.216608,Club,10
M3_ACACGAACTCGACA_Basal,-0.9241855,-3.392578,Basal,4
M3_ACACGATGGACAGG_Basal,0.8210593,-4.5793004,Basal,1
M3_ACACGTGACCAACA_Basal,-0.73352164,-6.321273,Basal,7
M3_ACACGTGACTCAGA_Basal,-3.1024854,-4.625416,Basal,5
M3_ACAGACACATGTGC_Club,-1.0522435,4.7294254,Club,14
M3_ACAGCAACCGCAAT_Basal,1.2209176,-4.147586,Basal,1
M3_ACAGGTACGTGTCA_Basal,-2.8262305,-3.9964254,Basal,7
M3_ACAGTCGAAATGCC_Basal,1.4062876,-1.9708668,Basal,1
M3_ACAGTCGAGTTCTT_Basal,-1.0727545,-3.2127964,Basal,4
M3_ACAGTGACGGCATT_Basal,-0.6759059,-4.5276265,Basal,4
M3_ACAGTGTGATGGTC_Basal,2.1501853,-1.8131644,Basal,0
M3_ACAGTTCTCCTACC_Club,-0.6460634,5.02817,Club,6
M3_ACAGTTCTGGGAGT_Basal,-1.4948612,-5.202852,Basal,7
M3_ACATACCTCCTCGT_Basal,-3.609446,-3.6250718,Basal,5
M3_ACATCACTCTACCC_Club,-1.025137,4.5431623,Club,14
M3_ACATGGTGGCCCTT_Basal,-1.2825036,-5.178783,Basal,4
M3_ACATTCTGCGGTAT_Goblet,-2.1089168,3.122736,Goblet,18
M3_ACCAACGAGGTAAA_Basal,-3.8741312,-4.4726253,Basal,5
M3_ACCACAGAGCTACA_Ciliated,-2.3035188,15.451282,Ciliated,9
M3_ACCACGCTAAGAGT_Basal,0.7024283,-3.9531298,Basal,1
M3_ACCACGCTCAGAGG_Basal,-1.7997687,-1.6305661,Basal,2
M3_ACCACGCTCCAATG_Goblet,-1.9591166,2.7511816,Goblet,18
M3_ACCAGCCTTTTCGT_Basal,0.09590804,-3.6283903,Basal,1
M3_ACCATTACAGTTCG_Basal,-0.7289694,-4.9324822,Basal,1
M3_ACCATTTGACCATG_Ciliated,-2.4828057,15.714806,Ciliated,9
M3_ACCATTTGCCGTTC_Club,-0.99760157,-6.622974,Club,7
M3_ACCATTTGGGCATT_Club,-1.4572415,4.7636566,Club,14
M3_ACCATTTGTCTTAC_Club,-1.6437598,4.9514384,Club,14
M3_ACCCACTGGCCATA_Basal,1.3065989,-3.6761928,Basal,1
M3_ACCCACTGGGCGAA_Basal,-0.48746324,-3.5423517,Basal,4
M3_ACCCACTGTGCCAA_Basal,-2.015237,-3.80779,Basal,5
M3_ACCCAGCTCGCAAT_Basal,-1.1029239,-5.3950977,Basal,1
M3_ACCCGTACCTACGA_Basal,-1.576366,-6.3670325,Basal,7
M3_ACCCGTACGATGAA_Basal,-2.5098057,-6.2134876,Basal,56
M3_ACCCGTACTCCTGC_Basal,0.61783636,-6.1445217,Basal,1
M3_ACCCGTTGGAGCTT_Basal,-3.5229611,-3.6205976,Basal,5
M3_ACCCTCGAGCTCCT_Basal,-0.36423475,-5.601997,Basal,1
M3_ACCGAAACTATTCC_Basal,-3.196102,-3.6600103,Basal,2
M3_ACCGCGGAAGCCTA_Basal,-2.9573095,-5.578108,Basal,5
M3_ACCGCGGATAAGCC_Club,-0.04339039,3.8639445,Club,6
M3_ACCGTGCTCAGGAG_Tuft,16.808695,8.308762,Tuft,17
M3_ACCTCCGAACCTAG_Basal,0.21194382,-4.169897,Basal,4
M3_ACCTCCGACAGCTA_Basal,-3.3896995,-5.482356,Basal,7
M3_ACCTCCGATAGTCG_Basal,-0.5429222,-2.2886145,Basal,4
M3_ACCTCGTGATCACG_Ciliated,-3.1321766,15.314521,Ciliated,9
M3_ACCTGAGAGAGGGT_Club,-0.031236403,3.0209422,Club,6
M3_ACCTGAGAGCTAAC_Club,-1.4803239,5.180617,Club,14
M3_ACCTGGCTACCAGT_Basal,0.646202,-3.5335972,Basal,0
M3_ACCTGGCTCTGTCC_Club,-1.9474391,4.2458096,Club,14
M3_ACCTTTGACGACTA_Tuft,-1.9733471,3.366624,Tuft,18
M3_ACCTTTGATACAGC_Basal,-1.3275834,-6.346722,Basal,7
M3_ACGAACTGTCAAGC_Club,0.184383,7.120187,Club,10
M3_ACGAAGCTTCTACT_Basal,0.506969,-6.64191,Basal,16
M3_ACGACAACCAGAAA_Club,-2.162737,4.3400154,Club,14
M3_ACGACCCTCTTATC_Basal,-2.1221957,-2.135247,Basal,2
M3_ACGACCCTGTCTAG_Basal,-3.1684659,-3.622288,Basal,5
M3_ACGACCCTTACAGC_Basal,-0.67447156,-5.7432494,Basal,1
M3_ACGACCCTTTGCGA_Basal,-1.602654,-5.6104054,Basal,7
M3_ACGAGGGACAGCTA_Basal,-0.48213047,-5.787707,Basal,1
M3_ACGAGGGAGTTCGA_Basal,-3.7792313,-3.0596251,Basal,5
M3_ACGAGTACTCCTTA_Ciliated,-2.3002248,12.885701,Ciliated,22
M3_ACGATCGATGCACA_Basal,0.5280939,-3.9443052,Basal,4
M3_ACGATCGATTGGTG_Club,-1.3380841,4.0113463,Club,14
M3_ACGATTCTTAGAGA_Basal,-0.7074451,-0.036242563,Basal,10
M3_ACGCAATGAATCGC_Basal,-0.6405488,-4.269807,Basal,4
M3_ACGCAATGAGTGTC_Basal,1.2106223,-4.7019753,Basal,1
M3_ACGCACCTCTCTTA_Basal,-1.777676,-5.4908667,Basal,1
M3_ACGCACCTTAACGC_Basal,-1.1589063,-6.427996,Basal,7
M3_ACGCCACTTTCTCA_Basal,-3.2378259,-4.8458557,Basal,5
M3_ACGCCGGATCCCGT_Club,-0.48348165,6.3018613,Club,10
M3_ACGCGGTGAAGAAC_Basal,-1.4041778,-6.6032243,Basal,7
M3_ACGCGGTGGGTCTA_Basal,-3.6341798,-2.9964206,Basal,5
M3_ACGCTCACCGTCTC_Ciliated,-2.5299072,15.576372,Ciliated,9
M3_ACGCTCACTGAGAA_Club,0.1256982,4.0773125,Club,23
M3_ACGCTGCTAGAAGT_Basal,-1.474607,-8.134261,Basal,16
M3_ACGGAACTAGCCAT_Basal,-2.422234,-4.051056,Basal,5
M3_ACGGAACTCTAAGC_Basal,-3.8790483,-5.2443724,Basal,5
M3_ACGGAACTGCTTAG_Basal,-3.2972858,-2.5425122,Basal,5
M3_ACGGAGGAACCTCC_Basal,-3.637141,-3.0432808,Basal,5
M3_ACGGAGGACTCAAG_Basal,0.35147446,-5.504622,Basal,1
M3_ACGGATTGACACCA_Basal,0.37114877,-3.5347977,Basal,2
M3_ACGGATTGCAGATC_Basal,0.7585737,-0.87601906,Basal,2
M3_ACGGATTGCGCATA_Basal,-4.015079,-2.688383,Basal,5
M3_ACGGCGTGCCTACC_Basal,-2.9951954,-3.3661897,Basal,5
M3_ACGGCTCTGCGGAA_Basal,-3.49584,-4.9826546,Basal,5
M3_ACGGCTCTTTCTCA_Goblet,-2.1731164,3.11569,Goblet,18
M3_ACGGTAACCGGAGA_Basal,0.1056939,-6.172578,Basal,1
M3_ACGGTAACGGACAG_Tuft,-3.6000652,-5.4300632,Tuft,5
M3_ACGGTAACTCGATG_Basal,-1.6046339,-5.663914,Basal,7
M3_ACGGTATGGCAGTT_Ciliated,-2.6534622,15.460034,Ciliated,9
M3_ACGGTATGGTGCAT_Basal,-1.6455762,-6.2387075,Basal,7
M3_ACGGTATGTCCGTC_Club,-1.491981,4.6816287,Club,14
M3_ACGTAGACAGGCGA_Basal,-2.8367507,-4.6367955,Basal,5
M3_ACGTCAGAGCGTTA_Basal,-3.2975628,-5.091205,Basal,5
M3_ACGTCAGATCTTAC_Club,-0.5703569,4.1817374,Club,61
M3_ACGTCGCTAGGGTG_Basal,-2.9801223,-5.2437825,Basal,5
M3_ACGTCGCTTGTTTC_Basal,-1.0869846,-8.104237,Basal,16
M3_ACGTGATGTGATGC_Basal,-2.8308353,-2.348871,Basal,5
M3_ACGTGATGTTCGTT_Ciliated,-2.2818062,15.033022,Ciliated,9
M3_ACGTGCCTGAATGA_Club,1.0247601,3.2506409,Club,13
M3_ACGTTACTACGGTT_Club,0.28286248,7.2196946,Club,10
M3_ACGTTACTTTCGTT_Basal,-2.5348666,-4.801086,Basal,5
M3_ACGTTGGAAGAGGC_Ciliated,-2.6427011,15.287364,Ciliated,9
M3_ACGTTGGAGGCATT_Goblet,-1.8526031,3.2619386,Goblet,18
M3_ACGTTGGAGTCTTT_Ciliated,-1.5530534,15.03825,Ciliated,9
M3_ACGTTTACCTTTAC_Basal,-1.2101501,-3.543587,Basal,4
M3_ACGTTTACGTGTAC_Basal,-0.3653979,-4.3137474,Basal,4
M3_ACTAAAACTTCGTT_Basal,-3.1420872,-5.8764873,Basal,5
M3_ACTACGGACCCTAC_Basal,-1.6214627,-4.6375747,Basal,5
M3_ACTACGGATGTCCC_Basal,-3.6676571,-5.5934334,Basal,5
M3_ACTAGGTGCATGGT_Club,-0.47962767,6.370474,Club,10
M3_ACTATCACCAGTTG_Basal,-1.2102991,-6.345658,Basal,7
M3_ACTATCACTATTCC_Basal,-1.9431356,-1.9806782,Basal,2
M3_ACTCAGGACCGAAT_Basal,0.21214822,-0.6406051,Basal,2
M3_ACTCGAGAGGTCAT_Basal,-3.784402,-2.0716248,Basal,51
M3_ACTCGCACTCGCCT_Basal,0.39812985,-1.926181,Basal,0
M3_ACTCTATGTACTCT_Goblet,-2.6021054,3.0014112,Goblet,18
M3_ACTCTCCTTCTGGA_Basal,-2.3796327,-4.852567,Basal,5
M3_ACTGCCACAGGAGC_Basal,-1.0894518,-8.355696,Basal,16
M3_ACTGCCACTGCCCT_Basal,-3.1367683,-4.857043,Basal,5
M3_ACTGCCACTTTGCT_Basal,-1.273105,-4.370352,Basal,1
M3_ACTGCCTGAGGCGA_Basal,-3.422861,-3.7331502,Basal,5
M3_ACTGGCCTGACACT_Basal,-0.4828836,-5.5041947,Basal,1
M3_ACTGTGGACTGTCC_Club,2.0912943,5.733561,Club,13
M3_ACTGTGGATTGAGC_Basal,-2.9126542,-4.892905,Basal,5
M3_ACTGTTACTAAGGA_Basal,1.0643574,-5.065562,Basal,1
M3_ACTTAAGACGGAGA_Basal,0.16726772,-3.2248013,Basal,1
M3_ACTTAAGAGCCCTT_Basal,-0.749378,-5.10594,Basal,1
M3_ACTTAGCTAGTCAC_Basal,-2.7443461,-5.203479,Basal,5
M3_ACTTAGCTTGGTCA_Basal,-2.2166636,-5.298408,Basal,7
M3_ACTTCAACTGCGTA_Ciliated,2.7390292,5.7821107,Ciliated,24
M3_ACTTCCCTGCATAC_Basal,-1.2984406,-6.4183726,Basal,7
M3_ACTTCCCTGCCAAT_Club,-1.7818033,5.132205,Club,14
M3_ACTTCTGAAAGGTA_Basal,-2.7779353,-4.0868335,Basal,4
M3_ACTTCTGAAAGTGA_Club,-0.54690003,5.036404,Club,6
M3_ACTTCTGACAACTG_Basal,-3.7395527,-4.1991677,Basal,5
M3_ACTTCTGATGCCCT_Basal,-3.4679103,-5.5687637,Basal,5
M3_ACTTGACTATTTCC_Club,1.7801203,3.9020581,Club,6
M3_ACTTGTACCTTGGA_Basal,-0.13416061,-4.7502527,Basal,1
M3_AGAAACGATGGTTG_Basal,-1.6591083,-4.2796946,Basal,5
M3_AGAAACGATTGCAG_Basal,-2.5089264,-5.1058087,Basal,5
M3_AGAAAGTGGTCTTT_Basal,-2.778599,-5.60465,Basal,5
M3_AGAAAGTGTATTCC_Basal,-1.620392,-5.8809958,Basal,7
M3_AGAACAGATTGGTG_Basal,-3.6520183,-5.134294,Basal,5
M3_AGAACAGATTTGGG_Basal,-1.1636037,-5.4163427,Basal,1
M3_AGAACGCTCTTACT_Basal,-2.9793556,-4.3236585,Basal,5
M3_AGAACGCTGTGTTG_Club,-1.9666843,-4.869164,Club,7
M3_AGAATACTTGTCGA_Basal,-0.6771461,-5.377358,Basal,1
M3_AGAATTTGTGTGAC_Basal,-0.86307395,-5.4922776,Basal,1
M3_AGACACACATCACG_Club,-0.33484903,6.8891993,Club,10
M3_AGACACACCTTCTA_Basal,-0.07436409,-4.407486,Basal,4
M3_AGACACACTGTTTC_Basal,-0.2054103,-6.0633497,Basal,1
M3_AGACCTGAGAGGGT_Basal,-0.03406169,-6.4899087,Basal,7
M3_AGACCTGATGCCTC_Club,-0.4492399,5.249257,Club,10
M3_AGACGTACAACGGG_Club,-0.8239526,5.3235908,Club,14
M3_AGACGTACTCTGGA_Club,-1.0279351,5.0663424,Club,14
M3_AGACTCGATGCCCT_Basal,-1.1581022,-4.824844,Basal,1
M3_AGACTTCTTCTTAC_Club,-1.8679312,4.292343,Club,14
M3_AGAGAAACATGGTC_Club,-1.2309022,0.80376464,Club,10
M3_AGAGAATGACCCAA_Basal,-3.083392,-5.0748334,Basal,5
M3_AGAGAATGCCTTGC_Club,-0.87784094,4.8249536,Club,14
M3_AGAGAATGTCGATG_Club,0.2745418,7.276762,Club,10
M3_AGAGCGGAGAACCT_Basal,0.36402047,-1.7026193,Basal,4
M3_AGAGCTACACCATG_Basal,-0.4866373,-5.695644,Basal,1
M3_AGAGGTCTGTAGCT_Basal,-0.69523627,-3.6923294,Basal,1
M3_AGAGTCACACCTAG_Basal,-3.233866,-4.615023,Basal,5
M3_AGATATACCTGATG_Basal,-3.5875294,-3.7475367,Basal,5
M3_AGATATTGCGTAAC_Club,1.0268028,5.6840324,Club,10
M3_AGATATTGGATGAA_Basal,1.5997761,-3.6651843,Basal,1
M3_AGATATTGGGATCT_Club,4.2424445,6.538197,Club,10
M3_AGATATTGTCCTCG_Basal,-1.3577633,-4.1815605,Basal,5
M3_AGATCGTGAACGGG_Basal,1.0742518,-1.9444109,Basal,0
M3_AGATCGTGAAGTGA_Basal,-2.9877481,-5.9537787,Basal,5
M3_AGATCGTGTTAGGC_Club,-1.2411536,5.140885,Club,14
M3_AGATCTCTAGCCAT_Club,-3.7569785,-1.8260475,Club,5
M3_AGATCTCTATTCGG_Club,-0.056395426,7.20551,Club,10
M3_AGATTAACACGCAT_Basal,-3.3341527,-4.896543,Basal,5
M3_AGATTAACCGACAT_Basal,-0.0991049,-5.000542,Basal,54
M3_AGATTAACGAATAG_Ciliated,-2.7414389,14.61698,Ciliated,9
M3_AGATTCCTAGCACT_Basal,-3.7762547,-2.1844795,Basal,5
M3_AGATTCCTTAACCG_Basal,-1.568934,-2.113109,Basal,1
M3_AGATTCCTTTCCGC_Basal,-2.0966938,-4.9267406,Basal,5
M3_AGCAAAGAATGTGC_Basal,-3.0222697,-4.8246493,Basal,161
M3_AGCAAAGAGGGCAA_Basal,-3.2307234,-5.455815,Basal,5
M3_AGCAACACATCGTG_Basal,-0.21555887,-3.2834046,Basal,4
M3_AGCAAGCTCCAATG_Club,0.106948644,5.940754,Club,10
M3_AGCAAGCTTCCAAG_Basal,-1.4737202,-6.3986807,Basal,7
M3_AGCACTGACGGAGA_Basal,-3.7360272,-1.8919357,Basal,5
M3_AGCATCGATGGAGG_Basal,0.8166693,-4.1177917,Basal,1
M3_AGCATGACTGTCTT_Basal,-1.1637934,-8.449359,Basal,16
M3_AGCCAATGAACAGA_Basal,-3.2177374,-5.177172,Basal,5
M3_AGCCACCTATCAGC_Basal,-2.062974,-4.207211,Basal,162
M3_AGCCACCTCAGAAA_Basal,-2.2158494,-2.9312313,Basal,2
M3_AGCCGGACACTCAG_Basal,-3.8028889,-3.702602,Basal,5
M3_AGCCGGACCTGTAG_Basal,1.7044996,-4.3059998,Basal,1
M3_AGCCGGTGATAAGG_Basal,-3.7468393,-5.5113673,Basal,5
M3_AGCCGGTGTCCGAA_Ciliated,-1.5649158,14.999955,Ciliated,9
M3_AGCCGTCTTAGCCA_Basal,1.6330385,-3.540019,Basal,1
M3_AGCCGTCTTCTCTA_Basal,-0.8625901,-1.8546904,Basal,4
M3_AGCCTCACAATCGC_Basal,0.7243481,-3.8188963,Basal,1
M3_AGCCTCACAGTACC_Tuft,-1.6916107,5.042213,Tuft,31
M3_AGCCTCACTGCTAG_Ciliated,-1.2652942,15.50388,Ciliated,9
M3_AGCCTCTGTCTTTG_Basal,-1.5735325,-5.3600726,Basal,163
M3_AGCGATACCACAAC_Basal,-1.398503,-6.3796463,Basal,7
M3_AGCGATTGATGCTG_Basal,-3.4726465,-3.5004473,Basal,5
M3_AGCGCCGAGTATCG_Tuft,1.2740902,-3.0377452,Tuft,2
M3_AGCGCCGATGGTGT_Basal,-2.7304308,-3.4754934,Basal,5
M3_AGCGGCTGCACACA_Basal,-1.1418391,-6.125013,Basal,7
M3_AGCGGCTGTATGCG_Basal,-2.731159,-5.0086365,Basal,5
M3_AGCGGGCTAGAAGT_Club,0.4834186,5.1682014,Club,6
M3_AGCGGGCTCCGTTC_Ciliated,-2.8525884,14.867617,Ciliated,9
M3_AGCGTAACTGCACA_Club,-2.1989865,4.5456033,Club,14
M3_AGCTGAACCGTGTA_Basal,-3.0981452,-4.992363,Basal,5
M3_AGCTGAACTACAGC_Basal,-3.911305,-2.3979342,Basal,5
M3_AGCTGTGATCTAGG_Basal,-1.0814973,-5.525869,Basal,1
M3_AGCTGTGATCTATC_Basal,-2.138886,-5.0231147,Basal,5
M3_AGCTGTGATGCAGT_Basal,-2.6816304,-6.326006,Basal,16
M3_AGCTTTACTAGAAG_Basal,-3.7804892,-4.5206623,Basal,5
M3_AGGAAATGCATTTC_Basal,-3.8185887,-3.6046813,Basal,5
M3_AGGAACCTTCGTAG_Club,0.17505246,5.915469,Club,10
M3_AGGAATGACCCAAA_Basal,-2.5079517,-5.44114,Basal,5
M3_AGGAATGAGCTTAG_Club,-0.76569206,4.7067046,Club,14
M3_AGGAATGAGGATCT_Basal,-3.554446,-3.2648237,Basal,164
M3_AGGAATGATGCTTT_Basal,-3.5654922,-5.134731,Basal,5
M3_AGGACACTCTCGAA_Basal,2.1789198,-2.6764932,Basal,0
M3_AGGACACTGAATGA_Club,-0.11941128,6.521009,Club,10
M3_AGGAGTCTACGCAT_Basal,-1.3849676,-6.597943,Basal,7
M3_AGGATGCTACCATG_Club,-1.9000458,4.411375,Club,14
M3_AGGCAGGACACACA_Basal,0.8598645,-4.268758,Basal,1
M3_AGGCTAACAGAAGT_Club,-1.122301,5.060242,Club,14
M3_AGGCTAACGAAGGC_Basal,-3.3998666,-4.979908,Basal,5
M3_AGGCTAACTAACGC_Club,-0.4021388,6.9556727,Club,10
M3_AGGGACGAAAGGGC_Basal,-3.5762074,-2.7469075,Basal,5
M3_AGGGACGAGACACT_Basal,-2.1249793,-1.2719239,Basal,165
M3_AGGGACGAGAGCAG_Club,0.65491635,6.043504,Club,10
M3_AGGGACGAGTAAGA_Tuft,-3.7640915,-2.9604154,Tuft,166
M3_AGGGACGATGGTAC_Basal,0.8592539,-4.3671455,Basal,1
M3_AGGGCCACAAGGTA_Basal,-2.508896,-4.482758,Basal,5
M3_AGGGCCACATTTCC_Basal,-0.60468733,-4.244131,Basal,4
M3_AGGGCCTGTAGCCA_Neuroendocrine,-0.6397193,-5.7299833,Neuroendocrine,1
M3_AGGGTGGAGACTAC_Basal,0.2726208,-3.6704683,Basal,1
M3_AGGGTGGAGGTATC_Basal,0.21849318,-0.9820116,Basal,2
M3_AGGTACACACTAGC_Basal,-1.8002542,-5.3404655,Basal,7
M3_AGGTACACAGTCTG_Basal,1.3592035,-3.3694274,Basal,0
M3_AGGTACACTTGGTG_Basal,-3.2284696,-5.748652,Basal,5
M3_AGGTACTGGGTGTT_Basal,-3.8206089,-4.393996,Basal,5
M3_AGGTCATGTGGTCA_Basal,-1.8435574,-2.8427682,Basal,2
M3_AGGTCTGACTCTTA_Basal,-1.9767994,-4.964386,Basal,7
M3_AGGTGGGACTGCAA_Basal,1.0039688,-5.481443,Basal,1
M3_AGGTGTTGCTGGAT_Goblet,-1.9826239,3.5032454,Goblet,18
M3_AGGTGTTGTTCCGC_Basal,-2.529618,-4.754834,Basal,5
M3_AGGTTCGACACTAG_Basal,-0.48957583,-6.007857,Basal,7
M3_AGGTTCGATAACCG_Basal,-1.2048448,-3.0107374,Basal,4
M3_AGGTTCGATGGGAG_Basal,-2.0759041,-4.0846,Basal,4
M3_AGGTTGTGCGCATA_Basal,-2.987208,-3.2714236,Basal,5
M3_AGGTTGTGGGTGGA_Basal,2.3696008,-1.1427866,Basal,13
M3_AGTAAGGAACCCAA_Club,-2.1278207,4.368233,Club,14
M3_AGTAAGGACGCATA_Tuft,-3.377781,-4.333042,Tuft,5
M3_AGTAAGGAGGTTCA_Basal,-3.351087,-5.740498,Basal,5
M3_AGTAAGGATTCCAT_Club,-0.69197446,4.5708184,Club,14
M3_AGTAATACGGTTTG_Basal,-3.790453,-4.478125,Basal,5
M3_AGTAATTGGTTTGG_Ciliated,-3.0019672,14.956473,Ciliated,9
M3_AGTAATTGTTGCGA_Club,-2.0308197,4.1818986,Club,14
M3_AGTAGAGACACACA_Goblet,-2.0704567,2.9631379,Goblet,18
M3_AGTAGAGACCGAAT_Basal,1.692269,-0.5509482,Basal,0
M3_AGTAGAGAGTTTGG_Basal,-0.22284473,-2.1286998,Basal,4
M3_AGTAGAGATTCTTG_Club,0.931204,5.757545,Club,10
M3_AGTAGGCTGGGCAA_Basal,-0.5156364,-4.146281,Basal,1
M3_AGTCAGACAGCGGA_Club,-1.7614161,-4.519758,Club,10
M3_AGTCAGACTAAGCC_Basal,-3.7284107,-4.3756227,Basal,5
M3_AGTCCAGATTCGTT_Basal,-2.8413024,-4.606507,Basal,5
M3_AGTCGAACGGTCAT_Ciliated,-1.8401325,15.104704,Ciliated,9
M3_AGTCTACTTGAGAA_Basal,-2.9419222,-5.8404403,Basal,5
M3_AGTCTTACCGGAGA_Club,-1.0587872,5.114237,Club,14
M3_AGTCTTACTGTCAG_Club,-1.9512196,5.011489,Club,14
M3_AGTGACACAGTAGA_Basal,-1.982821,-5.9969387,Basal,5
M3_AGTGACTGTGTTCT_Basal,-1.0901512,-6.4273458,Basal,7
M3_AGTGTGACAAGAAC_Basal,-2.0653362,-4.4705105,Basal,167
M3_AGTGTGACAGTCAC_Basal,-1.2430491,-5.190374,Basal,7
M3_AGTGTTCTAGGTCT_Basal,-3.7296264,-5.358021,Basal,5
M3_AGTGTTCTGGTTCA_Basal,1.143176,-5.734116,Basal,1
M3_AGTGTTCTTTGCTT_Tuft,16.931303,8.790146,Tuft,17
M3_AGTGTTCTTTTCTG_Club,-0.44069916,3.4117434,Club,6
M3_AGTTAAACCCCGTT_Tuft,-0.077143095,-3.9951437,Tuft,1
M3_AGTTAAACTTCTAC_Club,-1.8448747,4.282288,Club,14
M3_AGTTATGATTCTTG_Club,-3.6309943,-1.2973052,Club,5
M3_AGTTCTACCCCTAC_Basal,-3.6835086,-5.4678264,Basal,5
M3_AGTTCTACGGTATC_Basal,-1.2076752,-6.424124,Basal,7
M3_AGTTCTACGTCTAG_Basal,0.4950188,-1.5261874,Basal,0
M3_AGTTCTACTCGACA_Club,-0.06868954,7.2251544,Club,10
M3_AGTTTCACTTCATC_Club,1.487386,-5.5339055,Club,1
M3_AGTTTGCTCGTAGT_Club,-2.8530264,-1.0757775,Club,2
M3_AGTTTGCTGATAGA_Basal,1.1671413,-1.2449797,Basal,4
M3_ATAACAACTTGACG_Basal,-2.0397074,-4.5884166,Basal,1
M3_ATAACATGAGGAGC_Basal,1.4249284,-4.36631,Basal,1
M3_ATAACATGATCGAC_Basal,-0.7460914,-5.7464056,Basal,1
M3_ATAACATGGGCAAG_Ciliated,-1.352328,15.227012,Ciliated,9
M3_ATAACCCTAAGGGC_Club,1.9915366,-5.040372,Club,1
M3_ATAACCCTTTTGTC_Tuft,0.15489715,-5.938475,Tuft,1
M3_ATAAGTACTAGACC_Basal,1.6387678,0.28365082,Basal,0
M3_ATAAGTACTGCTCC_Basal,-3.005254,-6.1444354,Basal,16
M3_ATAAGTACTTCAGG_Basal,-1.2862115,-6.1549797,Basal,7
M3_ATAATCGAAGAACA_Basal,-3.7014701,-3.3617876,Basal,5
M3_ATAATCGAGCAGAG_Club,-1.5331632,4.507433,Club,14
M3_ATAATCGATACGCA_Club,0.41527963,5.7427053,Club,10
M3_ATAATCGATCACCC_Tuft,-1.611664,5.1968284,Tuft,31
M3_ATAATCGATGCACA_Basal,-1.5955653,-3.4552686,Basal,1
M3_ATACCACTAGGTCT_Basal,-1.4558344,-2.7647543,Basal,4
M3_ATACCACTCCTGAA_Basal,-2.8378901,-2.9865043,Basal,2
M3_ATACCACTTGAGGG_Basal,-3.550914,-3.2470481,Basal,34
M3_ATACCGGACCAATG_Ciliated,-2.970182,14.769128,Ciliated,52
M3_ATACCTACTTGCAG_Club,-0.94000566,1.4661695,Club,13
M3_ATACCTTGAAGGGC_Basal,-1.1679235,-6.530584,Basal,7
M3_ATACGGACTACTGG_Basal,-0.25961086,-5.7842927,Basal,1
M3_ATACGTCTCCTCAC_Club,-0.50122696,4.438034,Club,14
M3_ATACGTCTGCTAAC_Basal,-1.8017915,-2.8746827,Basal,1
M3_ATACGTCTGCTTCC_Club,-1.7703724,4.6552033,Club,14
M3_ATACGTCTTGTCCC_Basal,-1.1798617,-4.4668074,Basal,4
M3_ATACTCTGAGCTCA_Ciliated,-2.2920566,13.03904,Ciliated,22
M3_ATACTCTGATGACC_Basal,0.7539688,-6.447509,Basal,16
M3_ATACTCTGTAGCGT_Basal,0.12596706,-6.2320924,Basal,1
M3_ATACTCTGTCTTAC_Basal,0.7509743,-4.758182,Basal,1
M3_ATAGAACTTACAGC_Basal,0.32288012,-2.154954,Basal,1
M3_ATAGATACACACAC_Basal,-0.32399148,-2.3537736,Basal,4
M3_ATAGATACGGAGGT_Basal,-2.8831446,-6.0511436,Basal,7
M3_ATAGATACTAACCG_Basal,1.2877957,0.41061231,Basal,0
M3_ATAGCCGAGGTACT_Basal,-2.4173567,-5.0318074,Basal,7
M3_ATAGGAGAGTTCGA_Basal,0.739784,-4.27429,Basal,1
M3_ATAGGCTGTTCGCC_Basal,-2.2893982,-5.0140605,Basal,5
M3_ATAGTTGAGACGGA_Basal,-0.095188394,-2.06579,Basal,0
M3_ATAGTTGATAAGCC_Basal,-1.9408269,-5.597662,Basal,5
M3_ATATGAACTTGAGC_Basal,0.81296897,-5.4673223,Basal,1
M3_ATATGAACTTTGCT_Club,-0.07785429,4.649916,Club,6
M3_ATATGCCTTACGAC_Basal,-1.2641854,-8.313601,Basal,16
M3_ATATGCCTTTTCGT_Basal,-1.8507533,-5.7846665,Basal,7
M3_ATCAAATGCGAGTT_Club,-1.8499923,4.89421,Club,14
M3_ATCAAATGTCTCTA_Basal,-2.6885045,-5.181904,Basal,5
M3_ATCAACCTCCTTGC_Basal,-3.7849195,-4.3295317,Basal,5
M3_ATCACACTTCAAGC_Basal,1.7821832,-1.140444,Basal,0
M3_ATCACTACACCCAA_Club,0.13831931,4.085234,Club,6
M3_ATCACTACGGGAGT_Basal,-2.7010188,-1.8041956,Basal,2
M3_ATCACTACGTTGGT_Ciliated,-2.2347333,12.938544,Ciliated,22
M3_ATCACTTGATACCG_Club,-0.6219963,3.3713903,Club,6
M3_ATCACTTGCTAGCA_Basal,-0.7524171,-4.0608487,Basal,4
M3_ATCAGGTGGCCAAT_Basal,-2.6371663,-4.057995,Basal,5
M3_ATCAGGTGGTTAGC_Basal,0.80371577,-6.1732063,Basal,16
M3_ATCATGCTCACTGA_Club,0.087399416,6.550725,Club,168
M3_ATCCATACAAGGTA_Basal,-2.47801,-4.685119,Basal,5
M3_ATCCATACATTCCT_Club,-0.6924623,-6.154837,Club,169
M3_ATCCATACTCTTAC_Club,-1.2935255,4.239121,Club,14
M3_ATCCCGTGCTCGCT_Basal,-3.9146874,-3.035441,Basal,5
M3_ATCCGCACACCGAT_Club,-1.4434465,3.8008618,Club,14
M3_ATCCGCACCATGCA_Basal,-0.74697435,-6.517421,Basal,7
M3_ATCCTAACCGAATC_Basal,-3.2992084,-5.3910365,Basal,5
M3_ATCGAGTGCGGTAT_Basal,-0.8872875,-6.5995092,Basal,7
M3_ATCGAGTGTATCTC_Club,-1.3009754,4.1370506,Club,14
M3_ATCGAGTGTCCAGA_Basal,-3.3040566,-3.6026764,Basal,5
M3_ATCGAGTGTGCATG_Basal,2.1071115,-3.9357057,Basal,1
M3_ATCGCCTGGATAAG_Basal,-0.31399104,-6.292162,Basal,7
M3_ATCGCCTGGGTATC_Club,-2.2935162,-0.6402812,Club,2
M3_ATCGCGCTGTCTGA_Basal,2.182156,-1.8191434,Basal,0
M3_ATCGGAACGCATAC_Ciliated,-2.1079688,15.506335,Ciliated,9
M3_ATCGGTGAGTGTTG_Basal,-2.077912,-5.722003,Basal,5
M3_ATCGTTTGGAGGCA_Basal,-3.8365068,-5.302666,Basal,5
M3_ATCTACACGCTGAT_Basal,0.8799231,-1.7879678,Basal,0
M3_ATCTACACGGTAAA_Basal,-0.5471813,-6.138562,Basal,7
M3_ATCTACTGCGAGTT_Basal,0.6726199,-5.7190895,Basal,1
M3_ATCTACTGGGTCTA_Basal,-1.437925,-7.9261427,Basal,16
M3_ATCTACTGGTGCAT_Basal,-2.4317992,-2.8037848,Basal,5
M3_ATCTACTGTGGTAC_Basal,-4.073245,-3.4932573,Basal,5
M3_ATCTCAACAGTAGA_Basal,-1.476258,-5.1756315,Basal,7
M3_ATCTCAACGGGATG_Basal,-2.8310697,-5.9516015,Basal,5
M3_ATCTGACTCTGACA_Basal,2.3754566,-2.685208,Basal,0
M3_ATCTGACTGCTATG_Club,-0.8121521,5.037851,Club,14
M3_ATCTGACTGGCAAG_Ionocyte,-1.2263033,-3.5829532,Ionocyte,1
M3_ATCTGGGAATGTCG_Basal,-2.7268412,-5.2659616,Basal,5
M3_ATCTGGGACCTGTC_Basal,-3.0442908,-4.5744424,Basal,5
M3_ATCTGGGAGCTCCT_Basal,0.25441104,-1.7701299,Basal,0
M3_ATCTTGACAGCGGA_Basal,-1.241604,-2.9471815,Basal,2
M3_ATCTTTCTTGGGAG_Basal,0.91835505,-4.9087567,Basal,1
M3_ATGAAACTCAAAGA_Basal,-3.2761352,-5.8830214,Basal,5
M3_ATGAAACTCTGAAC_Club,-1.2472188,4.157751,Club,14
M3_ATGAAGGACCGAAT_Ciliated,-2.2643445,12.99613,Ciliated,22
M3_ATGAAGGAGCTACA_Tuft,-3.160059,-2.5153906,Tuft,5
M3_ATGAAGGAGCTTCC_Basal,-2.253568,-5.3355446,Basal,5
M3_ATGACGTGTTCTGT_Goblet,-2.7397296,2.9691803,Goblet,18
M3_ATGAGAGAACGACT_Basal,0.8254843,-4.536018,Basal,1
M3_ATGAGCACCTCTTA_Basal,1.613828,-0.1714507,Basal,0
M3_ATGAGCACTGGATC_Club,1.290429,2.2517192,Club,6
M3_ATGAGCACTTACTC_Basal,1.7028778,-4.423817,Basal,1
M3_ATGATAACAGCTAC_Club,-1.0300645,5.249532,Club,14
M3_ATGATATGTCCAGA_Basal,-3.0579574,-6.0250926,Basal,7
M3_ATGCACGAAAACGA_Basal,1.3135726,-4.548033,Basal,1
M3_ATGCACGAGCATAC_Basal,-3.1113966,-5.816083,Basal,7
M3_ATGCAGACTGCGTA_Club,-0.52626276,4.705864,Club,14
M3_ATGCAGTGCCTAAG_Basal,1.1571966,-5.380038,Basal,1
M3_ATGCAGTGGAACTC_Basal,-2.7520401,-3.546519,Basal,2
M3_ATGCAGTGGGTTAC_Club,0.35156512,3.3516037,Club,6
M3_ATGCCAGAAGCAAA_Club,-1.6372509,4.027209,Club,10
M3_ATGCCAGACAGGAG_Basal,-2.7969725,-5.158978,Basal,5
M3_ATGCGATGTCACGA_Basal,-3.5165515,-3.428799,Basal,5
M3_ATGCGCCTACGGAG_Basal,-1.2724048,-5.7709374,Basal,7
M3_ATGCGCCTTCGATG_Club,-2.0151522,4.7569904,Club,14
M3_ATGCTTTGGAATAG_Basal,-2.0970085,-5.524611,Basal,5
M3_ATGCTTTGGCAAGG_Basal,-1.1431398,-8.09323,Basal,16
M3_ATGGTGACTAGACC_Basal,-1.6861413,-6.1925344,Basal,7
M3_ATGTAAACCTCTTA_Basal,0.06089067,-5.148593,Basal,1
M3_ATGTACCTACGCAT_Basal,0.28949067,-2.5947435,Basal,1
M3_ATGTACCTAGCCAT_Basal,-3.3466349,-3.4652555,Basal,34
M3_ATGTACCTGTTGTG_Basal,-3.5704212,-3.0994375,Basal,7
M3_ATGTCGGATGCATG_Basal,-2.5031176,-6.3322296,Basal,170
M3_ATTAACGAACGCAT_Club,-0.8907969,5.1601048,Club,14
M3_ATTAACGAAGCAAA_Basal,2.2854116,-3.6438322,Basal,1
M3_ATTAACGACGTTAG_Basal,1.7479799,-2.707747,Basal,0
M3_ATTAAGACCTGGTA_Club,-1.6928927,3.299424,Club,18
M3_ATTACCTGCTTTAC_Club,-1.7361448,-5.265743,Club,7
M3_ATTAGATGCAGGAG_Basal,-2.66007,-5.121115,Basal,5
M3_ATTAGTGAAACTGC_Basal,-1.3103269,-4.1092024,Basal,5
M3_ATTAGTGAGAAAGT_Basal,1.0158089,-3.5659435,Basal,0
M3_ATTAGTGAGGCATT_Basal,0.7709231,-6.327128,Basal,16
M3_ATTATGGAAAGAAC_Basal,-3.3033452,-4.5348525,Basal,5
M3_ATTATGGAGGGACA_Basal,-0.0895035,-2.2744365,Basal,4
M3_ATTATGGATTCTAC_Basal,-3.7085695,-4.743744,Basal,5
M3_ATTCAGCTTCGTTT_Club,-1.3938878,5.161556,Club,14
M3_ATTCCATGGGTTTG_Club,-1.7180818,5.1769733,Club,14
M3_ATTCGGGATGCACA_Basal,0.30342424,-2.1965292,Basal,1
M3_ATTCGGGATTTGGG_Basal,-0.4026014,-6.0579543,Basal,7
M3_ATTGAAACAGAGAT_Club,0.054076508,6.150117,Club,10
M3_ATTGAATGGAATGA_Basal,-3.8405106,-3.8713102,Basal,5
M3_ATTGAATGTCGATG_Basal,-3.582032,-3.810454,Basal,5
M3_ATTGAATGTTCCCG_Goblet,-1.9433441,2.9593832,Goblet,18
M3_ATTGATGAAGGTCT_Basal,-0.36930934,-6.3193984,Basal,66
M3_ATTGATGACTACCC_Basal,-1.2767338,-6.744962,Basal,7
M3_ATTGCACTGAGGAC_Club,-2.0271354,4.221046,Club,14
M3_ATTGCACTGTGTCA_Ciliated,-2.6183002,14.958816,Ciliated,9
M3_ATTGCACTGTTCTT_Club,-1.9002576,4.7652555,Club,14
M3_ATTGCTTGAGAAGT_Basal,-1.7144556,-0.37977132,Basal,2
M3_ATTGCTTGCCTTCG_Basal,-3.6388328,-3.4674275,Basal,5
M3_ATTGCTTGGCCATA_Basal,-1.9815584,-5.2299557,Basal,7
M3_ATTGCTTGGCCTTC_Basal,-2.6459463,-4.7708,Basal,5
M3_ATTGGTCTCTACTT_Club,-0.3763686,4.792435,Club,6
M3_ATTGGTCTCTGTCC_Basal,-0.617235,-2.6329906,Basal,171
M3_ATTGGTCTTCTCGC_Basal,-1.0508149,-6.2450633,Basal,7
M3_ATTGTAGAGCTAAC_Basal,-4.025209,-3.5118601,Basal,5
M3_ATTGTAGAGTTGGT_Basal,-2.5410492,-3.761413,Basal,5
M3_ATTGTCTGGACGGA_Basal,-3.8673332,-4.540873,Basal,5
M3_ATTGTCTGGTTGCA_Basal,-3.094527,-5.489752,Basal,5
M3_ATTTCCGAGGTAGG_Basal,-2.9692523,-4.257225,Basal,2
M3_ATTTGCACGGGATG_Basal,-2.353478,-0.716955,Basal,2
M3_ATTTGCACTGGTGT_Basal,-2.3955634,-5.222951,Basal,5
M3_CAAACTCTTCAAGC_Basal,-3.853002,-1.8746386,Basal,5
M3_CAAACTCTTCCTCG_Club,1.8699445,4.9144316,Club,10
M3_CAAAGCTGACCCTC_Club,2.024122,3.8549356,Club,6
M3_CAAATATGACCGAT_Basal,-1.6773711,-1.0995463,Basal,2
M3_CAAATATGCAGAGG_Basal,-3.3541594,-5.712489,Basal,5
M3_CAAATATGGATAGA_Basal,-3.6756754,-3.8144581,Basal,5
M3_CAAATATGGCGATT_Basal,-0.0007643974,-6.0758734,Basal,1
M3_CAAATATGGGTAAA_Club,-2.0943677,4.224708,Club,14
M3_CAAATTGAGGACGA_Basal,0.28641838,-3.9860733,Basal,0
M3_CAAATTGATTACCT_Basal,-1.6862514,-2.7061322,Basal,4
M3_CAACAGACCCACCT_Tuft,-2.1970818,12.762507,Tuft,35
M3_CAACCAGAAGCCAT_Basal,-1.5224273,-2.093002,Basal,2
M3_CAACCAGATTCTCA_Basal,-2.7519863,-3.475558,Basal,5
M3_CAACCGCTCTGTGA_Basal,-0.5701852,-2.353982,Basal,4
M3_CAACGTGAGAGCTT_Basal,-0.9808581,-4.3066487,Basal,4
M3_CAACGTGAGGTACT_Goblet,-1.9728752,2.7768595,Goblet,18
M3_CAACTTTGAGGTTC_Basal,-0.2561115,-5.297668,Basal,53
M3_CAACTTTGTGTGCA_Basal,-0.28359547,-5.844178,Basal,7
M3_CAAGAAGATGCGTA_Ciliated,-2.6372085,15.715252,Ciliated,9
M3_CAAGACTGGTCTAG_Basal,1.3370925,-2.7031696,Basal,0
M3_CAAGCCCTAGAGGC_Basal,-0.5741831,-1.172162,Basal,2
M3_CAAGCCCTATACCG_Basal,0.99654514,-3.6214979,Basal,0
M3_CAAGGACTTCCGAA_Club,-0.09601248,7.089312,Club,10
M3_CAAGTCGAGTGCAT_Basal,-0.7827283,-5.594321,Basal,1
M3_CAATAAACCGACTA_Basal,-3.520148,-5.4100256,Basal,5
M3_CAATAATGCGACTA_Basal,-2.677009,-4.439092,Basal,5
M3_CAATAATGTTAGGC_Club,-1.2896345,3.8799095,Club,14
M3_CAATAATGTTCAGG_Club,-0.58401775,5.8051043,Club,10
M3_CAATATGAATCTCT_Ciliated,-2.8200142,14.935955,Ciliated,9
M3_CAATATGATTCCCG_Basal,-3.4670715,-5.573513,Basal,5
M3_CAATCTACCTGGTA_Ciliated,-2.255333,13.047465,Ciliated,22
M3_CAATCTACTCGCTC_Club,-0.356996,4.478736,Club,14
M3_CAATGGACAGTCGT_Ciliated,-2.2775393,15.276488,Ciliated,9
M3_CAATTCTGGTCACA_Basal,0.5905996,-5.6362176,Basal,7
M3_CAATTCTGTCATTC_Basal,-3.7505455,-5.4944406,Basal,5
M3_CAATTCTGTTTGTC_Basal,0.2500114,-2.9983685,Basal,0
M3_CACACCTGCGATAC_Club,-0.8644326,3.7937837,Club,6
M3_CACACCTGTCAAGC_Club,1.1369942,3.0289733,Club,6
M3_CACAGAACTGATGC_Basal,-0.88540804,-1.2793088,Basal,2
M3_CACAGATGATCTTC_Basal,-2.0230813,-1.951877,Basal,2
M3_CACAGATGTTTCTG_Basal,-0.7576033,-5.6227455,Basal,1
M3_CACAGTGAAAGTAG_Club,1.0930078,4.478475,Club,6
M3_CACAGTGATCGTAG_Basal,-1.5458523,-4.671565,Basal,5
M3_CACATACTCTAGCA_Club,-0.7805775,6.3114576,Club,10
M3_CACATGGAAATCGC_Club,-0.5906467,5.3970585,Club,14
M3_CACATGGAGGAAGC_Basal,-3.6755984,-3.9033346,Basal,5
M3_CACCACTGGGAACG_Basal,0.5128856,-3.4432228,Basal,1
M3_CACCACTGTCGCTC_Basal,-3.1523309,-3.378501,Basal,5
M3_CACCACTGTTGTCT_Basal,-1.4740545,-4.487578,Basal,4
M3_CACCCATGCTGAGT_Basal,-3.2632315,-5.529508,Basal,5
M3_CACCCATGTACAGC_Basal,0.89776844,-5.674486,Basal,1
M3_CACCGGGAACGGAG_Basal,-0.6262516,-5.975665,Basal,7
M3_CACCGGGAAGAACA_Basal,-2.941771,-4.5690813,Basal,5
M3_CACCGTACCTTATC_Basal,1.7462324,-1.9245219,Basal,0
M3_CACCGTACTATGCG_Basal,-3.6115286,-4.2130957,Basal,5
M3_CACCGTTGGATGAA_Basal,0.27014345,-4.771628,Basal,1
M3_CACCGTTGGTAAGA_Basal,0.6161038,-4.142387,Basal,1
M3_CACCGTTGTCAGAC_Club,1.1985855,3.229332,Club,6
M3_CACCTGACAAACAG_Basal,-2.6217196,-5.199463,Basal,5
M3_CACGACCTTCCAGA_Basal,-2.7383614,-4.7988415,Basal,5
M3_CACGCTACCCACAA_Club,-0.54962796,6.4871697,Club,172
M3_CACGGGTGCCGATA_Ciliated,-2.50118,15.387045,Ciliated,9
M3_CACTAACTCATCAG_Club,0.92160344,4.6550565,Club,6
M3_CACTAGGAGATGAA_Basal,-3.6299613,-2.0153491,Basal,5
M3_CACTAGGATCAGTG_Basal,0.80510485,-6.142342,Basal,16
M3_CACTCCGAAACCAC_Basal,1.698637,-1.7274128,Basal,13
M3_CACTCCGAGTCACA_Basal,-1.0062324,-4.311039,Basal,1
M3_CACTCTCTCCTCAC_Club,-0.42239544,6.2297335,Club,10
M3_CACTCTCTTCTCTA_Basal,-1.284148,-8.244966,Basal,16
M3_CACTGAGACTAAGC_Basal,-3.070303,-4.918178,Basal,5
M3_CACTGCACCCAATG_Basal,-2.8838384,-3.0929222,Basal,5
M3_CACTGCACGTTCTT_Basal,-1.9058237,-3.7136984,Basal,4
M3_CACTTAACGGCAAG_Basal,0.7238701,-5.273522,Basal,1
M3_CACTTATGTATCGG_Club,1.2383841,-6.1340923,Club,12
M3_CACTTTGAGAAACA_Basal,0.86657196,-1.0261048,Basal,0
M3_CACTTTGATAGACC_Basal,-3.9265544,-4.8580856,Basal,5
M3_CAGAAGCTAAACAG_Club,-1.7107838,4.9813857,Club,14
M3_CAGAAGCTCCCTTG_Basal,0.56240916,-6.2887006,Basal,16
M3_CAGACATGGTGTCA_Basal,-0.07695768,-4.1663475,Basal,4
M3_CAGACCCTGGAACG_Ciliated,-2.9344878,15.343104,Ciliated,9
M3_CAGACCCTTAGACC_Basal,-1.2652128,-4.0092897,Basal,4
M3_CAGACTGAGCATCA_Club,-0.50844175,4.8537655,Club,14
M3_CAGACTGAGGTTTG_Basal,-3.2428803,-4.806598,Basal,5
M3_CAGACTGAGTGTCA_Basal,-0.9148114,-5.3934937,Basal,4
M3_CAGACTGATATCTC_Neuroendocrine,13.613807,-6.196947,Neuroendocrine,19
M3_CAGACTGATCGTAG_Basal,-2.450768,-3.6630623,Basal,4
M3_CAGACTGATGAACC_Basal,-0.2594818,-8.588515,Basal,16
M3_CAGAGGGAAATCGC_Basal,1.0727006,-0.9860041,Basal,0
M3_CAGAGGGACCGCTT_Club,-1.6665126,3.9982417,Club,14
M3_CAGAGGGATTCGCC_Club,-0.04196704,3.5006511,Club,26
M3_CAGATCGATTGACG_Ciliated,-1.6440144,15.208012,Ciliated,9
M3_CAGCACCTTTTGGG_Basal,-1.2453716,-3.5621138,Basal,4
M3_CAGCATGACAGGAG_Basal,-1.8383424,-5.409453,Basal,7
M3_CAGCATGACCTATT_Ciliated,-2.2774773,13.091511,Ciliated,22
M3_CAGCCTACACCTCC_Basal,-1.5012172,-6.4300866,Basal,7
M3_CAGCCTTGGCTTAG_Basal,0.13303292,-1.3826562,Basal,4
M3_CAGCGGACACCAGT_Basal,0.03397241,-2.361902,Basal,4
M3_CAGCGGACACGGGA_Basal,-0.6282047,-6.494866,Basal,7
M3_CAGCGGACGGTGGA_Club,-1.027186,5.134095,Club,14
M3_CAGCGTCTTCTGGA_Club,-0.9367419,4.567005,Club,6
M3_CAGCGTCTTCTTCA_Basal,0.64664626,-4.0684476,Basal,4
M3_CAGCTAGACGGTAT_Ciliated,-2.242134,15.50969,Ciliated,9
M3_CAGCTCTGGGTATC_Basal,-2.6886108,-4.672733,Basal,7
M3_CAGCTCTGTGTCGA_Club,0.9932583,3.0477698,Club,6
M3_CAGGAACTGTATGC_Basal,-3.9471347,-4.131648,Basal,5
M3_CAGGAACTTGCATG_Basal,-1.4129757,-6.378183,Basal,7
M3_CAGGCCGAAAGCAA_Club,-3.0480764,-0.92488086,Club,5
M3_CAGGCCGAGGATTC_Basal,-3.2158632,-4.881788,Basal,5
M3_CAGGCCGATCCGTC_Basal,0.026143529,-0.9339039,Basal,2
M3_CAGGGCACACACCA_Club,-0.84254676,5.074302,Club,14
M3_CAGGGCACATTTCC_Basal,-2.4172862,-3.6645377,Basal,5
M3_CAGGTAACACGACT_Basal,-3.361797,-5.4937363,Basal,5
M3_CAGGTATGGTCGTA_Basal,1.1731999,-2.861186,Basal,1
M3_CAGGTTGAGGTTTG_Basal,-3.4033554,-4.497928,Basal,4
M3_CAGTCAGACTTGCC_Basal,0.117450394,-4.4669795,Basal,173
M3_CAGTCAGAGAAAGT_Tuft,17.08936,9.023569,Tuft,17
M3_CAGTCAGAGGTCAT_Ciliated,-1.3945909,15.19292,Ciliated,9
M3_CAGTGATGGAGCTT_Ciliated,0.056949697,5.2165637,Ciliated,22
M3_CAGTGTGAAACGTC_Basal,-2.5350504,-3.6844058,Basal,5
M3_CAGTGTGAAGAGTA_Club,-1.9706433,5.055264,Club,14
M3_CAGTGTGAGCATCA_Club,0.13876499,3.0260057,Club,6
M3_CAGTTACTAATGCC_Ciliated,-2.840657,14.9025755,Ciliated,9
M3_CAGTTACTGTTTCT_Basal,-2.9022932,-4.4413915,Basal,5
M3_CAGTTTACAGCGTT_Basal,-2.5219834,-3.3119853,Basal,2
M3_CAGTTTACGTCAAC_Club,-0.37315312,7.0233026,Club,10
M3_CAGTTTACTGTCTT_Neuroendocrine,13.593066,-6.126839,Neuroendocrine,19
M3_CATAAAACAATGCC_Club,0.0064666667,5.8991637,Club,10
M3_CATAAAACGGTAAA_Basal,0.69134724,-1.6443472,Basal,0
M3_CATAAAACTATGGC_Basal,-1.4977155,-6.324331,Basal,7
M3_CATAACCTACTGGT_Basal,-3.934829,-4.793749,Basal,5
M3_CATACTACATGACC_Basal,-0.4824288,-4.6013517,Basal,1
M3_CATACTACCACACA_Basal,0.2625227,-4.684251,Basal,0
M3_CATACTACGTTACG_Club,-2.0264306,4.4123363,Club,14
M3_CATACTTGCAACCA_Basal,-2.9120984,-3.8456805,Basal,5
M3_CATATAGAACTCAG_Basal,-1.2465162,-3.2734907,Basal,4
M3_CATCAACTACTCTT_Basal,-3.0004473,-4.030064,Basal,5
M3_CATCAACTCTGAAC_Club,-1.6560204,5.13687,Club,14
M3_CATCAGGACATACG_Club,1.4057949,5.317762,Club,10
M3_CATCATACCGTTAG_Basal,-0.4193284,-6.064516,Basal,1
M3_CATCATACGAACTC_Ciliated,-3.0720928,15.213663,Ciliated,9
M3_CATCCCGACGTAAC_Basal,0.5655133,-6.8106666,Basal,16
M3_CATCGGCTCCATAG_Basal,-2.7797737,-2.7531486,Basal,2
M3_CATCTCCTAAGCCT_Tuft,-1.96735,3.4450417,Tuft,18
M3_CATCTCCTACACCA_Basal,0.6073315,-4.840919,Basal,0
M3_CATCTCCTGAAGGC_Basal,-1.7427247,-4.071844,Basal,4
M3_CATCTCCTGATAAG_Goblet,-1.9415531,3.2781749,Goblet,18
M3_CATCTCCTTTCTGT_Basal,-0.5030287,-5.9304423,Basal,1
M3_CATCTTGAGTTGAC_Basal,-3.337024,-2.6619844,Basal,5
M3_CATCTTGATTGAGC_Basal,-3.2684069,-5.4539127,Basal,59
M3_CATGAGACGCTAAC_Basal,1.7969697,-1.7828755,Basal,0
M3_CATGCCACCGAACT_Basal,-3.175121,-5.9756093,Basal,7
M3_CATGCCACGCTTAG_Basal,-2.4512663,-3.3685524,Basal,174
M3_CATGCCACGTGTTG_Basal,-0.16698505,-7.0011306,Basal,16
M3_CATGCGCTACCGAT_Basal,-2.3800313,-4.9375625,Basal,5
M3_CATGCGCTATCGAC_Basal,-0.05588008,-6.213007,Basal,1
M3_CATGCGCTCGTCTC_Basal,-2.8870146,-5.056613,Basal,5
M3_CATGCGCTGAATAG_Basal,-1.7076973,-6.2335963,Basal,7
M3_CATGCGCTTCGATG_Basal,0.1506566,-6.3854795,Basal,16
M3_CATGGATGAGAGGC_Ciliated,-2.2629273,12.95376,Ciliated,22
M3_CATGGATGGTAGCT_Basal,-1.8951166,-3.301047,Basal,1
M3_CATGGATGGTCGTA_Basal,-1.0124856,-4.6281652,Basal,1
M3_CATGGATGTCCCGT_Basal,-3.4594104,-4.325064,Basal,2
M3_CATGTTTGGCGAGA_Basal,-2.0955565,-4.6358967,Basal,7
M3_CATGTTTGTCCCGT_Ciliated,-2.5518546,15.640317,Ciliated,9
M3_CATTACACCAATCG_Basal,2.044443,-1.3494791,Basal,0
M3_CATTACACTGGTGT_Basal,-3.0790336,-5.027251,Basal,5
M3_CATTCCCTCAAAGA_Basal,-1.7693734,-5.446434,Basal,7
M3_CATTGACTCTGGTA_Basal,-0.92767245,-7.3328624,Basal,16
M3_CATTGACTTAACCG_Club,-1.4422444,4.2533226,Club,14
M3_CATTGGGAGGTCTA_Basal,0.89254236,-5.853881,Basal,1
M3_CATTGTTGACCACA_Basal,-0.21046343,-3.3028433,Basal,4
M3_CATTGTTGGGCAAG_Basal,-1.5726842,-4.8396015,Basal,7
M3_CATTTCGAACGACT_Basal,-0.5309624,-3.3683884,Basal,1
M3_CATTTCGACAGAAA_Basal,0.03558763,-0.74309254,Basal,2
M3_CATTTCGACCCGTT_Basal,-3.7411423,-5.341546,Basal,5
M3_CATTTCGAGCGTTA_Basal,-1.3496621,-3.977007,Basal,1
M3_CATTTCGAGTAAAG_Basal,-0.4828582,-3.1946807,Basal,4
M3_CATTTCGAGTTCAG_Club,-1.9203472,4.1494036,Club,14
M3_CATTTGACACACGT_Tuft,-2.0663292,-3.333887,Tuft,4
M3_CATTTGTGAGCGGA_Basal,-1.4863015,-5.4160366,Basal,7
M3_CCAAAGTGGCGAAG_Club,-1.2856864,0.39256924,Club,2
M3_CCAAGAACCAAGCT_Basal,-2.8537233,-3.793926,Basal,5
M3_CCAAGAACGGTAGG_Club,-0.128485,5.408466,Club,10
M3_CCAAGATGTGAACC_Basal,1.377637,-5.6769567,Basal,1
M3_CCAAGTGAACGCTA_Basal,-2.4258075,-4.4597116,Basal,5
M3_CCAATTTGAGCGGA_Club,-0.16103189,6.5750594,Club,10
M3_CCACCATGACAGCT_Basal,-3.2759545,-3.8992946,Basal,5
M3_CCACTGACTGGATC_Basal,-3.7874813,-4.485232,Basal,5
M3_CCACTGTGGCTGTA_Club,-0.80479175,5.7611036,Club,10
M3_CCACTTCTCATTGG_Club,-0.9861758,5.341226,Club,14
M3_CCACTTCTGTTCTT_Ciliated,-2.8129008,15.069095,Ciliated,9
M3_CCAGAAACACACTG_Basal,-0.27151644,-4.76431,Basal,54
M3_CCAGAAACCATGCA_Basal,1.4169809,-0.5325142,Basal,0
M3_CCAGAAACTATCTC_Goblet,-2.8821793,2.8426473,Goblet,18
M3_CCAGACCTCCGTTC_Club,-1.0920104,5.839405,Club,10
M3_CCAGATGAAGATCC_Basal,-0.24468535,-2.9396129,Basal,1
M3_CCAGATGACGAACT_Club,-0.6759724,5.335081,Club,14
M3_CCAGATGAGGGTGA_Neuroendocrine,-3.7737637,-2.9774947,Neuroendocrine,5
M3_CCAGATGATGCAGT_Ciliated,-3.142026,15.031505,Ciliated,9
M3_CCAGCGGAGGAACG_Ciliated,-2.5959315,15.740306,Ciliated,9
M3_CCAGCTACCCTCAC_Basal,-2.193258,-5.5901036,Basal,7
M3_CCAGCTACTTCTCA_Ciliated,-2.586601,15.125504,Ciliated,9
M3_CCAGTCACGGCGAA_Basal,-3.6379213,-4.532508,Basal,5
M3_CCAGTCTGCACACA_Club,-0.9097982,0.8715306,Club,2
M3_CCAGTGCTAGGTCT_Basal,1.3948103,-1.8440003,Basal,4
M3_CCAGTGCTCCCTAC_Basal,-0.7432119,-4.0664926,Basal,175
M3_CCATAGGAATTTCC_Basal,-2.9912684,-5.726053,Basal,5
M3_CCATAGGATCGTAG_Basal,-3.7634552,-1.3775581,Basal,5
M3_CCATATACTTCATC_Basal,2.1412134,-1.9118022,Basal,176
M3_CCATCCGAACGCAT_Basal,-3.7675376,-4.125686,Basal,5
M3_CCATCCGAAGGGTG_Basal,0.8050875,-4.5420194,Basal,1
M3_CCATCCGATCTAGG_Goblet,-2.008918,3.1722107,Goblet,18
M3_CCATCGTGACGCAT_Basal,-3.094842,-3.7567737,Basal,5
M3_CCATGCTGTCCCAC_Basal,-3.2720952,-3.7636619,Basal,5
M3_CCATTAACAGAGGC_Basal,-0.31454256,-6.53496,Basal,7
M3_CCATTAACCAGATC_Basal,-3.1304696,-2.6324363,Basal,5
M3_CCATTAACCTTACT_Club,-0.37774876,6.3386316,Club,10
M3_CCCAAAGAACCTAG_Basal,0.7085938,-5.5021825,Basal,1
M3_CCCAACACGTACGT_Basal,-3.2588015,-5.9062,Basal,7
M3_CCCAACTGAAACGA_Basal,-0.3184255,-4.694884,Basal,4
M3_CCCAACTGGTTCAG_Basal,0.28482223,-4.0280704,Basal,0
M3_CCCAACTGTGTCGA_Basal,-2.7228067,-4.657667,Basal,5
M3_CCCAACTGTTACCT_Basal,-3.7173336,-3.1747913,Basal,5
M3_CCCAGACTAGTAGA_Basal,-3.1015563,-6.072359,Basal,7
M3_CCCAGACTGACTAC_Basal,-0.87948704,-5.694806,Basal,1
M3_CCCAGTTGATTCCT_Basal,0.00075478584,-5.5233364,Basal,55
M3_CCCAGTTGTGCAAC_Club,-1.6899564,4.532427,Club,14
M3_CCCATCGAATGTCG_Basal,-0.34524292,-2.2383895,Basal,4
M3_CCCATCGAGAGAGC_Club,-1.3139048,5.7906604,Club,10
M3_CCCATCGAGGAAGC_Basal,-2.2592146,-5.556844,Basal,7
M3_CCCGAACTGAATAG_Basal,-1.5646259,-5.7221074,Basal,7
M3_CCCGATTGGAGGGT_Basal,-1.0723644,-6.4203925,Basal,7
M3_CCCTACGAAGAAGT_Basal,-2.57077,-2.90357,Basal,177
M3_CCCTACGATAGAGA_Basal,-2.8760772,-5.625401,Basal,7
M3_CCCTACGATTCCGC_Club,-1.671532,4.297168,Club,14
M3_CCCTAGTGAGAACA_Basal,-3.6057227,-3.3278513,Basal,7
M3_CCCTAGTGTCTTCA_Basal,-3.510586,-5.070678,Basal,5
M3_CCCTAGTGTGAGCT_Basal,-1.7214242,-1.6154908,Basal,2
M3_CCCTCAGAGCATAC_Club,-1.0392964,5.4279137,Club,13
M3_CCCTCAGATTTCTG_Ciliated,-1.7065485,15.11196,Ciliated,9
M3_CCCTGATGGAGAGC_Basal,0.82151043,-6.5746984,Basal,16
M3_CCCTTACTGACAAA_Club,-0.24624753,6.9667115,Club,10
M3_CCCTTACTTGACCA_Club,-0.531128,4.546589,Club,14
M3_CCGAAAACGTCTGA_Ciliated,-2.7176118,15.562488,Ciliated,9
M3_CCGACACTACCGAT_Basal,2.2046826,-4.1102486,Basal,1
M3_CCGACACTTGACCA_Club,0.36887452,4.678106,Club,6
M3_CCGATAGATAACCG_Basal,-1.107233,-8.6442995,Basal,16
M3_CCGCTATGGGTAAA_Club,2.2054675,-4.2013083,Club,1
M3_CCGGAGACTTCTGT_Basal,-3.0472057,-3.3142781,Basal,5
M3_CCGGAGTGCATACG_Club,-1.834261,4.199278,Club,14
M3_CCGGAGTGCCTTCG_Basal,-3.498906,-4.0610304,Basal,5
M3_CCGGTACTAGCGTT_Basal,-1.6449717,-5.8937206,Basal,7
M3_CCGGTACTTCCAGA_Basal,-2.2202892,-5.731794,Basal,7
M3_CCGTAAGATGGATC_Ciliated,-1.2588769,15.369345,Ciliated,9
M3_CCGTAAGATTCCCG_Club,-3.848149,-1.7310064,Club,5
M3_CCGTACACCCAACA_Club,-0.8637305,6.2651916,Club,10
M3_CCGTACACCGTACA_Basal,-2.499022,-2.536928,Basal,2
M3_CCGTACACTCCCAC_Club,0.25013646,5.2091646,Club,6
M3_CCGTACACTTGGCA_Club,-0.01544439,6.19334,Club,10
M3_CCTAAACTAAAAGC_Basal,-1.0575606,-3.0611105,Basal,56
M3_CCTAAACTAACGGG_Basal,0.38631994,-1.5271083,Basal,0
M3_CCTAAACTAGTCGT_Club,-1.3232491,1.7728994,Club,2
M3_CCTAAACTCTGGTA_Basal,-2.2100966,-3.925564,Basal,5
M3_CCTAAACTGGAGGT_Basal,-0.9325501,-6.3260326,Basal,7
M3_CCTAAACTGTTCAG_Club,-1.8106045,4.7079606,Club,14
M3_CCTAAACTTAGCCA_Goblet,-2.2596593,3.0743937,Goblet,18
M3_CCTAAGGAAGATCC_Basal,-1.0579467,-6.3040204,Basal,7
M3_CCTACCGAATCGAC_Basal,-1.878282,-3.267741,Basal,5
M3_CCTACCGATGCCTC_Club,-0.8961029,4.662764,Club,14
M3_CCTATAACCTCGCT_Basal,-3.0258627,-5.1467505,Basal,5
M3_CCTATAACTCGCAA_Club,-3.794476,-1.3629179,Club,5
M3_CCTATTGAACCTAG_Basal,-1.4007711,-5.6466045,Basal,7
M3_CCTATTGAGTCGTA_Basal,-0.77544177,-3.7026958,Basal,4
M3_CCTATTGATTTCAC_Basal,-3.7287762,-5.4919243,Basal,5
M3_CCTCGAACCGAACT_Basal,-3.8472893,-3.536144,Basal,5
M3_CCTCTACTTGCCAA_Basal,-0.54798794,-5.5832453,Basal,1
M3_CCTGACTGACCTAG_Basal,-1.0711684,-6.4355564,Basal,7
M3_CCTGACTGGGATTC_Basal,-1.7772992,-4.95763,Basal,5
M3_CCTGACTGTCGATG_Basal,-3.4623017,-5.091004,Basal,5
M3_CCTTAATGCAAAGA_Club,-1.7928848,4.705784,Club,14
M3_CCTTAATGTGGAAA_Basal,-1.4858894,-1.100311,Basal,2
M3_CCTTCACTAGTGCT_Basal,-3.5927992,-5.53005,Basal,16
M3_CCTTCACTCTAGAC_Club,-1.7414365,5.0211477,Club,14
M3_CCTTTAGAAGACTC_Basal,-0.7384083,-6.273812,Basal,7
M3_CGAACATGGATACC_Ciliated,-2.8746655,15.3077965,Ciliated,178
M3_CGAAGACTACGTAC_Basal,-3.6048107,-4.5021667,Basal,5
M3_CGAAGACTGTTTGG_Basal,-3.6239424,-5.1126795,Basal,5
M3_CGAAGACTTGCTCC_Basal,-1.6112658,-5.6246023,Basal,7
M3_CGAAGGGATGTGCA_Basal,-3.2853627,-3.084691,Basal,7
M3_CGAATCGACGCAAT_Club,0.22204563,5.5348277,Club,10
M3_CGAATCGACTCTTA_Basal,0.81884825,-4.5322742,Basal,1
M3_CGACAAACATCGGT_Basal,0.65820783,-4.240021,Basal,4
M3_CGACCACTCACCAA_Basal,-1.3991052,-5.0452204,Basal,1
M3_CGACCACTCGCTAA_Basal,0.05441898,-3.8149238,Basal,4
M3_CGACCACTCTATGG_Basal,0.25937483,-4.297406,Basal,179
M3_CGACCACTGTAAAG_Basal,1.8467028,-0.52827734,Basal,0
M3_CGACCGGAACCCAA_Basal,-2.6826606,-5.1889014,Basal,5
M3_CGACCTTGTGCTGA_Club,0.7415131,6.176067,Club,10
M3_CGACGTCTGCTAAC_Club,-1.9034531,3.9893792,Club,14
M3_CGACTCACAACCAC_Basal,-2.4865294,-4.694644,Basal,5
M3_CGACTGCTGCATAC_Basal,-0.11049678,-2.5689025,Basal,4
M3_CGAGAACTCATTCT_Basal,-3.8725648,-2.0425205,Basal,5
M3_CGAGAACTGTAGGG_Club,-1.9747084,4.680762,Club,14
M3_CGAGATTGCTGGTA_Ciliated,-2.6409142,14.979932,Ciliated,9
M3_CGAGATTGGGGACA_Basal,0.38597533,-3.751555,Basal,1
M3_CGAGCCGACGGAGA_Basal,-3.082986,-3.257641,Basal,5
M3_CGAGCGTGCGTACA_Basal,-2.289412,-3.913241,Basal,4
M3_CGAGCGTGCTCATT_Club,-0.41404906,4.9788723,Club,6
M3_CGAGGAGAAGCAAA_Club,-0.33946568,6.947504,Club,10
M3_CGAGGAGATGGAGG_Club,-1.4247923,5.128122,Club,14
M3_CGAGGCACTTCTGT_Basal,-2.210627,-5.585802,Basal,5
M3_CGAGGCTGACCTCC_Basal,0.46635586,-4.8044405,Basal,1
M3_CGAGGCTGCTACCC_Basal,-1.9073648,-5.3243937,Basal,7
M3_CGAGGGCTCTGTGA_Basal,-2.054392,-5.6499248,Basal,5
M3_CGAGTATGTACTGG_Basal,-3.6338189,-5.3184156,Basal,5
M3_CGATACGAACCGAT_Basal,-0.10993411,-6.0601134,Basal,1
M3_CGATACGACACTAG_Basal,-3.3842165,-4.172072,Basal,5
M3_CGATACGACGCAAT_Basal,1.0982715,-2.7282586,Basal,0
M3_CGATCAGAACAGCT_Basal,-4.014601,-3.1759634,Basal,5
M3_CGATCAGACCAACA_Basal,-2.4574592,-6.552338,Basal,16
M3_CGATCAGACCTAAG_Club,-0.4271728,5.1859894,Club,14
M3_CGATCAGAGTCATG_Club,0.2955969,5.3643556,Club,10
M3_CGATCCACGTAAGA_Basal,-1.2156006,-1.9093422,Basal,2
M3_CGATCCACGTAGGG_Basal,-0.3393546,-5.142517,Basal,1
M3_CGCAAATGGGAACG_Club,-1.8474398,4.861909,Club,14
M3_CGCACGGACATACG_Basal,-0.5383211,-3.9300995,Basal,4
M3_CGCACTTGCTATTC_Club,-0.371753,4.2937746,Club,14
M3_CGCAGGACTTTCGT_Club,-0.28005022,6.022256,Club,10
M3_CGCAGGTGAAAGCA_Club,-0.16920006,4.9684916,Club,6
M3_CGCATAGAACGTAC_Basal,-4.017044,-3.3366463,Basal,5
M3_CGCATAGACTGCAA_Basal,-0.1438445,-3.4522204,Basal,4
M3_CGCATAGATCCTTA_Club,-0.9384778,4.955505,Club,14
M3_CGCCATACACCACA_Basal,-1.7969173,-5.3400207,Basal,7
M3_CGCCGAGACAACCA_Club,-1.9059458,4.510316,Club,14
M3_CGCCGAGAGACTAC_Basal,-2.6137679,-5.4195585,Basal,5
M3_CGCCTAACAAGAAC_Basal,-3.9609425,-3.4480124,Basal,5
M3_CGCCTAACATGGTC_Club,-1.5300732,5.321975,Club,10
M3_CGCCTAACTGCTTT_Basal,-0.89632547,-5.8804574,Basal,1
M3_CGCGAGACACTCTT_Basal,-3.5928268,-5.5777183,Basal,5
M3_CGCGAGACCTACTT_Club,-2.0474029,4.6204677,Club,14
M3_CGCGATCTCACTCC_Basal,-2.532654,-1.9887606,Basal,2
M3_CGCGATCTGAGGCA_Basal,-1.2814769,-8.269315,Basal,16
M3_CGCGGATGGGTCAT_Basal,-1.9132613,-3.8933752,Basal,4
M3_CGCTACACCTCTTA_Basal,-3.8353236,-2.3757746,Basal,5
M3_CGCTACTGGGGATG_Basal,0.10492946,-4.308874,Basal,1
M3_CGCTCATGCTCTTA_Basal,-0.15213563,-5.037009,Basal,1
M3_CGCTCATGTCCTCG_Basal,1.145711,-5.366194,Basal,49
M3_CGGAATTGAAGAAC_Tuft,-1.2569529,5.16894,Tuft,31
M3_CGGAATTGATGTCG_Basal,-2.05657,-5.702894,Basal,5
M3_CGGAGGCTGGTACT_Basal,-0.34294608,-4.0071797,Basal,4
M3_CGGATAACTTCCGC_Basal,0.63690245,-1.752671,Basal,1
M3_CGGATATGATGCTG_Basal,-2.7048638,-4.541432,Basal,4
M3_CGGATATGTCCGTC_Club,-1.3073038,4.6036434,Club,14
M3_CGGCATCTACTAGC_Basal,-3.9959488,-4.3088193,Basal,5
M3_CGGCATCTCTCGAA_Basal,-0.11191294,-2.025075,Basal,0
M3_CGGCCAGATACTCT_Ciliated,-2.7307005,15.73153,Ciliated,180
M3_CGGCGATGACGTAC_Club,-0.13101023,6.0161123,Club,10
M3_CGGCGATGCTCCCA_Basal,-2.8611574,-1.4878082,Basal,2
M3_CGGCGATGTTTGCT_Basal,0.037247866,-2.362083,Basal,0
M3_CGGGACTGGGAAGC_Basal,-3.0251493,-5.8637276,Basal,7
M3_CGGTAAACAAGATG_Basal,-2.2024972,-2.115882,Basal,4
M3_CGGTACCTCCACAA_Club,-0.9142538,4.9934134,Club,14
M3_CGGTCACTTTTCTG_Basal,-2.621347,-3.3332052,Basal,5
M3_CGTACAGACGCTAA_Club,-1.8488506,-4.9643593,Club,7
M3_CGTACAGATGTCCC_Club,-0.6546802,3.1978354,Club,6
M3_CGTAGCCTACCACA_Basal,-0.6852443,-5.1911907,Basal,1
M3_CGTAGCCTGGGACA_Tuft,-0.15266335,-6.1455874,Tuft,1
M3_CGTCAAGACGTAAC_Basal,-3.7850633,-3.365513,Basal,5
M3_CGTCCAACCTTATC_Basal,-0.7279064,-5.6987977,Basal,1
M3_CGTCGACTCGAATC_Tuft,-3.47647,-4.3598156,Tuft,5
M3_CGTGAAACTGACTG_Basal,1.4892448,-5.174726,Basal,1
M3_CGTGAATGGAGACG_Basal,-0.36968586,-6.325522,Basal,1
M3_CGTGAATGTAGACC_Basal,-4.0529633,-3.063105,Basal,5
M3_CGTGATGATCCTCG_Basal,-0.6202107,-5.7680526,Basal,1
M3_CGTGTAGAGTTGAC_Basal,-3.2730403,-2.7394986,Basal,5
M3_CGTGTAGATGAACC_Basal,-1.8153824,-6.1358533,Basal,7
M3_CGTTAACTCTAGCA_Basal,0.09042172,-6.1313143,Basal,1
M3_CGTTAGGAGCCTTC_Basal,-0.4119655,-4.068003,Basal,4
M3_CGTTATACGAGGAC_Basal,0.5575289,-5.772472,Basal,1
M3_CGTTTAACCTGTTT_Basal,-0.85462135,-2.8155138,Basal,4
M3_CTAAACCTTTGCGA_Basal,0.25133115,-4.083901,Basal,1
M3_CTAACACTGGCATT_Basal,-4.018081,-2.5154967,Basal,5
M3_CTAACACTTCTCTA_Club,0.06244527,6.2307005,Club,10
M3_CTAACACTTGAGCT_Basal,-0.27977487,-4.316853,Basal,4
M3_CTAACTACAGAGAT_Basal,-0.68741727,-7.891586,Basal,16
M3_CTAACTACTCTACT_Basal,-3.995599,-3.98175,Basal,5
M3_CTAAGGACCGTTGA_Basal,-0.75938636,-5.3826404,Basal,1
M3_CTAAGGTGACGCAT_Basal,-3.246394,-5.436497,Basal,5
M3_CTAAGGTGGTACAC_Club,-1.9469551,5.10549,Club,14
M3_CTAATAGAACGTAC_Goblet,-1.919934,3.3012946,Goblet,18
M3_CTAATAGAGAATGA_Basal,2.1773448,-3.0484908,Basal,0
M3_CTAATGCTCTAGAC_Basal,0.7383779,-6.3207445,Basal,16
M3_CTACGCACGGAGCA_Basal,2.10585,-2.5032058,Basal,0
M3_CTACGGCTTTCATC_Basal,-3.4616325,-5.1692433,Basal,5
M3_CTACTATGCCAATG_Basal,0.77592176,-3.9242003,Basal,4
M3_CTACTATGCGCTAA_Basal,-1.4766719,-6.2623773,Basal,7
M3_CTACTCCTAGTGTC_Basal,1.6352638,-0.56737113,Basal,0
M3_CTACTCCTTGTCTT_Ciliated,-2.8621576,15.392658,Ciliated,9
M3_CTAGAGACAGATCC_Basal,-1.3299758,-3.591127,Basal,63
M3_CTAGATCTGACGAG_Basal,1.086027,-5.2000623,Basal,1
M3_CTAGTTACAAACGA_Basal,-3.4238532,-5.849418,Basal,57
M3_CTAGTTACATCGAC_Basal,-1.7754499,-3.4704552,Basal,4
M3_CTAGTTTGGGTCAT_Basal,-0.7475059,-6.186929,Basal,7
M3_CTATAGCTCCCTCA_Basal,-3.5853314,-2.3969877,Basal,5
M3_CTATAGCTTCTAGG_Basal,1.6032892,-0.7281635,Basal,181
M3_CTATAGCTTTCCCG_Club,-1.5943656,4.512284,Club,14
M3_CTATCATGCGTTAG_Ciliated,-2.6861176,15.718135,Ciliated,9
M3_CTATCCCTTAGAGA_Basal,-0.6309956,-6.511355,Basal,7
M3_CTATCCCTTTTCGT_Basal,-2.1307147,-4.979682,Basal,5
M3_CTATGACTAGCAAA_Ciliated,-1.5750325,15.118131,Ciliated,9
M3_CTATGACTCACTGA_Basal,-0.26891592,-6.387876,Basal,7
M3_CTATGTTGCCGTTC_Goblet,-1.9848521,3.4061606,Goblet,18
M3_CTATTGACGCTGTA_Club,-0.2686621,6.9304957,Club,10
M3_CTATTGTGTGACAC_Basal,-1.4229035,-6.48033,Basal,7
M3_CTCAATTGTGTTTC_Basal,0.056440987,-3.2181048,Basal,1
M3_CTCAGCACACTAGC_Basal,-2.1700177,-4.761966,Basal,7
M3_CTCAGGCTGCAGAG_Basal,-3.097849,-3.8317215,Basal,5
M3_CTCAGGCTTCTCGC_Basal,2.3250387,-2.994597,Basal,13
M3_CTCATTGACAATCG_Basal,2.3672798,-2.7211118,Basal,0
M3_CTCATTGACCTTCG_Club,-0.08318741,6.2792616,Club,10
M3_CTCCACGAGGAAAT_Basal,-1.7867197,-3.2974076,Basal,4
M3_CTCCATCTAGCGTT_Ciliated,-2.863798,14.866146,Ciliated,9
M3_CTCCATCTCGGAGA_Basal,-1.1329178,-6.5193915,Basal,7
M3_CTCCATCTCTGGTA_Basal,1.4702424,-4.6420755,Basal,1
M3_CTCCGAACAGTAGA_Club,-0.7494915,4.920188,Club,14
M3_CTCCGAACTCCAAG_Ciliated,-2.7086523,15.44991,Ciliated,9
M3_CTCCTACTACTGTG_Basal,-1.2313393,-8.377201,Basal,16
M3_CTCGAAGACTTAGG_Basal,1.5013051,-3.9956086,Basal,1
M3_CTCGAAGAGATAGA_Basal,-3.8185792,-4.3010077,Basal,5
M3_CTCGAAGATGCCCT_Basal,-1.1355089,-8.247965,Basal,16
M3_CTCGACTGGCTTCC_Club,-0.95091265,4.6725593,Club,58
M3_CTCGACTGTTCTAC_Basal,-2.1201684,-0.7370325,Basal,2
M3_CTCTAAACGTACGT_Basal,-0.28122684,-5.7274475,Basal,4
M3_CTCTAATGCTCAAG_Club,0.7483157,3.3515553,Club,6
M3_CTGAAGTGGGTTTG_Basal,-0.7321075,-6.0978527,Basal,7
M3_CTGAAGTGTACGCA_Club,-1.0895636,3.7534676,Club,14
M3_CTGAAGTGTCTTTG_Basal,0.5750996,-6.7948766,Basal,16
M3_CTGAATCTGCGTAT_Basal,1.0017705,-2.2136614,Basal,16
M3_CTGACAGAAGCCAT_Basal,0.7679043,-1.6266632,Basal,0
M3_CTGACAGACCATGA_Basal,-2.8503256,-4.7312155,Basal,182
M3_CTGACCACACCGAT_Basal,-3.7534456,-4.9486794,Basal,5
M3_CTGACCACCTTGAG_Club,-0.782081,5.4294205,Club,14
M3_CTGACCACTGGTTG_Basal,0.0742148,-4.510663,Basal,4
M3_CTGAGCCTTTGCAG_Goblet,-2.0028849,3.0443013,Goblet,18
M3_CTGATACTTCCTGC_Basal,-0.94136053,-3.605799,Basal,2
M3_CTGATGGAGCCAAT_Basal,-3.5089765,-3.9749942,Basal,5
M3_CTGATTTGGGTACT_Basal,-1.4026259,-5.655663,Basal,7
M3_CTGCAGCTGTTCTT_Basal,1.0400319,-3.6496353,Basal,1
M3_CTGCCAACGCTGTA_Basal,-2.576013,-4.215387,Basal,5
M3_CTGCCAACTCCGAA_Basal,-3.5453546,-3.9900007,Basal,5
M3_CTGGATGATGGTCA_Basal,0.78357935,-3.6850982,Basal,1
M3_CTGTAACTGCTGTA_Club,-0.27145094,6.8540473,Club,10
M3_CTGTATACACGTTG_Club,1.5274299,3.9465911,Club,6
M3_CTGTATACTTTCTG_Ciliated,-1.353238,15.430974,Ciliated,9
M3_CTGTGAGAAAGTAG_Goblet,-2.0281034,3.1327963,Goblet,18
M3_CTGTGAGAACGTAC_Basal,-2.8066814,-6.062021,Basal,7
M3_CTTAAAGACTGTTT_Basal,-1.8274443,-4.8445516,Basal,4
M3_CTTAAGCTAAACGA_Club,-1.4383198,5.1703787,Club,14
M3_CTTAAGCTATCGAC_Basal,-3.8755767,-5.394585,Basal,5
M3_CTTACAACCGCAAT_Club,-0.55326754,5.297945,Club,14
M3_CTTACAACGGATTC_Basal,-0.669325,-5.512071,Basal,1
M3_CTTACATGAGATCC_Basal,1.8253711,-2.5588896,Basal,0
M3_CTTACATGTTTCTG_Basal,-2.0822341,-2.7068157,Basal,2
M3_CTTACTGACTGAAC_Club,0.17185463,5.9719415,Club,10
M3_CTTACTGAGGTCAT_Basal,0.42190593,-4.9293165,Basal,1
M3_CTTCACCTCTTACT_Basal,-1.2225468,-4.3672357,Basal,4
M3_CTTGAGGAAGTTCG_Basal,-1.660275,-5.384736,Basal,7
M3_CTTGATTGGTTAGC_Basal,-2.3936381,-5.406623,Basal,5
M3_CTTGATTGTGCAAC_Basal,-1.8946294,-4.6806426,Basal,4
M3_CTTGTATGTGCTCC_Basal,-2.137299,-4.15179,Basal,5
M3_CTTGTATGTTGACG_Club,-1.5476257,4.5294995,Club,14
M3_CTTTACGATGTGAC_Basal,-0.5787745,-3.1958244,Basal,4
M3_CTTTAGACTCTCGC_Basal,-1.3600968,-6.770546,Basal,7
M3_CTTTAGTGTTCCGC_Basal,-3.9229777,-5.0842204,Basal,5
M3_CTTTGATGTCAGGT_Basal,-2.048655,-4.4739733,Basal,5
M3_GAAACAGAAAAGCA_Basal,0.75910723,-6.498613,Basal,16
M3_GAAACAGAATTCGG_Basal,-4.0164113,-2.1444466,Basal,5
M3_GAAAGATGAAGGGC_Club,0.2157379,5.9514246,Club,10
M3_GAAAGATGTTGTCT_Basal,-3.624935,-3.837579,Basal,5
M3_GAAAGCCTGTGCTA_Basal,-1.6347365,-5.2289505,Basal,7
M3_GAACCTGATACTTC_Club,-0.22520839,6.6501884,Club,10
M3_GAACGGGACTGTAG_Basal,-3.8265014,-5.406411,Basal,5
M3_GAACGGGAGAGGTG_Basal,1.1010818,-3.3496025,Basal,1
M3_GAACGGGATCTCCG_Basal,-0.822385,-5.685189,Basal,1
M3_GAACGGGATGGGAG_Club,1.5278919,4.9884562,Club,10
M3_GAACGTTGGGTGGA_Basal,0.4023075,-4.7929263,Basal,1
M3_GAACGTTGTTGAGC_Basal,2.5237987,-3.15201,Basal,0
M3_GAACTGTGAAGAGT_Basal,-1.1372736,-5.078727,Basal,1
M3_GAAGAATGAGATCC_Basal,-2.1075559,-3.8460326,Basal,4
M3_GAAGAATGCTAGAC_Basal,-0.44646907,-3.3779085,Basal,1
M3_GAAGCTTGAGAAGT_Club,1.265653,5.3444257,Club,10
M3_GAAGCTTGAGATGA_Basal,1.5704678,0.13720359,Basal,0
M3_GAAGGGTGGAGATA_Ciliated,-3.080717,15.116021,Ciliated,9
M3_GAAGGTCTGCATCA_Club,-0.27578858,4.8013487,Club,6
M3_GAAGGTCTTATCGG_Basal,-0.67792904,-6.4140086,Basal,7
M3_GAAGTCACGGTAAA_Basal,-0.8953557,-5.171254,Basal,1
M3_GAAGTCACTCAGTG_Ciliated,-1.5117345,15.203494,Ciliated,9
M3_GAAGTCTGTTAGGC_Goblet,-2.7691314,2.9015331,Goblet,18
M3_GAAGTGCTAAAGCA_Ciliated,-2.901861,14.8982725,Ciliated,9
M3_GAATGCACCTCATT_Basal,-1.7011863,-1.6692317,Basal,183
M3_GAATGCACTGAAGA_Club,-0.6193612,5.0541787,Club,6
M3_GAATGCTGACAGCT_Basal,-1.0720493,-6.269792,Basal,7
M3_GAATGGCTGTATGC_Club,-0.0018136827,6.2666,Club,10
M3_GAATTAACTAGCGT_Basal,-1.4319565,-5.380329,Basal,7
M3_GACACTGACTCTCG_Tuft,0.40036958,-2.4576218,Tuft,1
M3_GACACTGATGCATG_Basal,-1.239324,-6.2382913,Basal,7
M3_GACACTGATGGAGG_Basal,1.9270923,-4.560903,Basal,1
M3_GACAGGGACCTTGC_Basal,-0.7213109,-6.4082403,Basal,7
M3_GACAGGGACTGTAG_Basal,-0.606014,-5.4037504,Basal,1
M3_GACAGTACGCTGAT_Basal,-1.189536,-8.161549,Basal,16
M3_GACAGTACTCTGGA_Basal,-0.90845495,-6.413418,Basal,7
M3_GACCAAACTGCATG_Basal,-2.5975192,-5.9319925,Basal,7
M3_GACCATGAAAGTAG_Basal,-1.4613291,-5.5259194,Basal,7
M3_GACCATGAACCTTT_Tuft,2.120046,-1.2438741,Tuft,1
M3_GACCATGAAGCGGA_Basal,-1.3883833,-3.608416,Basal,2
M3_GACCATGATAAGCC_Club,0.022229787,6.0854583,Club,10
M3_GACCTAGAACCAGT_Basal,-2.7704768,-4.5062246,Basal,5
M3_GACCTAGAAGCGTT_Club,-0.68153524,5.2265635,Club,14
M3_GACCTAGACCTCAC_Basal,-2.2999945,-5.241326,Basal,5
M3_GACCTCACAGCAAA_Basal,-2.5756826,-4.0300965,Basal,5
M3_GACCTCACTAGAGA_Basal,-2.3150122,-3.4584656,Basal,5
M3_GACCTCACTGACTG_Basal,-3.9038618,-4.902438,Basal,5
M3_GACCTCTGAGCTAC_Basal,-2.3987885,-5.3270617,Basal,1
M3_GACGAACTCATGCA_Basal,-3.645459,-3.0772915,Basal,5
M3_GACGAACTTAACCG_Club,-0.5334315,5.058906,Club,6
M3_GACGAACTTGAGCT_Basal,-1.9327347,-1.7924788,Basal,184
M3_GACGCCGACCTCCA_Basal,2.0071468,-1.3938377,Basal,0
M3_GACGCCGATTAGGC_Basal,-3.0698159,-5.9569707,Basal,7
M3_GACGCTCTCTATGG_Club,0.114735425,4.050517,Club,6
M3_GACGGCACATGCTG_Basal,-0.7754386,-8.688356,Basal,16
M3_GACGTAACATACCG_Basal,-3.5021152,-4.8592987,Basal,5
M3_GACGTAACTGCTTT_Basal,0.57782507,-3.4213407,Basal,1
M3_GACGTATGGCATAC_Tuft,1.4458909,-0.88952315,Tuft,185
M3_GACGTATGTCCCAC_Basal,1.7356299,-2.8313994,Basal,0
M3_GACGTCCTATCTCT_Basal,1.4422582,-0.47320697,Basal,0
M3_GACGTCCTCCTGTC_Basal,-2.66793,-5.324878,Basal,5
M3_GACGTCCTTAGTCG_Basal,0.15905504,-2.0209823,Basal,0
M3_GACTACGACAGTTG_Club,-0.38110688,6.318165,Club,10
M3_GACTACGACGGAGA_Basal,-1.5095845,-5.195336,Basal,7
M3_GACTGAACAAAACG_Basal,-1.6131197,-0.037678447,Basal,2
M3_GACTGAACCTAGCA_Club,-3.8526764,-1.9096432,Club,5
M3_GACTGATGTTGGCA_Basal,0.7288567,-5.0957494,Basal,186
M3_GACTTTACCGCCTT_Basal,-1.1894864,-2.8922548,Basal,2
M3_GACTTTACTAAAGG_Club,-1.1437405,4.4949756,Club,14
M3_GAGAGGTGATCTTC_Basal,0.719588,-4.1808205,Basal,0
M3_GAGAGGTGGGGCAA_Basal,-0.42568746,-5.375752,Basal,1
M3_GAGATGCTAAGAGT_Basal,-1.8772951,-4.3638783,Basal,4
M3_GAGCAACTCGTCTC_Basal,-1.7805661,-6.168532,Basal,7
M3_GAGCATACCTCCAC_Basal,0.32587186,-3.8030603,Basal,1
M3_GAGCGGCTAAGGTA_Club,-0.9780094,6.0947533,Club,10
M3_GAGCGGCTACAGTC_Basal,-2.6562347,-4.5408545,Basal,5
M3_GAGCTCCTCCTCAC_Ciliated,-2.3138673,15.006237,Ciliated,9
M3_GAGCTCCTCTCGAA_Ciliated,-2.3402884,15.319271,Ciliated,9
M3_GAGGACGAATGACC_Goblet,-2.6551008,2.9667563,Goblet,18
M3_GAGGACGAGGACTT_Basal,0.56491464,-6.802155,Basal,16
M3_GAGGACGAGGATTC_Basal,-0.59945333,-4.7495084,Basal,4
M3_GAGGCAGAGAATGA_Basal,-3.1176028,-5.4383955,Basal,5
M3_GAGGCCACCAGAAA_Club,1.4684458,-5.772568,Club,12
M3_GAGGGTGACTCTTA_Basal,-3.7603486,-1.9975674,Basal,5
M3_GAGGTACTATAAGG_Basal,-2.8606005,-4.86187,Basal,5
M3_GAGGTGGAGAATGA_Club,-0.66147536,3.548931,Club,6
M3_GAGGTGGAGCTGAT_Basal,-2.8899539,-5.3160267,Basal,5
M3_GAGGTGGAGTACAC_Ciliated,-1.4115838,15.23614,Ciliated,187
M3_GAGGTTACCGCATA_Basal,-2.5473328,-4.3336673,Basal,5
M3_GAGTAAGAATACCG_Club,0.1764568,7.459967,Club,10
M3_GAGTAAGACTAGAC_Basal,-3.4420707,-5.2342796,Basal,5
M3_GAGTAAGAGAACCT_Basal,-1.4193019,-2.5721657,Basal,188
M3_GAGTAAGAGTCTAG_Basal,-3.8580327,-4.948783,Basal,5
M3_GAGTACACGGTAGG_Club,-1.612264,5.022114,Club,14
M3_GAGTACTGATACCG_Basal,-3.938036,-3.3255043,Basal,5
M3_GAGTACTGGAGAGC_Basal,-0.94207966,-5.5337462,Basal,1
M3_GAGTCTGATCGATG_Basal,-0.15399589,-5.990863,Basal,7
M3_GAGTCTGATTTCTG_Basal,0.7878492,-3.2719026,Basal,1
M3_GAGTGACTAAGAAC_Basal,0.53478086,-4.5777016,Basal,1
M3_GAGTTGTGGAATGA_Basal,-1.8711649,-5.4478946,Basal,7
M3_GAGTTGTGTGTGAC_Club,-0.13748576,6.1514935,Club,10
M3_GATAAGGAAAGCAA_Ciliated,-2.7126012,14.839638,Ciliated,9
M3_GATACTCTCTGGAT_Ionocyte,-3.571349,-3.543966,Ionocyte,5
M3_GATAGCACCGCATA_Basal,-3.6958477,-4.7154737,Basal,189
M3_GATATATGCTCGCT_Basal,-1.2842356,-4.380827,Basal,4
M3_GATATATGTCAGAC_Goblet,-1.8607354,2.664679,Goblet,18
M3_GATATTGAGTATGC_Basal,-1.0660198,-5.966983,Basal,7
M3_GATCATCTAGGTCT_Basal,2.2026505,-2.822817,Basal,190
M3_GATCATCTCATGGT_Neuroendocrine,-2.167606,-5.2247214,Neuroendocrine,5
M3_GATCATCTTAGTCG_Basal,-0.67435163,-5.918631,Basal,1
M3_GATCGAACCCTTGC_Club,1.0858529,3.9699664,Club,6
M3_GATCGAACCGGTAT_Basal,-3.5074506,-5.4042816,Basal,5
M3_GATCGAACGTCAAC_Basal,0.38600078,-4.3420043,Basal,1
M3_GATCGATGGGAGCA_Club,1.134889,2.9082043,Club,6
M3_GATCGTGAGCCCTT_Basal,-1.9448808,-6.247686,Basal,7
M3_GATCGTGAGTCTGA_Club,0.8889731,4.82649,Club,6
M3_GATCTACTACACAC_Basal,-1.1607422,-6.407002,Basal,7
M3_GATCTACTCATGCA_Club,-1.8826525,5.030479,Club,14
M3_GATCTTACTTTCGT_Basal,-1.3884664,-3.3598073,Basal,4
M3_GATCTTTGCCCACT_Basal,-2.358619,-6.0458784,Basal,191
M3_GATGCAACAGCAAA_Basal,0.8240688,-2.2365987,Basal,0
M3_GATGCAACGGGCAA_Basal,-0.75867707,-2.7028787,Basal,4
M3_GATGCATGCCTTGC_Club,-0.7586967,4.887636,Club,14
M3_GATTACCTTGAAGA_Club,-1.6542976,4.503803,Club,14
M3_GATTCGGACTCAAG_Basal,-0.7302451,-5.1153946,Basal,7
M3_GATTCGGACTTACT_Basal,-0.32740837,-1.9602909,Basal,4
M3_GATTGGACGTTCGA_Ciliated,-2.3522992,15.546666,Ciliated,9
M3_GATTGGTGACGCAT_Basal,-1.2554587,-2.251705,Basal,4
M3_GATTGGTGGACAGG_Club,-1.3517898,-4.926165,Club,192
M3_GATTTAGACACTAG_Club,-0.89006156,6.1253777,Club,10
M3_GATTTAGACTCGAA_Club,-0.64201534,4.9556594,Club,14
M3_GATTTAGACTTGAG_Basal,-3.7312856,-5.649523,Basal,57
M3_GATTTAGATAGCCA_Basal,-3.3329418,-3.5304048,Basal,5
M3_GCAACCCTGCGTTA_Club,-0.42445013,6.364398,Club,10
M3_GCAACTGAATTGGC_Basal,-3.4769053,-5.1862564,Basal,5
M3_GCAACTGATTCTTG_Club,1.0437084,2.5898423,Club,13
M3_GCAAGACTCCCACT_Basal,-3.3839107,-3.5536897,Basal,34
M3_GCAATCGACCTTCG_Basal,2.0403426,-3.0403857,Basal,0
M3_GCAATTCTTGGCAT_Basal,1.8036453,-0.68923277,Basal,0
M3_GCAATTCTTTCGTT_Basal,-3.2567031,-5.3454313,Basal,5
M3_GCACAAACCCAAGT_Basal,-1.3407867,-5.174725,Basal,1
M3_GCACAATGAGCGTT_Basal,-2.1416535,-5.466308,Basal,1
M3_GCACAATGCCATGA_Club,0.872259,3.145436,Club,6
M3_GCACAATGGGCATT_Club,-0.29218066,6.1081696,Club,13
M3_GCACACCTATACCG_Basal,1.3721875,-5.1603427,Basal,1
M3_GCACACCTCCCTAC_Club,-1.778475,4.1253557,Club,14
M3_GCACCACTCCGAAT_Club,-0.30133006,7.085658,Club,10
M3_GCACCTACCCGTAA_Basal,-3.7394645,-5.0783105,Basal,5
M3_GCACCTACTCTTTG_Basal,-2.3931308,-4.146941,Basal,4
M3_GCACCTTGGCTAAC_Basal,0.21523225,-3.03403,Basal,1
M3_GCACCTTGTCCTTA_Basal,-3.487115,-5.448557,Basal,5
M3_GCACCTTGTTCGCC_Basal,-2.6102252,-6.5565376,Basal,16
M3_GCACGGACCTATTC_Basal,-0.928094,-5.038217,Basal,7
M3_GCACGGACTGAGGG_Ciliated,-2.6822653,14.9771595,Ciliated,9
M3_GCACGTCTGTAAAG_Club,-1.5146666,5.168501,Club,14
M3_GCACTAGAAAGCAA_Basal,-0.6600628,-3.5438256,Basal,1
M3_GCACTAGACAAGCT_Basal,-2.3516674,-5.052063,Basal,5
M3_GCACTGCTAGGTTC_Basal,-0.99162287,-4.9438505,Basal,1
M3_GCAGATACCCTCCA_Basal,-3.0352678,-3.8630934,Basal,5
M3_GCAGATACGCTTCC_Club,-0.5899158,4.8112245,Club,14
M3_GCAGCCGAGTATGC_Basal,-3.9833007,-1.8760037,Basal,5
M3_GCAGCCGAGTTCAG_Basal,-3.7913134,-4.7358565,Basal,5
M3_GCAGCCGATGTTTC_Basal,-1.3708036,-6.2793083,Basal,7
M3_GCAGCGTGGATACC_Basal,0.5766373,-6.668878,Basal,16
M3_GCAGGCACCTCAGA_Basal,-2.2495828,-2.4182863,Basal,2
M3_GCAGGCACTGAGGG_Basal,-1.4558653,-0.468709,Basal,2
M3_GCAGGGCTAAGGCG_Club,0.43212453,6.2032943,Club,10
M3_GCAGGGCTACACAC_Basal,-3.9005198,-4.1369953,Basal,5
M3_GCAGGGCTACGTAC_Club,-1.7937603,4.837713,Club,14
M3_GCAGTTGACAATCG_Club,-0.9708714,4.697284,Club,58
M3_GCAGTTGATCCCGT_Neuroendocrine,-3.4788008,-1.5396986,Neuroendocrine,5
M3_GCATGATGACGGTT_Basal,-2.5628824,-5.2910867,Basal,5
M3_GCATGATGGCTACA_Club,-2.0280948,4.29909,Club,14
M3_GCATTGGACCTTTA_Basal,-2.6315866,-5.539353,Basal,7
M3_GCATTGGAGAGCAG_Basal,-1.0483708,-5.337253,Basal,1
M3_GCATTGGAGGTACT_Basal,-0.39224347,-5.9154735,Basal,7
M3_GCATTGGAGTCTGA_Basal,-1.6434186,-3.9619558,Basal,4
M3_GCCAAAACATCACG_Basal,-1.4082414,-6.627457,Basal,7
M3_GCCAACCTACCTGA_Basal,-3.2684488,-4.074176,Basal,5
M3_GCCAACCTGGACAG_Basal,-2.584823,-4.4140353,Basal,5
M3_GCCAACCTTGTCGA_Basal,-2.6476777,-1.4806259,Basal,2
M3_GCCACGGAGGGACA_Club,-1.8027027,-4.591889,Club,7
M3_GCCACTACACGTAC_Basal,-0.09411912,-4.5472,Basal,4
M3_GCCATCACGAACCT_Goblet,-0.7445135,5.708519,Goblet,10
M3_GCCATGCTGGGTGA_Ciliated,-1.3929929,15.333645,Ciliated,9
M3_GCCCAGGAACGTTG_Basal,0.15009148,-4.2663503,Basal,1
M3_GCCCAGGACACTTT_Basal,-2.8093119,-4.83896,Basal,5
M3_GCCCAGGAGACAAA_Basal,-3.4384801,-3.7101278,Basal,5
M3_GCCGACGAATTCTC_Basal,0.63340926,-5.7985144,Basal,1
M3_GCCGACGAGCCCTT_Club,-0.84311616,5.9715314,Club,10
M3_GCCGGAACTGGTCA_Basal,-2.6029816,-6.0733895,Basal,5
M3_GCCTACACAGCCAT_Basal,-2.8035789,-4.5627728,Basal,5
M3_GCCTAGCTACACGT_Basal,-3.8893275,-3.4799538,Basal,5
M3_GCCTGACTGTACCA_Goblet,-2.5718644,2.9931736,Goblet,18
M3_GCCTGACTTACGCA_Basal,-0.0017891035,-5.4775467,Basal,53
M3_GCCTGACTTTTCAC_Basal,-3.6953871,-3.1113794,Basal,5
M3_GCGAAGGAACGGGA_Club,-0.9853404,4.738575,Club,14
M3_GCGAAGGAAGAGAT_Basal,-3.8353992,-5.0019293,Basal,5
M3_GCGAAGGAGGGATG_Basal,-0.2192273,-2.584739,Basal,36
M3_GCGAAGGATCCAGA_Basal,0.7639138,-4.0608773,Basal,0
M3_GCGAAGGATCTCGC_Basal,-3.4540644,-5.64933,Basal,5
M3_GCGAAGGATGTGAC_Basal,-1.1858224,-4.416244,Basal,4
M3_GCGACTCTATTCCT_Basal,0.47626698,-0.77625746,Basal,0
M3_GCGACTCTCTCTCG_Basal,-0.2701831,-5.571149,Basal,1
M3_GCGACTCTTCTAGG_Basal,-1.4739232,-6.392559,Basal,7
M3_GCGAGAGAAGCCTA_Club,-1.3298994,1.5801637,Club,2
M3_GCGAGCACTGGAGG_Basal,-1.8336033,-6.286706,Basal,7
M3_GCGCACGATAAGGA_Basal,1.9566857,0.17537086,Basal,0
M3_GCGCATCTCAGAGG_Club,0.97737056,3.574075,Club,24
M3_GCGCGAACTCGACA_Basal,-1.0721772,-4.913091,Basal,1
M3_GCGCGATGATCGGT_Club,-1.7127335,4.191002,Club,14
M3_GCGCGATGCCAGTA_Basal,-0.3211523,-3.8807743,Basal,1
M3_GCGGACTGGTCTGA_Ciliated,-2.6887076,14.937879,Ciliated,9
M3_GCGGAGCTGCTCCT_Basal,-0.36993283,-4.2318397,Basal,1
M3_GCGGCAACTCCTCG_Basal,1.1063836,-0.9727799,Basal,0
M3_GCGGGACTCTTGAG_Basal,-2.4498434,-4.4073,Basal,5
M3_GCGTAAACGCGATT_Basal,-0.45935646,-5.0993342,Basal,1
M3_GCGTAAACGTTCAG_Basal,-0.12882458,-3.0915449,Basal,4
M3_GCGTAATGCGTTAG_Club,-0.91122633,6.0778317,Club,10
M3_GCGTACCTCGGAGA_Basal,-3.238351,-5.6881824,Basal,5
M3_GCGTACCTGGATTC_Basal,0.7906828,-3.892791,Basal,1
M3_GCGTACCTGGCGAA_Club,0.68402016,5.7474403,Club,10
M3_GCGTACCTGGTTAC_Basal,-0.52953124,-2.8750823,Basal,1
M3_GCGTACCTGTACAC_Basal,-2.0785084,-4.7933564,Basal,193
M3_GCGTATGACTGCTC_Club,0.97696817,2.872878,Club,6
M3_GCGTATGATTGCTT_Club,1.177414,4.1661,Club,194
M3_GCTACAGACGTGAT_Basal,-3.078236,-4.986858,Basal,5
M3_GCTACAGACTATTC_Club,-1.9611048,4.315969,Club,14
M3_GCTAGAACGAGCTT_Basal,-2.818995,-5.16501,Basal,5
M3_GCTAGATGGAGAGC_Basal,1.4469601,-4.9696527,Basal,1
M3_GCTAGATGGGTACT_Club,-1.8668255,4.6625295,Club,14
M3_GCTAGATGGTAAAG_Basal,-3.6455805,-2.906163,Basal,5
M3_GCTATACTATCAGC_Basal,-0.119983725,-1.9928051,Basal,4
M3_GCTCAAGAACCAAC_Basal,-1.3968267,-3.5355694,Basal,4
M3_GCTCACTGCGTGTA_Basal,-1.6017936,-4.0708504,Basal,5
M3_GCTCCATGAGGGTG_Club,-2.0681686,5.004425,Club,14
M3_GCTCCATGGTCTGA_Club,-1.8398635,4.9694333,Club,14
M3_GCTCGACTACGACT_Basal,-2.6624558,-3.7966688,Basal,5
M3_GCTCGACTCTGCAA_Basal,-0.5428645,-1.2677776,Basal,2
M3_GCTGATGAGTTCGA_Basal,1.0732644,-4.1453533,Basal,0
M3_GCTTAACTTTTACC_Basal,0.5516243,-4.14641,Basal,195
M3_GGAACTTGCAAGCT_Basal,-2.5082724,-5.4034076,Basal,196
M3_GGAAGGACCAGTTG_Basal,-3.0534015,-2.9730387,Basal,5
M3_GGAAGGACGTACAC_Club,-0.1427475,5.429561,Club,10
M3_GGAAGGTGACACTG_Club,-0.88146955,0.97095454,Club,2
M3_GGAAGGTGGGGACA_Basal,-3.011294,-5.0909185,Basal,5
M3_GGAATCTGAAGGGC_Basal,-3.8335843,-3.7071898,Basal,5
M3_GGACAGGACGACAT_Neuroendocrine,-0.20617533,-3.9411945,Neuroendocrine,4
M3_GGACAGGATTCCAT_Club,-3.5888531,-1.7065444,Club,5
M3_GGACATTGTCCCGT_Basal,-3.0244303,-4.329374,Basal,2
M3_GGACATTGTTTGTC_Neuroendocrine,-2.060277,4.163557,Neuroendocrine,5
M3_GGACCCGACTGAGT_Goblet,-2.8459086,2.874638,Goblet,18
M3_GGACCCGAGAGATA_Club,-0.89161426,4.2899194,Club,14
M3_GGACCGTGACGTTG_Basal,-2.793046,-3.2257357,Basal,2
M3_GGACCTCTACAGCT_Club,-1.4400046,4.0589256,Club,14
M3_GGACCTCTCCGTTC_Basal,1.4108876,-5.4760723,Basal,1
M3_GGACGAGACACTCC_Basal,0.56238353,-4.370181,Basal,1
M3_GGACGAGATGAAGA_Basal,-1.1861656,-6.373686,Basal,7
M3_GGACGAGATTGTCT_Ciliated,-2.435404,15.340261,Ciliated,9
M3_GGACGCTGCTCTTA_Club,-1.5012159,5.1767864,Club,14
M3_GGAGCCACAAGAAC_Basal,-0.6711336,-5.658106,Basal,1
M3_GGAGCCACCTGCAA_Club,-0.3884363,6.8040485,Club,10
M3_GGAGCCACTTCTTG_Club,-0.033172537,2.7389958,Club,6
M3_GGAGGATGAGCACT_Basal,-0.19308503,-4.9227333,Basal,1
M3_GGAGGATGTCTCTA_Basal,-1.5357503,-5.911187,Basal,7
M3_GGAGGCCTCCCACT_Basal,-2.3116984,-4.9334884,Basal,5
M3_GGAGGTGACGAACT_Club,-1.5007879,-5.652076,Club,7
M3_GGAGGTGAGGTGGA_Basal,-2.5212862,-3.5358944,Basal,4
M3_GGAGGTGAGTACCA_Club,-2.1209197,4.658273,Club,14
M3_GGAGGTGATACTGG_Basal,-1.8569105,-4.7120733,Basal,7
M3_GGAGTTACCTATTC_Basal,-1.523165,-1.4927217,Basal,2
M3_GGAGTTACCTTCGC_Club,1.6157176,3.8041954,Club,6
M3_GGATAGCTAAAGTG_Club,-1.9693544,4.6483817,Club,14
M3_GGATAGCTGCTTCC_Basal,-2.7525074,-6.041752,Basal,5
M3_GGATGTACTATGGC_Basal,-0.35731083,-3.203377,Basal,2
M3_GGATTGTGACGCAT_Club,-1.4696691,5.576768,Club,10
M3_GGATTGTGAGAAGT_Basal,-0.30846015,-5.59814,Basal,1
M3_GGATTGTGCTCCAC_Basal,-1.1775961,-6.476911,Basal,7
M3_GGATTGTGGCTATG_Club,-0.5086988,3.662456,Club,197
M3_GGCAAGGAAAAGTG_Basal,2.2437444,-3.5788147,Basal,1
M3_GGCAATACTGTAGC_Basal,-1.1376982,-8.398401,Basal,16
M3_GGCACTCTCTGATG_Club,-1.9582679,4.774543,Club,5
M3_GGCACTCTGACACT_Club,1.045194,5.909859,Club,10
M3_GGCCACGAGGAGTG_Club,-0.09552519,6.323394,Club,10
M3_GGCCACGAGGTGAG_Basal,1.9255319,-1.1957858,Basal,0
M3_GGCCAGACAAGGTA_Basal,0.26011533,0.001835029,Basal,0
M3_GGCCAGACCGAACT_Basal,-1.0023241,-4.0555463,Basal,4
M3_GGCCCAGATGCTCC_Basal,-1.5091972,-3.5582585,Basal,198
M3_GGCCGAACAAGGTA_Basal,-0.9170467,-2.280253,Basal,4
M3_GGCCGAACCATACG_Basal,-1.1658503,-4.7192187,Basal,4
M3_GGCCGAACCTCCAC_Basal,-3.2214649,-5.5569468,Basal,5
M3_GGCCGATGTACGCA_Basal,2.4307795,-1.2059847,Basal,32
M3_GGCGGACTCTATTC_Basal,0.56879133,-6.5390353,Basal,16
M3_GGCGGACTGGACTT_Club,-0.91758424,3.8866067,Club,14
M3_GGCTAAACGCTAAC_Ciliated,-2.6551144,14.935876,Ciliated,9
M3_GGCTAAACTCCAGA_Basal,-2.6547637,-3.7143111,Basal,5
M3_GGCTACCTCACTCC_Basal,-2.1893678,-5.614307,Basal,5
M3_GGCTACCTGATGAA_Basal,-1.3941737,-6.601291,Basal,7
M3_GGCTCACTCAGTCA_Basal,0.064422965,-3.29213,Basal,1
M3_GGGAACGAAGAGTA_Club,-1.4086035,1.2431512,Club,2
M3_GGGAACGAGTGAGG_Tuft,-0.094942056,-2.064208,Tuft,4
M3_GGGAAGACGCCTTC_Basal,-0.89219993,-4.082165,Basal,4
M3_GGGAAGTGAGTGTC_Basal,1.794015,-4.151212,Basal,1
M3_GGGAAGTGGCTGAT_Basal,-3.6946485,-5.354575,Basal,5
M3_GGGACCACCCGATA_Club,0.038723625,6.2031903,Club,199
M3_GGGACCACTAGAAG_Club,-1.8168061,4.6638036,Club,14
M3_GGGATGGAACCTTT_Basal,-2.3286207,-5.5341463,Basal,7
M3_GGGATGGACAGCTA_Basal,-2.2742033,-5.781545,Basal,7
M3_GGGATGGAGCTAAC_Basal,-0.664478,-2.9224288,Basal,200
M3_GGGATTACTCGCCT_Basal,-2.335446,-1.9600773,Basal,2
M3_GGGCAAGAATTCTC_Club,0.739972,5.88155,Club,10
M3_GGGCAAGAGTGTAC_Basal,-1.110216,-1.9798985,Basal,64
M3_GGGCACACATTGGC_Basal,1.3785582,-4.090911,Basal,1
M3_GGGCACACCGTAGT_Club,-0.18350114,6.8791294,Club,10
M3_GGGCACACTACAGC_Basal,-0.68983907,-5.4910183,Basal,7
M3_GGGCAGCTAGAGAT_Basal,-1.5762969,-3.518805,Basal,4
M3_GGGCCAACCATGGT_Basal,-3.5787873,-4.9268327,Basal,5
M3_GGGCCATGGGGACA_Basal,-3.6887977,-3.4659212,Basal,5
M3_GGGTAACTAAACGA_Basal,-3.369943,-5.475408,Basal,5
M3_GGGTAACTGTAGGG_Basal,-3.3796082,-3.7116225,Basal,5
M3_GGGTAACTTAGACC_Club,1.1103898,-5.183819,Club,7
M3_GGGTAACTTGACTG_Basal,-2.720525,-2.2225575,Basal,2
M3_GGGTTAACGTCGAT_Basal,-3.3168101,-5.492746,Basal,5
M3_GGGTTATGACTGGT_Basal,1.6741924,-2.2129223,Basal,0
M3_GGTAAAGACGTAAC_Basal,-3.4344897,-5.174317,Basal,5
M3_GGTACATGCATGAC_Club,-2.0049782,4.7474384,Club,14
M3_GGTACATGTGGTGT_Basal,-1.3706996,-5.8316894,Basal,7
M3_GGTACTGATAAGGA_Basal,-2.586115,-2.2575235,Basal,2
M3_GGTATCGATCAAGC_Basal,-1.7327371,-3.529072,Basal,5
M3_GGTATGACCAAGCT_Club,-0.6344595,4.8374047,Club,14
M3_GGTCAAACCTGCAA_Basal,-0.1659451,-4.1642632,Basal,1
M3_GGTCTAGAAGAACA_Basal,0.81807375,-5.807178,Basal,1
M3_GGTGATACCTGAAC_Ciliated,-2.5060992,14.992004,Ciliated,201
M3_GGTGATACGTCGTA_Basal,-3.5450292,-5.048603,Basal,5
M3_GGTGGAGAGCATCA_Club,-3.6835363,-1.6493939,Club,5
M3_GGTGGAGAGCTACA_Basal,-1.5465131,-6.311964,Basal,7
M3_GGTTTACTCCACCT_Basal,-3.7930288,-3.3352644,Basal,5
M3_GTAACGTGAATCGC_Basal,0.7211175,-6.4101844,Basal,16
M3_GTAACGTGGTGCTA_Basal,-3.975008,-2.0807889,Basal,5
M3_GTAAGCACCTCTCG_Ciliated,-1.6014837,15.819531,Ciliated,21
M3_GTAAGCACGGTTCA_Basal,-0.3340248,-5.9776616,Basal,1
M3_GTAAGCACGTCGTA_Basal,-0.95070785,-4.8297644,Basal,1
M3_GTAAGCTGCGATAC_Basal,-0.47229198,-4.572977,Basal,4
M3_GTAAGCTGTCTCCG_Basal,-3.8648996,-5.147885,Basal,5
M3_GTAATAACAAAGCA_Basal,-1.5317478,-3.9579785,Basal,202
M3_GTACCCTGATGACC_Basal,-2.945193,-4.822754,Basal,5
M3_GTACGAACAGATCC_Club,-2.0175285,4.8766007,Club,14
M3_GTACGAACTTTGCT_Basal,-3.0508428,-3.5688004,Basal,5
M3_GTACGTGACGACAT_Club,-1.9220694,4.424106,Club,14
M3_GTACGTGATACAGC_Basal,-0.011531856,-1.3630729,Basal,65
M3_GTACGTGATGTAGC_Basal,-0.4211277,-6.2121034,Basal,1
M3_GTACGTGATTGGCA_Basal,-1.8435451,-0.790642,Basal,2
M3_GTACTACTCGTTAG_Basal,-3.6925304,-4.781932,Basal,5
M3_GTACTTTGGTGAGG_Basal,-1.122296,-4.1119976,Basal,1
M3_GTAGACTGTCGCAA_Goblet,-2.876507,2.834753,Goblet,18
M3_GTAGCAACGGAAAT_Basal,0.9646873,-3.9563005,Basal,1
M3_GTAGCATGCCTCGT_Basal,-1.1952945,-8.128025,Basal,16
M3_GTAGCCCTAAAACG_Club,-1.7701868,4.739915,Club,14
M3_GTAGCCCTAGAGGC_Neuroendocrine,-2.0622678,4.323498,Neuroendocrine,5
M3_GTAGTCGAAACAGA_Basal,-2.0897565,-5.1678767,Basal,7
M3_GTAGTCGAAGGCGA_Basal,-3.3190422,-4.8455586,Basal,5
M3_GTAGTCGATGCAGT_Club,1.6193151,3.8249273,Club,6
M3_GTAGTGACAAAGTG_Club,-0.862899,5.01256,Club,14
M3_GTAGTGACGTGTAC_Basal,-0.26652703,-3.8835855,Basal,4
M3_GTATGGTGGTCATG_Basal,-1.9738168,-1.6995572,Basal,2
M3_GTATTAGACATGCA_Club,-1.8933243,4.1130276,Club,14
M3_GTATTAGATGGCAT_Basal,-3.1570323,-4.2618384,Basal,5
M3_GTATTCACGTTGCA_Club,0.19224207,3.201022,Club,6
M3_GTATTCACTACTGG_Basal,-2.1016796,-5.745546,Basal,7
M3_GTATTCACTGACAC_Basal,-2.5636926,-4.6529746,Basal,7
M3_GTATTCACTGCTAG_Goblet,-0.4363662,4.447988,Goblet,18
M3_GTCAACGATGCCAA_Club,-0.36776397,6.8429933,Club,10
M3_GTCAATCTCCGAAT_Club,-1.459144,4.1598077,Club,14
M3_GTCAATCTTGAGGG_Club,-1.6142133,4.2142906,Club,14
M3_GTCATACTCTCCAC_Basal,-2.2727842,-4.5292826,Basal,5
M3_GTCCAAGACCTATT_Basal,-2.7492552,-4.9720483,Basal,203
M3_GTCCACACGCCTTC_Club,0.86205417,3.313096,Club,6
M3_GTCCACTGAAAGTG_Basal,2.6104498,-3.0134845,Basal,0
M3_GTCCACTGCTTCTA_Basal,-0.7419084,-6.2498884,Basal,7
M3_GTCGCACTAGTAGA_Club,-2.2035444,4.6918807,Club,14
M3_GTCTAACTAGATGA_Basal,-0.40319604,-5.798406,Basal,1
M3_GTCTAGGAAAGGGC_Basal,-2.329624,-2.2151418,Basal,5
M3_GTCTAGGACTCAGA_Club,0.005374693,5.373217,Club,10
M3_GTCTAGGACTCGCT_Basal,0.2346233,-5.106873,Basal,1
M3_GTCTAGGACTGTTT_Basal,-3.3293028,-4.948096,Basal,5
M3_GTCTGAGATACAGC_Club,-1.1173255,4.6202703,Club,14
M3_GTCTGAGATTCTTG_Basal,-3.695675,-5.5133033,Basal,5
M3_GTGAACACGTTCGA_Basal,-2.9353654,-5.7493916,Basal,5
M3_GTGACAACGAAACA_Club,-0.9409995,4.78403,Club,14
M3_GTGACCCTCCTCGT_Ciliated,-2.7949305,15.165127,Ciliated,9
M3_GTGACCCTCGTGAT_Basal,0.13211007,-4.3064322,Basal,1
M3_GTGACCCTTAGACC_Club,1.3278087,3.373349,Club,6
M3_GTGACCCTTTTCTG_Club,-3.6686804,-1.4491627,Club,5
M3_GTGAGGGATCCGTC_Tuft,16.868645,8.606052,Tuft,17
M3_GTGATGACGGTAAA_Ionocyte,2.8776324,5.9440055,Ionocyte,25
M3_GTGATTCTGTACAC_Club,-0.58411443,6.28618,Club,10
M3_GTGCAAACATGACC_Club,0.029731512,5.917668,Club,10
M3_GTGCCACTAGGAGC_Neuroendocrine,13.596221,-6.128193,Neuroendocrine,19
M3_GTGCCACTGTTCGA_Basal,-1.2915359,-3.6656451,Basal,4
M3_GTGCTAGAAGAGAT_Basal,0.78315747,-0.85236543,Basal,0
M3_GTGCTAGACAACCA_Basal,-1.5121741,-6.2046814,Basal,7
M3_GTGGTAACCCGTAA_Basal,-3.4279783,-3.1446874,Basal,5
M3_GTGTACGACTACGA_Ciliated,-2.9639223,15.291576,Ciliated,9
M3_GTGTAGTGGCATAC_Basal,-2.3019297,-3.7373424,Basal,4
M3_GTGTATCTAGGTCT_Club,-0.3215521,4.553216,Club,14
M3_GTGTATCTCATGGT_Basal,-3.5177476,-3.508947,Basal,5
M3_GTGTCAGACCGAAT_Ciliated,-1.3297055,15.164749,Ciliated,9
M3_GTGTGATGGTTCAG_Basal,0.9007704,-1.960703,Basal,16
M3_GTGTGATGTAAGGA_Basal,-1.68534,-6.0905557,Basal,7
M3_GTTAAAACCATTCT_Club,-2.1684628,4.4712176,Club,14
M3_GTTAAATGCTGAAC_Basal,-2.7282674,-5.442194,Basal,5
M3_GTTAAATGTCAGAC_Basal,-0.5354462,-6.113442,Basal,7
M3_GTTACGGACCTTTA_Basal,-1.6808157,-5.0334744,Basal,7
M3_GTTACGGACGTAGT_Basal,1.9721888,-2.4590135,Basal,0
M3_GTTACGGAGTATCG_Club,-0.05374875,6.2494297,Club,10
M3_GTTACGGAGTTGAC_Club,-0.06011042,5.4860086,Club,204
M3_GTTACGGATACTCT_Club,1.9232758,3.8977673,Club,205
M3_GTTACTACGCCTTC_Basal,-0.5243888,-0.6350047,Basal,2
M3_GTTACTACTCTTCA_Tuft,-2.1915252,12.818323,Tuft,35
M3_GTTAGGTGCAGCTA_Basal,-1.5729911,-6.494793,Basal,7
M3_GTTAGGTGGACAAA_Basal,-0.4558177,-2.393856,Basal,4
M3_GTTAGTCTCTTCCG_Basal,-2.7542734,-2.7008238,Basal,206
M3_GTTAGTCTGACGGA_Basal,-0.19358647,-8.502698,Basal,16
M3_GTTATCTGCGAGAG_Club,-1.7912831,4.287257,Club,14
M3_GTTATCTGGTGAGG_Club,-0.64456093,4.6564565,Club,14
M3_GTTATCTGTCTCAT_Club,1.5692749,-5.805451,Club,12
M3_GTTATGCTGTTCGA_Basal,-3.0455155,-5.9634657,Basal,5
M3_GTTGAGTGATGTGC_Club,-1.3474041,5.245182,Club,14
M3_GTTGAGTGCTACGA_Club,1.988823,-4.9036746,Club,1
M3_GTTGATCTTCTAGG_Basal,-3.1355205,-4.434409,Basal,5
M3_GTTGTACTTGCGTA_Basal,-3.527112,-2.417005,Basal,5
M3_GTTGTACTTTACCT_Basal,-1.5977249,-4.9372206,Basal,7
M3_GTTTAAGACTCCAC_Basal,-2.1220243,-5.4062767,Basal,7
M3_TAAACAACGTACGT_Club,-1.1756591,5.194167,Club,14
M3_TAAACAACGTCTAG_Club,-1.6828985,4.2729716,Club,14
M3_TAAAGTTGCCACCT_Basal,0.54941726,-0.74351376,Basal,0
M3_TAAATGTGGAGAGC_Basal,-3.90201,-3.8654666,Basal,5
M3_TAACAATGGCTTAG_Basal,-0.7193712,-3.6914556,Basal,4
M3_TAACAATGGTAGCT_Ionocyte,-3.2627788,-5.703505,Ionocyte,7
M3_TAACATGACTCAGA_Club,-1.9895381,4.7075133,Club,14
M3_TAACCGGACCCAAA_Club,-1.251661,4.797287,Club,14
M3_TAACCGGAGATACC_Club,-1.4907837,4.029236,Club,14
M3_TAACGTCTGGTGAG_Goblet,-2.2850008,3.0390468,Goblet,18
M3_TAACTAGAATCTCT_Basal,-3.7264657,-3.2231839,Basal,5
M3_TAACTAGAGTACAC_Club,-3.3977478,-1.1542176,Club,207
M3_TAACTCACAGTCGT_Basal,-2.3829882,-6.0296125,Basal,7
M3_TAACTCACGGCAAG_Basal,-0.3507795,-5.011758,Basal,1
M3_TAACTCACTAGAAG_Basal,-3.4643006,-3.706508,Basal,5
M3_TAAGAACTCGGGAA_Basal,-3.595588,-5.180509,Basal,5
M3_TAAGAACTGATGAA_Goblet,-2.5054414,3.008749,Goblet,18
M3_TAAGAACTGGTAAA_Basal,-0.6467864,-5.3245087,Basal,1
M3_TAAGAACTGTAGGG_Basal,-3.8809557,-3.505111,Basal,5
M3_TAAGAGGATCGCTC_Club,-1.9520729,4.908353,Club,14
M3_TAAGAGGATTAGGC_Basal,-2.4815664,-0.9021854,Basal,2
M3_TAAGATACAGGAGC_Basal,-0.26708198,-5.7556057,Basal,1
M3_TAAGATACCCATAG_Basal,-3.8660095,-4.017871,Basal,5
M3_TAAGATACGTATCG_Club,0.2066832,5.4633603,Club,10
M3_TAAGATACTGACTG_Goblet,-2.0455122,2.873647,Goblet,18
M3_TAAGATTGAGTACC_Club,-1.580674,4.74365,Club,14
M3_TAAGATTGGCGGAA_Basal,-1.6790593,-6.200799,Basal,7
M3_TAAGCGTGTCGATG_Basal,-0.17582826,-5.811704,Basal,1
M3_TAAGCGTGTTGTGG_Club,-3.7693388,-1.7688074,Club,5
M3_TAAGCTCTCTAGCA_Basal,-3.8344922,-3.7472563,Basal,5
M3_TAAGCTCTGGAGTG_Basal,-0.06317876,-2.6853833,Basal,36
M3_TAAGCTCTTTCATC_Basal,-3.795731,-5.114015,Basal,5
M3_TAAGGCTGAACGAA_Ciliated,-2.3408773,14.849563,Ciliated,9
M3_TAAGGGCTCTACGA_Club,-1.1328316,5.091233,Club,14
M3_TAAGGGCTTTCGTT_Neuroendocrine,-2.797111,-1.959753,Neuroendocrine,27
M3_TAAGTAACCTATGG_Basal,-3.3693414,-4.67438,Basal,5
M3_TAATCCACGTGTCA_Basal,-1.2653822,-3.4665246,Basal,208
M3_TAATCGCTCTTCCG_Club,0.246474,4.891149,Club,6
M3_TAATCGCTTGGGAG_Club,-1.060988,5.0446453,Club,14
M3_TAATCGCTTGTCCC_Club,-1.8901342,4.1073217,Club,14
M3_TAATGAACCCTTCG_Basal,-0.5881012,-6.0704627,Basal,7
M3_TACAAATGGATAGA_Club,0.19538623,5.879628,Club,10
M3_TACAAATGGTCACA_Basal,-1.5669429,-1.9632136,Basal,2
M3_TACAATGAAACGGG_Ciliated,-1.6132892,15.466092,Ciliated,9
M3_TACAATGAATGGTC_Neuroendocrine,13.636932,-6.171952,Neuroendocrine,19
M3_TACAATGATGTCCC_Ciliated,-1.4075155,15.293813,Ciliated,9
M3_TACACACTGCAGTT_Basal,0.013119992,-2.1266687,Basal,4
M3_TACACACTGTCACA_Club,-2.1791458,-4.3512383,Club,7
M3_TACATAGAGTCTTT_Club,-3.6802182,-1.6083059,Club,5
M3_TACATAGAGTTGGT_Basal,-3.5666435,-5.2702427,Basal,5
M3_TACATCACCAGGAG_Basal,-2.0330572,-5.476123,Basal,5
M3_TACATCACCCGTTC_Basal,-2.5056264,-4.4341917,Basal,5
M3_TACATCACGCTCCT_Basal,-3.4318838,-5.537173,Basal,59
M3_TACATCACTTGTGG_Club,-1.212147,5.287883,Club,14
M3_TACCATTGGGTCTA_Ciliated,-1.3431745,15.272667,Ciliated,9
M3_TACCATTGTACTCT_Basal,-1.0763476,-5.310519,Basal,1
M3_TACCGAGACTGAGT_Basal,-0.5376719,-6.447709,Basal,7
M3_TACCGAGAGCGAGA_Basal,1.4931333,-2.2980218,Basal,0
M3_TACCGCTGAAGATG_Basal,0.10833279,-5.102323,Basal,1
M3_TACCGCTGCCTAAG_Basal,2.015139,-0.5418593,Basal,0
M3_TACGACGAGTTGCA_Goblet,-1.8657124,2.7572167,Goblet,18
M3_TACGAGACACCTTT_Club,3.8439186,10.85539,Club,12
M3_TACGAGACGACGTT_Basal,-1.5856826,-5.4097,Basal,7
M3_TACGAGTGTGACCA_Basal,-0.41499797,-3.7734916,Basal,4
M3_TACGATCTCGTGTA_Club,-0.26310158,4.679011,Club,6
M3_TACGCCACCAGTTG_Basal,1.0124104,-3.5021913,Basal,1
M3_TACGCCACGTATCG_Basal,-3.14722,-5.398788,Basal,5
M3_TACGGAACTCGCAA_Basal,-3.3419735,-3.0334625,Basal,5
M3_TACGGAACTGGATC_Basal,-3.1880853,-5.688662,Basal,5
M3_TACGGCCTTTTCGT_Basal,-3.7236645,-3.0103862,Basal,5
M3_TACGTACTCATGGT_Basal,-0.12557717,-6.0235653,Basal,7
M3_TACGTACTGGACAG_Basal,1.6896203,-4.4806514,Basal,1
M3_TACGTACTTAACGC_Goblet,-1.8978102,2.7237027,Goblet,18
M3_TACGTACTTACGAC_Basal,-0.9676222,-6.396143,Basal,7
M3_TACGTTACGAGGCA_Basal,-3.972654,-4.2330627,Basal,5
M3_TACGTTACTTTACC_Basal,-1.3530252,-3.5535865,Basal,5
M3_TACTAAGACGAACT_Ciliated,-2.7822256,14.391964,Ciliated,22
M3_TACTAAGACTGAGT_Basal,-1.8896073,-6.1400886,Basal,7
M3_TACTACACAATGCC_Basal,-1.1810505,-3.9877315,Basal,4
M3_TACTACACGCTGAT_Basal,-3.9326162,-4.5126023,Basal,5
M3_TACTACTGACCAAC_Basal,-2.1815443,-1.9836898,Basal,2
M3_TACTACTGCGTCTC_Basal,-0.43167967,-4.8530335,Basal,1
M3_TACTACTGCTGTTT_Ciliated,-2.245476,12.96844,Ciliated,22
M3_TACTCCCTAAGATG_Basal,-1.8347864,-6.1003428,Basal,7
M3_TACTCCCTGCAGAG_Ciliated,-2.3255966,15.184736,Ciliated,9
M3_TACTCCCTTCGCAA_Club,-1.6546628,4.5623827,Club,14
M3_TACTCTGAAAAGCA_Basal,-1.6280408,-4.9892907,Basal,7
M3_TACTCTGAACTGTG_Basal,-3.6537468,-5.4831486,Basal,209
M3_TACTGGGAGTATCG_Basal,0.7208536,-4.886551,Basal,1
M3_TACTGGGATCAAGC_Basal,-0.45817816,-5.8566794,Basal,4
M3_TACTGGGATCTTTG_Basal,0.8282277,-6.495039,Basal,16
M3_TACTGTTGCCCAAA_Basal,0.73204976,-0.7918802,Basal,0
M3_TACTGTTGTTACCT_Basal,-1.7579805,-4.4293656,Basal,5
M3_TACTTGACACCCTC_Basal,-2.611828,-4.07887,Basal,210
M3_TACTTGACGTTGCA_Ciliated,-2.2365646,13.028654,Ciliated,22
M3_TACTTTCTTAGTCG_Basal,-1.4169888,-3.2737167,Basal,4
M3_TAGAAACTAGCTAC_Basal,-1.2413851,-6.5076895,Basal,7
M3_TAGAAACTGTCATG_Basal,-3.8087068,-3.9620948,Basal,5
M3_TAGAAACTTCATTC_Club,-1.6783326,4.6765723,Club,14
M3_TAGAATTGAACTGC_Club,-1.5746723,4.7708635,Club,14
M3_TAGAATTGCACAAC_Basal,-1.6925555,-6.42853,Basal,7
M3_TAGACGTGCCTAAG_Basal,-3.5947177,-5.7769136,Basal,211
M3_TAGACGTGTATTCC_Basal,0.056543287,-2.9089124,Basal,1
M3_TAGACGTGTCTCGC_Basal,-1.3060846,-1.5600458,Basal,2
M3_TAGAGAGAAGCCAT_Basal,-3.7716994,-5.255419,Basal,5
M3_TAGAGCACATTCCT_Club,-0.11563824,4.0615916,Club,6
M3_TAGAGCACCGTTAG_Basal,-1.2716056,-1.2951162,Basal,37
M3_TAGAGCACGGTCAT_Club,0.4352392,5.793496,Club,10
M3_TAGATCCTAGCGGA_Basal,-2.2394297,-5.46986,Basal,7
M3_TAGATCCTCATGGT_Basal,0.7375839,-5.5829406,Basal,1
M3_TAGATCCTCCTAAG_Basal,-3.7292013,-5.0528574,Basal,5
M3_TAGATCCTTTACCT_Club,1.3483696,5.2625766,Club,10
M3_TAGATTGAAAAGTG_Basal,-3.4578729,-5.557625,Basal,5
M3_TAGATTGACTGACA_Club,-1.7655513,4.7589054,Club,14
M3_TAGATTGATCAGGT_Basal,-0.87490046,-3.675745,Basal,4
M3_TAGCATCTCGGGAA_Basal,-0.29930723,-6.161815,Basal,7
M3_TAGCCCTGCTTATC_Basal,-2.090545,-5.219652,Basal,5
M3_TAGCCCTGTGACTG_Basal,-1.5146466,-4.111498,Basal,5
M3_TAGCCCTGTGTTTC_Club,-0.08551007,4.4930453,Club,6
M3_TAGCCGCTGGATTC_Basal,-2.8699872,-3.9168468,Basal,212
M3_TAGCGATGCCTTAT_Basal,-2.987415,-5.63723,Basal,5
M3_TAGCGATGTGACCA_Tuft,-2.176169,12.785255,Tuft,35
M3_TAGCTACTATCGAC_Basal,-2.341643,-5.4058723,Basal,7
M3_TAGGACTGCTTCCG_Basal,-1.0895271,-8.345472,Basal,16
M3_TAGGACTGGACGGA_Club,-2.031599,4.6282506,Club,14
M3_TAGGACTGTCTTAC_Club,1.9551357,4.29877,Club,6
M3_TAGGAGCTAGACTC_Basal,-3.0147815,-3.3261359,Basal,213
M3_TAGGAGCTCATTCT_Basal,-3.309484,-3.7743657,Basal,5
M3_TAGGCAACATTCTC_Basal,-2.6922367,-2.614415,Basal,5
M3_TAGGCAACCTCTAT_Club,0.20283481,6.9935126,Club,10
M3_TAGGCATGCGTGAT_Basal,-2.584897,-4.6511345,Basal,5
M3_TAGGCATGCTTATC_Basal,-2.0804636,-5.306605,Basal,7
M3_TAGGGACTCCTCCA_Basal,0.2363493,-1.0444064,Basal,214
M3_TAGGTGACCGTAGT_Ciliated,-2.9848254,14.638479,Ciliated,60
M3_TAGGTGACCTGTCC_Basal,-2.936822,-3.8392541,Basal,5
M3_TAGTAAACGGTCAT_Club,-1.666447,4.619489,Club,14
M3_TAGTAATGAATCGC_Basal,1.567564,-2.1887689,Basal,1
M3_TAGTAATGGTTGCA_Basal,-3.0777428,-4.391236,Basal,5
M3_TAGTATGAGAACCT_Club,-2.1133008,4.887658,Club,14
M3_TAGTCGGACCTAAG_Tuft,16.957926,8.652569,Tuft,17
M3_TAGTCGGAGAGAGC_Club,-1.959262,4.204801,Club,10
M3_TAGTCGGATGCATG_Basal,-2.1595051,-5.1408954,Basal,5
M3_TAGTGGTGCCACAA_Club,0.25247115,5.8853507,Club,10
M3_TAGTGGTGGAATGA_Ciliated,-2.2645533,15.675385,Ciliated,9
M3_TAGTGGTGGGTAGG_Basal,-0.24082705,-6.022589,Basal,7
M3_TAGTTAGATAAGGA_Basal,-2.1748857,-5.4641666,Basal,5
M3_TAGTTCACAAGGCG_Basal,-1.2273558,-6.7456584,Basal,7
M3_TATAAGTGCTTGGA_Club,-1.7206643,4.843421,Club,14
M3_TATAAGTGGGATTC_Basal,1.1881526,-4.4771442,Basal,1
M3_TATAAGTGTTGCGA_Basal,-1.9658252,-3.2339466,Basal,4
M3_TATACAGATCCCAC_Basal,-1.1078173,-4.0995054,Basal,215
M3_TATACAGATGTCAG_Club,-0.94784456,5.17557,Club,14
M3_TATACCACCATGAC_Club,2.0739884,5.4306035,Club,13
M3_TATCACTGTACTCT_Basal,1.7968129,-0.47761163,Basal,13
M3_TATCACTGTGGCAT_Basal,-2.4928367,-3.6609764,Basal,216
M3_TATCCAACCATGGT_Ciliated,-2.7100825,14.65199,Ciliated,9
M3_TATCGACTAGGGTG_Basal,-3.1973844,-5.949526,Basal,5
M3_TATCGACTTGAGCT_Basal,-1.1829133,-6.4673305,Basal,7
M3_TATCGTACTGGTTG_Basal,0.7177744,-6.654925,Basal,16
M3_TATCTGACACGGAG_Basal,-2.787119,-3.3867815,Basal,5
M3_TATCTGACGTTAGC_Club,3.7896612,10.941049,Club,12
M3_TATCTTCTTGGATC_Ciliated,-3.1834862,15.154088,Ciliated,9
M3_TATGAATGAGCACT_Ionocyte,-0.7848195,-5.3075347,Ionocyte,1
M3_TATGAATGGCAGTT_Basal,-1.2569396,-8.0397625,Basal,16
M3_TATGCGGAGAGGAC_Basal,-3.6341107,-5.263237,Basal,5
M3_TATGCGGATTACTC_Club,-1.1521213,4.8886185,Club,14
M3_TATGGGACGGTGTT_Basal,0.5894391,-6.1065254,Basal,1
M3_TATGGGACGTTGAC_Basal,-1.3445235,-6.353393,Basal,7
M3_TATGGGACTGCTTT_Basal,-1.3709433,-4.1454234,Basal,4
M3_TATGGGTGCTCAGA_Club,-0.025600646,6.184156,Club,10
M3_TATGGGTGTCTATC_Basal,-2.3030322,-1.9283397,Basal,2
M3_TATGTCACAGCTCA_Tuft,-3.7517526,-5.369089,Tuft,5
M3_TATGTCACGGATTC_Basal,1.0874889,-5.0426273,Basal,1
M3_TATGTCTGTACGAC_Basal,-2.7889519,-3.8660374,Basal,5
M3_TATGTGCTCGTAAC_Basal,-0.22376658,-2.138113,Basal,4
M3_TATTGCTGATTCCT_Basal,-0.27457574,-6.1473174,Basal,1
M3_TATTGCTGCGGAGA_Basal,-4.0480313,-2.9765322,Basal,5
M3_TATTGCTGCTTATC_Basal,0.6013325,-5.861854,Basal,1
M3_TATTTCCTTCTCTA_Ciliated,-2.566174,14.971203,Ciliated,9
M3_TCAACACTTTACCT_Basal,-1.0268891,-4.879182,Basal,4
M3_TCAAGGACCGGTAT_Basal,1.6857196,-1.044198,Basal,13
M3_TCAAGGACGATAGA_Basal,-1.1839325,-6.363375,Basal,7
M3_TCAAGTCTCGCATA_Basal,-0.1053687,-4.261939,Basal,1
M3_TCAATAGAACTAGC_Basal,-2.6138086,-4.7781644,Basal,4
M3_TCAATAGACGTTGA_Basal,-3.9654016,-2.0649796,Basal,5
M3_TCAATCACATTCGG_Basal,-3.3276615,-5.499625,Basal,5
M3_TCAATCACGACGGA_Basal,-2.5429993,-4.671237,Basal,5
M3_TCAATCACGGACAG_Basal,-1.8633118,-5.0049605,Basal,1
M3_TCACAACTGTTACG_Basal,-0.322694,-6.284883,Basal,1
M3_TCACATACGAAAGT_Club,-0.87892556,4.873975,Club,14
M3_TCACCCGACGGTAT_Basal,-1.4045069,-6.352543,Basal,7
M3_TCACCCGATTCGTT_Club,-1.915387,4.129549,Club,14
M3_TCACCGTGAAGGCG_Club,0.05997999,5.873464,Club,10
M3_TCACCTCTGTATGC_Basal,-2.5001774,-4.1821847,Basal,5
M3_TCACGAGAAGCGGA_Basal,-1.665097,-4.9562035,Basal,5
M3_TCACGAGATTTCTG_Basal,-1.621665,-5.654062,Basal,7
M3_TCAGACGATAAGGA_Basal,-1.2901647,-6.3940825,Basal,7
M3_TCAGAGACATTCCT_Basal,-1.7939328,-7.401217,Basal,16
M3_TCAGAGACCCTCCA_Goblet,-2.788552,2.914296,Goblet,18
M3_TCAGCAGACGGGAA_Basal,-3.8013291,-5.0823627,Basal,5
M3_TCAGCAGATGCAAC_Club,-0.9430827,5.064934,Club,14
M3_TCAGGATGAGCCTA_Club,4.1915674,10.521607,Club,13
M3_TCAGTACTGAAACA_Basal,-0.40963528,-6.081009,Basal,1
M3_TCAGTGGATATCTC_Club,-3.1675923,-1.1055715,Club,10
M3_TCAGTTACGAGACG_Basal,-1.8839962,-6.2502875,Basal,7
M3_TCATCAACAGAATG_Basal,1.8617024,-1.8227142,Basal,0
M3_TCATCAACCATTGG_Basal,-2.9524171,-5.4432373,Basal,5
M3_TCATCAACTATTCC_Club,0.47883415,5.7099347,Club,10
M3_TCATCCCTCAACCA_Basal,-0.37845948,-5.309528,Basal,1
M3_TCATGTACAGAATG_Basal,0.81426007,-4.0601063,Basal,1
M3_TCATGTACGTCTAG_Basal,-2.3871827,-1.9376217,Basal,2
M3_TCATGTACGTGCAT_Basal,-1.7454462,-5.844683,Basal,7
M3_TCATTGACCGAACT_Basal,0.8650702,-0.6735074,Basal,0
M3_TCATTGACCTGTAG_Club,1.2961972,4.175832,Club,6
M3_TCCACGTGAAGGTA_Basal,-3.7681456,-5.5174947,Basal,5
M3_TCCACGTGCGTACA_Basal,-2.6116576,-6.103292,Basal,7
M3_TCCACGTGTCCTGC_Basal,-3.8847468,-3.9061837,Basal,5
M3_TCCACTCTGATGAA_Basal,-3.2023582,-4.5638633,Basal,5
M3_TCCATAACACCCAA_Basal,-3.822779,-4.7446594,Basal,5
M3_TCCATAACGGAAGC_Basal,-3.9419231,-2.0735617,Basal,5
M3_TCCATCCTACCTTT_Club,1.3273982,4.0762506,Club,6
M3_TCCCACGATGAAGA_Basal,-2.7308705,-6.0363617,Basal,7
M3_TCCCAGACTCCCAC_Ciliated,-3.1394227,15.311073,Ciliated,9
M3_TCCCATCTCCTTCG_Basal,1.0003029,-1.1496321,Basal,217
M3_TCCCATCTCCTTGC_Basal,-3.6035812,-5.1209455,Basal,5
M3_TCCCGAACGGAAGC_Club,-1.1544727,3.7309678,Club,14
M3_TCCCTACTCCGTTC_Basal,-0.055874534,-6.5771556,Basal,7
M3_TCCGAAGAACCGAT_Basal,-1.4266001,-5.8373036,Basal,7
M3_TCCGAAGAGCGATT_Basal,-0.30845186,-6.7525206,Basal,16
M3_TCCGGACTACCTGA_Basal,-0.11768471,-2.052126,Basal,0
M3_TCCGGACTCCTATT_Basal,0.8503944,-5.6421156,Basal,1
M3_TCCGGACTCTAGTG_Basal,-1.0867486,-6.173124,Basal,7
M3_TCCTAAACATACCG_Basal,-0.85002035,-6.560608,Basal,7
M3_TCCTAAACCCGTTC_Basal,-2.9753015,-4.3320103,Basal,218
M3_TCCTAATGTAGCCA_Basal,-1.9251182,-3.7433493,Basal,4
M3_TCCTACCTCCTCGT_Basal,-3.0009592,-5.0717316,Basal,5
M3_TCCTACCTGCTCCT_Basal,0.66316634,-6.6518836,Basal,16
M3_TCCTATGAATCTCT_Basal,0.8032136,-2.4881337,Basal,1
M3_TCGACCTGGTTGTG_Basal,-1.4375759,-5.3730335,Basal,1
M3_TCGACGCTACACCA_Basal,-2.4545531,-5.257596,Basal,5
M3_TCGAGAACAACAGA_Club,-1.1448835,3.8016632,Club,6
M3_TCGAGCCTAAGCAA_Basal,-1.2094203,-3.5241776,Basal,4
M3_TCGAGCCTACTAGC_Basal,-3.9971638,-3.5058734,Basal,5
M3_TCGAGCCTGGATTC_Basal,0.12836653,-4.5643744,Basal,4
M3_TCGATACTGATAGA_Basal,-3.179892,-3.5920746,Basal,5
M3_TCGATACTGTTCTT_Basal,-1.1738381,-2.4421544,Basal,2
M3_TCGATACTTCGTAG_Basal,1.3814191,-4.9542255,Basal,1
M3_TCGCAAGATTCGTT_Ciliated,-1.590237,15.198382,Ciliated,9
M3_TCGCACTGATACCG_Basal,-2.9848516,-4.8178697,Basal,5
M3_TCGCACTGCGATAC_Basal,1.6343534,-0.45610008,Basal,13
M3_TCGCACTGCTGGTA_Basal,-1.3360622,-5.477908,Basal,1
M3_TCGCACTGTCTTTG_Basal,-3.8133771,-3.5627882,Basal,5
M3_TCGCAGCTGAGGTG_Club,-1.6361455,4.048281,Club,14
M3_TCGCAGCTTTATCC_Basal,-2.3403914,-4.309277,Basal,5
M3_TCGCCATGCTGTGA_Club,-1.4468166,4.9961143,Club,14
M3_TCGGACCTGGAAAT_Basal,-3.147812,-5.413811,Basal,5
M3_TCGGCACTGTTGGT_Club,1.0383723,5.1521926,Club,6
M3_TCGGTAGACCTTAT_Basal,-1.4942429,-5.822414,Basal,1
M3_TCGGTAGAGTTCTT_Club,-1.227777,4.8648667,Club,14
M3_TCGGTAGATCTCTA_Basal,-2.6923482,-4.8053336,Basal,5
M3_TCGTGAGACACTAG_Basal,-3.0347185,-2.7729573,Basal,5
M3_TCTAACTGCCAATG_Basal,-2.571391,-3.0380626,Basal,2
M3_TCTAACTGTCCGTC_Basal,-3.8930786,-4.182806,Basal,5
M3_TCTAAGCTACTGTG_Basal,-3.9731357,-4.641396,Basal,5
M3_TCTACAACCCATAG_Basal,-0.16671972,-4.5381885,Basal,4
M3_TCTACAACGTCGTA_Basal,0.56673914,-4.04314,Basal,1
M3_TCTAGTTGGGTTAC_Basal,0.8764726,-3.8299913,Basal,1
M3_TCTATGTGCGGAGA_Basal,-1.8731438,-2.535694,Basal,2
M3_TCTCAAACTCCAAG_Basal,-1.8998494,-5.06437,Basal,7
M3_TCTCCACTCCCGTT_Basal,-3.8238137,-3.9600253,Basal,5
M3_TCTGATACATCAGC_Basal,-1.8848069,-5.2272005,Basal,7
M3_TCTGATACCCATAG_Basal,-1.7126194,-5.425013,Basal,7
M3_TCTGATACGGTAAA_Club,-0.40968308,6.8097363,Club,10
M3_TCTTACGAGACGTT_Basal,-3.7068834,-5.085699,Basal,5
M3_TCTTGATGAAGTAG_Ciliated,-2.481189,15.230876,Ciliated,9
M3_TGAAATTGCTGTGA_Basal,1.0714601,-5.3763714,Basal,1
M3_TGAAATTGGGGCAA_Club,-1.3919702,4.3008327,Club,14
M3_TGAAATTGTCCAGA_Basal,1.059148,-5.5753694,Basal,1
M3_TGAAGCTGAAGTGA_Basal,-2.5403912,-5.1264033,Basal,4
M3_TGAAGCTGACCGAT_Basal,2.9666183,-2.0783825,Basal,13
M3_TGAATAACGAGACG_Club,-1.4721441,4.317235,Club,14
M3_TGAATAACGCAGAG_Basal,-2.0894184,-2.9897406,Basal,2
M3_TGAATAACTACTTC_Basal,-3.1958663,-4.440606,Basal,5
M3_TGAATAACTCGTTT_Basal,0.09077453,-6.0243564,Basal,1
M3_TGACCAGACTCAGA_Tuft,0.43350744,-6.653458,Tuft,16
M3_TGACCAGAGGATCT_Basal,-0.21623898,-2.6782162,Basal,1
M3_TGACCGCTCTCTCG_Basal,-0.5234763,-5.532526,Basal,1
M3_TGACGAACGCTGTA_Club,-1.8320762,4.357425,Club,14
M3_TGACGAACTTGGCA_Club,-2.1963174,4.5937243,Club,14
M3_TGACGCCTTAACCG_Basal,-1.187322,-4.355765,Basal,4
M3_TGACGCCTTAGAAG_Goblet,-1.9283503,2.7205362,Goblet,18
M3_TGACGCCTTCCCGT_Ciliated,-1.3492119,15.467553,Ciliated,9
M3_TGACGCCTTCGTTT_Basal,-1.9656063,-5.8865595,Basal,7
M3_TGACGCCTTTTGGG_Club,-3.0892532,-1.1618394,Club,5
M3_TGACTTACCCCTCA_Goblet,-2.0818973,2.9403033,Goblet,18
M3_TGACTTACTGTTTC_Club,-2.03945,4.204168,Club,14
M3_TGACTTTGCGTAGT_Basal,0.44602084,-5.5383234,Basal,1
M3_TGACTTTGTGATGC_Basal,0.89341223,-0.9903809,Basal,0
M3_TGAGACACACGTTG_Basal,-3.6374822,-4.5752754,Basal,5
M3_TGAGACACCCATGA_Basal,0.82308686,-6.356546,Basal,16
M3_TGAGACACCCCGTT_Basal,0.029086377,-4.514295,Basal,4
M3_TGAGGACTGGACGA_Ciliated,-2.4485106,14.88748,Ciliated,9
M3_TGAGTCGACTCAAG_Ciliated,-2.7314942,14.949467,Ciliated,9
M3_TGATCGGAGGTGTT_Club,-1.5369993,4.9408507,Club,14
M3_TGATTAGAAGAACA_Basal,2.239741,-0.7783521,Basal,0
M3_TGATTCACCGACAT_Basal,-1.5103455,-5.7182827,Basal,7
M3_TGATTCTGCTATTC_Basal,-1.8511955,-4.665494,Basal,7
M3_TGATTCTGTTCCGC_Basal,0.36762208,-2.3025835,Basal,0
M3_TGCAACGAGAACCT_Basal,-3.2283509,-3.8134742,Basal,5
M3_TGCAAGACTACGAC_Club,-1.1849743,3.9250183,Club,14
M3_TGCAAGTGTCGCTC_Basal,-1.9849432,-4.693921,Basal,219
M3_TGCAATCTCGACAT_Basal,-2.357556,-4.028025,Basal,4
M3_TGCAATCTTTCCGC_Basal,-2.4234955,-4.2911243,Basal,5
M3_TGCACAGAGATGAA_Basal,-2.9920824,-4.039046,Basal,5
M3_TGCACAGAGCTTCC_Basal,-3.2318542,-4.7960734,Basal,5
M3_TGCACGCTCTCCCA_Club,-0.69851834,4.8783097,Club,14
M3_TGCAGATGCCTAAG_Basal,-1.8173884,-5.971768,Basal,7
M3_TGCCAAGAAACGGG_Club,0.52806365,5.9723306,Club,10
M3_TGCCAGCTCTAGTG_Basal,1.7661881,-0.67427194,Basal,13
M3_TGCCCAACGGAGGT_Club,0.8193719,4.8494234,Club,6
M3_TGCCCAACTCCGTC_Basal,0.60211253,-3.5406935,Basal,1
M3_TGCCGACTATTCCT_Basal,-0.54335403,-5.9890914,Basal,4
M3_TGCCGACTTGAGCT_Basal,-2.7396278,-5.189344,Basal,5
M3_TGCGAAACCATTGG_Club,-0.5220669,4.728955,Club,14
M3_TGCGAAACTTGCGA_Basal,-0.4891953,-6.0110025,Basal,1
M3_TGCGATGACTACGA_Basal,-0.7133387,-0.47744316,Basal,2
M3_TGCGCACTTAGAAG_Basal,-1.2051377,-2.2332551,Basal,220
M3_TGCGCACTTTTACC_Basal,-3.2393715,-5.4216967,Basal,5
M3_TGCGTAGAAACCTG_Basal,-3.125994,-5.707665,Basal,5
M3_TGCTAGGACGCAAT_Basal,-3.92955,-3.0009437,Basal,5
M3_TGCTAGGACTTGGA_Basal,-3.9079785,-5.115859,Basal,5
M3_TGCTAGGAGGAAGC_Club,-2.0561655,4.876787,Club,14
M3_TGCTTAACCTGTAG_Basal,-2.8748934,-5.031365,Basal,221
M3_TGGAAAGAACCAAC_Club,-0.8295666,3.932746,Club,14
M3_TGGAACACACGGGA_Basal,1.6493015,-1.5175946,Basal,0
M3_TGGAACACTTTGCT_Ciliated,-2.8626392,15.298142,Ciliated,222
M3_TGGAACTGCGTGTA_Ciliated,-2.759659,14.866341,Ciliated,9
M3_TGGAACTGGATAAG_Club,1.3702769,3.7070794,Club,6
M3_TGGAAGCTTCCGTC_Basal,-1.3608811,-5.312842,Basal,1
M3_TGGACCCTGGTTAC_Club,3.9752438,10.600555,Club,12
M3_TGGACTGACGGAGA_Tuft,-3.5971804,-5.432614,Tuft,5
M3_TGGACTGAGGCAAG_Club,0.45514527,4.647743,Club,6
M3_TGGACTGAGGCATT_Basal,2.704693,-1.7505106,Basal,0
M3_TGGACTGATAGACC_Basal,1.9551305,-3.7673142,Basal,1
M3_TGGAGACTGTTCAG_Basal,-2.57845,-6.182825,Basal,7
M3_TGGAGGGAGAACTC_Basal,-2.3711221,-2.09988,Basal,2
M3_TGGAGGGAGTACAC_Basal,-0.94395375,-5.243579,Basal,1
M3_TGGATCGAACTGGT_Club,-1.3839854,0.9838335,Club,2
M3_TGGATGTGGAGATA_Basal,-3.7087383,-4.548772,Basal,5
M3_TGGATTCTGACTAC_Tuft,-0.41516933,-6.1033792,Tuft,1
M3_TGGCAATGAGTAGA_Club,-1.160808,4.7348323,Club,14
M3_TGGCACCTGAATAG_Basal,0.6257545,-4.9072385,Basal,1
M3_TGGCACCTTGTCGA_Basal,0.8508126,-4.581248,Basal,1
M3_TGGGTATGCAACCA_Club,1.5206844,5.3558593,Club,10
M3_TGGGTATGGCGATT_Club,-0.78214383,6.200173,Club,10
M3_TGGGTATGGGACAG_Club,0.10451165,6.000821,Club,10
M3_TGGTACGAAAACAG_Ciliated,-2.992944,14.897094,Ciliated,22
M3_TGGTACGATGGAAA_Basal,-0.127225,-6.1346536,Basal,1
M3_TGGTAGTGACGCTA_Basal,0.06320383,-3.6121464,Basal,2
M3_TGGTAGTGCCCTCA_Club,0.8257789,3.1568916,Club,6
M3_TGGTATCTTGGTGT_Club,-1.615889,3.3956492,Club,18
M3_TGGTCAGACTAGCA_Basal,-2.6737232,-4.500282,Basal,5
M3_TGGTCAGACTCCCA_Basal,1.8687397,-2.6071088,Basal,1
M3_TGGTTACTCAGTCA_Goblet,-0.50198096,5.0337553,Goblet,6
M3_TGGTTACTCCATAG_Basal,-0.32987094,-5.8242044,Basal,1
M3_TGGTTACTTTGCTT_Basal,-3.3869076,-4.919935,Basal,5
M3_TGTAAAACCTTACT_Ciliated,-2.6016722,15.025633,Ciliated,9
M3_TGTAAAACTGACTG_Basal,-2.7386863,-3.8760066,Basal,7
M3_TGTAACCTCTATTC_Basal,-0.5674481,-2.4485147,Basal,4
M3_TGTAACCTTGGTTG_Basal,-0.9658567,-5.6074085,Basal,1
M3_TGTAATGATGATGC_Basal,-2.4480598,-4.8703833,Basal,5
M3_TGTACTTGTAAGCC_Club,0.7726252,5.964523,Club,10
M3_TGTAGGTGACCGAT_Basal,-3.363247,-1.42783,Basal,5
M3_TGTAGGTGCTGAAC_Basal,-2.1696758,-3.7954605,Basal,223
M3_TGTAGTCTATTGGC_Club,-0.7042157,6.278237,Club,10
M3_TGTAGTCTTGGGAG_Basal,1.3132279,-1.286145,Basal,0
M3_TGTATGCTTGGGAG_Club,-1.673654,4.7136326,Club,14
M3_TGTCTAACATGTGC_Goblet,-1.9597397,3.5046437,Goblet,18
M3_TGTGAGTGCAATCG_Basal,-3.0109227,-5.380768,Basal,5
M3_TGTGAGTGGCTCCT_Basal,-0.4303764,-5.9622507,Basal,7
M3_TGTGATCTACCCAA_Basal,0.37473476,-4.202757,Basal,1
M3_TGTTACACACGTTG_Basal,-3.9268131,-5.1975894,Basal,5
M3_TGTTACACCCAGTA_Basal,-3.19396,-3.937164,Basal,7
M3_TGTTACACGTGTCA_Basal,-2.2198112,-1.3695858,Basal,2
M3_TGTTACTGTTCTCA_Basal,-0.8076551,-6.2596774,Basal,7
M3_TTAACCACGTAAGA_Club,1.0475383,3.059234,Club,6
M3_TTACAGCTACGTAC_Basal,-0.29936203,-3.1427567,Basal,4
M3_TTACAGCTGGTTTG_Basal,-2.560599,-5.8839383,Basal,5
M3_TTACAGCTGTGTAC_Basal,-2.9433024,-4.540904,Basal,5
M3_TTACAGCTTGTGCA_Basal,-2.6409862,-5.4614015,Basal,5
M3_TTACGACTACCACA_Basal,-1.3494611,-6.666213,Basal,7
M3_TTACGACTCAGTTG_Basal,-1.8356857,-5.6043262,Basal,7
M3_TTACGTACTACTGG_Basal,-3.7675376,-2.0578995,Basal,5
M3_TTAGAATGCTTGCC_Basal,-2.5559592,-5.515121,Basal,5
M3_TTAGAATGTGGAAA_Tuft,-3.5183508,-4.8804717,Tuft,5
M3_TTAGCTACGGATCT_Basal,0.5898489,-5.9311028,Basal,1
M3_TTAGGGACTCACCC_Basal,-1.6379179,-1.1911871,Basal,2
M3_TTAGGGTGGAGACG_Ciliated,-3.051201,15.337821,Ciliated,9
M3_TTAGGGTGGCCATA_Club,-1.5633092,5.211873,Club,10
M3_TTAGTCACACTGGT_Club,-1.7115564,-5.5477285,Club,7
M3_TTATGGCTAAAGCA_Club,-0.4707851,5.3346143,Club,10
M3_TTATGGCTGATAGA_Basal,-2.8752081,-4.4130955,Basal,7
M3_TTATGGCTTTGTGG_Ciliated,-3.0396373,14.95109,Ciliated,9
M3_TTATTCCTAGGCGA_Basal,-1.0385648,-1.7001176,Basal,2
M3_TTCAAAGATCGATG_Ciliated,-3.0497074,15.39176,Ciliated,9
M3_TTCAAGCTCACCAA_Basal,-2.7321653,-4.9260793,Basal,5
M3_TTCAAGCTGAAACA_Basal,-1.1041243,-5.589557,Basal,1
M3_TTCACAACCTATGG_Club,-1.2619245,4.6474385,Club,14
M3_TTCACAACGACGTT_Club,-1.1079807,-6.7124734,Club,7
M3_TTCACCCTACCATG_Basal,-0.73362505,-6.257243,Basal,7
M3_TTCACCCTCATCAG_Club,0.38902456,3.6762288,Club,61
M3_TTCAGACTCGCCTT_Ciliated,-2.7515478,14.574133,Ciliated,60
M3_TTCAGACTGGAAGC_Basal,1.1088457,-4.2388544,Basal,1
M3_TTCAGTACCAGCTA_Basal,-3.8048644,-3.0758708,Basal,5
M3_TTCATCGAAGCGTT_Neuroendocrine,-3.8700302,-2.0375645,Neuroendocrine,51
M3_TTCATCGACTCGAA_Basal,-3.9582195,-5.0226445,Basal,5
M3_TTCATCGAGCTTCC_Basal,-2.8826652,-4.10791,Basal,5
M3_TTCATCGAGTTCAG_Basal,-2.5800388,-1.8481281,Basal,2
M3_TTCATCGATAAGCC_Basal,-1.8515996,-5.0024643,Basal,5
M3_TTCATGACCTGCTC_Basal,0.15830283,-5.577773,Basal,1
M3_TTCATGACTTTCTG_Basal,0.75286674,-6.54226,Basal,16
M3_TTCATGTGGGTTCA_Club,-1.9600834,4.1739354,Club,14
M3_TTCATGTGTCAGGT_Basal,-3.17546,-3.474421,Basal,5
M3_TTCCATGAGTCGAT_Basal,-2.8908908,-5.117097,Basal,5
M3_TTCCCACTACGTTG_Basal,-2.2819111,-2.5056622,Basal,224
M3_TTCCTAGACGACAT_Ciliated,-2.2380288,13.048867,Ciliated,22
M3_TTCCTAGACTTGAG_Basal,-0.7689237,-5.4884048,Basal,1
M3_TTCCTAGAGGTATC_Club,-0.46458414,6.240684,Club,10
M3_TTCGATTGCCTGAA_Basal,1.0189048,-1.6124926,Basal,0
M3_TTCGATTGTCCGTC_Basal,-1.9480666,-3.5641701,Basal,4
M3_TTCGATTGTCCTAT_Basal,-0.80688137,-6.000693,Basal,7
M3_TTCGGAGAATGCCA_Club,-1.3458986,5.193634,Club,14
M3_TTCGTATGGGTATC_Basal,-1.4138225,-2.0184903,Basal,2
M3_TTCTAGTGCCTAAG_Basal,-1.4798579,-5.3975573,Basal,7
M3_TTCTAGTGCTGAGT_Basal,-4.021121,-4.825969,Basal,5
M3_TTCTAGTGTGGTGT_Basal,-2.1025364,-2.555252,Basal,62
M3_TTCTCAGAACGTGT_Ciliated,-2.2564254,12.921673,Ciliated,22
M3_TTCTCAGAATGTCG_Club,-1.603455,5.1156793,Club,14
M3_TTCTCAGAGGTCTA_Basal,-3.3913162,-3.756067,Basal,5
M3_TTGAATGAGGTCTA_Basal,-3.4560564,-3.5513804,Basal,5
M3_TTGAGGTGAAGATG_Club,0.888083,-3.3322198,Club,1
M3_TTGAGGTGATGACC_Club,-1.3348488,5.0498466,Club,14
M3_TTGAGGTGGCGAGA_Basal,-2.578662,-5.0999846,Basal,5
M3_TTGAGGTGGCGGAA_Basal,-2.9591782,-3.6715887,Basal,5
M3_TTGATCTGTCATTC_Basal,-3.2433531,-4.5433874,Basal,225
M3_TTGATCTGTGACCA_Basal,-2.0785148,-5.124514,Basal,1
M3_TTGCATTGCAGAAA_Basal,-1.9243515,-3.0550776,Basal,2
M3_TTGCATTGGAGCTT_Basal,1.123086,-1.0027411,Basal,0
M3_TTGCTAACTTGGCA_Basal,-0.048952874,-5.381503,Basal,1
M3_TTGGAGACCCCTAC_Club,-0.030556774,4.552595,Club,6
M3_TTGGAGTGAGGTTC_Goblet,-2.0247192,3.0780673,Goblet,18
M3_TTGGAGTGTCGTTT_Ciliated,-2.2282448,15.214385,Ciliated,9
M3_TTGGTACTAAAAGC_Ciliated,-2.400331,15.778644,Ciliated,9
M3_TTGTACACTAGAGA_Club,-2.0242016,4.882647,Club,14
M3_TTGTACACTGCGTA_Basal,1.4605623,-5.465006,Basal,1
M3_TTGTAGCTCCATAG_Club,-0.79157317,3.6686518,Club,6
M3_TTGTCATGCGACTA_Basal,-0.6754193,-2.9533215,Basal,63
M3_TTTAGAGACGTAAC_Basal,-2.6390252,-4.3339105,Basal,5
M3_TTTAGAGACTCGCT_Basal,-0.66412246,-4.119734,Basal,4
M3_TTTAGAGAGCGAAG_Basal,-1.1721406,-4.0288506,Basal,4
M3_TTTAGCTGCAAGCT_Club,-0.5804805,4.9974246,Club,6
M3_TTTAGGCTAATGCC_Basal,-2.290385,-5.727502,Basal,7
M3_TTTAGGCTAGAATG_Basal,-3.6264558,-3.796583,Basal,5
M3_TTTAGGCTAGCATC_Basal,-0.030204963,-5.711044,Basal,1
M3_TTTCCAGATACAGC_Basal,-1.7725064,-5.177773,Basal,4
M3_TTTCGAACAAAAGC_Basal,-4.016535,-5.1396513,Basal,5
M3_TTTGACTGAACCAC_Club,4.374796,5.8629637,Club,10
M3_TTTGACTGGAGATA_Basal,-2.7376359,-4.175067,Basal,7
M3_TTTGACTGTCTTTG_Basal,-0.778812,-2.7886672,Basal,4
M4_AAACATACTGGTTG_Basal,0.96270514,-1.1221714,Basal,0
M4_AAACATTGCGTGTA_Basal,0.25730783,-1.7098073,Basal,0
M4_AAACCGTGCATCAG_Basal,-0.45572874,-1.0759544,Basal,2
M4_AAACGCTGAAAAGC_Basal,1.215508,-0.8114935,Basal,0
M4_AAACGCTGGGAGGT_Club,1.2566632,4.0988793,Club,6
M4_AAACGGCTGCATAC_Basal,-2.3606834,-1.0004097,Basal,2
M4_AAACTTGACCCACT_Basal,1.5473447,-4.212706,Basal,2
M4_AAACTTGAGATAAG_Basal,-1.1961284,-2.3570085,Basal,4
M4_AAAGACGACATTCT_Basal,-1.2135789,-1.3727494,Basal,2
M4_AAAGACGACGGGAA_Basal,-0.61473525,-1.893491,Basal,4
M4_AAAGAGACTAACGC_Basal,-1.3384141,-1.6317606,Basal,2
M4_AAAGATCTTTCATC_Basal,-0.46833345,-2.1391501,Basal,4
M4_AAAGCAGAGCGTTA_Basal,0.14218822,-2.7945156,Basal,1
M4_AAAGGCCTCCTGTC_Neuroendocrine,-2.329157,-1.6250457,Neuroendocrine,27
M4_AAAGGCCTCGCAAT_Basal,-0.77171576,-2.1773543,Basal,4
M4_AAAGGCCTGAAGGC_Basal,0.33189756,-6.4814568,Basal,7
M4_AAAGTTTGGGTACT_Basal,-1.0360984,-6.1602077,Basal,7
M4_AAAGTTTGTTCGCC_Basal,-0.53536,-1.8057473,Basal,4
M4_AAATCAACAGTAGA_Basal,-0.706577,-0.5014852,Basal,2
M4_AAATCATGTCCCAC_Basal,-0.06577187,-4.9587927,Basal,7
M4_AAATCATGTGGCAT_Club,4.6476374,10.955702,Club,10
M4_AAATCCCTACACAC_Basal,0.6081179,-5.5788016,Basal,1
M4_AAATCCCTACTGGT_Basal,-1.0195994,-2.6292424,Basal,4
M4_AAATCCCTTGTTTC_Basal,-0.21600752,-4.0569086,Basal,4
M4_AAATCCCTTTGTCT_Basal,-0.9145768,-3.8702843,Basal,4
M4_AAATGGGAACCACA_Basal,-0.46020353,-2.7289925,Basal,4
M4_AAATGGGACAGATC_Basal,-0.67185193,-4.5346594,Basal,4
M4_AAATGTTGAACCTG_Club,0.85045606,3.206424,Club,6
M4_AAATGTTGTCTCTA_Basal,0.23490587,-4.954514,Basal,1
M4_AAATTGACAAAGTG_Basal,-1.0340705,-1.4370341,Basal,2
M4_AACAAACTCAGAGG_Basal,-1.4386357,-4.0027237,Basal,4
M4_AACAAACTGCGTAT_Basal,1.2799875,-5.3296294,Basal,71
M4_AACAAACTGTAGCT_Basal,-0.46058086,-1.0567212,Basal,2
M4_AACAAACTTTTGGG_Basal,-1.5411503,-2.1690667,Basal,2
M4_AACAATACGGGCAA_Club,0.5601608,-3.1138752,Club,1
M4_AACACGTGTGTGAC_Ciliated,-1.9890797,14.900057,Ciliated,9
M4_AACAGCACACCCTC_Basal,-0.8567867,-2.3793714,Basal,4
M4_AACAGCACTAGAAG_Basal,-1.7353987,-2.5085611,Basal,7
M4_AACAGCACTCAGAC_Basal,1.5425693,-4.950377,Basal,1
M4_AACATATGGCTGTA_Basal,-0.18841219,-2.6455855,Basal,226
M4_AACATATGGGACTT_Basal,-1.1005257,-4.6230774,Basal,4
M4_AACCACGACCAAGT_Basal,-0.716228,-3.5420988,Basal,4
M4_AACCAGTGACAGTC_Basal,2.8239284,-1.353721,Basal,0
M4_AACCAGTGAGTGTC_Club,1.2790413,3.1380515,Club,6
M4_AACCAGTGCCCGTT_Basal,-0.49111715,-2.6476347,Basal,4
M4_AACCAGTGCTCGCT_Basal,-1.8265084,-1.3937702,Basal,2
M4_AACCAGTGGGTGAG_Basal,0.34843534,-1.1081421,Basal,0
M4_AACCAGTGTTGGCA_Ciliated,-1.4982458,15.231287,Ciliated,9
M4_AACCGATGCTCGAA_Club,-0.0051858565,3.996594,Club,6
M4_AACCTACTACTGTG_Goblet,-2.930477,2.7976537,Goblet,18
M4_AACCTTACAGTCTG_Basal,1.4801998,0.45813122,Basal,0
M4_AACCTTTGACGTTG_Ciliated,-2.015087,14.827147,Ciliated,9
M4_AACGCAACAGTGTC_Ciliated,-2.6848636,14.756769,Ciliated,9
M4_AACGCAACCATACG_Basal,2.1285703,-0.14278376,Basal,0
M4_AACGCATGAAGATG_Basal,1.9596581,-2.5979128,Basal,0
M4_AACGCCCTAATCGC_Club,-1.6718497,-0.11333474,Club,2
M4_AACGCCCTCAAGCT_Basal,-0.27784467,-1.7977992,Basal,4
M4_AACGCCCTGTTTGG_Club,0.92377675,4.713408,Club,6
M4_AACGGTACATCACG_Club,0.60543853,4.809027,Club,6
M4_AACGGTACCGTGAT_Basal,0.8229248,-4.7769423,Basal,1
M4_AACGGTACTATGGC_Basal,1.5365593,-5.5393643,Basal,1
M4_AACGGTTGCTTAGG_Basal,-2.390336,-1.6219428,Basal,2
M4_AACGTCGATAAGGA_Club,1.4492444,3.9727745,Club,6
M4_AACGTCGATGCTGA_Basal,-0.08124467,-0.70819116,Basal,2
M4_AACGTGTGTGCCCT_Basal,0.5796358,-1.32451,Basal,0
M4_AACGTTCTACGGTT_Basal,-1.344399,-1.2778488,Basal,2
M4_AACGTTCTACGTTG_Basal,1.6265707,-5.066984,Basal,1
M4_AACGTTCTCTCTCG_Basal,0.118913695,-3.4909189,Basal,4
M4_AACGTTCTTCCAGA_Basal,-0.97916657,-8.529048,Basal,16
M4_AACTCACTTGCATG_Basal,-1.733692,-1.723807,Basal,2
M4_AACTCACTTGCCAA_Goblet,-2.9755096,2.7294295,Goblet,18
M4_AACTGTCTCGACAT_Club,-0.23109621,3.407325,Club,6
M4_AACTGTCTTCAGTG_Ciliated,2.3804808,5.919533,Ciliated,24
M4_AACTTGCTACCCTC_Club,0.7450237,5.8436813,Club,10
M4_AAGAACGAGGCGAA_Basal,0.9602792,-0.73038244,Basal,0
M4_AAGAAGACTAAGGA_Basal,2.2971792,-0.253571,Basal,1
M4_AAGAAGACTGAGCT_Ciliated,-2.3230274,13.3644085,Ciliated,22
M4_AAGAATCTAGTAGA_Club,-0.06176824,3.3179963,Club,26
M4_AAGAATCTGACGGA_Basal,0.39208862,-5.6315904,Basal,1
M4_AAGACAGACAACCA_Club,0.49346584,5.526037,Club,6
M4_AAGATGGAGGACTT_Basal,-0.7442685,-4.27999,Basal,1
M4_AAGCAAGATGGTAC_Club,2.1684809,-4.016667,Club,1
M4_AAGCACTGAAGAAC_Basal,0.707787,-3.618697,Basal,1
M4_AAGCCATGCTGTAG_Club,1.3013115,3.0437818,Club,6
M4_AAGCCTGAAAAACG_Basal,-0.6866719,-2.794853,Basal,4
M4_AAGCCTGACAGAGG_Ciliated,-2.1899593,14.866351,Ciliated,9
M4_AAGCGACTCCTTAT_Basal,0.64237905,-1.0409676,Basal,0
M4_AAGCGTACCCAACA_Basal,1.3308822,-0.89983016,Basal,227
M4_AAGGTCACACTCAG_Basal,0.2628718,-4.094716,Basal,1
M4_AAGGTCACTTCTTG_Club,1.2398,2.3368652,Club,6
M4_AAGGTCTGTAGTCG_Club,2.1119387,4.512546,Club,10
M4_AAGGTGCTCAGAAA_Basal,-0.47635227,-4.7250795,Basal,7
M4_AAGGTGCTTTACCT_Club,1.8766893,4.0479302,Club,6
M4_AAGTAACTAGTACC_Club,0.38577116,5.609597,Club,6
M4_AAGTAACTTTGACG_Club,0.42551607,5.5435715,Club,6
M4_AAGTAGGAACCTGA_Basal,-1.0607283,-4.278323,Basal,1
M4_AAGTATACCCACCT_Basal,2.3317351,-1.7484505,Basal,0
M4_AAGTATACGCGGAA_Basal,1.0053703,-4.2108946,Basal,1
M4_AAGTCTCTGAGAGC_Basal,0.0009105496,-5.760857,Basal,228
M4_AAGTGCACTGTAGC_Club,0.95774925,5.8291225,Club,10
M4_AAGTGGCTTGTCTT_Basal,2.291315,-1.1661367,Basal,0
M4_AAGTTATGTTTCAC_Club,0.91292083,5.8403935,Club,10
M4_AAGTTCCTCCACCT_Basal,0.5165257,-5.107173,Basal,229
M4_AATAACACAACGGG_Basal,-1.731512,-1.7569189,Basal,2
M4_AATAACACTGATGC_Basal,0.6481907,-4.0155663,Basal,1
M4_AATACCCTCACAAC_Basal,-0.4218358,-3.7348742,Basal,4
M4_AATACTGAAAGTAG_Basal,-1.4083707,-2.4457672,Basal,4
M4_AATACTGATAACCG_Basal,-1.7183603,-4.0722375,Basal,1
M4_AATACTGATGAGGG_Basal,-1.5438635,-3.2757082,Basal,4
M4_AATAGGGAAGTGTC_Basal,2.6017177,-0.67114097,Basal,16
M4_AATATCGACGTGAT_Basal,1.2422256,-5.0207114,Basal,1
M4_AATCAAACCTGACA_Club,0.70280355,6.077818,Club,10
M4_AATCAAACGACAGG_Basal,0.17969057,-3.1078334,Basal,2
M4_AATCAAACGGGCAA_Club,-0.5021241,6.42227,Club,10
M4_AATCCTACTTCATC_Basal,0.5227246,-5.3165503,Basal,1
M4_AATCTAGAGATAAG_Basal,-0.8740098,-2.7961853,Basal,4
M4_AATGAGGAGTGAGG_Basal,-2.2940528,-4.7434835,Basal,5
M4_AATGAGGATGCACA_Basal,-1.9416955,-1.9717816,Basal,2
M4_AATGCGTGTATTCC_Basal,0.89509034,-2.8603175,Basal,1
M4_AATGGAGACGTGTA_Club,0.7873039,3.4652467,Club,6
M4_AATGGAGATCCTTA_Club,0.13873728,3.8974218,Club,6
M4_AATGGCTGACTCAG_Basal,-1.1674287,-1.0355315,Basal,2
M4_AATGGCTGGGGACA_Basal,1.6319494,-5.4100876,Basal,1
M4_AATGTAACAGCCTA_Neuroendocrine,0.80904114,-0.6082749,Neuroendocrine,0
M4_AATGTAACTCGTTT_Basal,-0.10201793,-1.57368,Basal,2
M4_AATGTTGAAGTGTC_Basal,0.5230779,-4.814172,Basal,7
M4_AATGTTGACTCCAC_Basal,0.86234564,-5.5210867,Basal,1
M4_AATGTTGATCCGAA_Basal,1.0715445,-3.7076797,Basal,1
M4_AATTACGACCTCGT_Basal,-0.9514319,-1.4586042,Basal,2
M4_AATTACGAGGTATC_Basal,0.4094241,-1.9885061,Basal,0
M4_AATTACGAGTATCG_Club,0.106053516,4.229173,Club,6
M4_AATTACGATCTCGC_Club,0.84029585,4.658839,Club,6
M4_AATTACGATGCTGA_Club,1.1952397,4.127836,Club,6
M4_AATTCCTGTTGCGA_Basal,2.0225344,0.015844585,Basal,0
M4_AATTGTGATGGTCA_Club,0.86975515,5.9245067,Club,10
M4_ACAAATTGAAACAG_Club,-0.2949763,0.12601502,Club,10
M4_ACAAATTGGTTCGA_Basal,-1.4801782,-1.9680884,Basal,2
M4_ACAAGAGAACTACG_Basal,-1.1136739,-1.9762458,Basal,64
M4_ACAAGAGAGTCGAT_Club,2.8660197,-2.176417,Club,13
M4_ACAATAACTGCCCT_Neuroendocrine,-0.11566001,-1.0981783,Neuroendocrine,230
M4_ACAATAACTTCCGC_Club,0.14467561,4.531599,Club,6
M4_ACAATCCTCCGCTT_Club,-0.05867669,7.138377,Club,10
M4_ACACAGACACACCA_Basal,0.644848,-4.386029,Basal,1
M4_ACACAGACCCTCCA_Club,0.42225888,3.6407893,Club,6
M4_ACACAGACGGTTCA_Basal,0.8029777,-5.427323,Basal,1
M4_ACACATCTCTCTAT_Basal,-0.5731158,-3.867446,Basal,4
M4_ACACATCTTGGCAT_Basal,0.9645474,-4.883828,Basal,1
M4_ACACCAGAGTCAAC_Basal,0.106174156,-5.2994432,Basal,1
M4_ACACCCTGCCGCTT_Basal,0.8967562,-2.6690512,Basal,0
M4_ACACGAACCACTAG_Basal,-1.2844299,-3.654807,Basal,4
M4_ACACGAACTTGGTG_Basal,-2.21821,-1.23595,Basal,2
M4_ACAGACACTATTCC_Basal,0.88918376,-4.9977126,Basal,1
M4_ACAGCAACAGCGTT_Basal,2.2519295,-2.2011273,Basal,1
M4_ACAGCAACCTTGCC_Basal,1.7173244,-2.433637,Basal,0
M4_ACAGGTACGCCATA_Basal,2.1246169,-2.0008907,Basal,0
M4_ACAGGTACGGACAG_Basal,-0.81329966,-2.6450787,Basal,4
M4_ACAGGTACTGATGC_Basal,1.8994434,-0.9356354,Basal,0
M4_ACAGTCGAAACCAC_Basal,1.5640576,-5.2629046,Basal,1
M4_ACAGTCGACTTCCG_Basal,0.81627697,-3.483493,Basal,1
M4_ACAGTGACCCTATT_Club,1.2092146,3.9138088,Club,6
M4_ACAGTGACGGTGGA_Basal,-0.021357212,-5.6619606,Basal,1
M4_ACAGTGACTAAGCC_Club,0.42114678,4.9693084,Club,6
M4_ACAGTGTGCTGATG_Club,1.2009197,2.9507716,Club,6
M4_ACAGTGTGTTGCGA_Club,-0.21132143,3.6465101,Club,6
M4_ACAGTTCTAAGCCT_Basal,-1.7017158,-4.365631,Basal,4
M4_ACAGTTCTCTCTTA_Basal,-0.020261489,-0.47962743,Basal,2
M4_ACAGTTCTGGTATC_Basal,-1.774479,-3.1765308,Basal,2
M4_ACATACCTATTTCC_Basal,1.4326166,0.670146,Basal,0
M4_ACATCACTACCAAC_Basal,1.3525246,-0.8542767,Basal,0
M4_ACATGGTGTGCCTC_Basal,-1.6477965,-1.7857727,Basal,2
M4_ACCAACGACACTGA_Club,0.7948715,4.4692855,Club,6
M4_ACCAACGATACGCA_Neuroendocrine,1.2831925,-0.86282444,Neuroendocrine,0
M4_ACCACAGACCGATA_Basal,-1.7871621,-3.4041696,Basal,4
M4_ACCACCTGACTCAG_Basal,-0.5953846,-3.5446825,Basal,4
M4_ACCACCTGTAACGC_Basal,-1.9275416,-3.9998152,Basal,4
M4_ACCACCTGTCCAGA_Club,1.7069528,4.9424562,Club,10
M4_ACCACGCTTGGTAC_Basal,-0.40871295,-3.2811654,Basal,1
M4_ACCAGCCTGCGTTA_Basal,-1.6071817,0.065348946,Basal,2
M4_ACCAGTGACTGTGA_Basal,0.82610166,-3.2949517,Basal,2
M4_ACCAGTGACTTAGG_Basal,-1.5918444,-4.9176536,Basal,7
M4_ACCAGTGATATTCC_Basal,0.73401195,-2.5542462,Basal,1
M4_ACCAGTGATTCGTT_Basal,0.8264416,0.0667637,Basal,0
M4_ACCATTACCTATGG_Basal,0.19147621,-2.8050885,Basal,1
M4_ACCCAAGAGACGGA_Basal,0.90932244,-1.0485682,Basal,0
M4_ACCCACTGTTCAGG_Ciliated,-2.340217,15.562661,Ciliated,9
M4_ACCCAGCTAGATGA_Basal,2.7540772,-1.8801633,Basal,13
M4_ACCCAGCTGGGACA_Basal,1.1351268,0.100297794,Basal,0
M4_ACCCGTACAACTGC_Basal,1.8955262,-0.49643272,Basal,0
M4_ACCCGTACGGTTTG_Basal,-1.576939,-2.79404,Basal,4
M4_ACCCGTACTCCAAG_Basal,-0.39002636,-2.4870102,Basal,4
M4_ACCCGTACTGACAC_Ciliated,-2.0954037,15.00301,Ciliated,9
M4_ACCCGTTGTACGAC_Basal,2.7709787,-1.1826862,Basal,0
M4_ACCGCGGAACCACA_Club,0.081710875,7.2760053,Club,10
M4_ACCGTGCTGGCGAA_Basal,1.7345539,0.1388384,Basal,0
M4_ACCTATTGGGTCAT_Basal,-0.30362263,-1.5417336,Basal,2
M4_ACCTGGCTAGCTAC_Basal,-1.703541,-3.807884,Basal,4
M4_ACCTGGCTGAGGTG_Club,2.0156093,-4.436832,Club,1
M4_ACCTTTGAGGGATG_Tuft,-1.5990936,3.265083,Tuft,18
M4_ACCTTTGATGCCAA_Basal,0.7809843,0.007816737,Basal,0
M4_ACGAACACGTCACA_Club,0.62055385,3.6419625,Club,6
M4_ACGAACACTCCGTC_Ciliated,-1.7044791,15.255043,Ciliated,9
M4_ACGAACTGGTCATG_Club,2.0635045,4.660334,Club,10
M4_ACGACAACTGTGCA_Basal,1.4650903,-1.7098075,Basal,16
M4_ACGAGGGAACGCTA_Basal,-1.3396268,-3.3276913,Basal,4
M4_ACGAGGGAACGGTT_Basal,-1.0223584,-0.883624,Basal,2
M4_ACGAGGGAATGCCA_Basal,-0.28216082,-2.3289812,Basal,4
M4_ACGAGTACCAGTCA_Basal,-0.53655344,-3.4606936,Basal,231
M4_ACGAGTACTGCCTC_Club,-0.3968594,4.2745614,Club,6
M4_ACGATCGAATAAGG_Basal,0.44293663,-4.42567,Basal,1
M4_ACGCAATGCTTGGA_Basal,0.031668108,-2.8303182,Basal,2
M4_ACGCAATGGACTAC_Basal,0.4719746,-4.6175957,Basal,1
M4_ACGCACCTATCGAC_Basal,-0.6466884,-2.5446215,Basal,4
M4_ACGCCTTGACTGTG_Basal,1.6395687,-0.7188498,Basal,0
M4_ACGCCTTGATCGGT_Basal,0.5521803,-3.708961,Basal,1
M4_ACGCCTTGCTCGCT_Basal,-0.5169179,-4.7016616,Basal,7
M4_ACGCCTTGGCTAAC_Basal,-1.3141208,-3.8428466,Basal,4
M4_ACGCGGTGTTCTAC_Club,0.6186561,5.239307,Club,6
M4_ACGCTGCTCTACCC_Club,-0.48905763,3.8019845,Club,6
M4_ACGGAACTCTGGAT_Club,0.78980124,6.098636,Club,10
M4_ACGGAGGAATGTGC_Basal,-2.278958,-3.930541,Basal,4
M4_ACGGAGGATGAGCT_Basal,-1.1126075,-3.2968984,Basal,4
M4_ACGGCGTGACGCTA_Basal,-0.36473987,-0.9035169,Basal,2
M4_ACGGCGTGCCTTGC_Ciliated,-1.5247037,15.094408,Ciliated,9
M4_ACGGCGTGTGGTTG_Club,1.7671819,4.0197163,Club,6
M4_ACGGCTCTCCTATT_Basal,-1.3675445,-3.177773,Basal,4
M4_ACGGCTCTCTGAAC_Basal,1.2658796,-3.4920065,Basal,0
M4_ACGGCTCTGTGTCA_Basal,1.7049402,-4.8758616,Basal,1
M4_ACGGCTCTTACTTC_Basal,-2.4160466,-0.98884237,Basal,2
M4_ACGGGAGATAGAGA_Basal,-0.4072543,-4.1402917,Basal,4
M4_ACGGTAACACCATG_Basal,-2.109495,-4.445853,Basal,4
M4_ACGGTATGAAGAAC_Basal,-1.4594606,-3.198922,Basal,4
M4_ACGGTATGGTGTTG_Basal,-0.05463172,-4.1268363,Basal,1
M4_ACGGTATGTCGTTT_Basal,1.2628019,-3.7207177,Basal,1
M4_ACGGTCCTAAGAAC_Club,-0.34160095,3.5663798,Club,6
M4_ACGTAGACAGGGTG_Basal,0.9175969,-5.07131,Basal,7
M4_ACGTAGACGGATTC_Basal,0.1244366,-0.36279613,Basal,2
M4_ACGTCAGAGACGTT_Club,2.8326638,-2.3222024,Club,13
M4_ACGTCAGATCACGA_Club,-0.13594106,2.8492858,Club,6
M4_ACGTCCTGATACCG_Ciliated,-1.9315971,14.869595,Ciliated,9
M4_ACGTCCTGGGATTC_Club,1.6419897,3.4840086,Club,6
M4_ACGTGATGATGTCG_Basal,-0.6271176,-3.6356995,Basal,4
M4_ACGTGATGGGATCT_Basal,-0.8369114,-3.4155533,Basal,4
M4_ACGTGATGTCCAGA_Basal,-1.207064,-4.092576,Basal,4
M4_ACGTGATGTTCTGT_Basal,-1.0471649,-4.4309177,Basal,4
M4_ACGTTACTTCTACT_Basal,-0.34028697,-1.344225,Basal,2
M4_ACGTTGGACTGGTA_Basal,0.35369343,-5.335025,Basal,1
M4_ACGTTTACACCTGA_Basal,2.226469,-1.5810372,Basal,0
M4_ACGTTTACGTGAGG_Basal,2.2727947,-2.412472,Basal,0
M4_ACGTTTACTAAGGA_Basal,-1.8657423,-1.1344543,Basal,2
M4_ACGTTTACTCCTAT_Basal,-0.7724443,-1.2032374,Basal,2
M4_ACTAAAACTTGACG_Basal,0.8949254,-1.4982189,Basal,0
M4_ACTACGGAATCTCT_Basal,0.7653026,-4.479869,Basal,1
M4_ACTACGGATCCTGC_Basal,2.1773326,-4.0319037,Basal,1
M4_ACTACTACAAGATG_Basal,-0.43767715,-4.6943216,Basal,1
M4_ACTACTACCGGGAA_Basal,1.1572673,-1.4381471,Basal,0
M4_ACTACTACTAGAAG_Basal,1.8752209,-0.2806356,Basal,0
M4_ACTAGGTGACCTCC_Basal,1.8566784,-0.006763298,Basal,0
M4_ACTAGGTGCTCAGA_Ciliated,-2.411432,15.5336075,Ciliated,9
M4_ACTAGGTGGATGAA_Neuroendocrine,0.670216,-3.5190916,Neuroendocrine,1
M4_ACTATCACCTTCGC_Club,0.5213663,4.6665587,Club,6
M4_ACTATCACGCCATA_Basal,1.825546,-3.0599728,Basal,1
M4_ACTATCACGGAACG_Club,0.9621137,3.5549219,Club,6
M4_ACTATCACGGAAGC_Basal,-0.9124138,-1.8696704,Basal,2
M4_ACTATCACGTTCGA_Ciliated,-1.5899768,15.77021,Ciliated,21
M4_ACTCAGGAGATAAG_Club,1.6211926,5.238618,Club,10
M4_ACTCAGGATGCAAC_Basal,-0.67991406,-3.6095324,Basal,4
M4_ACTCCCGACTCCCA_Basal,-1.8462162,-0.43062893,Basal,2
M4_ACTCCTCTTCGACA_Club,-0.19794188,7.102523,Club,10
M4_ACTCGAGAAAGCCT_Club,2.1890438,4.63967,Club,44
M4_ACTCGAGAGAATGA_Basal,1.1197503,-2.588593,Basal,4
M4_ACTCGAGATAAGGA_Basal,-0.11574806,-2.4437091,Basal,232
M4_ACTCTATGCGAGTT_Basal,0.8382847,-1.4193844,Basal,0
M4_ACTCTATGTTCTCA_Basal,-2.0153103,-1.8333225,Basal,2
M4_ACTCTCCTATCTCT_Basal,-0.10473452,-1.7142444,Basal,65
M4_ACTCTCCTCATGCA_Club,-0.5084837,5.9841323,Club,10
M4_ACTCTCCTTTTGGG_Basal,1.631602,-1.3387532,Basal,1
M4_ACTGAGACCTTCTA_Club,0.31087297,4.0043344,Club,6
M4_ACTGTGGAAGGGTG_Basal,0.602226,-4.651386,Basal,1
M4_ACTTAAGAATCACG_Basal,-0.9391144,-2.742959,Basal,4
M4_ACTTAAGAGGACGA_Basal,-0.15061466,-3.8978822,Basal,4
M4_ACTTCAACATGTGC_Basal,0.08312926,-5.2384686,Basal,1
M4_ACTTCAACCCAAGT_Basal,1.2613891,-4.1707406,Basal,1
M4_ACTTCAACGTCGTA_Basal,0.092307635,-2.5977244,Basal,2
M4_ACTTCAACGTTAGC_Basal,0.011603085,-3.599057,Basal,7
M4_ACTTCCCTTTCGGA_Basal,-0.06146903,-0.8465,Basal,2
M4_ACTTGACTAACTGC_Basal,-1.3702922,-2.427578,Basal,233
M4_ACTTGACTTGGTTG_Club,-0.67159736,3.3847477,Club,6
M4_ACTTGGGAGCTATG_Basal,0.6912688,-2.877455,Basal,2
M4_ACTTGGGAGGTACT_Basal,0.48047888,-5.7666445,Basal,1
M4_ACTTTGTGAAACGA_Basal,-0.38640067,-2.0441258,Basal,234
M4_AGAAAGTGCATACG_Basal,0.1443745,-3.8498018,Basal,4
M4_AGAACAGAAATGCC_Basal,-0.7866426,-5.951235,Basal,7
M4_AGAACAGACATTCT_Basal,-0.26526988,-4.2409134,Basal,0
M4_AGAACAGAGGTGAG_Basal,2.5784626,-1.1639578,Basal,0
M4_AGAACAGATAACGC_Club,1.4484115,3.9933395,Club,6
M4_AGAACAGATCGCCT_Club,0.22834736,6.310422,Club,10
M4_AGAAGATGATCAGC_Club,0.8317224,5.102602,Club,6
M4_AGAATACTACTCTT_Basal,-1.3687731,-1.6748822,Basal,2
M4_AGAATGGAATCGAC_Ciliated,-3.044183,14.863181,Ciliated,9
M4_AGAATGGAGGGCAA_Club,-0.43613982,4.185695,Club,6
M4_AGAATGGAGTTGCA_Club,0.39246094,6.189949,Club,10
M4_AGAATGGATCTACT_Basal,-2.70932,-5.55213,Basal,7
M4_AGAATTTGGGGACA_Basal,1.5754128,0.46527833,Basal,0
M4_AGAATTTGTGCCTC_Ciliated,-2.0205123,15.133612,Ciliated,9
M4_AGAATTTGTTCCAT_Basal,1.1280602,-1.8673542,Basal,0
M4_AGACACACCTAAGC_Basal,0.0066913026,-2.2380054,Basal,4
M4_AGACACACGGTCTA_Basal,-0.48473188,-2.7428896,Basal,4
M4_AGACACTGTGCCCT_Club,1.1786126,5.7481346,Club,10
M4_AGACACTGTGTTTC_Basal,-2.1246865,-0.9334852,Basal,2
M4_AGACCTGACGAGAG_Basal,-0.9881297,-3.20644,Basal,4
M4_AGACCTGATGCCTC_Basal,0.105412,-4.9039536,Basal,1
M4_AGACGTACACACAC_Basal,0.5101516,-4.0925527,Basal,4
M4_AGACTCGACGTTAG_Basal,-0.52729285,-3.8162155,Basal,4
M4_AGACTCGATCACCC_Club,1.066176,3.6432934,Club,6
M4_AGACTGACAAACGA_Club,0.8513454,4.3835,Club,6
M4_AGACTGACTTCCAT_Basal,0.1719506,-4.6428914,Basal,1
M4_AGACTTCTCGCTAA_Basal,0.28488612,-4.716126,Basal,1
M4_AGAGAAACTACGCA_Basal,-2.3883624,-2.8720863,Basal,2
M4_AGAGAATGTTCGCC_Club,0.1740928,4.316749,Club,26
M4_AGAGATGACACACA_Basal,1.3215123,-2.6863124,Basal,0
M4_AGAGATGATTCTGT_Basal,0.50131017,-5.460611,Basal,1
M4_AGAGCGGACAGGAG_Basal,-0.37459633,-2.170573,Basal,4
M4_AGAGCTACTCCCAC_Basal,2.2777128,-3.3211205,Basal,0
M4_AGAGCTACTGCTTT_Basal,1.3922625,0.7483037,Basal,0
M4_AGAGGTCTTCGCAA_Basal,1.0098791,0.15981974,Basal,0
M4_AGAGTCACATGCTG_Club,0.9505489,3.9069378,Club,6
M4_AGAGTCTGCGGTAT_Basal,-0.36202466,-5.3777156,Basal,4
M4_AGAGTCTGGACTAC_Basal,-1.0712411,-5.7349854,Basal,7
M4_AGATATACCCCGTT_Basal,0.53665864,0.81490993,Basal,2
M4_AGATATACCCTTAT_Basal,1.7221564,0.71234185,Basal,0
M4_AGATATACTATGGC_Club,0.3349051,4.144793,Club,6
M4_AGATATTGCTGTCC_Basal,-1.414661,-2.8635757,Basal,4
M4_AGATATTGGCCCTT_Basal,-0.12513138,-4.2385397,Basal,4
M4_AGATATTGGTCGTA_Basal,0.7771149,0.0220072,Basal,235
M4_AGATCGTGCGAACT_Basal,0.53553665,-3.2210581,Basal,0
M4_AGATCGTGCGTGTA_Club,4.355359,6.817423,Club,13
M4_AGATCGTGTACTCT_Basal,0.5675151,-3.7342672,Basal,1
M4_AGATCTCTACTACG_Basal,2.8380828,-1.3012778,Basal,0
M4_AGATCTCTGCATCA_Basal,-1.6922113,-1.3964578,Basal,2
M4_AGATTAACGTTGCA_Basal,1.5696865,-3.233115,Basal,1
M4_AGATTCCTGACGTT_Basal,1.7763826,0.20269649,Basal,0
M4_AGATTCCTTTTCGT_Basal,0.8615027,-1.363154,Basal,0
M4_AGCAAAGAATTCCT_Basal,-0.34801105,-3.8888588,Basal,4
M4_AGCAACACAACCTG_Club,0.009799073,3.8302786,Club,6
M4_AGCAACACCTGCAA_Club,0.14538407,7.1276407,Club,10
M4_AGCAACACGGAACG_Basal,-1.6062251,-1.6191328,Basal,2
M4_AGCACAACACTTTC_Ciliated,-2.1253378,13.246502,Ciliated,22
M4_AGCACTGACTTGTT_Basal,1.8321205,-0.71444374,Basal,0
M4_AGCACTGATGATGC_Basal,1.6164789,-0.397486,Basal,0
M4_AGCATCGAACGGAG_Basal,1.9329144,-4.941964,Basal,1
M4_AGCATTCTGGTATC_Basal,2.0062943,-0.33846226,Basal,0
M4_AGCCAATGATCTTC_Basal,-0.6339438,-8.6194315,Basal,16
M4_AGCCACCTCCTTTA_Basal,0.83567154,-2.5475059,Basal,2
M4_AGCCACCTCGACTA_Basal,-0.79101294,-4.283113,Basal,4
M4_AGCCGGACAGCGTT_Club,-0.47426084,6.2395363,Club,10
M4_AGCCGGACCAAGCT_Basal,0.4779603,-4.9539814,Basal,1
M4_AGCCGGACTGCCAA_Basal,0.31028998,-4.7804413,Basal,1
M4_AGCCGGTGAGCGTT_Club,2.110823,5.081418,Club,10
M4_AGCCGGTGCCGTAA_Basal,1.2057595,-0.8319481,Basal,0
M4_AGCCGGTGGAGGCA_Basal,-0.84525764,-4.759892,Basal,4
M4_AGCCGTCTGCATCA_Basal,-0.51892066,-5.137054,Basal,7
M4_AGCCGTCTTCTGGA_Basal,-0.26872718,-5.1101694,Basal,7
M4_AGCCTCTGGTTGCA_Basal,-0.8154077,-4.580828,Basal,4
M4_AGCGAACTAGGAGC_Basal,-0.447246,-8.664075,Basal,16
M4_AGCGATACAAGATG_Club,-0.24195345,6.2468023,Club,10
M4_AGCGATACCTGATG_Neuroendocrine,1.7329663,-0.50649816,Neuroendocrine,0
M4_AGCGATTGTGGATC_Basal,-1.7267023,-2.3725288,Basal,2
M4_AGCGCTCTACCTAG_Basal,-2.0145655,-1.0838215,Basal,2
M4_AGCGCTCTTGCCCT_Basal,-0.18180248,-0.5282099,Basal,2
M4_AGCGGCACCAGTTG_Club,1.0380375,3.8727293,Club,6
M4_AGCGGCACGGGACA_Goblet,-0.95843804,3.021724,Goblet,18
M4_AGCGGCTGGAAGGC_Basal,0.8521087,-3.954197,Basal,1
M4_AGCGGGCTTCAGGT_Basal,-2.1611416,-3.6394653,Basal,4
M4_AGCGTAACCTCTTA_Basal,-1.099081,-0.911953,Basal,2
M4_AGCGTAACCTGCAA_Basal,-0.5102495,-4.546649,Basal,7
M4_AGCGTAACTAGACC_Basal,-0.26054382,-4.9002047,Basal,236
M4_AGCTGCCTCCATAG_Basal,-0.95154303,-3.63756,Basal,4
M4_AGCTTACTCAGGAG_Basal,-1.5673957,-3.3449771,Basal,4
M4_AGCTTTACAAAGTG_Basal,0.53578234,-1.5265692,Basal,0
M4_AGCTTTACACACGT_Basal,-0.92455745,-2.6500843,Basal,4
M4_AGCTTTACGCTGTA_Club,1.0674256,3.057071,Club,6
M4_AGGAAATGACTGGT_Basal,-1.4339947,-3.5652902,Basal,4
M4_AGGAAATGTTACCT_Basal,-1.1299046,-2.5083637,Basal,4
M4_AGGAACCTGGTAGG_Basal,-2.17456,-2.9439335,Basal,2
M4_AGGAATGAGCGAGA_Basal,-0.3849154,-5.3021483,Basal,4
M4_AGGACTTGCTCGAA_Basal,-0.45697436,-1.5705945,Basal,2
M4_AGGAGTCTGGACGA_Basal,-1.7361382,-3.5793715,Basal,4
M4_AGGAGTCTGTACAC_Basal,-1.5254412,0.045847803,Basal,2
M4_AGGATAGACCAAGT_Club,0.879934,4.3423915,Club,6
M4_AGGATGCTTATCGG_Basal,0.60202295,-3.1997344,Basal,1
M4_AGGCAACTCAGTTG_Basal,2.1185582,-0.6252202,Basal,0
M4_AGGCAACTTGTTTC_Basal,0.6775533,-4.222246,Basal,1
M4_AGGCAGGAGTATGC_Basal,-0.9941217,-6.295145,Basal,7
M4_AGGGACGACCCTTG_Club,0.088525385,7.386124,Club,10
M4_AGGGACGACTGTTT_Basal,0.7840044,-4.2078843,Basal,1
M4_AGGGAGTGCGACTA_Basal,2.4585967,-2.1595147,Basal,1
M4_AGGGCCTGGGACTT_Club,-0.5092707,5.942723,Club,13
M4_AGGGCGCTTGCAAC_Goblet,-2.658626,2.8723974,Goblet,18
M4_AGGGTGGAAGAGTA_Ciliated,-1.57495,15.631392,Ciliated,21
M4_AGGGTGGATAGTCG_Basal,1.0150447,-4.997255,Basal,1
M4_AGGTACACATCTTC_Basal,-0.39604777,-3.3549979,Basal,4
M4_AGGTACACCCTACC_Basal,-0.82820636,-8.735057,Basal,16
M4_AGGTACACTCGCTC_Basal,-1.935111,-1.9222255,Basal,2
M4_AGGTACACTCTCGC_Basal,0.108550765,-3.0480967,Basal,0
M4_AGGTACTGAAGTAG_Basal,-1.6551551,-4.213692,Basal,4
M4_AGGTACTGTAGCCA_Basal,0.22972386,-5.203768,Basal,1
M4_AGGTCATGAAGGCG_Ciliated,-1.9780264,15.44756,Ciliated,9
M4_AGGTCATGACACCA_Basal,-0.73497456,-3.8080096,Basal,4
M4_AGGTCATGGGGCAA_Basal,-2.3498635,-1.935072,Basal,2
M4_AGGTCTGAAACCTG_Basal,-1.6290532,-4.412652,Basal,4
M4_AGGTGGGAACGACT_Basal,-2.0540702,-2.3844967,Basal,2
M4_AGGTGGGACAGAAA_Ciliated,-1.6428914,15.189387,Ciliated,9
M4_AGGTGTTGGAGAGC_Goblet,-2.869839,2.8606913,Goblet,18
M4_AGGTGTTGTTTACC_Ciliated,-2.6180773,15.370592,Ciliated,9
M4_AGGTTCGATGCAAC_Ciliated,-2.3742952,15.670494,Ciliated,9
M4_AGGTTGTGCGTTAG_Basal,1.3728975,-1.0617644,Basal,237
M4_AGGTTGTGTCTATC_Basal,-0.4334814,-4.156013,Basal,4
M4_AGTAATACCTATTC_Basal,-0.7500662,-2.3716233,Basal,4
M4_AGTAATACTTCCAT_Basal,0.54285353,-0.106317796,Basal,2
M4_AGTAATACTTGTCT_Club,2.2000825,-4.1655765,Club,1
M4_AGTAATTGCATTCT_Basal,-1.987381,-2.2366157,Basal,2
M4_AGTAATTGCCACAA_Basal,1.815289,-0.38533437,Basal,0
M4_AGTACGTGAACCGT_Basal,-0.5641457,-8.771079,Basal,16
M4_AGTACGTGGTCATG_Basal,0.8936786,-0.88893735,Basal,0
M4_AGTACGTGTGGAAA_Basal,-0.07886877,-4.0117908,Basal,0
M4_AGTACTCTCGATAC_Basal,0.18621567,-5.2811546,Basal,1
M4_AGTAGGCTCCTTTA_Basal,-0.00044452815,-6.2918324,Basal,7
M4_AGTAGGCTTCCGTC_Club,0.29789597,4.7958302,Club,6
M4_AGTATAACTGGAAA_Club,-0.3769319,5.995657,Club,10
M4_AGTATCCTATGGTC_Club,0.07164605,6.8598547,Club,10
M4_AGTATCCTCTAGAC_Club,0.25366735,4.3497024,Club,6
M4_AGTATCCTGACACT_Club,1.4538593,2.8955133,Club,6
M4_AGTATCCTTTTGTC_Club,1.14701,4.88866,Club,6
M4_AGTCACGACCGATA_Basal,-1.8662558,-2.2749712,Basal,2
M4_AGTCACGAGGGATG_Basal,2.6252797,-2.2583432,Basal,0
M4_AGTCCAGACGGGAA_Basal,2.5603123,-2.0625355,Basal,0
M4_AGTCCAGACTAAGC_Ciliated,-1.5243185,15.473616,Ciliated,9
M4_AGTCGAACGCCATA_Ciliated,-2.2211926,14.991753,Ciliated,9
M4_AGTCTACTGTATGC_Basal,0.023146577,-6.132138,Basal,7
M4_AGTGAAGACGTAGT_Basal,0.78471696,-1.4244838,Basal,0
M4_AGTGACACCCCTCA_Club,2.0747297,4.0249934,Club,6
M4_AGTGACACGATAGA_Basal,1.767105,-0.6433762,Basal,0
M4_AGTGCAACAGCCAT_Club,0.10205454,3.7093523,Club,6
M4_AGTGCAACGGAAGC_Basal,1.3608408,0.7510725,Basal,0
M4_AGTTAAACAAGAGT_Basal,0.8158501,-3.1077223,Basal,1
M4_AGTTAAACTTGCGA_Basal,-3.0632346,-2.8933158,Basal,2
M4_AGTTCTTGCGTAGT_Club,2.0354617,3.83957,Club,6
M4_AGTTCTTGGTACCA_Club,0.31137565,0.91494966,Club,2
M4_AGTTCTTGTCAGAC_Club,-1.1278565,2.5517428,Club,6
M4_AGTTCTTGTGAGCT_Basal,2.2829962,-1.8640847,Basal,0
M4_AGTTCTTGTTGGTG_Club,1.3643006,4.091977,Club,6
M4_AGTTGTCTCTTGTT_Club,0.7229839,3.2574437,Club,6
M4_AGTTGTCTTCGTTT_Basal,2.02817,-0.16945481,Basal,0
M4_AGTTGTCTTTCGTT_Basal,-0.16739494,-1.0555556,Basal,2
M4_AGTTTAGAATACCG_Club,2.0309377,-4.5421143,Club,1
M4_AGTTTAGAGTCTTT_Basal,0.10483366,-1.67595,Basal,0
M4_AGTTTCACACCATG_Basal,-2.1310298,-3.139135,Basal,4
M4_AGTTTGCTTTCTGT_Basal,-1.5102726,-2.6339843,Basal,4
M4_ATAAACACAACCAC_Neuroendocrine,0.6459308,5.9842863,Neuroendocrine,10
M4_ATAAACACATCGAC_Basal,-0.023529598,-0.27601898,Basal,2
M4_ATAAACACTGTGCA_Basal,0.322127,-6.0108495,Basal,66
M4_ATAACAACCTGGAT_Basal,-0.5257674,-1.2999642,Basal,2
M4_ATAACATGTAGAGA_Basal,1.3823416,0.504865,Basal,0
M4_ATAACCCTAAAGCA_Basal,-0.18405451,-1.6262026,Basal,0
M4_ATAACCCTGCTACA_Basal,0.48313117,-4.6392574,Basal,1
M4_ATAAGTACCAACTG_Club,2.3212414,-3.2295809,Club,0
M4_ATAATCGACCGTAA_Basal,0.43435308,-5.2254753,Basal,1
M4_ATAATCGATCAGGT_Basal,0.13339894,-5.200819,Basal,1
M4_ATACAATGCGACAT_Club,0.10508885,7.057676,Club,10
M4_ATACAATGCTCGCT_Basal,0.9310751,-4.1227164,Basal,1
M4_ATACACCTAAGTAG_Basal,-0.758407,-8.67697,Basal,16
M4_ATACACCTTGCCAA_Club,-0.34763035,3.7085762,Club,6
M4_ATACACCTTTCCAT_Basal,1.2494594,-0.7248181,Basal,0
M4_ATACCGGAATTGGC_Basal,-0.5885757,-4.1746907,Basal,4
M4_ATACCTACCGTAAC_Basal,2.3818603,-2.2291157,Basal,0
M4_ATACCTACGCTAAC_Basal,0.76557356,-0.85734737,Basal,0
M4_ATACCTTGGTTGGT_Basal,-2.0365918,-2.4090612,Basal,2
M4_ATACCTTGTCTGGA_Club,1.6533018,4.124999,Club,6
M4_ATACGGACACTGTG_Basal,-0.198114,-0.65095204,Basal,2
M4_ATACGTCTAGCATC_Basal,-1.2458456,-3.4201267,Basal,4
M4_ATACGTCTCTGAAC_Ciliated,-1.3287292,15.186539,Ciliated,9
M4_ATACTCTGGCCCTT_Basal,0.9805583,-0.74131745,Basal,238
M4_ATACTCTGTAGTCG_Basal,1.985182,-1.6353086,Basal,1
M4_ATACTCTGTGACCA_Basal,-1.3568676,-1.8200148,Basal,2
M4_ATAGAACTTCGTAG_Ciliated,-2.6468744,14.900965,Ciliated,9
M4_ATAGAACTTGGAGG_Basal,2.0468493,-1.7022725,Basal,0
M4_ATAGATACGGTTTG_Club,-1.0518553,0.8487335,Club,2
M4_ATAGATACTCAGGT_Basal,0.62377185,-0.9670839,Basal,0
M4_ATAGATTGTGCTTT_Basal,0.09184521,-6.054482,Basal,7
M4_ATAGCGTGACGTGT_Basal,0.71899337,-2.6808748,Basal,1
M4_ATAGCGTGCATCAG_Club,2.1291363,-3.9265234,Club,1
M4_ATAGGAGACCTTTA_Tuft,16.911873,8.733314,Tuft,17
M4_ATAGGAGATGACTG_Basal,0.433964,-3.4894478,Basal,2
M4_ATAGGCTGGTCGAT_Basal,1.1354537,-5.353806,Basal,1
M4_ATAGTCCTCGAATC_Club,2.0483997,3.9807534,Club,6
M4_ATAGTCCTTGAACC_Club,-1.1167897,0.17662664,Club,2
M4_ATAGTTGATTCGGA_Ciliated,-2.5183122,15.640619,Ciliated,9
M4_ATATACGACTGACA_Basal,0.6762144,-0.9271373,Basal,0
M4_ATATAGTGAAGTAG_Basal,-0.93659365,-2.3777347,Basal,4
M4_ATATAGTGTAGCCA_Club,0.8800407,-3.2144177,Club,1
M4_ATATAGTGTGCAGT_Basal,-0.2564764,-1.5253826,Basal,2
M4_ATATGAACATCACG_Club,1.9305649,-3.9540875,Club,1
M4_ATATGAACCCCAAA_Basal,0.5023142,-2.6895392,Basal,1
M4_ATATGAACCTTCCG_Basal,0.028092425,-6.1818523,Basal,7
M4_ATATGAACTTCCCG_Basal,0.46883214,-3.3786237,Basal,1
M4_ATATGCCTCGAATC_Basal,-0.83391005,-2.5402215,Basal,4
M4_ATCAAATGAATCGC_Basal,-1.1583024,-3.4510014,Basal,7
M4_ATCAAATGCCTTGC_Basal,2.1690662,-1.776064,Basal,0
M4_ATCACACTAAAACG_Basal,-1.8424933,-3.4570622,Basal,4
M4_ATCACACTCGAACT_Basal,1.3500202,-4.783358,Basal,1
M4_ATCACACTCTTATC_Club,0.47307822,4.733652,Club,6
M4_ATCACACTTCATTC_Basal,0.112629786,-2.8290617,Basal,4
M4_ATCACGGACTCTCG_Club,2.0259743,3.8872821,Club,6
M4_ATCACTACATTGGC_Basal,-0.50081336,-0.61899155,Basal,2
M4_ATCACTACGGAAAT_Basal,0.9781244,-5.4825544,Basal,1
M4_ATCACTTGACCTAG_Basal,-0.58426404,-0.9229607,Basal,2
M4_ATCACTTGCCAATG_Club,0.18658032,6.5673933,Club,10
M4_ATCATCTGCTTCCG_Basal,-0.24002208,-1.1121343,Basal,2
M4_ATCATCTGCTTTAC_Basal,1.2847083,-3.8202777,Basal,1
M4_ATCCAGGACATTCT_Basal,1.4073366,0.6046374,Basal,0
M4_ATCCATACACCTTT_Basal,1.7068193,-4.6228356,Basal,1
M4_ATCCATACTCACGA_Basal,-1.3453604,-0.99973345,Basal,2
M4_ATCCCGTGAACGTC_Basal,-2.3979082,-1.0771388,Basal,2
M4_ATCCCGTGCTGAAC_Club,0.34959942,4.872942,Club,6
M4_ATCCCGTGTTTACC_Basal,-0.82331556,-0.5482914,Basal,2
M4_ATCCGCACACCGAT_Basal,-0.34196675,-8.70875,Basal,16
M4_ATCCGCACCGTACA_Basal,-0.988638,-8.618153,Basal,16
M4_ATCCGCACTCTGGA_Basal,0.6399189,-4.4139957,Basal,1
M4_ATCCTAACGATAAG_Basal,-1.2276996,-3.4619873,Basal,7
M4_ATCCTAACTCGCTC_Basal,0.25618425,-0.7302539,Basal,2
M4_ATCGACGATCAGAC_Basal,-1.01556,-2.8460593,Basal,4
M4_ATCGACGATGGGAG_Club,0.33039925,4.3497896,Club,6
M4_ATCGAGTGACGACT_Basal,-1.4875319,-4.06684,Basal,7
M4_ATCGAGTGGCGATT_Basal,0.8638772,-1.1139498,Basal,0
M4_ATCGCAGATCTACT_Basal,-0.46635854,-1.4837345,Basal,2
M4_ATCGGAACACGCAT_Basal,-0.1981184,-2.843089,Basal,4
M4_ATCGGAACTCAGGT_Basal,1.6926786,-0.95044714,Basal,0
M4_ATCGGTGAAAGAAC_Basal,-1.1892203,-1.4802979,Basal,2
M4_ATCGGTGAACTACG_Basal,-0.38350227,-3.2036839,Basal,4
M4_ATCGGTGATCCGAA_Basal,-1.9264549,-0.8408521,Basal,2
M4_ATCGTTTGCCAACA_Basal,-0.32527265,-5.1153336,Basal,1
M4_ATCTACTGAGTTCG_Basal,0.031443827,-2.7238033,Basal,4
M4_ATCTACTGGGACAG_Club,0.1303618,4.7772655,Club,6
M4_ATCTCAACACGCTA_Basal,0.59832484,-1.865422,Basal,1
M4_ATCTCAACGACAAA_Basal,-2.471741,-1.4350183,Basal,2
M4_ATCTCAACTTCCAT_Club,2.0368211,-4.790049,Club,1
M4_ATCTGACTCGAGTT_Basal,1.5992527,-0.33944762,Basal,0
M4_ATCTGGGAGCTTAG_Basal,1.4505996,-4.3751287,Basal,1
M4_ATCTGGGAGTTGGT_Basal,-0.7660325,-4.2825484,Basal,7
M4_ATCTGGGATCCGTC_Basal,-1.4380296,-2.327576,Basal,4
M4_ATCTTGACTAGACC_Club,-0.5117356,3.6360915,Club,6
M4_ATGAAACTCGTGAT_Ciliated,-2.4556234,15.777283,Ciliated,9
M4_ATGAAACTGTCGTA_Basal,-0.28490642,-4.411608,Basal,4
M4_ATGAGAGATGATGC_Basal,0.791136,-3.7892835,Basal,1
M4_ATGAGCACTGGTGT_Basal,-1.2442207,-6.1259313,Basal,7
M4_ATGAGCACTTACCT_Club,2.131077,-4.608849,Club,1
M4_ATGATAACAACCGT_Basal,0.8427306,-2.4734812,Basal,2
M4_ATGATAACCGCATA_Basal,1.5344256,-0.3901657,Basal,0
M4_ATGATAACGATAGA_Basal,0.073737256,-3.9668415,Basal,16
M4_ATGCACGAGATAAG_Basal,-0.87383497,-8.66425,Basal,16
M4_ATGCACGAGGTTTG_Tuft,16.72518,8.589014,Tuft,17
M4_ATGCACGAGTGAGG_Basal,0.99410176,-1.1569355,Basal,0
M4_ATGCAGACCGCATA_Basal,-0.7178857,-3.7484136,Basal,239
M4_ATGCAGTGGTCTTT_Basal,-1.4384288,-1.233673,Basal,2
M4_ATGCCAGAAAGATG_Basal,1.602898,0.8084728,Basal,0
M4_ATGCCGCTGAATAG_Basal,-0.20498373,-4.699535,Basal,4
M4_ATGCCGCTTGAAGA_Basal,-0.33609292,-2.5265229,Basal,4
M4_ATGCGATGCTATTC_Basal,0.43111423,-1.8569957,Basal,0
M4_ATGCGATGTACTCT_Basal,-1.0093005,-3.4233975,Basal,2
M4_ATGCGATGTGTGCA_Basal,-1.5070229,-3.162295,Basal,4
M4_ATGCGATGTTCGGA_Club,-0.060349353,3.6023064,Club,6
M4_ATGCGCCTCGAACT_Basal,-1.4037305,-2.0375931,Basal,2
M4_ATGGACACAGTCAC_Basal,-0.6697399,-2.319543,Basal,4
M4_ATGGGTACTATCGG_Basal,-1.5374126,-3.022342,Basal,4
M4_ATGGGTACTCCTAT_Basal,-0.55231977,-1.3412199,Basal,2
M4_ATGTAAACGGCGAA_Club,-0.37565294,6.817885,Club,10
M4_ATGTCACTGACGTT_Club,2.3234074,-3.3783028,Club,0
M4_ATGTCGGATTTCTG_Basal,1.6030873,-1.8481365,Basal,4
M4_ATGTTCACCCGCTT_Basal,1.1293409,-3.237572,Basal,1
M4_ATGTTCACGAGGGT_Basal,-1.4117416,-5.942752,Basal,7
M4_ATGTTCACTCACGA_Basal,-1.8962228,-3.5180588,Basal,4
M4_ATTAACGAACAGCT_Club,0.05950598,3.562097,Club,6
M4_ATTAACGATGTGCA_Basal,-1.17284,-0.06072406,Basal,2
M4_ATTAAGACCTTTAC_Basal,-2.0543203,-3.4745784,Basal,5
M4_ATTAAGACGTAGCT_Basal,-0.40073025,-2.3243995,Basal,4
M4_ATTACCACAGAGTA_Club,-0.21033888,3.714239,Club,6
M4_ATTACCTGCACAAC_Club,1.0223916,3.166425,Club,6
M4_ATTACCTGTTAGGC_Tuft,17.07533,9.069598,Tuft,17
M4_ATTAGATGCATTCT_Basal,-0.2923449,-5.304927,Basal,1
M4_ATTAGTGAACTTTC_Basal,-0.16051534,-2.2113645,Basal,4
M4_ATTAGTGACCCGTT_Basal,1.5843009,-1.2015052,Basal,0
M4_ATTAGTGAGAAGGC_Basal,0.13212988,-0.9652677,Basal,0
M4_ATTAGTGAGTTAGC_Club,4.3226986,6.7910094,Club,10
M4_ATTATGGAAAGTAG_Basal,1.5996116,0.47521076,Basal,0
M4_ATTATGGACTAGTG_Basal,-0.6688076,-3.5447702,Basal,4
M4_ATTATGGATTCAGG_Basal,1.484491,-0.07765755,Basal,0
M4_ATTATGGATTGTGG_Basal,-0.8624765,-1.7928035,Basal,2
M4_ATTCAAGAACCTGA_Basal,-0.8960154,-1.9706906,Basal,1
M4_ATTCAAGATCCTGC_Club,2.1138833,3.900212,Club,6
M4_ATTCAAGATGACTG_Basal,-1.1032428,-2.2816465,Basal,4
M4_ATTCAGCTCCCTAC_Basal,-1.3215888,-3.143949,Basal,4
M4_ATTCCAACAAAAGC_Club,1.9954545,4.0399504,Club,6
M4_ATTCCAACGACGTT_Basal,-0.16725497,-4.1243567,Basal,4
M4_ATTCCATGTTTACC_Basal,-0.749315,-0.89106476,Basal,2
M4_ATTCGACTCTTGCC_Basal,-1.1060936,-2.7209783,Basal,240
M4_ATTCTTCTAACGGG_Basal,1.3939488,-4.5348744,Basal,1
M4_ATTGAAACGTCTTT_Club,-0.6809101,3.5958278,Club,6
M4_ATTGATGAAAAACG_Basal,0.8301868,-3.2865005,Basal,1
M4_ATTGATGATCACCC_Ciliated,-2.4825332,14.969261,Ciliated,241
M4_ATTGCACTAAGTGA_Basal,-0.43814364,-3.770445,Basal,4
M4_ATTGCACTGGTAAA_Basal,0.1122561,-4.004431,Basal,7
M4_ATTGCGGACACTAG_Basal,-1.9978883,-1.3401537,Basal,2
M4_ATTGCGGATGACCA_Basal,-0.20732506,-1.9511262,Basal,0
M4_ATTGCTACACGCTA_Basal,1.3569641,-0.35579818,Basal,0
M4_ATTGCTTGAGCCAT_Basal,-1.1459401,-1.8224304,Basal,2
M4_ATTGGGTGGGGAGT_Goblet,-1.8811984,3.4304388,Goblet,18
M4_ATTGGTCTCCTGTC_Basal,-0.18347935,-2.2187004,Basal,0
M4_ATTGTCTGGACAGG_Basal,2.2198012,-2.3654568,Basal,242
M4_ATTGTCTGGGTCTA_Basal,-0.2758693,-4.852238,Basal,4
M4_ATTGTCTGGGTGAG_Club,0.101663746,4.444209,Club,26
M4_ATTTAGGAGGTTCA_Club,-2.1085467,-0.9454538,Club,10
M4_ATTTAGGATCGATG_Basal,1.7738255,-4.4568443,Basal,1
M4_ATTTCCGAGCTAAC_Basal,-1.2919079,-1.4529688,Basal,2
M4_ATTTCGTGAAGTGA_Basal,0.37762865,-3.2718692,Basal,1
M4_ATTTCGTGACCTTT_Basal,0.93102837,-5.850591,Basal,1
M4_ATTTCGTGTGCCAA_Basal,-2.1440394,-2.7206986,Basal,2
M4_ATTTCTCTCGCCTT_Basal,0.23367275,-4.050741,Basal,16
M4_ATTTGCACAGTTCG_Basal,-0.68971074,-3.1376717,Basal,4
M4_CAAACTCTGGAGGT_Basal,-1.311197,-1.8782829,Basal,0
M4_CAAAGCACAGGCGA_Basal,1.9865074,-2.2776694,Basal,0
M4_CAAAGCTGACGCAT_Basal,-1.91659,-1.901716,Basal,2
M4_CAAATATGTATGGC_Ciliated,-1.4419205,15.220239,Ciliated,9
M4_CAAATTGATTACCT_Basal,-2.588263,-2.5410967,Basal,2
M4_CAACAGACTCCCAC_Basal,-1.6901879,-2.311436,Basal,2
M4_CAACCAGAAGGGTG_Basal,0.19716932,-3.7839186,Basal,16
M4_CAACCAGATGGGAG_Club,-0.6322457,1.0170019,Club,2
M4_CAACGAACGCAGTT_Basal,0.62720716,-5.3590407,Basal,1
M4_CAACGATGCTGGAT_Basal,2.681892,-2.5646517,Basal,0
M4_CAACGATGTCCAAG_Club,-1.1580013,1.2499698,Club,2
M4_CAACGTGAAACCGT_Basal,-1.2865971,-4.0984707,Basal,4
M4_CAACGTGAAGCACT_Basal,1.0869741,-4.6883116,Basal,1
M4_CAACGTGACAGTCA_Goblet,-2.0022225,2.8551874,Goblet,18
M4_CAACTTTGTGCCTC_Basal,-1.4055761,-6.008285,Basal,7
M4_CAAGAAGACGTGAT_Club,-1.077287,0.81137663,Club,2
M4_CAAGAAGATTCGCC_Basal,0.4356342,-0.06793621,Basal,2
M4_CAAGCATGCCTCGT_Basal,1.21135,-3.2016976,Basal,0
M4_CAAGCATGGACGAG_Basal,0.023767067,-3.7450633,Basal,0
M4_CAAGCATGGGAGCA_Neuroendocrine,13.56542,-6.083124,Neuroendocrine,243
M4_CAAGCCCTCTGAGT_Basal,-0.62216234,-1.0978771,Basal,2
M4_CAAGCCCTTTCTAC_Club,0.85933053,6.2581596,Club,10
M4_CAAGCCCTTTTCAC_Basal,-0.027184868,-5.104823,Basal,1
M4_CAAGCTGAACGTGT_Basal,-2.1967826,-0.9534044,Basal,2
M4_CAAGGACTAAGCAA_Basal,-0.3844365,-3.2769887,Basal,2
M4_CAAGGACTAGATCC_Club,-0.47381052,0.37069866,Club,244
M4_CAAGGACTCGTACA_Basal,0.4301523,0.18394601,Basal,2
M4_CAAGGTTGCATTCT_Basal,-0.9739173,-8.741966,Basal,16
M4_CAAGTCGAACCGAT_Ciliated,-1.9594433,14.912443,Ciliated,9
M4_CAAGTCGATCGTTT_Basal,0.1043934,-4.105889,Basal,1
M4_CAAGTTCTCACTAG_Club,1.6070855,3.4603748,Club,6
M4_CAAGTTCTGACAAA_Club,-1.7403945,-0.24139497,Club,2
M4_CAATAAACTGGAAA_Basal,0.19765998,-5.4813356,Basal,1
M4_CAATCGGAATCGAC_Basal,-1.9266591,-3.232192,Basal,4
M4_CAATCGGAGTGAGG_Basal,2.0869434,0.037987262,Basal,0
M4_CAATCTACACCTGA_Club,0.6492235,4.5562234,Club,6
M4_CAATCTACTCTACT_Ciliated,-1.3645601,15.105486,Ciliated,9
M4_CAATCTACTTCCAT_Basal,-0.37683943,-8.736072,Basal,16
M4_CAATGGACAGGGTG_Basal,-0.047888074,-2.2044601,Basal,4
M4_CAATGGACCCACAA_Basal,1.040101,-5.1433697,Basal,245
M4_CACAACGAAACAGA_Basal,-1.0502943,-0.93689543,Basal,2
M4_CACAACGAGCTGAT_Basal,-1.1801697,-2.3134446,Basal,4
M4_CACAATCTATTCCT_Club,1.4153423,3.030399,Club,6
M4_CACAATCTTTCGGA_Basal,-3.020182,-2.9771798,Basal,5
M4_CACACCTGTACAGC_Basal,0.34343255,-4.7812924,Basal,1
M4_CACAGATGCCACAA_Basal,2.2352278,-2.0842001,Basal,0
M4_CACAGATGCCGCTT_Basal,-1.4591234,-3.2591186,Basal,4
M4_CACATGGAAAGGCG_Basal,0.18406986,-5.110394,Basal,1
M4_CACATGGATCTACT_Basal,-0.044465046,-5.0066805,Basal,1
M4_CACCCATGCTACTT_Basal,2.2298617,-2.40465,Basal,0
M4_CACCGGGAACCTTT_Basal,-0.66588897,-2.7448237,Basal,4
M4_CACCGGGAGCATCA_Basal,0.7197501,-4.9318147,Basal,1
M4_CACCGTTGAAACGA_Basal,-0.28055674,0.049191296,Basal,2
M4_CACCGTTGGGCGAA_Basal,2.0829308,-4.281716,Basal,1
M4_CACCGTTGTTTGGG_Club,1.0148226,4.051705,Club,6
M4_CACCTGACACCACA_Ciliated,-1.3038682,14.677533,Ciliated,28
M4_CACCTGACCGTTAG_Ciliated,-2.114582,15.374165,Ciliated,9
M4_CACGACCTCTGGAT_Basal,-1.0231943,-2.710532,Basal,4
M4_CACGCTACATACCG_Basal,2.2383366,-0.2653016,Basal,0
M4_CACGCTACTGAGGG_Basal,1.2579366,-0.92592776,Basal,0
M4_CACTATACGCGTTA_Basal,-1.2271446,-2.8437774,Basal,4
M4_CACTCCGATCCCGT_Basal,0.802783,-3.671863,Basal,1
M4_CACTCCGATGACTG_Basal,0.4745649,-5.3724647,Basal,7
M4_CACTGAGAAGTCTG_Club,0.29679126,4.197931,Club,6
M4_CACTGAGAGCTTCC_Club,0.096079834,4.81915,Club,6
M4_CACTGCACCCGTTC_Basal,-1.0985411,-1.3705556,Basal,2
M4_CACTTAACACCAAC_Basal,-0.9546313,-2.2002811,Basal,246
M4_CACTTAACCCTCCA_Basal,-1.2626832,-3.8298225,Basal,4
M4_CACTTATGCTCTAT_Basal,2.2189322,-1.9439874,Basal,0
M4_CACTTTGACCTTTA_Basal,-1.547513,-1.7129661,Basal,2
M4_CACTTTGAGCTATG_Basal,0.21225308,-6.4723325,Basal,7
M4_CAGAAGCTTCACCC_Basal,-0.9574412,-2.3285918,Basal,1
M4_CAGAAGCTTTGGTG_Basal,1.3989555,-0.73407435,Basal,0
M4_CAGACAACCCAATG_Club,0.10582859,3.9134266,Club,6
M4_CAGACAACGTTAGC_Basal,-1.5761001,-2.845398,Basal,4
M4_CAGACATGGGCGAA_Basal,-1.6030171,-1.5103039,Basal,2
M4_CAGACATGTGACTG_Basal,0.9364515,-1.9905084,Basal,2
M4_CAGACCCTCACTAG_Basal,-1.3912141,-5.8343644,Basal,7
M4_CAGACTGAACACTG_Basal,1.0563065,-3.7481818,Basal,1
M4_CAGACTGATTATCC_Basal,-0.09821389,-5.0028815,Basal,1
M4_CAGAGGGAAGCTAC_Basal,0.6178177,-0.8610825,Basal,0
M4_CAGAGGGAGAGGTG_Basal,0.8638932,-3.4683025,Basal,0
M4_CAGAGGGAGATAAG_Basal,0.16367456,-5.041546,Basal,1
M4_CAGATCGACAGATC_Basal,-1.7094533,-2.8827174,Basal,4
M4_CAGATCGATAGAAG_Basal,-0.11221199,-4.816633,Basal,1
M4_CAGATGACCACCAA_Basal,1.813795,-5.3178463,Basal,1
M4_CAGATGACGAATCC_Basal,-0.25448915,-2.393878,Basal,4
M4_CAGCATGAAAGGGC_Basal,-0.96131957,-3.9381692,Basal,4
M4_CAGCATGATTTGTC_Basal,0.07334722,-1.4377005,Basal,0
M4_CAGCCTACTCACGA_Basal,0.22439976,-4.981773,Basal,1
M4_CAGCCTTGCTACGA_Basal,-0.3020388,-2.2452235,Basal,247
M4_CAGCCTTGTGGAAA_Club,0.3038536,3.7387168,Club,6
M4_CAGCGTCTCACTTT_Basal,1.055175,-3.736499,Basal,1
M4_CAGCGTCTTAAGGA_Ciliated,-2.4247153,15.679697,Ciliated,9
M4_CAGCTAGATGCACA_Club,0.07355647,7.311243,Club,10
M4_CAGCTCACAAAACG_Basal,0.9623169,-1.0431159,Basal,0
M4_CAGCTCACGTGAGG_Basal,-1.6700487,-2.3277059,Basal,2
M4_CAGCTCTGCTTCCG_Ciliated,-1.7242438,15.265149,Ciliated,9
M4_CAGGAACTATCGAC_Basal,-0.33225814,-5.6937885,Basal,7
M4_CAGGCCGACTGTAG_Basal,-1.0004025,-8.594474,Basal,16
M4_CAGGGCACGTTAGC_Basal,-0.9661793,-8.522514,Basal,16
M4_CAGGTATGACTAGC_Basal,2.2390993,-0.4452394,Basal,0
M4_CAGGTATGATTCTC_Club,0.40596154,1.069426,Club,2
M4_CAGGTATGTGAACC_Basal,1.2313621,-2.8080366,Basal,0
M4_CAGGTTGAAGCGTT_Club,1.0445594,4.0191483,Club,6
M4_CAGTCAGATTCACT_Club,0.94573694,3.1600773,Club,6
M4_CAGTGATGCTGTAG_Basal,1.9869616,-3.489165,Basal,1
M4_CAGTGATGCTTAGG_Basal,-2.114726,-0.6609004,Basal,2
M4_CAGTGTGACCTGTC_Basal,-0.33518568,-4.7999525,Basal,7
M4_CAGTTACTCGCATA_Basal,0.17224783,-6.120956,Basal,1
M4_CAGTTACTTATGCG_Basal,-2.112312,-3.6370382,Basal,4
M4_CAGTTACTTCTTTG_Basal,0.12076113,-5.5254717,Basal,55
M4_CAGTTACTTGAGAA_Basal,1.8720863,0.05406677,Basal,0
M4_CAGTTGGAGGAGTG_Club,-0.376726,4.065844,Club,6
M4_CAGTTGGAGTTAGC_Basal,0.66277975,-3.609875,Basal,1
M4_CATAAAACCTGTAG_Neuroendocrine,13.61788,-6.1502943,Neuroendocrine,19
M4_CATAAATGACACCA_Basal,-1.0967404,-2.8179593,Basal,4
M4_CATAACCTTTCTGT_Basal,2.1878,-1.1968089,Basal,0
M4_CATACTTGAGTCGT_Basal,0.9677822,-4.6184053,Basal,1
M4_CATAGTCTCGTACA_Basal,1.8874316,-2.1144438,Basal,0
M4_CATATAGATTGTCT_Basal,-1.8195325,-1.4797428,Basal,2
M4_CATCAGGAGGACTT_Club,0.5013701,5.3569846,Club,6
M4_CATCATACATTCGG_Club,1.8941351,3.895899,Club,6
M4_CATCATACTTCTAC_Basal,-2.6151729,-2.556895,Basal,2
M4_CATCCCGATCTGGA_Basal,0.87788504,-0.72821355,Basal,248
M4_CATCGCTGGGAAGC_Basal,-2.1814342,-1.1967461,Basal,2
M4_CATCGCTGTGGAGG_Basal,-1.7767503,-2.863333,Basal,2
M4_CATCGGCTATTTCC_Basal,1.400901,-3.354764,Basal,0
M4_CATCGGCTCCACCT_Basal,-0.6907379,-2.817144,Basal,4
M4_CATCTTGACGGGAA_Basal,-1.7739295,-1.1381121,Basal,2
M4_CATCTTGAGTCTAG_Basal,-0.028378472,-0.89371103,Basal,2
M4_CATGAGACGGAGGT_Basal,0.50306463,-4.652253,Basal,1
M4_CATGAGACTGGAAA_Basal,-0.9037948,-1.6544863,Basal,2
M4_CATGCCACCTTATC_Club,1.4168106,-3.6928666,Club,1
M4_CATGCGCTCATCAG_Basal,-0.012003177,-0.5594666,Basal,2
M4_CATGCGCTGTTGCA_Basal,0.7357238,-1.188106,Basal,0
M4_CATGGATGAGATGA_Basal,-0.16901907,-4.7387843,Basal,4
M4_CATGTACTCCTACC_Basal,0.0563679,-1.5774868,Basal,249
M4_CATGTACTGACACT_Club,-1.1740746,0.5843869,Club,10
M4_CATGTTACAAAGCA_Basal,-0.67636174,-4.411745,Basal,1
M4_CATGTTTGTTTCAC_Club,1.2320426,4.2953467,Club,6
M4_CATTAGCTTCTTTG_Basal,1.6916641,-0.50209504,Basal,0
M4_CATTCCCTAAGCCT_Basal,1.4459221,-3.1154833,Basal,0
M4_CATTCCCTTAAGGA_Basal,0.15410833,-0.7769876,Basal,2
M4_CATTCCCTTCCCAC_Ciliated,-2.575018,14.95396,Ciliated,9
M4_CATTGACTCACTTT_Basal,-0.60171705,-2.2257078,Basal,4
M4_CATTGGGATCGATG_Basal,2.0740297,-4.4258065,Basal,1
M4_CATTGTACCCTACC_Club,2.2156076,-3.2282526,Club,0
M4_CATTGTACCTGTAG_Club,1.7443972,4.894548,Club,10
M4_CATTGTACTTCATC_Basal,0.3330663,-4.5194216,Basal,1
M4_CATTGTTGGGTATC_Basal,-1.005743,-3.052675,Basal,4
M4_CATTGTTGGTGCTA_Club,0.82844293,5.732833,Club,10
M4_CATTGTTGTCTGGA_Basal,-2.1727362,-1.2490168,Basal,2
M4_CATTTCGACTGAGT_Club,-0.17665383,3.979405,Club,6
M4_CATTTCGAGGTACT_Basal,0.4322652,-1.1134236,Basal,0
M4_CATTTCGATCTCAT_Basal,1.4274688,0.5897687,Basal,0
M4_CATTTGACGTTGAC_Basal,-2.1641662,-2.741426,Basal,2
M4_CATTTGACTTCACT_Basal,0.042763155,-3.3419318,Basal,1
M4_CCAAAGTGAACTGC_Basal,-0.8533121,-1.5466892,Basal,2
M4_CCAACCTGGTCGTA_Club,-0.66413987,6.208791,Club,10
M4_CCAACCTGTACGCA_Club,1.7315251,4.0199428,Club,6
M4_CCAAGAACAGATGA_Club,1.5398363,3.9016416,Club,6
M4_CCAAGAACCCTCAC_Basal,-0.30263332,-0.6767597,Basal,2
M4_CCAAGAACTTTCAC_Club,0.897178,5.5580053,Club,10
M4_CCAAGATGCGTCTC_Club,-0.48044074,3.4873786,Club,6
M4_CCAAGTGAAGCGGA_Basal,-1.8102144,-2.724073,Basal,4
M4_CCAAGTGATCTCGC_Club,2.6383827,4.7777014,Club,23
M4_CCACCTGAATTCCT_Basal,-0.8441254,-2.3364618,Basal,4
M4_CCACCTGAGTAGCT_Basal,-1.2416319,-3.4383862,Basal,4
M4_CCACGGGATTGCAG_Club,6.863233,4.3141327,Club,6
M4_CCACTGACAAGCCT_Club,4.813848,7.513828,Club,250
M4_CCACTGACAGTCGT_Club,0.5954405,4.4199767,Club,6
M4_CCACTGTGGCCCTT_Basal,0.7715284,-3.6622465,Basal,0
M4_CCACTGTGGGTCTA_Club,4.885087,8.234006,Club,251
M4_CCACTTCTCCAGTA_Basal,1.6696842,0.053831555,Basal,0
M4_CCAGAAACACAGCT_Basal,-1.0870444,-2.5142417,Basal,4
M4_CCAGACCTCCCACT_Basal,1.6239673,-5.0583067,Basal,7
M4_CCAGATGAGGACTT_Basal,-2.35065,-1.1773583,Basal,2
M4_CCAGCACTCTTCCG_Basal,0.5243074,-3.9644516,Basal,1
M4_CCAGCGGAGTTGCA_Basal,0.12218217,-3.5961628,Basal,1
M4_CCAGCTACCCGTAA_Basal,1.3298131,-3.7846584,Basal,1
M4_CCAGCTACTCGCAA_Basal,-2.1766336,-2.6614394,Basal,2
M4_CCAGCTACTTCGTT_Basal,1.6399051,-5.102945,Basal,1
M4_CCAGTGCTTCCCGT_Ciliated,-2.3240173,14.963618,Ciliated,9
M4_CCAGTGCTTCTTTG_Ciliated,-1.8172193,14.973334,Ciliated,9
M4_CCATAGGATCTTAC_Basal,2.3924067,-0.26567203,Basal,0
M4_CCATAGGATTCTCA_Basal,0.79504013,-4.028692,Basal,0
M4_CCATCCGACGACTA_Basal,-1.8550514,-2.625404,Basal,252
M4_CCATCCGATTCCGC_Neuroendocrine,-1.1492934,-3.7710729,Neuroendocrine,1
M4_CCATCGTGGCCAAT_Basal,-0.844647,-3.436852,Basal,4
M4_CCATGCTGCCTATT_Basal,0.36966366,-3.006486,Basal,0
M4_CCATGCTGTTACCT_Basal,1.8024557,-0.2622448,Basal,0
M4_CCATTAACATGTGC_Basal,-1.8712901,-1.2522925,Basal,2
M4_CCCAAAGAGCTACA_Basal,0.1927136,-2.306784,Basal,4
M4_CCCAACACAGGTTC_Basal,-1.9245085,-2.3494503,Basal,2
M4_CCCAACACGTCTTT_Club,4.288034,6.1237354,Club,10
M4_CCCAACTGGCTGAT_Basal,-2.525913,-3.9816828,Basal,5
M4_CCCAACTGGTACCA_Basal,0.6334604,-1.4966699,Basal,253
M4_CCCAGACTCGTCTC_Basal,-1.1036556,-1.5424371,Basal,2
M4_CCCAGTTGACTACG_Basal,-0.3274008,-0.6019098,Basal,72
M4_CCCAGTTGGGTCAT_Club,1.3082356,5.314487,Club,10
M4_CCCAGTTGTCCCGT_Basal,-0.43694556,-0.7143998,Basal,2
M4_CCCAGTTGTGTGAC_Club,1.4906428,4.109585,Club,6
M4_CCCATCGAACCGAT_Basal,2.0432818,-2.101162,Basal,0
M4_CCCATGTGCCGTAA_Basal,-1.2156031,-3.0812995,Basal,4
M4_CCCGATTGGCTAAC_Basal,-1.0756035,-3.464023,Basal,4
M4_CCCGGAGATCCTAT_Club,4.537196,4.587214,Club,10
M4_CCCTACGAGCTAAC_Basal,0.44957793,-0.9760343,Basal,0
M4_CCCTAGTGGACGTT_Basal,-0.9893119,-2.7076075,Basal,254
M4_CCCTCAGACTTATC_Basal,-0.99533075,-3.2995532,Basal,4
M4_CCCTGAACACACAC_Basal,-0.054922197,-0.96714026,Basal,2
M4_CCCTGATGAGGAGC_Ciliated,-2.2769434,14.989721,Ciliated,255
M4_CCCTGATGGGAAGC_Club,1.6950531,3.6968935,Club,6
M4_CCCTTACTGGGCAA_Basal,0.25245452,-5.032539,Basal,1
M4_CCCTTACTGGTTTG_Basal,-0.5529016,-8.842734,Basal,16
M4_CCGACACTGCGGAA_Club,-0.3470411,1.7873323,Club,2
M4_CCGACTACATTGGC_Basal,-1.0859996,-3.128312,Basal,4
M4_CCGATAGACGTAGT_Basal,-1.9695207,-3.6330848,Basal,4
M4_CCGATAGAGTTGCA_Basal,-0.7084239,-8.704448,Basal,16
M4_CCGATAGATGAACC_Basal,1.2795936,0.4211984,Basal,0
M4_CCGATAGATGGAAA_Club,0.3956857,5.994541,Club,6
M4_CCGCGAGATTTGTC_Club,4.9018297,4.540649,Club,10
M4_CCGCTATGGGTAAA_Basal,1.5964092,-0.09063354,Basal,0
M4_CCGGAGACCCAATG_Basal,1.1338539,-1.1516593,Basal,0
M4_CCGGAGACGTCACA_Ionocyte,2.816147,5.9084544,Ionocyte,25
M4_CCGGAGTGCCCTCA_Basal,0.052735098,-1.8901184,Basal,0
M4_CCGGTACTAGCAAA_Basal,-0.6721957,-2.7254167,Basal,256
M4_CCGGTACTTGGCAT_Basal,0.5702191,-4.3413634,Basal,1
M4_CCGTAAGACACCAA_Basal,-0.25761458,-1.7987683,Basal,2
M4_CCGTAAGACGGTAT_Ciliated,-1.6242921,15.299739,Ciliated,9
M4_CCGTACACCGTAGT_Basal,-2.1206572,-1.5791274,Basal,2
M4_CCTAAACTCGTTAG_Basal,1.8827465,-1.4690229,Basal,0
M4_CCTAAACTGTCTGA_Basal,-0.11418184,-5.5021195,Basal,1
M4_CCTAAGGAACGACT_Club,4.5250225,6.9940915,Club,10
M4_CCTAAGGACATTTC_Club,0.44471827,4.696336,Club,6
M4_CCTAAGGATCATTC_Basal,1.6231912,-2.737408,Basal,0
M4_CCTACCGACCCGTT_Basal,-1.0993292,-2.938089,Basal,4
M4_CCTACCGACTCCCA_Club,1.3820208,3.017098,Club,6
M4_CCTACCGACTGAAC_Basal,1.8900222,-0.02761939,Basal,0
M4_CCTAGAGAGGGACA_Basal,-1.1700041,-1.876726,Basal,2
M4_CCTAGAGAGGGATG_Basal,-1.0435328,-3.9749637,Basal,257
M4_CCTAGAGATCGACA_Basal,-0.94899124,-1.5419708,Basal,2
M4_CCTAGAGATTTACC_Basal,-1.0838544,-4.37626,Basal,4
M4_CCTATTGACACTTT_Basal,1.239174,-4.3105106,Basal,1
M4_CCTATTGACAGAAA_Basal,1.8154832,-4.637992,Basal,1
M4_CCTCATCTGTTGAC_Club,-0.43305105,5.683789,Club,10
M4_CCTCATCTTATTCC_Basal,-1.5351015,-3.339476,Basal,4
M4_CCTCATCTTCGTGA_Ciliated,-2.050208,14.963786,Ciliated,9
M4_CCTCATCTTGGTAC_Basal,1.5433042,0.9868408,Basal,13
M4_CCTGACTGACGCTA_Club,1.6913893,3.8652503,Club,6
M4_CCTGACTGTCTACT_Basal,-1.0931351,-3.030925,Basal,4
M4_CCTGAGCTAGGGTG_Club,0.88893986,3.197471,Club,6
M4_CCTGAGCTCGTACA_Basal,0.17650454,-0.37156522,Basal,2
M4_CCTGAGCTTGGAAA_Basal,0.6556423,-4.7179766,Basal,1
M4_CCTTAATGATGACC_Basal,0.42317826,-1.1026654,Basal,0
M4_CCTTAATGCTTGGA_Basal,-0.2657689,-3.9894247,Basal,1
M4_CCTTAATGGTACGT_Basal,-1.2861446,-3.0355692,Basal,4
M4_CCTTTAGATTACCT_Club,0.1447571,4.497636,Club,6
M4_CCTTTAGATTTCTG_Club,1.3966134,3.6730883,Club,6
M4_CGAACATGAAGATG_Basal,0.4563767,-1.2716277,Basal,2
M4_CGAACATGATTCTC_Basal,-1.043688,-3.6204445,Basal,4
M4_CGAACATGGTCTTT_Basal,-0.5214374,-1.4058394,Basal,2
M4_CGAACATGTGCAGT_Basal,-0.20534004,-4.326696,Basal,1
M4_CGAAGGGAAGCGGA_Club,1.6804891,3.943266,Club,6
M4_CGAAGTACCTTACT_Basal,-0.21917672,-3.5571125,Basal,258
M4_CGAATCGAATTGGC_Basal,0.9060926,-5.343601,Basal,1
M4_CGAATCGACATACG_Basal,-0.51047814,-4.6075764,Basal,4
M4_CGAATCGAGCATCA_Basal,0.48704273,-0.025535118,Basal,2
M4_CGACAAACCCTTAT_Club,-1.1752821,5.909961,Club,10
M4_CGACCACTATTCCT_Club,2.8530893,4.9481726,Club,23
M4_CGACCACTGTCTAG_Club,4.2349916,6.329119,Club,10
M4_CGACCGGAACCAGT_Basal,0.84809923,-3.1111202,Basal,1
M4_CGACCTACAGCGGA_Basal,2.4416144,-2.5743146,Basal,0
M4_CGACCTTGAAAACG_Basal,-0.11472016,-4.8902164,Basal,1
M4_CGACCTTGCCTACC_Ciliated,-2.0449955,14.819484,Ciliated,9
M4_CGACCTTGGCAGAG_Basal,-0.9964702,-3.825351,Basal,4
M4_CGACCTTGGCGAGA_Basal,-0.34488517,-4.914785,Basal,1
M4_CGACTCACGGTAGG_Ciliated,-2.190611,14.851555,Ciliated,9
M4_CGACTGCTAATGCC_Ciliated,-2.6226773,15.55375,Ciliated,9
M4_CGAGATTGCGCATA_Basal,2.3044531,-0.4383143,Basal,0
M4_CGAGCCGAACCCTC_Basal,-1.0667367,-3.5905414,Basal,4
M4_CGAGCCGATTAGGC_Goblet,-1.914573,2.7421017,Goblet,18
M4_CGAGCGTGATTCCT_Basal,1.8751647,-0.59393716,Basal,67
M4_CGAGCGTGCCGTTC_Basal,1.3989574,-1.9541712,Basal,0
M4_CGAGCGTGTGGTCA_Basal,-2.134291,-3.109918,Basal,5
M4_CGAGCGTGTTGAGC_Basal,-0.7323335,-5.2317853,Basal,7
M4_CGAGGAGAACCGAT_Basal,0.70830524,-4.719287,Basal,1
M4_CGAGGCTGGGGCAA_Basal,0.91985303,-3.8364334,Basal,0
M4_CGAGGCTGTGTAGC_Basal,-0.6915812,-1.9719299,Basal,2
M4_CGAGTATGTAGCGT_Basal,1.8100379,-3.7419505,Basal,259
M4_CGATACGACGGAGA_Club,0.59037095,-3.0395613,Club,1
M4_CGATAGACTGCTGA_Basal,1.78295,-4.0419874,Basal,1
M4_CGCAAATGCCTATT_Basal,-1.3699552,-0.5061266,Basal,2
M4_CGCAAATGGGAAAT_Basal,-0.31612426,-2.1505194,Basal,4
M4_CGCAAATGTGGTAC_Club,0.45640916,6.23192,Club,10
M4_CGCACTACGGACGA_Basal,-0.71453047,-1.8961619,Basal,2
M4_CGCACTTGCGACAT_Club,0.15306853,1.2844495,Club,2
M4_CGCACTTGTTGTCT_Club,0.86377203,5.5716443,Club,10
M4_CGCAGGACAAACGA_Club,0.20661685,6.314273,Club,10
M4_CGCAGGACGGTTCA_Basal,-1.3910868,-0.25133285,Basal,2
M4_CGCCATTGTGACCA_Club,0.81950396,5.922343,Club,10
M4_CGCCGAGATTACCT_Basal,-2.1512094,-2.2874455,Basal,2
M4_CGCCTAACAACAGA_Club,1.0427035,4.277255,Club,6
M4_CGCCTAACGGTTCA_Club,1.5066715,3.8044088,Club,6
M4_CGCCTAACTGACTG_Basal,-1.1778424,-4.795469,Basal,7
M4_CGCCTAACTGTTTC_Neuroendocrine,0.23573856,-4.006197,Neuroendocrine,2
M4_CGCGAGACGGTTCA_Basal,1.4071654,-4.709281,Basal,1
M4_CGCGAGACGTAGGG_Basal,-0.31594953,-3.0222874,Basal,4
M4_CGCGATCTCACACA_Basal,-1.1376988,-2.9878998,Basal,4
M4_CGCGATCTCTGATG_Basal,-0.2749896,-1.6984608,Basal,4
M4_CGCGATCTTGAGCT_Basal,0.39152962,-2.7155917,Basal,0
M4_CGCTAAGAGGAGCA_Club,2.4864054,-3.0665727,Club,0
M4_CGCTACACTGTCGA_Basal,-0.9702326,-3.9193623,Basal,4
M4_CGCTACTGGAATAG_Basal,1.4058813,-0.2844992,Basal,0
M4_CGCTCATGAGAAGT_Basal,0.8233364,-5.514334,Basal,1
M4_CGCTCATGTCTGGA_Basal,-0.13451426,-5.5106196,Basal,1
M4_CGGAATTGAAACGA_Basal,1.1323043,-1.126335,Basal,0
M4_CGGAATTGGCCTTC_Basal,-1.8916745,-1.0159913,Basal,2
M4_CGGACCGATCGTTT_Club,-0.6785211,4.3128486,Club,260
M4_CGGACCGATCTGGA_Neuroendocrine,1.6693274,-0.13220297,Neuroendocrine,0
M4_CGGACTCTCGCCTT_Basal,1.8977194,-1.7459607,Basal,0
M4_CGGAGGCTTGGTTG_Club,0.98207176,5.92264,Club,10
M4_CGGATAACCCTTTA_Basal,-1.5103614,-0.9103797,Basal,2
M4_CGGATAACTAACCG_Basal,0.95604396,-3.4489963,Basal,1
M4_CGGATATGAAGCCT_Basal,0.023013864,-2.1912315,Basal,1
M4_CGGATATGACGGTT_Basal,1.845782,-2.401408,Basal,0
M4_CGGATATGAGTCGT_Basal,0.23419446,-0.91243106,Basal,0
M4_CGGATATGGACGGA_Basal,0.042957474,-2.6018095,Basal,4
M4_CGGCACGACTCTAT_Basal,-2.1176589,-1.8896616,Basal,2
M4_CGGCACGAGAACCT_Basal,2.6185691,-1.9418312,Basal,0
M4_CGGCATCTTCTAGG_Club,1.1510422,2.1948617,Club,13
M4_CGGCATCTTTGGTG_Basal,-2.2001002,-4.069104,Basal,4
M4_CGGCCAGAAGAGGC_Basal,2.0919147,-0.08670002,Basal,0
M4_CGGCCAGACCCTAC_Ciliated,-1.9945952,14.95697,Ciliated,9
M4_CGGCCAGAGAAGGC_Basal,-0.2471174,-4.4360957,Basal,4
M4_CGGCCAGATACTCT_Basal,1.3484946,0.8475628,Basal,0
M4_CGGCCAGATGGAAA_Basal,-0.53677267,-3.555324,Basal,4
M4_CGGCGAACCTGGTA_Basal,0.3513436,-6.1180043,Basal,7
M4_CGGCGATGCCAGTA_Basal,-0.14435329,-0.8636178,Basal,2
M4_CGGCGATGGAGACG_Basal,1.2377763,-5.157802,Basal,1
M4_CGGCGATGTAGCGT_Basal,-2.3672361,-1.6934893,Basal,4
M4_CGGGACTGGTCCTC_Basal,-1.2291185,-1.6128554,Basal,2
M4_CGGGACTGGTTGTG_Basal,-2.227506,-1.9199674,Basal,2
M4_CGGGACTGTTCCCG_Basal,-1.2813969,-3.6515226,Basal,4
M4_CGGTAAACAGCGTT_Basal,-2.2634175,-1.0699167,Basal,2
M4_CGGTAAACCAGATC_Club,0.36908823,4.496605,Club,6
M4_CGGTAAACCTCGAA_Basal,0.667228,-2.6240008,Basal,1
M4_CGGTAAACTAAGCC_Basal,-2.5665038,-2.7675169,Basal,2
M4_CGGTAAACTCTTAC_Basal,-1.0455642,-2.419625,Basal,4
M4_CGGTACCTAAGGTA_Basal,-0.027066216,-4.6430573,Basal,7
M4_CGGTCACTATGTGC_Basal,-0.6354729,-2.3793764,Basal,4
M4_CGTAACGAGTTCGA_Basal,-2.6358008,-3.737025,Basal,5
M4_CGTACAGAGTCGTA_Basal,-1.2327175,-3.0550938,Basal,4
M4_CGTACCACACGGGA_Basal,0.582058,-4.3649654,Basal,1
M4_CGTACCTGGTACCA_Basal,-2.2815888,-4.0024457,Basal,5
M4_CGTCAAGAAACAGA_Basal,2.2545335,-0.115124956,Basal,0
M4_CGTCAAGAGTCGAT_Basal,-0.699047,-0.260234,Basal,2
M4_CGTCAAGATCGACA_Basal,-0.09067198,-3.4152896,Basal,261
M4_CGTCCAACCTGCAA_Basal,0.35248035,-5.2151427,Basal,1
M4_CGTCCAACGAGGTG_Basal,-0.67201763,-8.770509,Basal,16
M4_CGTCCATGAAGTAG_Club,0.16735198,7.106314,Club,10
M4_CGTCCATGTCACGA_Basal,-0.29551408,-4.6170063,Basal,1
M4_CGTGAAACCTGATG_Basal,2.6089842,-2.0589173,Basal,13
M4_CGTGAATGGAACCT_Club,2.0429366,-3.4242826,Club,262
M4_CGTGATGATCCTGC_Basal,-1.4154551,-3.7057009,Basal,4
M4_CGTGCACTAGTACC_Basal,-0.73387116,-4.08369,Basal,1
M4_CGTGCACTCTAGAC_Club,1.3528919,3.443488,Club,6
M4_CGTTAACTAATCGC_Basal,0.61722606,-4.698613,Basal,1
M4_CGTTAACTTCAAGC_Basal,-1.7065037,-3.017507,Basal,2
M4_CGTTAGGAAATCGC_Basal,1.234829,-4.2190557,Basal,1
M4_CGTTAGGACGAGTT_Basal,0.6645123,-5.264366,Basal,1
M4_CGTTAGGACGTCTC_Basal,-0.4708815,-3.51367,Basal,7
M4_CGTTAGGACGTGAT_Basal,1.3758588,-2.6881764,Basal,0
M4_CGTTATACGGTTAC_Basal,0.12914594,-1.994872,Basal,0
M4_CTAAACCTACGGGA_Basal,2.2304747,-0.97186756,Basal,0
M4_CTAAACCTGACTAC_Basal,1.2647623,-0.42124328,Basal,0
M4_CTAACACTACAGCT_Basal,0.14340845,-3.440253,Basal,1
M4_CTAACACTCAAAGA_Club,0.17022114,4.6929097,Club,6
M4_CTAACACTTCAAGC_Ciliated,-1.726225,15.344893,Ciliated,9
M4_CTAACGGAGCTACA_Basal,0.10325642,-2.9735649,Basal,0
M4_CTAACTACGTCTAG_Basal,1.0871543,-3.9376004,Basal,1
M4_CTAACTACTTCGCC_Ciliated,-2.5974417,15.798185,Ciliated,9
M4_CTAAGGACGGACTT_Basal,0.8767003,0.06732334,Basal,0
M4_CTAAGGTGAGGCGA_Basal,2.013962,-0.54129696,Basal,263
M4_CTAAGGTGTGGGAG_Club,-0.06668321,6.992886,Club,10
M4_CTAATAGACCCTTG_Basal,-0.59344894,-5.6785564,Basal,4
M4_CTAATAGATGTGAC_Club,0.38281566,4.349374,Club,6
M4_CTACAACTCGTGAT_Basal,-2.1424139,-1.8186276,Basal,2
M4_CTACAACTTTCCAT_Club,0.5655062,6.0844216,Club,10
M4_CTACCTCTGACAAA_Basal,-0.16032696,-3.887453,Basal,4
M4_CTACGCACGAGATA_Basal,1.0476209,-2.1971817,Basal,16
M4_CTACGGCTTTGCAG_Basal,-2.1379461,-1.9852974,Basal,2
M4_CTACTATGAGCTAC_Basal,0.9932278,-1.4024442,Basal,0
M4_CTACTATGGAGAGC_Basal,0.6951586,-3.4145534,Basal,0
M4_CTACTATGTCCAAG_Club,2.1063142,4.013298,Club,6
M4_CTACTCCTGGAGGT_Basal,-0.5392186,-0.6443975,Basal,264
M4_CTAGAGACGAACTC_Basal,-1.0556241,-4.507861,Basal,4
M4_CTAGATCTAACGAA_Neuroendocrine,-1.3452783,-3.1582646,Neuroendocrine,4
M4_CTAGATCTATTGGC_Basal,-1.3034822,-1.1371253,Basal,2
M4_CTAGATCTCCCGTT_Basal,-2.246444,-1.7824593,Basal,2
M4_CTAGATCTTACAGC_Basal,0.44702974,-0.90475047,Basal,0
M4_CTAGGATGCACTTT_Basal,-0.7913747,-1.6429825,Basal,2
M4_CTAGGCCTAGCGTT_Basal,0.20650257,-5.3454247,Basal,1
M4_CTAGGCCTGCGTAT_Goblet,-2.4307492,2.944444,Goblet,18
M4_CTAGGCCTGGCAAG_Basal,-0.92807204,-2.2329705,Basal,4
M4_CTAGGTGACTCCCA_Club,3.9277437,10.932959,Club,12
M4_CTAGTTACCTCTAT_Basal,-0.50270146,-3.9517753,Basal,4
M4_CTAGTTTGTAAGGA_Basal,-0.88983065,-3.6455026,Basal,4
M4_CTAGTTTGTGAAGA_Basal,1.7316195,-0.6422988,Basal,0
M4_CTAGTTTGTTTCTG_Basal,-1.1539583,-2.7796853,Basal,4
M4_CTATAAGATATTCC_Basal,-1.8226377,-1.8283436,Basal,2
M4_CTATACTGGAACCT_Basal,-1.4821196,-3.1383808,Basal,2
M4_CTATCCCTTGGCAT_Basal,1.9333076,-2.6151702,Basal,0
M4_CTATGACTAAACAG_Basal,0.4436491,-4.102332,Basal,1
M4_CTATGACTACGGGA_Basal,-0.49274716,-0.91899806,Basal,2
M4_CTATGACTACTTTC_Basal,-1.0030355,-2.7729466,Basal,4
M4_CTATGACTGCTATG_Basal,-1.9027765,-1.9694612,Basal,2
M4_CTATGTACGCTGAT_Basal,-1.060854,-2.5158575,Basal,4
M4_CTATGTACGGACAG_Basal,-2.5411885,-1.724155,Basal,2
M4_CTATTGTGCTAGCA_Basal,1.3240021,-3.0284917,Basal,1
M4_CTATTGTGGAGCTT_Basal,-1.6422224,-3.248639,Basal,4
M4_CTCAATTGGGAGCA_Basal,0.1328148,-3.9650836,Basal,4
M4_CTCAGAGAACCCAA_Basal,-2.0558155,-3.7379813,Basal,4
M4_CTCAGAGACTCATT_Basal,1.7169313,-1.4265178,Basal,1
M4_CTCAGCACAAGGGC_Basal,0.5428732,-4.4534826,Basal,7
M4_CTCAGCACCTGCTC_Basal,0.2963153,-3.605936,Basal,1
M4_CTCAGCTGACTCTT_Ciliated,-1.4735824,15.157069,Ciliated,9
M4_CTCAGCTGCTCAAG_Basal,-1.7337646,-3.6291907,Basal,4
M4_CTCAGCTGGGTTTG_Basal,0.3354548,-4.396509,Basal,1
M4_CTCAGCTGGTTCAG_Basal,-1.0542235,-3.1581175,Basal,4
M4_CTCAGCTGTTCTCA_Basal,-1.1065849,-2.7245545,Basal,4
M4_CTCATTGACGTAGT_Basal,-0.40761244,-1.899749,Basal,4
M4_CTCCTACTTACAGC_Basal,0.052212585,-3.87453,Basal,7
M4_CTCCTACTTCCTCG_Basal,-0.9492549,-8.622805,Basal,16
M4_CTCGAAGAAGAGTA_Basal,-0.6863215,-0.5983188,Basal,2
M4_CTCGAAGACACAAC_Basal,-2.1482885,-2.6080928,Basal,2
M4_CTCGAAGACTATGG_Club,0.3293119,6.3923044,Club,10
M4_CTCGACACGACAGG_Basal,-0.14713351,-2.1789064,Basal,4
M4_CTCGACACGGATTC_Basal,-0.53356224,-4.579616,Basal,1
M4_CTCGACACTTTCGT_Club,0.17633896,4.315712,Club,265
M4_CTCGACTGCTGCAA_Basal,0.117488034,-1.0516256,Basal,2
M4_CTCGCATGGTCATG_Basal,-0.71235526,-1.830669,Basal,2
M4_CTCGCATGTACAGC_Basal,-0.3206929,-4.429306,Basal,4
M4_CTCTAAACACCAGT_Club,2.162663,-4.600356,Club,1
M4_CTCTAATGAGCCTA_Club,-0.23802902,3.3923042,Club,6
M4_CTCTAATGAGTAGA_Basal,-1.6416959,-3.0111496,Basal,4
M4_CTGAACGAGTCTTT_Basal,0.2870966,-3.348098,Basal,16
M4_CTGAAGACACTACG_Basal,-0.926993,-5.8251286,Basal,7
M4_CTGAAGACCACTAG_Basal,0.96696925,-4.317317,Basal,1
M4_CTGAAGACTACTCT_Club,4.582559,10.55799,Club,10
M4_CTGACAGAAAGGGC_Basal,-1.4665791,-2.2462482,Basal,2
M4_CTGACAGATCCCGT_Basal,-0.6400308,-2.5309896,Basal,4
M4_CTGAGAACTCTCGC_Basal,0.6030839,-5.51252,Basal,1
M4_CTGATACTCCCACT_Club,-0.17001644,3.6350105,Club,6
M4_CTGATGGACTCTAT_Basal,-0.8204454,-8.486941,Basal,16
M4_CTGATTTGTAGCGT_Basal,0.4818042,-2.7626443,Basal,0
M4_CTGCAGCTTGGAGG_Ciliated,-2.0729275,15.056918,Ciliated,9
M4_CTGGAAACGTTACG_Basal,-0.06865779,-1.7410401,Basal,4
M4_CTGTAACTGCTATG_Basal,-0.9055937,-5.232022,Basal,7
M4_CTGTAACTTGGCAT_Club,1.029862,5.686557,Club,10
M4_CTGTATACATCACG_Basal,-0.86613137,-4.125803,Basal,4
M4_CTTAAAGAACAGTC_Basal,1.8240547,-0.9023708,Basal,0
M4_CTTAAGCTGTCGTA_Basal,0.32094988,-3.7557151,Basal,4
M4_CTTACATGTCCCGT_Basal,-0.18167518,-4.076502,Basal,4
M4_CTTACTGACCGATA_Basal,1.1297723,-3.8244498,Basal,1
M4_CTTAGACTGTCAAC_Basal,-1.1648715,-5.793925,Basal,7
M4_CTTAGGGAAACGGG_Club,2.191679,4.018587,Club,6
M4_CTTAGGGAATCGAC_Basal,-2.3919315,-2.4448109,Basal,2
M4_CTTAGGGATCTGGA_Club,0.07422805,7.3741093,Club,10
M4_CTTAGGGATGAACC_Basal,-1.500554,-0.25786,Basal,2
M4_CTTATCGAATCGGT_Neuroendocrine,13.651484,-6.122548,Neuroendocrine,19
M4_CTTATCGACATTGG_Basal,-1.0515722,-1.7009903,Basal,266
M4_CTTATCGAGTTTCT_Basal,-1.9656556,-2.9001038,Basal,2
M4_CTTCACCTGCCATA_Basal,2.3366592,-1.4345537,Basal,0
M4_CTTCACCTGTAGCT_Basal,-1.1600422,-2.5381682,Basal,4
M4_CTTCTAGAGGTCAT_Basal,-1.5403278,-2.4275851,Basal,2
M4_CTTGAACTAAGAGT_Basal,1.6820625,-0.44286084,Basal,0
M4_CTTGAACTTCCTGC_Basal,1.3092511,-3.5131435,Basal,1
M4_CTTGAGGAAGTTCG_Basal,-1.6936454,-3.1165392,Basal,4
M4_CTTGATTGACGGAG_Basal,-1.4958197,-3.497773,Basal,4
M4_CTTTACGATGGTTG_Basal,1.7215121,-1.8402871,Basal,0
M4_CTTTAGACCTGGTA_Basal,-0.33325624,-2.0442393,Basal,2
M4_CTTTCAGAACACGT_Basal,-0.06982878,-4.3043003,Basal,1
M4_CTTTGATGCTGATG_Basal,-0.67172587,-2.7022247,Basal,4
M4_GAAACAGATGAGCT_Basal,-2.2163253,-1.1241348,Basal,2
M4_GAAACCTGTCCTTA_Basal,0.3242251,-1.8936114,Basal,0
M4_GAAAGATGCCTCAC_Club,-1.9599096,2.7512243,Club,18
M4_GAAAGATGTCCAGA_Basal,1.8522774,-4.291222,Basal,1
M4_GAAAGCCTAGCGGA_Basal,-0.3771582,-0.43451697,Basal,2
M4_GAAAGCCTCTACTT_Basal,-2.5045655,-2.5598388,Basal,2
M4_GAAATACTAAAAGC_Basal,0.33948892,-0.089357466,Basal,2
M4_GAACACACTTCTGT_Basal,-1.092379,-2.6939666,Basal,4
M4_GAACAGCTACTCTT_Basal,1.2248055,-2.2485294,Basal,16
M4_GAACAGCTTTCCAT_Basal,1.6575167,-0.35264042,Basal,0
M4_GAACCAACTGGTCA_Tuft,16.908817,8.514909,Tuft,17
M4_GAACGGGACTCTTA_Club,-0.051804107,3.391659,Club,6
M4_GAAGAATGAACGTC_Basal,0.77771974,-5.0098147,Basal,1
M4_GAAGAATGCACTGA_Club,2.0986578,3.910117,Club,6
M4_GAAGAATGCTAAGC_Basal,0.99794483,-4.5901165,Basal,1
M4_GAAGAATGTTGTGG_Club,-0.086563304,4.5792055,Club,6
M4_GAAGCTACCCTAAG_Basal,-0.95886093,-2.4452133,Basal,1
M4_GAAGCTACGGTAAA_Basal,-0.44708678,-1.0654215,Basal,2
M4_GAAGCTACGTGCTA_Basal,-1.7483829,-0.1409094,Basal,2
M4_GAAGCTACTCCCAC_Basal,-2.1008978,-1.1950197,Basal,2
M4_GAAGCTTGCCTTGC_Basal,-1.5797857,-2.9543486,Basal,4
M4_GAAGCTTGTTCGTT_Basal,-0.11676866,-2.0248876,Basal,4
M4_GAAGTAGAACAGTC_Basal,0.015400408,-1.4496732,Basal,0
M4_GAAGTAGATCCCGT_Basal,2.0612879,-4.2899804,Basal,1
M4_GAAGTCACCTAAGC_Basal,-1.2072637,-3.5370657,Basal,4
M4_GAAGTCTGTGTCGA_Neuroendocrine,-2.529621,-1.7507361,Neuroendocrine,27
M4_GAAGTGCTACCATG_Club,0.08568459,7.0978227,Club,10
M4_GAATGCACGAACCT_Basal,0.31374902,-5.1455054,Basal,7
M4_GAATGCTGATAAGG_Basal,1.32421,-4.8784194,Basal,1
M4_GAATGCTGTAACGC_Basal,-1.5378447,-3.2821822,Basal,4
M4_GAATGGCTATGTGC_Basal,0.123285964,-0.62811023,Basal,73
M4_GAATGGCTCCAATG_Basal,1.7224736,-0.38910997,Basal,0
M4_GAATGGCTCTTAGG_Basal,-1.9113569,-1.0982683,Basal,2
M4_GAATTAACCCAATG_Basal,-0.65416104,-8.740812,Basal,16
M4_GAATTAACTCATTC_Basal,-0.8438957,-2.3725648,Basal,4
M4_GACAACACCATTGG_Club,2.1852956,-4.3353324,Club,1
M4_GACAACACCTGATG_Basal,-1.435155,-2.7377436,Basal,4
M4_GACAACTGTTATCC_Basal,-0.7828231,-3.1069436,Basal,4
M4_GACACTGAATACCG_Basal,-0.8616317,-8.586764,Basal,16
M4_GACACTGATTGGCA_Basal,-1.3423464,-2.3935063,Basal,4
M4_GACAGGGAAACCTG_Club,0.7504811,5.703798,Club,10
M4_GACAGGGAATGTGC_Basal,-2.0446897,-1.9616594,Basal,2
M4_GACAGTTGATTTCC_Basal,-0.31845713,-2.997387,Basal,4
M4_GACAGTTGCAGTCA_Basal,0.39514428,-6.32461,Basal,7
M4_GACAGTTGGACGTT_Basal,0.93237185,-1.0259724,Basal,0
M4_GACCAAACATCGAC_Goblet,-2.8793876,2.843574,Goblet,18
M4_GACCATGAACAGCT_Club,1.8910015,-4.7452755,Club,68
M4_GACCATGAGGACAG_Basal,-0.82560706,-4.67834,Basal,4
M4_GACCTAGAGTTGAC_Club,1.7174841,-3.6842484,Club,1
M4_GACCTCTGGGAAAT_Basal,1.3254216,-2.662331,Basal,0
M4_GACGAACTTACTCT_Basal,1.7117357,0.41528374,Basal,0
M4_GACGAACTTCCAAG_Basal,-2.4143212,-2.5772696,Basal,2
M4_GACGAACTTGGAGG_Ciliated,-2.4638867,15.61287,Ciliated,9
M4_GACGAGGAATCACG_Basal,0.99631006,-2.2090974,Basal,16
M4_GACGAGGATGGAAA_Basal,-1.6621583,-4.9162326,Basal,7
M4_GACGATTGAAAGCA_Basal,1.4101939,-1.5213387,Basal,0
M4_GACGATTGCCACCT_Club,0.455346,3.4912045,Club,6
M4_GACGATTGCTCCAC_Basal,2.0324755,-1.3352737,Basal,0
M4_GACGATTGGGAAAT_Basal,-1.3142704,-4.4208155,Basal,4
M4_GACGATTGTATTCC_Basal,-2.040034,-2.5465717,Basal,2
M4_GACGCCGACACTAG_Basal,0.53497803,-4.319169,Basal,1
M4_GACGCTCTAGATCC_Club,-1.5573175,3.6456544,Club,18
M4_GACGCTCTCTGCTC_Basal,-2.2161462,-2.0475,Basal,2
M4_GACGGCACAAGAGT_Basal,1.6931285,-0.5219173,Basal,0
M4_GACGGCACACCATG_Basal,-2.514066,-2.564726,Basal,2
M4_GACGGCACCCTCAC_Club,0.08332397,4.4540277,Club,6
M4_GACGGCACCGAGAG_Basal,-0.53772753,-2.9096048,Basal,0
M4_GACGGCACTGGAGG_Tuft,16.733366,8.180033,Tuft,17
M4_GACGTAACCCACAA_Basal,-1.6430482,-3.7336833,Basal,4
M4_GACGTAACGGAGCA_Basal,-1.3030298,-2.057321,Basal,4
M4_GACGTATGCATTCT_Basal,1.3112261,-1.7975612,Basal,0
M4_GACGTATGCCTGAA_Basal,-0.47290802,-2.3456674,Basal,4
M4_GACGTATGGTAAAG_Basal,0.15292753,-5.4287257,Basal,1
M4_GACGTATGTCTAGG_Basal,0.26178068,-4.4265733,Basal,1
M4_GACGTCCTGGTAAA_Basal,-0.26004457,-4.475481,Basal,4
M4_GACTACGACCTCGT_Basal,-0.741571,-1.0567546,Basal,2
M4_GACTGAACGAGACG_Club,1.2320122,5.161739,Club,6
M4_GACTGAACGCAGTT_Club,1.1855301,3.904051,Club,6
M4_GACTGATGATGACC_Basal,-0.41201222,-4.808422,Basal,1
M4_GACTGATGCAGTCA_Basal,0.22577278,-4.5318136,Basal,7
M4_GACTGTGAGTAAGA_Basal,1.7546152,-0.49409077,Basal,0
M4_GACTGTGATATGCG_Club,0.12514447,4.5827413,Club,6
M4_GACTTTACGGTACT_Basal,0.7375183,-3.386048,Basal,1
M4_GAGAAATGCCATGA_Basal,-1.1923325,-2.969502,Basal,4
M4_GAGAGGTGTCGCCT_Basal,-0.28339604,-1.2820387,Basal,2
M4_GAGAGGTGTGCATG_Basal,-1.2634128,-1.7413524,Basal,2
M4_GAGATCACCCTCGT_Basal,-0.3227283,-2.9228375,Basal,4
M4_GAGATCACCTGTTT_Basal,-0.3350872,-1.9142638,Basal,2
M4_GAGATGCTAGCGTT_Basal,-1.4271418,-3.1229162,Basal,4
M4_GAGCAACTTCTTTG_Basal,-0.749431,-4.9813585,Basal,1
M4_GAGCAGGACCGTTC_Club,0.5227185,4.7188716,Club,6
M4_GAGCAGGATGCCCT_Basal,1.1202469,-3.3651915,Basal,0
M4_GAGCATACAAGAAC_Basal,-0.31529328,-2.8008213,Basal,4
M4_GAGCATACAGTAGA_Club,1.3762406,-3.4204605,Club,1
M4_GAGCATACCCATAG_Club,0.16192295,3.5615132,Club,6
M4_GAGCATACGTGTAC_Club,-1.0838925,0.23767057,Club,2
M4_GAGCGAGACGACAT_Basal,-1.0732869,-3.5324712,Basal,4
M4_GAGCGAGACGAGTT_Club,6.463393,4.4803686,Club,6
M4_GAGCGCACAGTCAC_Basal,0.11032879,-5.2247796,Basal,1
M4_GAGCGCACGGCAAG_Basal,-0.94708776,-3.5700781,Basal,4
M4_GAGCGCACTCTACT_Basal,-2.0459023,-1.6595329,Basal,0
M4_GAGCGCTGAGGAGC_Club,0.95133215,5.783547,Club,10
M4_GAGCGCTGTGAAGA_Basal,0.16219963,-3.8454728,Basal,1
M4_GAGCGGCTTGTCGA_Basal,-1.476304,-2.234401,Basal,4
M4_GAGCTCCTAAACGA_Club,0.41272545,7.659209,Club,10
M4_GAGCTCCTAAGTAG_Basal,0.18567134,-2.4810607,Basal,16
M4_GAGGACGAGTAAGA_Basal,-1.1028584,-0.25272065,Basal,2
M4_GAGGATCTACAGTC_Basal,-0.7213009,-4.485519,Basal,1
M4_GAGGCAGAGAGGTG_Club,-0.25545573,3.3578877,Club,26
M4_GAGGGAACCGTGTA_Basal,0.8822744,-1.5278257,Basal,0
M4_GAGGGCCTAAGATG_Tuft,17.069016,9.034566,Tuft,17
M4_GAGGGCCTCCTGAA_Basal,-0.055682823,-2.1670516,Basal,0
M4_GAGGGCCTGCTATG_Basal,-1.2552875,-1.5155283,Basal,2
M4_GAGGGTGATAGAAG_Basal,-1.908055,-2.942597,Basal,5
M4_GAGGTACTCGTGTA_Basal,1.1068116,-2.920088,Basal,1
M4_GAGGTACTTTTCAC_Ciliated,-2.5447128,15.003405,Ciliated,9
M4_GAGGTGGACGTACA_Basal,-0.16069432,-2.7870958,Basal,2
M4_GAGGTGGATGTTTC_Basal,1.4454124,-3.2517812,Basal,0
M4_GAGGTTACACGTGT_Club,1.2860664,5.5352926,Club,10
M4_GAGGTTACCGAGTT_Basal,0.4388454,-4.9950886,Basal,1
M4_GAGGTTACGAAACA_Basal,0.27751142,-4.690967,Basal,7
M4_GAGGTTTGCCTATT_Basal,-0.8809378,-2.941155,Basal,4
M4_GAGGTTTGCCTGTC_Basal,1.5422784,-0.81756836,Basal,0
M4_GAGTAAGAAGCACT_Ciliated,-2.120134,15.154767,Ciliated,9
M4_GAGTAAGACGTTAG_Basal,2.2854452,-3.015945,Basal,0
M4_GAGTACTGCGCCTT_Basal,-1.1667079,-2.7713563,Basal,4
M4_GAGTACTGTTCCCG_Club,2.3833294,4.4432807,Club,10
M4_GAGTCAACAAAACG_Club,3.7891488,11.002861,Club,12
M4_GAGTCAACCAACTG_Club,0.7720018,6.177933,Club,10
M4_GAGTGGGATCTTTG_Club,0.8428195,3.8161721,Club,6
M4_GAGTTGTGAGGAGC_Basal,1.827083,-1.3105099,Basal,0
M4_GAGTTGTGCATTCT_Basal,-1.6319299,-2.6026661,Basal,4
M4_GAGTTGTGGTTCTT_Club,1.1594825,3.6234226,Club,6
M4_GATAAGGATACTCT_Basal,-0.21108258,-4.7232814,Basal,4
M4_GATAGAGATCCAAG_Basal,-0.62591165,-8.804678,Basal,16
M4_GATAGCACATCTTC_Club,1.1258931,4.0725102,Club,6
M4_GATAGCACCACTAG_Basal,-2.3171167,-1.2631929,Basal,2
M4_GATATAACCCTAAG_Basal,0.16828376,-6.44851,Basal,7
M4_GATATAACGTAGCT_Basal,-0.9642773,-4.5660205,Basal,4
M4_GATATATGAGTCAC_Club,1.4535127,3.744063,Club,6
M4_GATATTGACCTTCG_Neuroendocrine,13.628219,-6.152085,Neuroendocrine,19
M4_GATATTGAGTATCG_Basal,-1.5888945,-3.4437604,Basal,7
M4_GATCATCTACACCA_Club,0.9165893,6.092485,Club,10
M4_GATCATCTCACTTT_Club,-0.550967,1.3383732,Club,2
M4_GATCATCTCTTTAC_Basal,-1.6788088,-3.1355124,Basal,4
M4_GATCATCTTGGTTG_Club,0.28184593,6.713763,Club,10
M4_GATCCCTGATCTCT_Basal,1.5236113,0.6858955,Basal,0
M4_GATCCCTGGCCTTC_Club,0.12319914,7.134408,Club,10
M4_GATCCCTGTTGCAG_Club,0.81744385,5.9103518,Club,10
M4_GATCCGCTACCCTC_Club,2.0800076,-4.775176,Club,68
M4_GATCCGCTCATGGT_Basal,2.0112128,-1.8420715,Basal,0
M4_GATCGAACACCAAC_Basal,-0.5591694,-4.8855624,Basal,1
M4_GATCGAACGACGAG_Club,1.8130572,-4.997525,Club,1
M4_GATCGTGAAGTCGT_Basal,-1.2836775,0.031516246,Basal,2
M4_GATCTACTTCCTTA_Tuft,1.0566155,3.999991,Tuft,267
M4_GATCTACTTGAGCT_Club,0.53952324,5.982552,Club,10
M4_GATCTTACCATTCT_Basal,0.6091636,-0.73600495,Basal,2
M4_GATGCATGAAGTGA_Basal,0.8600634,-4.234539,Basal,1
M4_GATGCATGCTTGCC_Club,-0.03033172,3.2081113,Club,6
M4_GATTCGGAACTTTC_Club,-0.21242622,7.1001873,Club,10
M4_GATTCGGAGCCCTT_Basal,0.7715476,-4.52052,Basal,1
M4_GATTCTTGAATCGC_Basal,-0.8701491,-4.279078,Basal,7
M4_GATTGGACAAGGTA_Basal,0.38310024,-4.475191,Basal,1
M4_GATTTAGATACAGC_Basal,-1.8723967,-2.2949338,Basal,4
M4_GATTTGCTATTCTC_Basal,1.6448798,-4.3499312,Basal,1
M4_GCAACCCTAGATCC_Basal,-1.2155402,0.051155806,Basal,2
M4_GCAACCCTGATGAA_Club,4.040988,5.1530414,Club,10
M4_GCAACCCTTGGATC_Basal,-0.25533473,-4.249316,Basal,4
M4_GCAACTGAGGATCT_Basal,-0.886104,-3.8079152,Basal,4
M4_GCAAGACTCTCCAC_Basal,0.7635294,-3.8507814,Basal,0
M4_GCAATCGATCACGA_Club,1.0325124,3.2430136,Club,6
M4_GCAATTCTCCCTAC_Basal,2.3428996,-3.5467803,Basal,1
M4_GCACAAACAAGAAC_Club,-0.48490143,3.6771562,Club,6
M4_GCACAAACGCCTTC_Basal,0.42025438,-4.9454236,Basal,1
M4_GCACCACTGTAAGA_Basal,1.6922193,-0.972585,Basal,0
M4_GCACCTACGCCTTC_Club,-0.118534945,7.195042,Club,10
M4_GCACCTTGGTGTAC_Basal,1.3219489,0.4289652,Basal,0
M4_GCACGGACCTCTCG_Basal,-1.320688,-2.774999,Basal,4
M4_GCACGGTGATCAGC_Tuft,16.738121,8.14671,Tuft,17
M4_GCACGGTGCTACGA_Basal,1.4907517,-2.8050294,Basal,0
M4_GCACGGTGGAGACG_Basal,2.2491097,-3.9817038,Basal,1
M4_GCACGGTGGCGAGA_Basal,-0.6302898,-4.287072,Basal,4
M4_GCACGGTGGTGTTG_Club,2.004653,4.0082574,Club,6
M4_GCACTAGAACCGAT_Basal,2.0494404,-1.8630922,Basal,0
M4_GCACTAGATCTCTA_Basal,2.379065,-0.3515243,Basal,0
M4_GCACTGCTCCACCT_Basal,-2.0716555,-3.7681675,Basal,4
M4_GCACTGCTTGCAAC_Basal,-0.37867653,-1.9316938,Basal,2
M4_GCACTGCTTGTCAG_Basal,-1.8783196,-0.81206155,Basal,2
M4_GCAGATACCTGGTA_Basal,1.4881877,-0.08696889,Basal,0
M4_GCAGCCGACGCATA_Basal,-1.2141643,-3.7803457,Basal,4
M4_GCAGCCGAGTATGC_Basal,-0.021116879,-5.3676844,Basal,4
M4_GCAGCGTGCAGAAA_Basal,-0.05727863,-4.9431114,Basal,1
M4_GCAGCGTGTGAAGA_Club,2.179157,-3.2479737,Club,0
M4_GCAGCTCTCGTTAG_Basal,2.5962636,-2.9737597,Basal,0
M4_GCAGCTCTTATTCC_Basal,-0.8237298,-1.7458061,Basal,2
M4_GCAGGCACGTTACG_Basal,0.5195176,-0.66648,Basal,0
M4_GCAGGCACTGTTTC_Basal,0.86538327,-1.1458213,Basal,0
M4_GCAGTTGAGTTCGA_Basal,2.5574613,-0.5442023,Basal,0
M4_GCAGTTGATTGCAG_Basal,1.5019037,-2.1675901,Basal,0
M4_GCATCAGACTGTCC_Club,0.3623878,6.9200935,Club,10
M4_GCATCAGAGACGGA_Basal,-0.5311062,-2.1364582,Basal,268
M4_GCATCAGATTCCAT_Basal,2.710168,-1.5861123,Basal,0
M4_GCATGTGACACTTT_Club,1.0367254,0.97310287,Club,0
M4_GCATGTGACTATGG_Club,0.32044628,7.5414205,Club,10
M4_GCATGTGACTCTCG_Basal,0.6379659,-5.5192623,Basal,1
M4_GCATTGGACCACCT_Basal,-1.6470839,-2.4219854,Basal,0
M4_GCCAAAACAAGGCG_Basal,-2.123843,-1.9604007,Basal,2
M4_GCCAAATGTTCATC_Basal,-0.5702062,-3.6596375,Basal,269
M4_GCCAACCTTTGTCT_Tuft,16.793945,8.315775,Tuft,17
M4_GCCACTACCACTGA_Basal,1.2216047,-1.5013779,Basal,0
M4_GCCACTACTCCTTA_Club,-0.96873844,0.8850098,Club,26
M4_GCCATGCTTCACGA_Basal,0.43473408,-1.6181355,Basal,270
M4_GCCATGCTTTCTGT_Basal,1.0045601,-3.0090067,Basal,0
M4_GCCCAACTAACCGT_Basal,1.211959,-2.7151382,Basal,0
M4_GCCCAACTTGTGCA_Basal,1.6109287,-2.7654662,Basal,0
M4_GCCCAGGACACTAG_Club,0.5750184,6.273143,Club,10
M4_GCCCAGGACCGTAA_Basal,-0.92653537,-2.5070477,Basal,271
M4_GCCCAGGATCGCAA_Club,1.6599907,3.856396,Club,6
M4_GCCCAGGATTGTGG_Basal,-1.4933283,-0.87625366,Basal,2
M4_GCCCATACTCTCGC_Club,0.014659599,4.487574,Club,6
M4_GCCGAGTGAAGTGA_Basal,-0.28243032,-2.7611446,Basal,272
M4_GCCGAGTGACACCA_Basal,-0.80130005,-8.154541,Basal,16
M4_GCCGAGTGGTAAGA_Basal,-0.2569634,-5.2998695,Basal,1
M4_GCCGAGTGTGCGTA_Basal,-1.909117,-1.8606383,Basal,2
M4_GCCGGAACCTGATG_Club,1.7725424,3.933866,Club,6
M4_GCCTACACATCTTC_Club,2.2620218,-4.449507,Club,1
M4_GCCTACACGTATGC_Basal,0.9317255,-3.6440418,Basal,1
M4_GCCTACACTAACGC_Basal,0.9385913,-0.07246422,Basal,0
M4_GCCTAGCTGTGCTA_Basal,-1.7508222,-4.0763283,Basal,4
M4_GCCTAGCTTGTGCA_Basal,1.841225,0.21342869,Basal,0
M4_GCCTAGCTTTCGTT_Basal,1.2412231,-2.5955865,Basal,0
M4_GCCTCAACCGACTA_Club,0.26412675,4.594113,Club,6
M4_GCCTCATGCAGAAA_Basal,0.86075735,-3.462231,Basal,1
M4_GCGAAGGATATGCG_Basal,-0.0987938,-1.5685114,Basal,0
M4_GCGAGAGACTAGAC_Basal,-1.9106102,-2.9693487,Basal,2
M4_GCGAGAGATTGTGG_Basal,1.6639609,-0.54467356,Basal,0
M4_GCGATATGACGGAG_Basal,2.1130557,-2.4656818,Basal,0
M4_GCGATATGATCTTC_Club,-0.13165332,4.0194325,Club,6
M4_GCGATATGATTTCC_Basal,-0.37028056,-4.62401,Basal,0
M4_GCGATATGCGAATC_Basal,0.7249141,-4.785655,Basal,1
M4_GCGCACGAGTATGC_Basal,-0.5055787,-0.23047405,Basal,2
M4_GCGCATCTCAGCTA_Basal,1.1418643,-1.205198,Basal,0
M4_GCGCGAACTCCTGC_Basal,-1.2963866,-2.8666863,Basal,4
M4_GCGGACTGTAGAGA_Basal,2.1488924,-2.725662,Basal,0
M4_GCGGAGCTAGAGTA_Club,2.0648162,-4.6924696,Club,1
M4_GCGGGACTAGATCC_Club,0.87744886,3.1848667,Club,6
M4_GCGGGACTTCTTCA_Club,0.04375436,3.9413192,Club,6
M4_GCGTAAACGGTGGA_Basal,0.0195811,-2.2144396,Basal,4
M4_GCGTATGAATGTGC_Basal,-0.23609792,-4.363755,Basal,4
M4_GCTACAGACCCTTG_Basal,-0.89954,-4.867149,Basal,1
M4_GCTACCTGAACCAC_Basal,0.89998263,-3.6891747,Basal,0
M4_GCTACCTGACCATG_Club,1.2077904,3.520838,Club,6
M4_GCTACCTGCCAAGT_Basal,-2.4495246,-1.0130752,Basal,2
M4_GCTAGATGCGCAAT_Basal,-0.94148207,-3.7385197,Basal,273
M4_GCTATACTGCTGTA_Basal,0.26304394,-4.6309223,Basal,1
M4_GCTATACTTACTGG_Basal,-0.49406543,-4.7607303,Basal,274
M4_GCTCAGCTCTGACA_Basal,1.9253025,-0.92843956,Basal,67
M4_GCTCAGCTGAGGAC_Basal,2.3266802,-0.4576964,Basal,0
M4_GCTCCATGAACCAC_Basal,-0.5286518,-2.823118,Basal,4
M4_GCTCCATGAGAATG_Basal,-0.37145144,-2.1772394,Basal,4
M4_GCTCCATGGCGGAA_Basal,0.580263,-4.890047,Basal,1
M4_GCTGATGACTTACT_Basal,-1.883946,-3.8195906,Basal,7
M4_GCTGATGATAGCGT_Basal,0.07227552,-2.1410284,Basal,4
M4_GCTTAACTAGCGGA_Basal,-0.07154497,-4.1295686,Basal,4
M4_GCTTAACTTTTGGG_Basal,-1.4042557,-2.3351054,Basal,275
M4_GCTTGAGAGATAAG_Club,0.32100517,4.0751204,Club,6
M4_GGAACACTAAGAGT_Basal,-1.2351022,-2.3388586,Basal,276
M4_GGAACTACACCTTT_Basal,1.1708349,-3.5901184,Basal,1
M4_GGAACTACGCTAAC_Basal,-0.81486756,-1.7018551,Basal,2
M4_GGAACTTGAAGGTA_Basal,0.18935037,-0.25875092,Basal,2
M4_GGAAGGACGAGACG_Club,2.1235547,4.0558276,Club,6
M4_GGAAGGTGCCATAG_Basal,1.416958,-1.1375021,Basal,0
M4_GGAAGGTGTCTTTG_Basal,1.8327823,-1.7195665,Basal,0
M4_GGAATCTGTAAGGA_Basal,-0.008407886,-2.0362263,Basal,4
M4_GGACAGGACCTTAT_Basal,1.3709263,-4.988732,Basal,1
M4_GGACAGGACGTTGA_Basal,-2.2715993,-0.9595354,Basal,2
M4_GGACAGGAGGTCTA_Basal,-1.6672374,-2.201655,Basal,2
M4_GGACATTGCTACCC_Basal,2.2510822,-1.6067977,Basal,0
M4_GGACCTCTGTGCTA_Tuft,16.76747,8.146526,Tuft,17
M4_GGACCTCTTCTAGG_Neuroendocrine,-1.9534765,4.066335,Neuroendocrine,5
M4_GGACGAGAAATCGC_Basal,-0.68964064,-1.6440675,Basal,2
M4_GGACGCACTTGCAG_Basal,1.829706,-0.06536962,Basal,0
M4_GGACTATGATCGTG_Club,0.17406158,4.6487384,Club,6
M4_GGACTATGGTTCGA_Basal,-0.9653319,-8.364402,Basal,16
M4_GGAGACGACCTTTA_Club,-0.17235427,4.5498524,Club,6
M4_GGAGACGACTGATG_Basal,0.3763128,-6.1291924,Basal,7
M4_GGAGACGAGAACTC_Basal,2.423847,-0.7833543,Basal,0
M4_GGAGACGAGGAGTG_Basal,-0.38112566,-2.1607115,Basal,4
M4_GGAGACGATACTCT_Basal,-2.0039246,-1.159779,Basal,0
M4_GGAGAGACTGGTTG_Basal,2.4204633,-1.8687835,Basal,0
M4_GGAGAGACTTGACG_Club,0.6551132,3.0121076,Club,6
M4_GGAGCAGAGAATGA_Club,0.6144149,4.574696,Club,6
M4_GGAGCAGAGCTGTA_Club,1.2832874,4.099265,Club,277
M4_GGAGCAGAGTCTTT_Basal,0.5863299,-1.0253481,Basal,0
M4_GGAGCGCTCCTGAA_Basal,-0.9858706,-2.6012917,Basal,4
M4_GGAGGCCTGAACCT_Basal,1.0335916,-3.283546,Basal,1
M4_GGAGGCCTTTCTCA_Club,0.4474042,4.160658,Club,6
M4_GGAGGTGAACTTTC_Basal,0.5790149,-0.9661169,Basal,278
M4_GGAGTTACCCACCT_Basal,-2.3562717,-2.9417984,Basal,2
M4_GGAGTTACCTACCC_Basal,0.6564863,-0.53846323,Basal,0
M4_GGAGTTTGCGATAC_Club,-0.3495499,3.5844777,Club,6
M4_GGATACTGGACGTT_Basal,-1.2807882,-2.425681,Basal,0
M4_GGATACTGGTACCA_Basal,1.1822413,-4.3017993,Basal,1
M4_GGATAGCTGACGGA_Basal,2.6908157,-1.627405,Basal,0
M4_GGATAGCTGGCATT_Basal,1.2899523,-4.633583,Basal,1
M4_GGATGTACCTCGAA_Basal,-2.1121416,-4.311707,Basal,7
M4_GGATGTTGGTTGCA_Club,2.5210702,-3.1078675,Club,0
M4_GGATTGTGGGGACA_Basal,-0.63179904,-4.592479,Basal,4
M4_GGATTTCTCCGATA_Basal,0.904949,-5.2803483,Basal,1
M4_GGATTTCTTTCAGG_Club,2.5956035,4.922738,Club,23
M4_GGCAAGGAGGTAGG_Basal,-1.2450819,-2.9998224,Basal,4
M4_GGCAATACAGCGTT_Club,0.29288766,7.181997,Club,10
M4_GGCAATACCTACCC_Basal,2.3394306,-2.0322726,Basal,0
M4_GGCACTCTTTGACG_Club,0.8942907,5.7875476,Club,10
M4_GGCATATGAGTCGT_Basal,-0.19684583,-4.2784753,Basal,7
M4_GGCATATGTGATGC_Club,0.38578823,4.774813,Club,6
M4_GGCCAGACTCATTC_Basal,2.109769,-4.23537,Basal,1
M4_GGCCAGACTGTGCA_Basal,0.76635695,-1.9276793,Basal,0
M4_GGCCCAGAGTGTAC_Basal,-1.6743573,-2.7558289,Basal,4
M4_GGCCCAGATTGGTG_Basal,1.139419,-4.394147,Basal,1
M4_GGCCGAACATGCCA_Basal,-1.2515632,-2.8089,Basal,4
M4_GGCCGAACGGGATG_Basal,-1.1260234,-1.1627867,Basal,37
M4_GGCCGATGAGGTTC_Club,1.4716332,4.0057716,Club,6
M4_GGCCGATGGACTAC_Club,-1.2163815,-0.010767834,Club,2
M4_GGCCGATGTAGCGT_Club,0.4077008,3.1552134,Club,6
M4_GGCGACACAGAGTA_Basal,-1.9553676,-2.0662324,Basal,2
M4_GGCGACACCAGTTG_Basal,1.9650775,-1.271888,Basal,0
M4_GGCGACACCCTGTC_Club,1.6270267,-3.7088985,Club,1
M4_GGCGACTGCCTGAA_Club,1.6062919,4.001244,Club,6
M4_GGCGACTGGGACGA_Basal,0.8231657,-1.055026,Basal,0
M4_GGCGCATGCGTGAT_Basal,-0.06424998,-0.6413353,Basal,2
M4_GGCGGACTACACCA_Basal,0.26616865,-2.6436052,Basal,4
M4_GGCGGACTTCCAGA_Basal,-0.3292141,-3.2748363,Basal,4
M4_GGCGGACTTGAGGG_Basal,1.2506186,-4.5993342,Basal,1
M4_GGCTAAACACCCAA_Club,1.5630862,5.3923707,Club,10
M4_GGCTAAACCTCAGA_Basal,-2.2913258,-2.7006028,Basal,5
M4_GGCTAAACTCTCTA_Basal,-0.3474552,-4.7008896,Basal,4
M4_GGCTCACTGGTGAG_Club,2.2235556,3.983563,Club,11
M4_GGGAAGACCCACCT_Basal,0.11812566,-1.9312526,Basal,4
M4_GGGAAGACGGAAAT_Basal,0.17446081,-4.75032,Basal,1
M4_GGGAAGACTTTCTG_Basal,-0.40916076,-4.863365,Basal,1
M4_GGGAAGTGAGGTCT_Neuroendocrine,0.11200777,-4.5481806,Neuroendocrine,1
M4_GGGAAGTGCGCAAT_Basal,-1.7240281,-2.4729552,Basal,4
M4_GGGACCACAAGGCG_Basal,-0.71389437,-5.0255365,Basal,1
M4_GGGACCACAGGGTG_Club,-0.32553667,3.504434,Club,6
M4_GGGACCACATCACG_Club,-0.48683223,2.5766313,Club,6
M4_GGGACCACGAGCTT_Basal,1.7469344,0.38507378,Basal,0
M4_GGGACCTGGGTAAA_Basal,-1.087291,-2.4922254,Basal,4
M4_GGGCACACTATTCC_Basal,0.39377016,-6.008458,Basal,7
M4_GGGCAGCTTAGCCA_Basal,1.1234424,-3.2421246,Basal,1
M4_GGGCCATGGCATAC_Club,-0.5420032,3.979783,Club,6
M4_GGGTAACTGACACT_Basal,-1.3035402,-1.5154369,Basal,2
M4_GGGTTAACAGAGAT_Basal,-0.96439725,-4.0848846,Basal,7
M4_GGGTTATGAGCGTT_Basal,-1.4498688,-3.7522178,Basal,69
M4_GGGTTATGATCGGT_Basal,1.9520122,-2.0958443,Basal,0
M4_GGGTTATGCTTCCG_Ciliated,-1.6769408,15.254781,Ciliated,9
M4_GGGTTATGTGTCAG_Club,-0.39235485,6.202127,Club,10
M4_GGTACATGCGGGAA_Basal,0.14066887,-3.6671605,Basal,4
M4_GGTACTGAGTATCG_Basal,0.9333267,-0.8885399,Basal,0
M4_GGTACTGATAGAGA_Ciliated,-2.322848,15.209116,Ciliated,9
M4_GGTATCGAAACAGA_Basal,1.9475522,-0.7898339,Basal,0
M4_GGTATCGACAGATC_Basal,-0.23263958,-4.7067566,Basal,1
M4_GGTATCGATTCATC_Basal,-0.11103831,-3.3006618,Basal,1
M4_GGTATGACACGCAT_Basal,1.5923909,-2.877217,Basal,0
M4_GGTATGACCAGAAA_Basal,1.6102331,-0.43857643,Basal,0
M4_GGTATGACGTCGAT_Basal,-1.3221385,-4.2539377,Basal,1
M4_GGTCAAACCTGTGA_Basal,-1.4083945,-1.3165578,Basal,2
M4_GGTCAAACGTACGT_Club,1.057106,6.2371297,Club,10
M4_GGTCTAGAGAACCT_Basal,0.2512512,-4.756969,Basal,1
M4_GGTCTAGAGGATTC_Club,1.1973642,4.167936,Club,6
M4_GGTGGAGATTCCGC_Basal,-0.9324697,-4.6643786,Basal,4
M4_GGTTGAACTGTCCC_Basal,0.004482765,-4.701841,Basal,7
M4_GGTTTACTCCGTTC_Basal,1.0336584,-0.70624864,Basal,0
M4_GTAACGTGAAAACG_Basal,-1.0398962,-3.2238884,Basal,4
M4_GTAACGTGCAATCG_Basal,-1.2597774,-3.4473846,Basal,4
M4_GTAACGTGGTGCTA_Basal,0.9972955,-1.0838627,Basal,0
M4_GTAAGCTGCAACTG_Basal,0.75501037,-0.7438954,Basal,0
M4_GTAAGCTGGCCTTC_Basal,0.9205388,-2.4789238,Basal,0
M4_GTAAGCTGTACTCT_Basal,-0.94860417,-2.6371958,Basal,2
M4_GTAATATGTGAGGG_Basal,0.13300127,-2.9018812,Basal,4
M4_GTACAGTGAGAACA_Basal,1.3410882,-1.0735152,Basal,0
M4_GTACAGTGCTGGAT_Basal,-1.7483599,0.30731213,Basal,2
M4_GTACCCTGCCTCAC_Basal,0.7791521,-0.9897054,Basal,0
M4_GTACCCTGTCGCTC_Club,2.1802394,4.0967197,Club,6
M4_GTACTACTGCTCCT_Basal,-1.456207,-4.7925606,Basal,4
M4_GTACTACTTACTCT_Basal,1.5456932,0.18195103,Basal,0
M4_GTAGACTGTATGCG_Basal,1.2903215,-0.98966086,Basal,0
M4_GTAGCAACCGAGAG_Basal,1.7789786,-0.021070758,Basal,0
M4_GTAGCCCTCATTGG_Basal,2.4987159,-1.9634016,Basal,0
M4_GTAGCCCTGGAAGC_Basal,0.6650447,-1.9591731,Basal,0
M4_GTAGTGACGTGCTA_Club,1.3943269,0.54514515,Club,0
M4_GTAGTGTGCAGATC_Club,0.8397665,4.684816,Club,6
M4_GTAGTGTGCCCTCA_Basal,-1.2742715,-2.8110409,Basal,279
M4_GTATCACTGAATAG_Basal,0.95188135,-2.4632862,Basal,16
M4_GTATCACTGCTAAC_Basal,0.7861356,-1.0973911,Basal,0
M4_GTATGGTGCAGATC_Basal,1.136493,-1.3706542,Basal,0
M4_GTATGGTGGGCATT_Basal,-1.5570295,-2.6618636,Basal,4
M4_GTATTAGAACTCTT_Club,-0.20325342,3.5324907,Club,6
M4_GTATTAGATAACCG_Basal,-1.2794003,-0.9745817,Basal,2
M4_GTATTCACCTTAGG_Basal,2.0895653,-0.19383365,Basal,0
M4_GTATTCACGTCTGA_Basal,0.13178766,-4.9071636,Basal,1
M4_GTCAATCTAAGCAA_Club,0.37721598,6.127365,Club,10
M4_GTCAATCTCATTCT_Basal,0.32683828,-1.8775908,Basal,0
M4_GTCACAGACGTTAG_Ciliated,-1.4349093,15.106649,Ciliated,9
M4_GTCACAGAGCCCTT_Basal,1.7887996,-1.5291435,Basal,0
M4_GTCACAGATCCCGT_Basal,1.4924576,-3.5867069,Basal,1
M4_GTCACCTGACGACT_Club,0.20680107,4.6665196,Club,6
M4_GTCACCTGGAAAGT_Basal,-1.4122628,0.16122708,Basal,2
M4_GTCACCTGTGCAAC_Ciliated,-1.3985592,15.225801,Ciliated,9
M4_GTCCACACGGTAGG_Basal,0.7015,-2.5713654,Basal,2
M4_GTCCAGCTAGCGTT_Basal,-1.7241896,-2.9210267,Basal,4
M4_GTCCCATGAAGCAA_Basal,0.03575027,-5.2143784,Basal,1
M4_GTCCCATGAGCATC_Ciliated,-2.69463,15.521384,Ciliated,9
M4_GTCCCATGCGTCTC_Club,-1.3311726,0.59633565,Club,2
M4_GTCCCATGGCGTTA_Basal,0.5068031,-5.195835,Basal,1
M4_GTCCCATGGCTCCT_Basal,-0.3876985,-4.97014,Basal,4
M4_GTCCCATGTTACTC_Club,-0.50816077,5.6624637,Club,10
M4_GTCGAATGGACTAC_Basal,1.5273371,-1.7659501,Basal,0
M4_GTCGAATGTAAGGA_Basal,1.8178023,0.10993808,Basal,0
M4_GTCGACCTGGCATT_Club,0.89337784,5.834937,Club,10
M4_GTCGCACTCAGTCA_Basal,0.262543,-0.8082212,Basal,2
M4_GTCGCACTCTGCTC_Basal,-0.7421643,-8.546096,Basal,16
M4_GTCGCACTCTTGCC_Basal,-0.5213652,-1.6932809,Basal,2
M4_GTCGCACTGATGAA_Ciliated,-1.5727983,15.281201,Ciliated,280
M4_GTCGCACTGGTAAA_Club,1.0295873,5.8951926,Club,10
M4_GTCTAACTCAAAGA_Club,0.80071574,4.5384803,Club,6
M4_GTCTAGGAACGCTA_Basal,0.51552624,-2.4120288,Basal,2
M4_GTCTAGGATCACCC_Basal,1.7617464,0.15638879,Basal,0
M4_GTCTGAGAAACGGG_Basal,1.566155,-0.033498768,Basal,0
M4_GTCTGAGAAGCCTA_Basal,-0.88826746,-1.9841602,Basal,4
M4_GTCTGAGATCGTAG_Basal,1.1554416,-3.5360672,Basal,0
M4_GTGAACACGAAGGC_Basal,-2.0388756,-2.0882385,Basal,2
M4_GTGAACACTAGCGT_Club,1.5325476,-5.531989,Club,1
M4_GTGACAACACGTTG_Basal,1.196542,-2.1069856,Basal,16
M4_GTGACAACCGCAAT_Basal,-0.04539765,-3.2348282,Basal,281
M4_GTGACCCTAGCTAC_Basal,-0.2551599,-1.0777344,Basal,2
M4_GTGACCCTCTGACA_Basal,0.6411982,-4.9502625,Basal,1
M4_GTGAGGGAACCAGT_Basal,2.4507675,-1.124323,Basal,0
M4_GTGAGGGATCAGAC_Basal,-0.5715826,-8.843186,Basal,23
M4_GTGAGGGATTGTGG_Ciliated,-2.0404081,14.948012,Ciliated,9
M4_GTGATCGATGACTG_Basal,-1.0758678,-3.78895,Basal,4
M4_GTGATTCTCCAATG_Basal,-0.64717966,-4.572638,Basal,4
M4_GTGCAAACACCACA_Basal,0.9516973,-4.4005213,Basal,1
M4_GTGCAAACAGAGAT_Basal,-1.8177618,-2.3169134,Basal,2
M4_GTGCAAACCAGTTG_Basal,-1.1376618,-2.20911,Basal,70
M4_GTGCCACTTACGAC_Basal,1.0585471,-3.0709558,Basal,0
M4_GTGGAGGAAGAACA_Basal,-0.19018254,-0.9796618,Basal,2
M4_GTGGAGGATCCCAC_Basal,-0.39489162,-0.38562933,Basal,2
M4_GTGGATTGATCTTC_Basal,-2.4155736,-0.75716734,Basal,2
M4_GTGGATTGTGACAC_Basal,0.23409098,-0.17827752,Basal,2
M4_GTGGTAACACGCAT_Basal,2.1792235,-0.12630197,Basal,0
M4_GTGGTAACCATACG_Basal,0.634666,-4.1315646,Basal,1
M4_GTGGTAACCCGTAA_Basal,-1.904986,-2.844247,Basal,2
M4_GTGGTAACTTCGCC_Basal,-0.2594119,-4.637716,Basal,4
M4_GTGTACGAACGTTG_Basal,1.3756669,-0.38156864,Basal,282
M4_GTGTACGAATCTCT_Basal,0.75793725,-5.1587477,Basal,1
M4_GTGTACGACAGCTA_Basal,1.6109486,-3.8935473,Basal,1
M4_GTGTACGAGGTGTT_Basal,-0.6190376,-4.6967287,Basal,1
M4_GTGTAGTGCGCTAA_Basal,0.03799976,-4.2430234,Basal,4
M4_GTGTAGTGTGGTGT_Club,0.7840967,4.827472,Club,6
M4_GTGTATCTCGGTAT_Basal,-1.2648498,-3.7944958,Basal,4
M4_GTGTCAGAATGTCG_Club,0.94263804,3.2015731,Club,6
M4_GTGTCAGACCGATA_Basal,-1.9910018,-4.488984,Basal,4
M4_GTGTCAGATGCTAG_Basal,-0.28180432,-2.740197,Basal,2
M4_GTTAAAACTCCCGT_Basal,0.49089134,-4.794487,Basal,1
M4_GTTAAATGGGATCT_Club,0.6158848,3.8341718,Club,6
M4_GTTAACCTGTAAAG_Basal,0.85318345,-1.1409872,Basal,0
M4_GTTAGGTGGTTCGA_Basal,1.8338611,-4.416348,Basal,1
M4_GTTAGTCTAATCGC_Basal,-1.0308118,-8.638108,Basal,16
M4_GTTAGTCTCCTAAG_Basal,0.945081,-1.3298429,Basal,0
M4_GTTATAGACGACTA_Basal,1.1379184,-3.1408746,Basal,0
M4_GTTATCTGAAAGTG_Basal,-0.5054632,-4.281722,Basal,4
M4_GTTATGCTAGTCTG_Ciliated,-2.5982285,14.647193,Ciliated,9
M4_GTTATGCTCAGTCA_Basal,2.482017,-2.2603762,Basal,0
M4_GTTCAACTCACTAG_Basal,-1.5191672,-2.5641775,Basal,4
M4_GTTCAGGATAGTCG_Basal,-1.1916276,-2.0635304,Basal,2
M4_GTTCATACGGAAGC_Basal,0.8588471,-4.5740213,Basal,1
M4_GTTGAGTGAAGATG_Basal,0.7661335,0.1473159,Basal,0
M4_GTTGAGTGGCCCTT_Basal,0.14759642,-1.4411652,Basal,0
M4_GTTGGATGAGGCGA_Basal,-1.6912241,-1.8594933,Basal,2
M4_GTTGGATGCATTCT_Basal,-1.0802717,-2.8719714,Basal,4
M4_GTTGGATGTTCTTG_Basal,-1.772064,-2.3626528,Basal,2
M4_TAAACAACCAATCG_Basal,-0.06629684,-5.171028,Basal,1
M4_TAAACAACTGGCAT_Basal,0.52653104,-0.051064778,Basal,2
M4_TAAAGTTGTCTTTG_Club,1.6555942,4.0206623,Club,6
M4_TAAATGTGAAGTGA_Basal,-1.0029613,-2.3420057,Basal,4
M4_TAACATGACCGTTC_Basal,-1.3572856,-3.7013807,Basal,69
M4_TAACATGACTTTAC_Basal,-2.4230835,-2.4989562,Basal,2
M4_TAACCGGAGGACTT_Basal,0.25951985,-2.130116,Basal,2
M4_TAACGTCTAGATGA_Basal,-1.1619195,-1.0588855,Basal,2
M4_TAACGTCTGTATGC_Club,-1.7674364,3.3562498,Club,18
M4_TAACGTCTTCTACT_Basal,0.46169484,-0.79398054,Basal,0
M4_TAACTCACAGAACA_Basal,-0.25632533,-2.4135706,Basal,4
M4_TAACTCACGGTTAC_Basal,-0.8674351,-2.1137764,Basal,4
M4_TAAGAGGAATTGGC_Club,2.1575737,3.829168,Club,6
M4_TAAGAGGATCTTCA_Basal,0.79726106,-5.05906,Basal,1
M4_TAAGATACCTGGTA_Basal,-2.212465,-1.2801619,Basal,2
M4_TAAGATTGAAGGGC_Basal,1.7532994,0.22805071,Basal,283
M4_TAAGATTGTAGACC_Basal,2.016652,-1.8996626,Basal,0
M4_TAAGCTCTCATGGT_Basal,0.6120011,-1.5222645,Basal,2
M4_TAAGCTCTTCAAGC_Basal,1.2743403,-2.1349318,Basal,0
M4_TAAGCTCTTCCTGC_Ciliated,-1.6015627,15.232507,Ciliated,21
M4_TAAGCTCTTCTAGG_Basal,-1.1474264,-1.7292523,Basal,2
M4_TAAGGGCTCTAGCA_Basal,0.60810834,-4.9352307,Basal,1
M4_TAAGTAACACACTG_Basal,-1.4271139,-3.185628,Basal,4
M4_TAATCCACACCAGT_Basal,0.8697337,-3.6661074,Basal,1
M4_TAATCCACCTGTTT_Basal,-1.8205864,-2.8367584,Basal,2
M4_TAATGAACGCTATG_Club,0.19847958,4.5762076,Club,6
M4_TAATGATGCGCCTT_Basal,1.3910506,-2.375355,Basal,1
M4_TACAAATGTGCTGA_Basal,-1.0506908,-2.8059523,Basal,4
M4_TACAATGACATTTC_Basal,1.8648554,-4.4143295,Basal,71
M4_TACAATGATAGTCG_Basal,-0.43711886,-1.2697538,Basal,2
M4_TACACACTCTGGTA_Ciliated,-2.3533356,15.23758,Ciliated,9
M4_TACACACTTTACTC_Basal,0.9990631,-3.8140955,Basal,1
M4_TACATAGATCCTGC_Basal,-0.85338277,-8.583781,Basal,16
M4_TACATCACACCAAC_Basal,-1.2416009,-3.0855036,Basal,4
M4_TACCGAGAAGTACC_Basal,1.2175553,-3.2661448,Basal,0
M4_TACCGAGAAGTAGA_Basal,-1.5614374,0.14380018,Basal,2
M4_TACCGAGATCGATG_Basal,1.5325823,-0.67591715,Basal,0
M4_TACCGGCTTGTCGA_Basal,-0.24903084,-2.103797,Basal,4
M4_TACGACGAAGTACC_Basal,-1.0382726,-5.9860144,Basal,7
M4_TACGACGAGTAAAG_Basal,-0.09744814,-3.260178,Basal,1
M4_TACGACGAGTCTTT_Basal,-1.6496427,-1.7170643,Basal,2
M4_TACGAGACCGGAGA_Club,2.4613886,4.7468185,Club,23
M4_TACGAGACGTCATG_Club,0.11907768,3.664299,Club,6
M4_TACGATCTACTGGT_Basal,0.016121212,-0.5563287,Basal,2
M4_TACGATCTTCTCGC_Basal,-2.0779614,-1.3863101,Basal,2
M4_TACGCAGATACGAC_Basal,0.35297742,-4.91075,Basal,1
M4_TACGCCACGCGTTA_Basal,0.5166575,-0.03775237,Basal,2
M4_TACGCGCTAGCGGA_Basal,0.3092592,-4.8110805,Basal,1
M4_TACGCGCTGAACTC_Basal,0.7050299,1.1677245,Basal,2
M4_TACGCGCTGGTTCA_Club,1.3746226,3.6604304,Club,6
M4_TACGCGCTTTCATC_Basal,0.8592232,-3.261762,Basal,1
M4_TACGGAACCGAGTT_Basal,-0.55971605,-3.168519,Basal,4
M4_TACGGAACGTCAAC_Club,1.983997,4.0355363,Club,6
M4_TACGGCCTTTTGCT_Ciliated,-1.7831519,15.237473,Ciliated,284
M4_TACGTACTTACAGC_Neuroendocrine,13.584784,-6.098023,Neuroendocrine,19
M4_TACGTACTTGCTAG_Basal,-1.6958549,-2.424659,Basal,2
M4_TACTAAGAAGAGTA_Basal,1.2248628,0.38014898,Basal,0
M4_TACTAAGAAGATCC_Tuft,16.800983,8.3291855,Tuft,17
M4_TACTAAGAATGCTG_Ciliated,-2.4985144,14.743642,Ciliated,9
M4_TACTAAGAGGTCAT_Basal,-1.9217161,-3.184051,Basal,285
M4_TACTAAGATGATGC_Basal,-0.90562195,-2.7749424,Basal,4
M4_TACTACTGAGAGAT_Basal,2.4822633,-1.5630609,Basal,0
M4_TACTCAACGGAAGC_Club,0.31451312,6.2567177,Club,10
M4_TACTCAACTCAGGT_Basal,-0.32276118,-1.9403937,Basal,2
M4_TACTCAACTGAGCT_Basal,-0.83146626,-5.0576396,Basal,7
M4_TACTCCCTAGAGGC_Basal,0.7920866,-3.2617586,Basal,1
M4_TACTCTGACTCAAG_Basal,-2.5043254,-1.2825047,Basal,2
M4_TACTCTGACTGAAC_Club,-0.87715256,0.69617474,Club,26
M4_TACTCTGAGTTTCT_Basal,0.75774163,-3.0921905,Basal,1
M4_TACTCTGATCAGAC_Basal,-0.7940899,-0.8891236,Basal,2
M4_TACTGTTGCTACGA_Basal,-0.820026,-2.947637,Basal,4
M4_TACTGTTGGGTGAG_Basal,0.2570464,-2.8507016,Basal,4
M4_TACTTGACCGTAAC_Basal,-0.9482339,-3.9427013,Basal,4
M4_TACTTGACCTGAGT_Basal,1.9837769,-3.3558872,Basal,0
M4_TACTTGACTGACAC_Tuft,17.101057,8.976572,Tuft,17
M4_TAGAAACTCTGTTT_Basal,-1.3628083,-2.7500355,Basal,4
M4_TAGAATACAAGCAA_Basal,-1.2079751,-3.2369962,Basal,4
M4_TAGAATACGATAAG_Basal,-0.07940676,-0.5458587,Basal,2
M4_TAGAATACTCTCCG_Basal,0.08054975,-0.7003088,Basal,2
M4_TAGAATACTGCTTT_Ciliated,-1.4839445,15.090883,Ciliated,9
M4_TAGACGTGCGCATA_Basal,-1.4746934,-3.429709,Basal,4
M4_TAGAGAGAACCCTC_Basal,0.6308447,-1.2590997,Basal,0
M4_TAGAGAGACTGACA_Club,0.8182697,4.534979,Club,6
M4_TAGATCCTCCAAGT_Basal,0.14485177,-4.1469464,Basal,1
M4_TAGATTGATAAGCC_Basal,2.7202847,-2.1648436,Basal,13
M4_TAGCATCTCGGAGA_Basal,-0.37278965,-3.7199593,Basal,4
M4_TAGCATCTTTCTAC_Basal,-2.0502903,-2.2049053,Basal,2
M4_TAGCCCTGGGTGTT_Club,1.8776063,-4.835402,Club,7
M4_TAGCGATGACACAC_Basal,0.63853973,-5.2323394,Basal,1
M4_TAGCGATGCGCATA_Basal,0.025593776,-0.33934313,Basal,2
M4_TAGGACTGCTGAAC_Basal,-0.525011,-3.3359928,Basal,4
M4_TAGGAGCTCACTCC_Basal,-0.183326,-1.2529172,Basal,2
M4_TAGGCATGTCCTTA_Basal,2.0885503,-1.0842525,Basal,0
M4_TAGGGACTATAAGG_Basal,0.8246347,-3.5158603,Basal,1
M4_TAGGGACTCTGCTC_Club,0.92662823,3.6718607,Club,6
M4_TAGGTCGACACTTT_Basal,1.2722653,-1.5809056,Basal,0
M4_TAGGTCGAGCGATT_Basal,1.2073157,-1.0859575,Basal,0
M4_TAGGTCGATAGAAG_Basal,-2.5115776,-3.9520125,Basal,5
M4_TAGGTGACATTCGG_Basal,-0.5262825,-0.6920535,Basal,2
M4_TAGGTTCTCGAATC_Ciliated,-2.5219862,14.636302,Ciliated,9
M4_TAGTATGATCCTTA_Neuroendocrine,13.596103,-6.1479683,Neuroendocrine,19
M4_TAGTCGGACCCTCA_Basal,1.4660772,-0.34856617,Basal,0
M4_TAGTCTTGAAGGGC_Basal,-0.27354878,-2.248529,Basal,4
M4_TAGTCTTGAGGTTC_Basal,-0.7265304,-8.2011795,Basal,16
M4_TAGTGGTGTGGAGG_Basal,2.090348,-3.1110642,Basal,0
M4_TAGTGGTGTTCACT_Basal,0.62684673,-4.5892253,Basal,1
M4_TAGTTAGACCGTTC_Basal,0.4162362,-3.981794,Basal,1
M4_TAGTTCACAGAGAT_Basal,-1.7612103,-0.4810299,Basal,2
M4_TAGTTCACTCTTAC_Basal,-1.7437167,-3.8471298,Basal,4
M4_TAGTTCACTTTACC_Basal,2.0813024,-2.2373867,Basal,0
M4_TAGTTGCTGCTACA_Basal,0.99157834,-2.1282306,Basal,2
M4_TAGTTGCTGTCTAG_Basal,0.018963402,-3.9962294,Basal,4
M4_TATAAGACGGTCTA_Basal,1.0098447,-3.3102732,Basal,1
M4_TATAAGACTGGTAC_Basal,-1.1536059,-4.024075,Basal,4
M4_TATAAGTGCTGCTC_Basal,-1.7602456,-1.5256267,Basal,2
M4_TATACAGACCGAAT_Basal,-2.0891843,-2.403398,Basal,2
M4_TATACAGATGGTGT_Basal,-0.4030464,-2.6068358,Basal,4
M4_TATACCACACGGTT_Basal,-1.9011601,-2.545804,Basal,2
M4_TATACCACGAGGCA_Basal,0.63928115,-5.402477,Basal,7
M4_TATACGCTGGGATG_Basal,0.25830808,-5.7687817,Basal,1
M4_TATAGATGAATGCC_Basal,-0.98165494,-2.7997997,Basal,4
M4_TATAGATGCTTACT_Basal,-1.7794851,-3.70986,Basal,5
M4_TATAGCCTCTAGAC_Basal,2.0220728,-1.2690433,Basal,0
M4_TATCAAGAATCGTG_Basal,-1.5841105,-2.625847,Basal,0
M4_TATCCTGACACTAG_Ciliated,-1.7009149,15.297026,Ciliated,9
M4_TATCGACTAAGGCG_Basal,1.6605582,-2.9305706,Basal,0
M4_TATCGACTCTTACT_Basal,-1.6748409,-2.822677,Basal,4
M4_TATCGACTCTTGGA_Basal,0.4502649,-3.639606,Basal,1
M4_TATCTCGAACGGTT_Basal,1.5293664,-3.7287202,Basal,0
M4_TATCTCGAGGAGTG_Basal,-1.9506023,-2.3115137,Basal,2
M4_TATCTCGAGGGATG_Basal,-0.89655507,-1.6986088,Basal,2
M4_TATCTGACCCGATA_Basal,0.8701459,1.0835793,Basal,2
M4_TATGCGGAAAGAGT_Basal,-1.4837629,-2.9505847,Basal,4
M4_TATGGGACTAACGC_Basal,2.0773716,-2.2680051,Basal,0
M4_TATGTCACACACGT_Basal,-1.3124665,-2.589979,Basal,4
M4_TATGTCTGATTGGC_Basal,1.770681,-2.2650886,Basal,0
M4_TATGTCTGGGTTCA_Basal,-2.1565917,-3.5751417,Basal,4
M4_TATGTCTGTTGTCT_Club,2.1664474,-3.5598505,Club,1
M4_TATGTGCTGGTACT_Club,1.0910275,3.771803,Club,6
M4_TATTGCTGGGTAAA_Basal,-0.47136787,-3.0133677,Basal,4
M4_TATTGCTGTAGCGT_Club,-0.33136317,5.9060125,Club,13
M4_TATTTCCTAGGTCT_Club,-0.52503675,0.7943593,Club,2
M4_TATTTCCTTGGTTG_Basal,1.8303754,-0.6004973,Basal,0
M4_TCAAGGACCATTCT_Basal,-2.1428647,-1.1814561,Basal,2
M4_TCAAGGTGGACAGG_Club,-0.6406333,6.3164577,Club,10
M4_TCAAGTCTGCTGTA_Basal,2.1491206,-1.5090219,Basal,0
M4_TCACAACTCTCTTA_Basal,-0.1590253,-1.3658669,Basal,2
M4_TCACATACCAGTCA_Basal,-2.1701982,-1.3471981,Basal,2
M4_TCACATACGGGATG_Basal,1.1510789,-4.8275466,Basal,1
M4_TCACATACGTGTAC_Basal,-1.7888663,-3.4851897,Basal,4
M4_TCACCCGATCCTTA_Basal,-0.5822116,-2.6009538,Basal,4
M4_TCACCGTGATGACC_Club,-0.098202415,3.86775,Club,26
M4_TCACCGTGCCTGTC_Basal,-0.12639627,-3.6423476,Basal,4
M4_TCACCGTGTTGGTG_Club,-0.14744462,3.8076086,Club,6
M4_TCACGAGACTCAAG_Basal,0.3720984,-5.2323756,Basal,1
M4_TCACGAGATACTTC_Basal,1.1061118,-4.470572,Basal,1
M4_TCACTATGATGGTC_Basal,0.6499814,-0.07742185,Basal,2
M4_TCACTATGCCTCCA_Basal,-0.88795704,-4.1487136,Basal,4
M4_TCACTATGTTCCAT_Basal,-2.1341846,-1.1861153,Basal,2
M4_TCAGACGAACCTCC_Club,-1.0598466,1.9966565,Club,6
M4_TCAGACGAGGTATC_Basal,-0.10877458,-4.405496,Basal,4
M4_TCAGAGACCCAATG_Basal,1.8221895,-0.57148254,Basal,0
M4_TCAGCGCTATGTCG_Club,0.16215064,3.777977,Club,6
M4_TCAGCGCTGTATGC_Basal,-0.55416226,-2.4833465,Basal,4
M4_TCAGGATGGTTCGA_Club,0.22693394,4.508135,Club,6
M4_TCAGTGGAGGTGGA_Ciliated,-2.4728122,14.989726,Ciliated,9
M4_TCAGTTACCTGGTA_Basal,-0.66496736,-4.8221083,Basal,1
M4_TCAGTTACTGCCTC_Basal,-0.08416906,-1.2268397,Basal,13
M4_TCATCAACATAAGG_Neuroendocrine,0.94431454,0.9934754,Neuroendocrine,286
M4_TCATCAACTCGCCT_Basal,-0.64041966,-0.743888,Basal,72
M4_TCATCATGCGAGAG_Basal,1.8553005,-5.1913724,Basal,1
M4_TCATCCCTCCAAGT_Basal,0.15863115,-0.988274,Basal,0
M4_TCATCCCTGGGCAA_Club,0.75384545,5.737695,Club,10
M4_TCATCCCTTCCTCG_Basal,0.5405171,-4.204216,Basal,1
M4_TCATGTACACCAAC_Neuroendocrine,-1.0992596,-3.888223,Neuroendocrine,4
M4_TCATGTACCATTGG_Basal,-1.027973,-2.5684657,Basal,4
M4_TCATGTACGAGATA_Basal,0.9350263,-4.792593,Basal,1
M4_TCATGTACGTTTGG_Club,1.7878091,5.3423567,Club,10
M4_TCATTCGAATCACG_Basal,1.4278799,-2.3282704,Basal,0
M4_TCATTGACGCCAAT_Basal,1.958927,-4.180031,Basal,1
M4_TCATTGACGTGCTA_Basal,2.0068278,-3.4174793,Basal,1
M4_TCCACTCTCTGATG_Basal,0.2826995,-1.1295822,Basal,0
M4_TCCAGAGAAGCCTA_Club,0.24716476,4.1691566,Club,6
M4_TCCAGAGACCATGA_Basal,-0.616244,-2.2299464,Basal,4
M4_TCCAGAGACTCGAA_Basal,-0.85926014,-1.0743848,Basal,2
M4_TCCAGAGAGGAGCA_Basal,1.2866988,-5.3838396,Basal,1
M4_TCCCACGATTGAGC_Basal,1.7589608,-0.20152332,Basal,0
M4_TCCCAGACACGGTT_Basal,-0.21745919,-3.9976301,Basal,4
M4_TCCCAGACCTCATT_Ciliated,-2.3779614,14.889858,Ciliated,9
M4_TCCCGAACAGCGGA_Club,1.0143309,3.8608818,Club,6
M4_TCCCGAACCGAGAG_Basal,1.4403652,-5.0926166,Basal,287
M4_TCCCGAACGTCCTC_Ciliated,-2.6655219,14.686951,Ciliated,9
M4_TCCCGAACTTTCGT_Neuroendocrine,-2.6968248,-1.6702336,Neuroendocrine,27
M4_TCCCGATGAAGTAG_Basal,0.67605686,-2.5248704,Basal,0
M4_TCCCGATGAGATGA_Club,4.0715866,6.367585,Club,10
M4_TCCCGATGAGCCAT_Basal,-0.31260058,-4.2818947,Basal,1
M4_TCCCGATGCGAATC_Basal,-1.8400509,-2.6704023,Basal,2
M4_TCCCTACTGTGCAT_Club,0.96600324,3.9296787,Club,6
M4_TCCGAAGAAGTGTC_Basal,-1.0565854,-4.8786426,Basal,4
M4_TCCGGACTAAGTAG_Basal,-1.6572512,-1.3743076,Basal,2
M4_TCCGGACTGGGAGT_Basal,0.8600891,-4.2682266,Basal,1
M4_TCCGGACTTTTGTC_Basal,1.8289115,-1.445644,Basal,0
M4_TCCTAAACAAGCCT_Club,-1.3583449,0.19186634,Club,2
M4_TCCTAAACGAGAGC_Basal,0.862148,0.16452849,Basal,2
M4_TCCTAATGTTCCCG_Basal,-0.45010683,-2.3999238,Basal,288
M4_TCCTACCTTTGACG_Club,0.00035145407,3.545595,Club,6
M4_TCGAATCTACTACG_Basal,0.31056353,-0.68592316,Basal,0
M4_TCGACCTGCAGATC_Basal,1.9787759,-2.0135787,Basal,0
M4_TCGACGCTTCGACA_Basal,-1.6760365,-3.3206391,Basal,4
M4_TCGAGCCTCAACTG_Basal,0.47880974,-2.3943152,Basal,1
M4_TCGATACTAGTCGT_Basal,0.693187,-3.8890321,Basal,1
M4_TCGATACTCATGGT_Club,1.3191125,2.7764106,Club,6
M4_TCGATACTTGTCAG_Basal,0.57941735,-3.9543357,Basal,0
M4_TCGCAAGAGGGATG_Club,-0.6946118,3.249341,Club,6
M4_TCGCAAGATACGAC_Basal,-1.1104603,-3.266462,Basal,2
M4_TCGCAAGATATTCC_Basal,1.1279472,-3.1608,Basal,1
M4_TCGCACACTCAAGC_Basal,0.19115011,-3.8052068,Basal,16
M4_TCGCACTGACCTGA_Basal,-1.2600757,-3.6925611,Basal,4
M4_TCGCACTGCGAATC_Basal,0.37459454,-0.52714056,Basal,4
M4_TCGCACTGGGTTAC_Basal,0.3772738,-3.7432046,Basal,1
M4_TCGCAGCTCTTACT_Club,-0.70026207,3.0527115,Club,6
M4_TCGGACCTTGTCCC_Neuroendocrine,-1.2297443,-3.2146409,Neuroendocrine,4
M4_TCGGACCTTTTACC_Club,-0.14153431,3.817441,Club,6
M4_TCGGCACTACACGT_Basal,0.91333014,-4.5597463,Basal,1
M4_TCGTAGGAGAGGGT_Club,1.2085338,4.8110805,Club,6
M4_TCGTGAGACCTTAT_Club,0.55933464,3.7498348,Club,6
M4_TCTAACACGGTGGA_Basal,2.1171782,-1.7511462,Basal,1
M4_TCTAACTGTTCACT_Basal,-0.43793815,-5.3902135,Basal,4
M4_TCTAACTGTTCTGT_Basal,-1.6545262,-2.4837353,Basal,2
M4_TCTAAGCTGGGTGA_Basal,-0.16984032,-6.1952896,Basal,7
M4_TCTAAGCTTTGAGC_Basal,-1.010804,-2.5781782,Basal,4
M4_TCTAGTTGACGGTT_Basal,0.57634866,0.019537803,Basal,2
M4_TCTAGTTGCATCAG_Basal,0.65864635,-5.316729,Basal,1
M4_TCTAGTTGTCGTGA_Basal,-0.07452888,-4.8695273,Basal,1
M4_TCTATGTGATCTTC_Club,0.53278244,6.061608,Club,10
M4_TCTATGTGTGCTAG_Basal,0.8563274,-5.484204,Basal,1
M4_TCTCTAGATGTCTT_Basal,-0.93230563,-8.402786,Basal,16
M4_TCTTACGACGTACA_Ciliated,-1.3275188,15.450008,Ciliated,9
M4_TCTTCAGAACCTTT_Basal,1.9322642,-1.1004012,Basal,0
M4_TCTTCAGAAGGGTG_Basal,-0.91344625,-8.553258,Basal,16
M4_TCTTGATGACGACT_Basal,0.29058084,-2.8124454,Basal,2
M4_TCTTGATGCCATGA_Basal,0.36222258,-2.9568744,Basal,0
M4_TGAAATTGTTCTCA_Club,1.3556652,3.733747,Club,6
M4_TGAACCGACTACGA_Basal,-0.46016586,-3.12902,Basal,4
M4_TGAAGCACGAGGTG_Basal,-0.7972036,-3.3809123,Basal,4
M4_TGAAGCTGTCTTTG_Basal,-1.9665958,-1.5502458,Basal,0
M4_TGAATAACAGGAGC_Basal,0.49416625,-1.7537341,Basal,0
M4_TGACACGAAAGAGT_Basal,-1.3287678,-3.1367671,Basal,7
M4_TGACACGAAGAGAT_Basal,-1.7416402,-1.4571531,Basal,2
M4_TGACACGAAGAGTA_Basal,-0.6910455,-2.295468,Basal,4
M4_TGACACGACCTCGT_Basal,1.1581063,-5.1765237,Basal,1
M4_TGACACGAGCAGAG_Basal,1.9152339,-1.3500888,Basal,0
M4_TGACACGATCCAAG_Basal,1.4662089,-2.9649923,Basal,0
M4_TGACCAGAGCCTTC_Basal,0.32663864,-2.770134,Basal,0
M4_TGACCGCTAGTGTC_Basal,-0.1403657,-3.9550402,Basal,4
M4_TGACGAACCCGTAA_Basal,1.6497861,0.104128465,Basal,0
M4_TGACGATGTTTCTG_Club,-0.75247383,3.3748755,Club,6
M4_TGACGCCTGACGTT_Basal,-2.6553895,-2.346274,Basal,2
M4_TGACGCCTGCTTCC_Basal,-1.6646558,-3.606465,Basal,4
M4_TGACGCCTTACTTC_Basal,-0.7366187,-3.406425,Basal,4
M4_TGACTTTGCCACAA_Basal,1.3970098,-0.817265,Basal,13
M4_TGAGACACCAATCG_Club,5.0974956,7.370954,Club,10
M4_TGAGGACTTTGTGG_Basal,-1.639516,-1.3674445,Basal,2
M4_TGAGTGACCTGCTC_Basal,1.0030478,-3.4117584,Basal,1
M4_TGAGTGACTTGACG_Basal,2.0212476,-4.3627443,Basal,1
M4_TGATAAACATAAGG_Basal,0.23676702,-1.7234236,Basal,0
M4_TGATAAACCTTGCC_Basal,-0.51082355,-1.4118494,Basal,2
M4_TGATACCTATGTGC_Basal,-0.4333379,-2.5438414,Basal,4
M4_TGATACCTTGGATC_Basal,-1.9470602,-2.5817385,Basal,62
M4_TGATATGACAACCA_Basal,0.46451804,-6.0058455,Basal,7
M4_TGATATGACTGTGA_Basal,-1.6363341,-2.5098336,Basal,4
M4_TGATATGATGAGAA_Basal,0.37517875,-4.828088,Basal,289
M4_TGATCGGAGTAGCT_Club,-1.5458962,0.27561727,Club,2
M4_TGATTCACTGCACA_Basal,-1.1366932,-2.417976,Basal,4
M4_TGATTCTGACTGGT_Basal,-1.4055843,-1.3876963,Basal,37
M4_TGATTCTGGACAGG_Club,0.92239165,3.5901873,Club,6
M4_TGATTCTGTACTCT_Basal,-1.8768445,-3.080277,Basal,2
M4_TGCAACGAAAGATG_Club,-0.32154158,4.057748,Club,6
M4_TGCAACGACAGTCA_Basal,0.5336743,-1.8588865,Basal,0
M4_TGCAACGACGCTAA_Club,1.4253128,-4.508539,Club,1
M4_TGCAACGAGCGTAT_Basal,0.4502079,-6.2569695,Basal,7
M4_TGCAACGAGTGTCA_Club,0.9928152,3.0464275,Club,6
M4_TGCAAGACGAACTC_Basal,-1.1886722,-1.9446161,Basal,2
M4_TGCAAGACTCACCC_Club,-0.8281699,0.65827334,Club,2
M4_TGCAATCTCAGTCA_Basal,1.3271168,-3.7413502,Basal,1
M4_TGCAATCTGAAGGC_Basal,0.79330367,-5.562971,Basal,1
M4_TGCAATCTGGAGCA_Basal,1.3669329,1.9391707,Basal,13
M4_TGCACAGAGGTCAT_Basal,-1.8656216,-2.8115644,Basal,5
M4_TGCACAGAGTTACG_Basal,0.087156564,-4.482039,Basal,1
M4_TGCACAGATCTTAC_Basal,-0.32449052,-2.078934,Basal,0
M4_TGCACGCTTCTCTA_Basal,0.13844916,-5.1297216,Basal,1
M4_TGCATGGATTACCT_Basal,0.2454493,-3.9874506,Basal,1
M4_TGCCACTGCGAGAG_Ciliated,-2.1277833,14.870791,Ciliated,9
M4_TGCCACTGGGAACG_Basal,-0.13191493,-5.1159735,Basal,1
M4_TGCCACTGGGTGAG_Basal,-0.16215616,-4.5247335,Basal,1
M4_TGCCACTGTGCTTT_Club,-0.60184497,3.532529,Club,6
M4_TGCCACTGTTGCTT_Basal,-0.6697927,-4.492545,Basal,4
M4_TGCCAGCTAGCGTT_Club,0.044933975,7.2175093,Club,10
M4_TGCCCAACCATTGG_Basal,0.5631903,-5.27144,Basal,1
M4_TGCCGACTTGACAC_Basal,0.5850729,-1.4552253,Basal,0
M4_TGCGAAACGCGATT_Basal,1.7541214,-0.31055173,Basal,0
M4_TGCGATGAGTCAAC_Basal,1.3138956,-4.495484,Basal,1
M4_TGCGCACTGGCATT_Club,0.9989874,4.71101,Club,6
M4_TGCGTAGAGCTTAG_Basal,1.1517595,-3.8719957,Basal,1
M4_TGCTATACACCTGA_Basal,-0.59458053,-3.239188,Basal,4
M4_TGCTATACCCATGA_Basal,-2.2578635,-1.5426188,Basal,2
M4_TGCTGAGAGTACGT_Neuroendocrine,13.479327,-5.9783654,Neuroendocrine,19
M4_TGCTGAGATCAAGC_Basal,-1.1366103,-3.891668,Basal,4
M4_TGCTTAACGCCAAT_Basal,-0.7846925,-0.17830855,Basal,2
M4_TGGAAAGAATCTTC_Basal,0.30168393,-0.097499885,Basal,0
M4_TGGAACACCTCAAG_Club,0.69891495,5.99566,Club,10
M4_TGGAACACTTCTTG_Basal,-1.0123867,-2.9728243,Basal,4
M4_TGGAACTGTATCTC_Basal,-1.2471929,-2.7189012,Basal,4
M4_TGGACCCTAGCACT_Basal,-2.1292033,-2.1028786,Basal,2
M4_TGGACCCTGGCATT_Basal,1.5833733,-0.7342664,Basal,0
M4_TGGACTGAAAGAAC_Basal,-1.6151062,-1.1566536,Basal,2
M4_TGGAGGGATTTACC_Basal,-1.3975195,-2.881499,Basal,4
M4_TGGATCGAGGTATC_Basal,0.99286354,-3.4875157,Basal,1
M4_TGGATGACCGTAAC_Goblet,-1.6225803,3.3010592,Goblet,18
M4_TGGATGACTCCCGT_Club,0.4731533,4.564425,Club,6
M4_TGGATGTGCCTGTC_Basal,-0.3856081,-2.408859,Basal,4
M4_TGGATGTGGCTTCC_Basal,0.62363726,-4.6481314,Basal,1
M4_TGGATTCTAACCGT_Basal,-0.96534634,-4.925228,Basal,4
M4_TGGATTCTCAGCTA_Club,1.8454574,4.020263,Club,6
M4_TGGATTCTCCAAGT_Club,0.69841814,4.556329,Club,6
M4_TGGATTCTTGAGCT_Basal,-1.4321662,-1.1280721,Basal,2
M4_TGGCAATGGTTCTT_Basal,0.6430589,-4.6881876,Basal,1
M4_TGGCACCTTCGTTT_Basal,2.8436096,-2.255866,Basal,13
M4_TGGTACGATGAGAA_Basal,-1.0018337,-8.530192,Basal,16
M4_TGGTACGATGGTCA_Basal,1.9332793,-1.7744588,Basal,0
M4_TGGTAGACCCCAAA_Basal,1.3219955,0.30596048,Basal,0
M4_TGGTAGACGTCTGA_Club,1.5442752,-3.568062,Club,0
M4_TGGTAGACTGGAAA_Basal,-0.46577996,-0.7573252,Basal,2
M4_TGGTAGTGAACTGC_Basal,-1.2949588,-3.229505,Basal,290
M4_TGGTAGTGACGCAT_Basal,-1.2063209,-2.252873,Basal,4
M4_TGGTAGTGGGATTC_Basal,-0.9169104,-8.579597,Basal,16
M4_TGGTAGTGTCCTAT_Basal,-0.31498066,-2.5449421,Basal,0
M4_TGGTTACTCTCAAG_Basal,1.8312645,-1.039409,Basal,0
M4_TGGTTACTTTCCGC_Basal,1.7408779,-1.4550993,Basal,0
M4_TGTAACCTACGCTA_Basal,-1.5331017,-3.608378,Basal,4
M4_TGTAACCTAGGTCT_Basal,-1.9224358,-1.6914414,Basal,2
M4_TGTACTTGAAACAG_Basal,-2.2679207,-1.1040727,Basal,2
M4_TGTAGGTGACGGGA_Club,0.8594065,6.09539,Club,10
M4_TGTAGGTGAGCAAA_Club,0.8649046,3.670135,Club,6
M4_TGTAGTCTCCTCAC_Basal,-1.153567,-2.6821282,Basal,4
M4_TGTAGTCTGTACAC_Basal,0.2203906,-0.5458921,Basal,73
M4_TGTATCTGTCCCAC_Basal,0.17965195,-0.74266636,Basal,2
M4_TGTATCTGTTCGCC_Basal,-0.94100213,-8.469592,Basal,16
M4_TGTATCTGTTCTGT_Basal,0.45857906,-4.572378,Basal,1
M4_TGTATGCTTGATGC_Basal,0.5343292,-4.0709777,Basal,0
M4_TGTCAGGATCGATG_Basal,-1.015521,-2.4988198,Basal,4
M4_TGTCAGGATCGTAG_Club,0.46041456,4.3674645,Club,6
M4_TGTCTAACCTGTAG_Ciliated,-2.5746322,15.318152,Ciliated,9
M4_TGTGAGACACAGCT_Basal,-1.8807694,-3.8394997,Basal,4
M4_TGTGAGACAGAACA_Basal,1.907602,-1.5616535,Basal,0
M4_TGTGAGACGTAGGG_Tuft,16.768742,8.240813,Tuft,17
M4_TGTGAGTGCCCTTG_Club,-1.4721409,3.3872645,Club,18
M4_TGTGATCTGAATGA_Basal,-0.108568564,-0.31471577,Basal,2
M4_TGTGATCTGACGGA_Basal,-0.87241095,-2.1007,Basal,4
M4_TGTGATCTGCTCCT_Basal,-1.1363903,-1.7761496,Basal,2
M4_TGTGATCTGTAAAG_Basal,1.0400368,-3.2748392,Basal,1
M4_TGTTACACAGGTTC_Club,1.21734,2.9867039,Club,6
M4_TGTTACACCATTGG_Basal,-0.92007816,-2.7605643,Basal,4
M4_TGTTACACGATAAG_Club,0.34522247,4.7389727,Club,6
M4_TTAACCACGTTTGG_Club,-0.5130274,-8.606901,Club,16
M4_TTAACCACTGACAC_Basal,0.8022936,-1.461758,Basal,0
M4_TTAACCACTGCAAC_Basal,0.37645188,-3.4514387,Basal,4
M4_TTACACACAGGTTC_Basal,-0.23533243,-5.75438,Basal,7
M4_TTACACACGTCACA_Basal,0.6465523,-4.638074,Basal,1
M4_TTACAGCTCTATGG_Club,1.597095,4.992049,Club,10
M4_TTACCATGCGCTAA_Club,2.290657,-3.6999626,Club,0
M4_TTACGACTGGGAGT_Basal,-0.17219493,-5.7531705,Basal,7
M4_TTACGTACAGAAGT_Club,1.9546772,-4.1880198,Club,1
M4_TTACGTACGATGAA_Basal,-0.4282992,-2.5202463,Basal,4
M4_TTACTCGATTCATC_Basal,0.7031901,-0.7566845,Basal,1
M4_TTAGACCTGAAACA_Basal,-1.5460804,-3.2080796,Basal,4
M4_TTAGACCTTCCTTA_Basal,0.9291471,-3.100505,Basal,4
M4_TTAGCTACCGTAAC_Club,0.9404223,5.4745765,Club,10
M4_TTAGGGTGGCTGAT_Basal,-1.4254509,-2.1533387,Basal,70
M4_TTAGGGTGGGTGAG_Neuroendocrine,13.538084,-6.0573845,Neuroendocrine,19
M4_TTAGGGTGTCTAGG_Basal,1.5667621,-5.438504,Basal,1
M4_TTAGGGTGTGTGCA_Basal,0.41348556,0.12154404,Basal,2
M4_TTAGGTCTACACAC_Club,2.1235344,3.9239078,Club,6
M4_TTAGTCTGCTTGGA_Basal,-0.0042877505,-1.0906398,Basal,2
M4_TTAGTCTGTTCTAC_Basal,-0.06128307,-4.709693,Basal,1
M4_TTATCCGAACACGT_Basal,-1.206946,-2.4960797,Basal,4
M4_TTATCCGAGGGCAA_Basal,1.6752284,-4.3988547,Basal,1
M4_TTATGAGAGGGAGT_Basal,1.1262087,-0.04152965,Basal,0
M4_TTATGAGATCACCC_Basal,-1.0842032,-2.8975523,Basal,4
M4_TTATGAGATCCGAA_Basal,0.77830756,-4.969344,Basal,1
M4_TTATGCACCTAAGC_Basal,0.90729034,-2.4160106,Basal,16
M4_TTATGCACGTACGT_Ciliated,-2.113343,13.418331,Ciliated,22
M4_TTATGGCTAACGAA_Basal,-2.4110107,-2.5580127,Basal,5
M4_TTATGGCTGTACAC_Basal,-2.6033792,-1.8378254,Basal,2
M4_TTCAAAGATGTTCT_Basal,-1.728998,-3.5876389,Basal,4
M4_TTCAACACCTCCCA_Basal,1.3289416,-3.5518756,Basal,1
M4_TTCAACACTTCCCG_Basal,-0.9672948,-1.6565711,Basal,2
M4_TTCAAGCTGCCCTT_Basal,0.57207483,-4.6862884,Basal,1
M4_TTCACCCTCCTCAC_Basal,2.1912792,-0.16957733,Basal,0
M4_TTCACCCTGCGATT_Club,0.71079195,3.1329083,Club,6
M4_TTCACCCTTCGACA_Club,0.77067786,3.3034134,Club,6
M4_TTCAGACTAAGAAC_Basal,-1.4963974,-2.6181214,Basal,2
M4_TTCAGTACCTATGG_Basal,-1.290761,-5.2763815,Basal,7
M4_TTCAGTTGCAAGCT_Club,2.0180173,3.9663815,Club,6
M4_TTCATCGAATTCCT_Basal,-1.2278503,-2.5649738,Basal,4
M4_TTCATCGATGACTG_Basal,1.3143607,-4.5309806,Basal,0
M4_TTCATGACTAAAGG_Basal,-0.60651463,-2.8368707,Basal,4
M4_TTCATGTGCCATAG_Ciliated,-2.754798,14.839829,Ciliated,9
M4_TTCATGTGGTAGGG_Club,-0.71117437,-8.79758,Club,23
M4_TTCATGTGTGTCTT_Club,1.0316432,4.1887345,Club,6
M4_TTCATTCTAGCATC_Basal,-2.0922,-3.6367636,Basal,5
M4_TTCCAAACACGTTG_Basal,-0.22781624,-2.4179235,Basal,4
M4_TTCCATGAACCTTT_Basal,-1.9216288,-3.5693452,Basal,4
M4_TTCCATGACGTGTA_Basal,-0.5743557,-2.602705,Basal,4
M4_TTCCCACTAGAGGC_Basal,-1.278085,-2.2420962,Basal,4
M4_TTCCTAGAGAAACA_Basal,-0.4426724,-5.0392556,Basal,7
M4_TTCGATTGCTCTAT_Basal,1.9357057,-0.026335247,Basal,0
M4_TTCGTATGCGGAGA_Basal,-2.3450358,-2.3582616,Basal,2
M4_TTCGTATGCTGTCC_Basal,1.1054512,-0.82377803,Basal,0
M4_TTCTACGAGAAACA_Basal,0.0452881,-0.90575695,Basal,2
M4_TTCTACGATTCTAC_Basal,-0.075760074,-0.39398876,Basal,0
M4_TTCTAGTGAGCACT_Basal,0.3834289,-5.235275,Basal,1
M4_TTCTAGTGCCCTAC_Basal,-0.15383247,-4.766351,Basal,7
M4_TTCTCAGAGGCGAA_Basal,-0.51480883,-0.59282964,Basal,2
M4_TTCTGATGCAACTG_Club,-0.32493705,7.101361,Club,10
M4_TTCTGATGCTACCC_Basal,0.93881035,-3.0046096,Basal,1
M4_TTCTGATGTCGACA_Basal,-1.4789895,-3.9054472,Basal,4
M4_TTCTTACTCTGATG_Basal,1.8970665,-2.6277559,Basal,0
M4_TTGAATGAGGGATG_Basal,-0.37675372,-3.3853524,Basal,291
M4_TTGACACTTGGATC_Basal,0.6183444,-3.384122,Basal,1
M4_TTGATCTGCCAGTA_Basal,1.5406656,-4.7226954,Basal,1
M4_TTGATCTGGTGTCA_Basal,2.1716475,-2.8713338,Basal,0
M4_TTGCATTGGACACT_Basal,2.3073769,-2.200555,Basal,0
M4_TTGCTAACACCTCC_Basal,-2.09541,-1.324198,Basal,2
M4_TTGCTAACTCATTC_Basal,1.3726496,-4.7385454,Basal,1
M4_TTGCTATGCGCATA_Basal,-1.1102622,-2.4007041,Basal,4
M4_TTGCTATGCTCCAC_Ciliated,-2.7917244,14.771527,Ciliated,9
M4_TTGCTATGTGCGTA_Club,-0.60476214,3.3467472,Club,6
M4_TTGGAGACCAATCG_Basal,0.72397554,0.28686473,Basal,2
M4_TTGGAGTGAACGAA_Basal,-0.6251654,-0.9120751,Basal,2
M4_TTGGAGTGACCTGA_Basal,-0.6934975,-2.258046,Basal,4
M4_TTGGGAACGCTCCT_Basal,1.1877713,-3.8631005,Basal,1
M4_TTGTACACCAAGCT_Basal,0.88408196,1.0669756,Basal,2
M4_TTGTACACTTTGGG_Basal,1.1386385,-4.34591,Basal,1
M4_TTGTAGCTAGGTCT_Tuft,16.799007,8.342857,Tuft,17
M4_TTTAGAGAGGATTC_Basal,-0.9226604,-3.3205905,Basal,292
M4_TTTAGCTGATGCTG_Basal,0.21737158,-1.0966197,Basal,0
M4_TTTAGCTGGCAGTT_Basal,-0.08701995,-0.7782051,Basal,2
M4_TTTAGCTGTCAGTG_Basal,-2.2561634,-2.2312014,Basal,293
M4_TTTAGCTGTCCAGA_Club,-1.93806,-0.48859468,Club,2
M4_TTTAGGCTTCAAGC_Club,2.5801852,-3.058814,Club,0
M4_TTTAGGCTTCGTAG_Basal,-0.29157066,-1.746716,Basal,1
M4_TTTATCCTATAAGG_Basal,-0.2900004,-2.577322,Basal,4
M4_TTTCACGAAGCATC_Basal,-2.2081814,-1.6538162,Basal,2
M4_TTTCACGAATGTCG_Basal,0.11514714,-1.7610284,Basal,0
M4_TTTCACGATAACGC_Basal,-1.9310507,-1.2154497,Basal,1
M4_TTTCACGATATCGG_Basal,0.40340433,-0.21344304,Basal,0
M4_TTTCAGTGACGGAG_Club,5.9757404,3.956782,Club,6
M4_TTTCAGTGGACGAG_Basal,1.3639957,-0.7316523,Basal,0
M4_TTTCAGTGGGCATT_Club,-0.010579243,4.696179,Club,6
M4_TTTCCAGAGTCTAG_Ciliated,-2.740921,15.621309,Ciliated,9
M4_TTTCGAACATGTGC_Ciliated,-2.4033282,14.792069,Ciliated,9
M4_TTTCTACTTGAACC_Club,0.26104125,4.5204525,Club,6
M4_TTTCTACTTTGTCT_Basal,-1.365587,-2.6839032,Basal,4
M4_TTTGACTGGATGAA_Basal,-0.91138726,-3.2562718,Basal,4
M4_TTTGACTGGTACCA_Basal,1.6878015,-2.6011977,Basal,0
M4_TTTGCATGACCACA_Basal,0.3073784,-5.660878,Basal,1
M4_TTTGCATGACCGAT_Ciliated,-2.4509716,15.496555,Ciliated,9
M4_TTTGCATGAGATCC_Basal,-0.56472695,-8.764599,Basal,16
M4_TTTGCATGGAATAG_Basal,0.67596483,-0.3313041,Basal,0
M5_AAAGATCTTGCATG_Basal,1.4994984,-0.0031861495,Basal,0
M5_AAATACTGAGTTCG_Basal,1.228282,-1.3150454,Basal,0
M5_AACCGATGAGATCC_Club,1.7980192,3.753667,Club,6
M5_AACGGTACAACTGC_Club,0.5724852,3.4132783,Club,6
M5_AACGGTACTCCCGT_Basal,-0.57721376,-8.30151,Basal,16
M5_AACTCTTGAAGAAC_Basal,2.8095632,-1.1508049,Basal,0
M5_AAGCGTACATGCTG_Basal,-0.6422569,-4.8567557,Basal,7
M5_AAGTAGGATTACCT_Basal,2.7884297,-0.90221435,Basal,0
M5_AAGTTATGGGAAGC_Basal,1.001136,-2.9099855,Basal,0
M5_AATAGGGATTCGTT_Basal,2.3154001,-0.44940472,Basal,0
M5_AATCAAACGGCATT_Club,0.80559015,3.1614177,Club,6
M5_AATCCGGAGGTCAT_Basal,-1.0611379,-1.4675406,Basal,2
M5_AATCCTACGGTGAG_Ciliated,-2.0958517,15.672411,Ciliated,9
M5_AATCTCTGAACAGA_Basal,-0.14841095,-4.20076,Basal,7
M5_AATGGCTGAGTGTC_Basal,-2.309552,-1.9795091,Basal,2
M5_AATGTCCTAGCACT_Club,0.12335584,2.9073296,Club,6
M5_ACAACCGAGAATAG_Basal,1.0403768,0.73011863,Basal,2
M5_ACAATCCTGGTTAC_Basal,-1.0117037,-1.63583,Basal,2
M5_ACAATTGAGTATCG_Basal,2.7449996,-0.7062575,Basal,0
M5_ACACAGACCGGGAA_Ciliated,-1.8581289,14.847864,Ciliated,9
M5_ACACCAGAGCTTCC_Basal,-0.5316734,0.43057567,Basal,2
M5_ACACGATGCCTACC_Basal,2.5249572,-2.632105,Basal,0
M5_ACCAGTGAACCATG_Basal,0.8039236,-0.5638784,Basal,0
M5_ACCCAAGACACTTT_Basal,2.7666206,-0.45629266,Basal,32
M5_ACGACCCTAGCACT_Club,-0.36702117,4.736979,Club,6
M5_ACGGAGGAGCGTAT_Basal,0.8991532,-0.058451757,Basal,0
M5_ACGGATTGGTTCGA_Neuroendocrine,13.618721,-6.147923,Neuroendocrine,19
M5_ACGGGAGATGACCA_Basal,2.3604903,-0.15803298,Basal,0
M5_ACGTGATGAGCGTT_Basal,1.8264107,0.776456,Basal,0
M5_ACGTTTACTAACGC_Basal,-1.0264394,0.24080777,Basal,2
M5_ACTAAAACAACGTC_Basal,-0.5005952,-1.3623362,Basal,2
M5_ACTATCACAAGTGA_Basal,0.4530948,0.55187154,Basal,2
M5_ACTCTCCTAGTACC_Basal,1.8867267,0.5342756,Basal,0
M5_ACTCTCCTTTCTTG_Neuroendocrine,13.669657,-6.1954474,Neuroendocrine,19
M5_ACTGAGACAATGCC_Basal,2.211865,0.3708415,Basal,0
M5_ACTGGCCTTGAGGG_Club,2.0113623,5.3924346,Club,24
M5_ACTTCAACCTAGCA_Neuroendocrine,13.590069,-6.1127477,Neuroendocrine,19
M5_ACTTCCCTCGAACT_Basal,2.3359275,0.3429467,Basal,0
M5_ACTTGTACACTCAG_Basal,0.15427385,-1.6504732,Basal,0
M5_AGAATTTGTGCAAC_Club,-0.008493267,6.121901,Club,10
M5_AGACACACTACTTC_Basal,1.615188,-0.47237766,Basal,0
M5_AGACTCGAACCTCC_Basal,1.2740815,-0.87078243,Basal,0
M5_AGAGCGGATGTCTT_Club,4.2009754,6.708052,Club,10
M5_AGAGCTACTCGCTC_Club,4.3973236,6.7086773,Club,10
M5_AGATATACACAGCT_Basal,0.7426145,-0.43978766,Basal,0
M5_AGCAACACGCTATG_Club,0.21715452,7.235411,Club,10
M5_AGCATGACCCTCGT_Ciliated,-2.5245125,14.738571,Ciliated,9
M5_AGCCGGTGTACGCA_Basal,2.6603858,-0.9896924,Basal,0
M5_AGCGAACTGTCTGA_Basal,1.7725998,0.99456054,Basal,0
M5_AGCGTAACAACCAC_Basal,0.17178382,-3.968579,Basal,2
M5_AGCTGAACCCCTCA_Basal,-1.355847,-1.6010085,Basal,2
M5_AGCTGAACGTCCTC_Basal,-1.1365654,-1.7178962,Basal,2
M5_AGCTTACTGGATCT_Basal,1.9754727,0.4850439,Basal,0
M5_AGCTTTACGGTGGA_Neuroendocrine,13.786633,-6.3197303,Neuroendocrine,19
M5_AGGACTTGCGATAC_Ciliated,-2.2491922,15.336674,Ciliated,9
M5_AGGCCTCTCTTCCG_Basal,2.5055408,-0.7140476,Basal,0
M5_AGGCTAACAAGGCG_Club,1.7642235,3.5404296,Club,6
M5_AGGTACACGTCACA_Basal,-1.3691756,-1.6968627,Basal,2
M5_AGTACGTGCCGTTC_Basal,2.737832,-0.77225226,Basal,0
M5_AGTACGTGTTCGCC_Basal,-1.8831488,0.31588784,Basal,2
M5_AGTAGAGATGAGGG_Ciliated,-2.182931,15.148206,Ciliated,9
M5_AGTAGGCTGTACGT_Ciliated,-1.6461933,15.712276,Ciliated,21
M5_AGTAGGCTGTCTAG_Ciliated,-1.4378704,15.001005,Ciliated,74
M5_AGTCCAGACCGTTC_Basal,-0.117929906,-4.028608,Basal,2
M5_AGTGACTGACTCAG_Basal,-0.2502879,0.26937816,Basal,10
M5_AGTTCTACATGCCA_Ciliated,-1.6279019,14.898282,Ciliated,9
M5_AGTTCTTGCCTACC_Club,1.3442874,1.4938257,Club,0
M5_AGTTTAGAGTTGTG_Basal,2.3453655,0.03114879,Basal,0
M5_ATAAGTACGAGGGT_Neuroendocrine,13.727791,-6.266318,Neuroendocrine,19
M5_ATAATCGAGCTTAG_Basal,1.3865367,1.2949654,Basal,0
M5_ATACACCTAGAACA_Club,0.10884723,4.324139,Club,6
M5_ATACCACTCCGATA_Club,0.26847163,4.204499,Club,6
M5_ATACTCTGCAGTTG_Ionocyte,0.9244301,-0.96329993,Ionocyte,0
M5_ATCACTTGAGACTC_Basal,1.2032971,-0.69829863,Basal,0
M5_ATCATCTGCTTTAC_Basal,1.6625654,-0.43631807,Basal,0
M5_ATCATGCTAGCATC_Neuroendocrine,13.738753,-6.277162,Neuroendocrine,19
M5_ATCCATACCTCTAT_Basal,1.5482401,-0.93897825,Basal,0
M5_ATCGTTTGCTACTT_Ciliated,1.9723256,4.914377,Ciliated,24
M5_ATCTACACTGGTTG_Basal,-0.64540064,0.44833988,Basal,2
M5_ATCTACTGTGGGAG_Neuroendocrine,13.698517,-6.233755,Neuroendocrine,19
M5_ATCTTGACTCCCGT_Basal,2.50337,0.05403412,Basal,0
M5_ATCTTTCTCATTCT_Basal,2.8553424,-1.4933809,Basal,0
M5_ATCTTTCTCCTAAG_Club,-0.7082645,1.6091144,Club,2
M5_ATGCACGAGTACAC_Ciliated,-1.4883173,14.77629,Ciliated,28
M5_ATGCAGTGTAGCGT_Ciliated,-1.5530043,15.386114,Ciliated,9
M5_ATGCGCCTCGTTGA_Basal,2.7360368,-0.4150351,Basal,0
M5_ATTAAGACTTCACT_Basal,2.4855049,-0.38017887,Basal,0
M5_ATTCAAGACAGCTA_Basal,-0.11162648,-3.4461813,Basal,2
M5_ATTCGGGATGTGCA_Basal,1.6358911,0.88989705,Basal,0
M5_ATTGATGAACCAAC_Ciliated,0.81723815,0.46606275,Ciliated,294
M5_ATTGTAGAGGGAGT_Club,1.2224157,2.926518,Club,6
M5_CAACCAGAACGCTA_Club,-0.18159507,5.1463766,Club,10
M5_CAAGTCGAAACGAA_Ciliated,-2.1435463,15.776934,Ciliated,9
M5_CAAGTCGATTTCAC_Ciliated,-1.7551328,14.902854,Ciliated,9
M5_CAAGTTCTTGTGAC_Basal,-2.4998085,-2.0709155,Basal,2
M5_CAATAATGTCGTGA_Basal,1.7288033,0.7419797,Basal,13
M5_CACCACTGGTGCTA_Basal,0.528103,-1.6378968,Basal,0
M5_CACTTTGAGGAACG_Club,-0.16975233,3.6776018,Club,13
M5_CAGACATGGTCTTT_Basal,1.9390125,0.48632494,Basal,0
M5_CAGCGGACTTGACG_Club,1.5907959,3.1470456,Club,6
M5_CAGGCCGAAAACAG_Club,0.09278437,4.3638487,Club,6
M5_CAGGTTGACGACAT_Basal,1.8369274,-0.7371182,Basal,0
M5_CATACTTGTTGCTT_Club,2.4003108,4.3257318,Club,10
M5_CATAGTCTAAACGA_Club,0.3037849,3.5698743,Club,6
M5_CATCAACTATGGTC_Basal,-0.8086981,-1.4726628,Basal,2
M5_CATCAGGAAGTACC_Basal,0.93206704,-2.1603143,Basal,0
M5_CATCATACTCGCTC_Basal,2.1093392,-0.8369382,Basal,0
M5_CATCCCGATCCTTA_Basal,-0.24243201,-2.219449,Basal,0
M5_CATGCCACCCGCTT_Neuroendocrine,0.7500449,-0.41996074,Neuroendocrine,25
M5_CATTTGACCCCTTG_Basal,0.37378657,-1.5480887,Basal,0
M5_CCAAAGTGTATCGG_Basal,-0.8268716,-0.08876675,Basal,2
M5_CCAAGAACCAATCG_Neuroendocrine,13.716517,-6.250242,Neuroendocrine,19
M5_CCAAGATGCGAGAG_Basal,0.6039011,-0.42752102,Basal,0
M5_CCAAGTGATCTCAT_Basal,-1.2741054,-1.1446716,Basal,2
M5_CCACTGTGAAGTAG_Basal,0.47185448,-2.702029,Basal,2
M5_CCAGACCTCGTTAG_Ciliated,-2.5562868,14.695958,Ciliated,9
M5_CCCTAGTGGACGAG_Neuroendocrine,13.719108,-6.273747,Neuroendocrine,19
M5_CCGACTACCAAGCT_Basal,0.8753261,-3.9634607,Basal,7
M5_CCTCGAACTTGTGG_Basal,-2.0434875,-1.6941662,Basal,2
M5_CCTCTACTTGCTTT_Basal,2.6705344,-1.0002143,Basal,0
M5_CCTGACTGGATGAA_Club,1.8704389,4.0497446,Club,6
M5_CGAAGGGAGTACGT_Basal,2.0732603,0.46040118,Basal,0
M5_CGACTCTGTCGCTC_Basal,-1.9550308,-2.573252,Basal,2
M5_CGACTGCTTAGAGA_Ciliated,-2.4063177,14.686483,Ciliated,9
M5_CGATAGACACTCTT_Ciliated,-2.2419932,13.112618,Ciliated,22
M5_CGATCAGATTCGTT_Basal,-0.7619129,-1.0141121,Basal,0
M5_CGCACTTGACGCAT_Basal,-0.5019199,0.37182954,Basal,2
M5_CGCACTTGTTCCCG_Basal,0.31647673,-2.3790948,Basal,2
M5_CGCATAGATGAGCT_Basal,2.7379098,-0.8220732,Basal,0
M5_CGCCATTGACCAAC_Basal,1.6084715,-0.861349,Basal,0
M5_CGCCGAGATGCAGT_Ciliated,-2.2928638,15.656198,Ciliated,9
M5_CGCGATCTCTTCGC_Club,0.19592781,3.1459002,Club,6
M5_CGCTACTGGGAGTG_Basal,1.0270313,-0.055923134,Basal,0
M5_CGGAATTGCATTTC_Basal,1.4385892,1.0700294,Basal,0
M5_CGGATATGATCTTC_Basal,-0.5168772,-0.82215816,Basal,0
M5_CGGTAAACAACGGG_Basal,0.21762615,-3.845058,Basal,4
M5_CGTACAGAAAACAG_Basal,-1.3215986,-4.687281,Basal,5
M5_CGTGAAACAGATCC_Basal,0.4795626,-2.3870564,Basal,0
M5_CGTTAACTCTACGA_Basal,0.3504026,-2.567357,Basal,2
M5_CGTTAGGAAGGAGC_Basal,-0.5724687,-0.8713298,Basal,0
M5_CGTTATACCGAGTT_Basal,2.3602073,-0.15792169,Basal,38
M5_CTAAACCTTGCGTA_Basal,-0.82884187,-3.1880605,Basal,0
M5_CTAACGGAACGGAG_Club,0.08677855,3.6846588,Club,13
M5_CTAAGGACTACTGG_Basal,-0.91817576,-3.0007703,Basal,2
M5_CTACGCACCTTCGC_Basal,2.3189635,-0.061641607,Basal,0
M5_CTAGATCTTCTTAC_Basal,-0.9633324,-8.579169,Basal,16
M5_CTATAGCTTGGTGT_Club,1.0964293,3.1930125,Club,295
M5_CTATCAACATAAGG_Basal,1.405774,-2.5218382,Basal,0
M5_CTATGACTCAGCTA_Ciliated,-2.186111,14.665696,Ciliated,9
M5_CTCAATTGTAACGC_Ciliated,-2.1430247,15.670566,Ciliated,9
M5_CTCAGCTGTTTCAC_Club,-0.25197968,4.9815454,Club,10
M5_CTCCATCTACAGTC_Tuft,16.76328,8.169981,Tuft,17
M5_CTCGAAGAGACAAA_Basal,-0.5228584,-8.124992,Basal,16
M5_CTCGCATGCTGATG_Basal,1.3012319,-1.103255,Basal,0
M5_CTCTAAACACGTGT_Basal,2.41348,0.087964766,Basal,0
M5_CTCTAATGGGGAGT_Basal,0.003598432,0.73910743,Basal,2
M5_CTGAATCTATCGAC_Basal,1.3596035,0.94814456,Basal,0
M5_CTTAACACAACGTC_Basal,1.634728,-1.4331579,Basal,0
M5_CTTAACACTGACAC_Club,-0.9243093,1.2165192,Club,2
M5_CTTAACACTGTCTT_Basal,0.6864628,-0.58533174,Basal,0
M5_CTTACTGACAGGAG_Basal,2.1315513,-3.1110609,Basal,296
M5_CTTAGACTGTTACG_Basal,2.522969,-0.46834093,Basal,297
M5_CTTGATTGTCTCCG_Basal,1.4903866,-0.59395653,Basal,0
M5_CTTTACGAACCTAG_Ciliated,-1.9972014,15.206245,Ciliated,9
M5_CTTTCAGATAGCCA_Basal,1.7072306,-0.48098794,Basal,0
M5_GAAACCTGTGCACA_Basal,2.577133,-0.53797,Basal,0
M5_GAAGCGGAACGTGT_Basal,2.3515933,-0.98112166,Basal,0
M5_GAAGGTCTTGCATG_Basal,0.9746793,-1.630062,Basal,0
M5_GAAGTAGAACCATG_Basal,1.6148561,-3.9168892,Basal,2
M5_GAAGTCTGACCGAT_Basal,2.2519603,0.29541698,Basal,0
M5_GACAGGGAAGAATG_Basal,2.8919945,-1.1441269,Basal,0
M5_GACAGTTGCGCCTT_Basal,1.7587962,0.69401306,Basal,0
M5_GACCTAGAGTCAAC_Basal,-0.8506099,0.24372095,Basal,2
M5_GACTGATGGTTAGC_Ciliated,-1.380421,14.710551,Ciliated,28
M5_GAGAGGTGCACAAC_Basal,2.4191802,-0.35712293,Basal,0
M5_GAGAGGTGGAGCAG_Basal,0.6011135,0.59580463,Basal,2
M5_GAGGATCTTCGTTT_Basal,1.3437419,-1.0770869,Basal,0
M5_GAGGCCACGAATCC_Club,5.427046,3.618066,Club,10
M5_GAGGCCACTGTGCA_Basal,2.5502462,-0.8317478,Basal,0
M5_GAGGGTGACGGTAT_Basal,2.7264018,-0.47140196,Basal,32
M5_GAGTAAGACCTCAC_Basal,1.8653871,0.6404373,Basal,0
M5_GAGTCTGACTGATG_Tuft,16.867292,8.41007,Tuft,17
M5_GAGTGTTGTCCGTC_Basal,2.231711,-0.19268121,Basal,38
M5_GATACTCTTCCTAT_Ciliated,-1.6459962,15.148522,Ciliated,9
M5_GATAGCACTCTGGA_Goblet,-2.8870857,2.8591685,Goblet,18
M5_GATCATCTAAGAAC_Ciliated,-1.6923283,14.957311,Ciliated,21
M5_GATCATCTCGACAT_Basal,0.7319542,0.6037978,Basal,2
M5_GATCATCTTTCTCA_Basal,1.7434928,-0.96500415,Basal,0
M5_GATGCAACGAAAGT_Basal,2.2858725,-0.43803996,Basal,0
M5_GATGCATGAGTTCG_Club,0.0552844,6.5718946,Club,10
M5_GATTGGACTTTGGG_Ciliated,-2.1574216,15.3488,Ciliated,9
M5_GATTGGTGGCTACA_Club,0.5909991,4.6841784,Club,6
M5_GCAAACTGTGCTTT_Basal,1.9235159,0.8071841,Basal,0
M5_GCAGCCGATACGAC_Basal,-0.33943462,-3.0802867,Basal,2
M5_GCAGTCCTTGTCGA_Basal,-0.55129045,-8.8832855,Basal,16
M5_GCAGTTGATCGTTT_Basal,1.8087339,-1.6787336,Basal,0
M5_GCCAACCTCGTAGT_Neuroendocrine,13.751044,-6.286362,Neuroendocrine,19
M5_GCCCATACAGCCAT_Basal,-0.982239,-1.1819669,Basal,2
M5_GCGACTCTTGCTTT_Basal,2.5241427,0.0020609146,Basal,0
M5_GCGCACGATCCGTC_Club,1.4231132,3.728839,Club,6
M5_GCGGACTGTGCAGT_Basal,2.0163379,0.50791746,Basal,0
M5_GCGGAGCTCGCAAT_Club,-0.47784922,3.4715705,Club,6
M5_GGACGCTGACTGGT_Basal,2.52017,-0.6739576,Basal,0
M5_GGACGCTGTTTGTC_Ciliated,-2.9703445,14.550316,Ciliated,77
M5_GGAGGTGAGTAGCT_Basal,2.213224,-0.70909315,Basal,0
M5_GGAGTTTGCTGACA_Basal,0.95898896,-1.0940082,Basal,0
M5_GGAGTTTGGAATAG_Basal,0.033797733,-5.298289,Basal,1
M5_GGCAAGGAACTGGT_Basal,2.3552296,-0.49291798,Basal,0
M5_GGCACGTGACCTTT_Basal,0.17241938,-2.6604178,Basal,0
M5_GGCCAGACTCTATC_Ciliated,-1.4998199,14.944315,Ciliated,9
M5_GGCCGAACTAGAAG_Club,0.107044205,2.8483818,Club,6
M5_GGCCGAACTTCTTG_Ciliated,-1.897175,15.131429,Ciliated,298
M5_GGCTCACTTTCGCC_Basal,0.40486005,-1.6091511,Basal,299
M5_GGGCACACGGAGGT_Club,-0.5884382,3.3085663,Club,6
M5_GGGTAACTTGTGCA_Basal,-1.48937,-1.572642,Basal,2
M5_GGGTTAACACTTTC_Club,-0.19258289,3.2759738,Club,6
M5_GGTACAACGCGTTA_Club,1.0180478,4.446794,Club,6
M5_GGTCAAACGAGGCA_Basal,-1.0702541,0.19069587,Basal,2
M5_GTAAGCACCTGAAC_Basal,-0.7593429,0.37147036,Basal,2
M5_GTAATAACCAATCG_Basal,1.8861616,-1.5276495,Basal,0
M5_GTACCCTGGACGAG_Basal,2.1510172,-0.22486037,Basal,0
M5_GTACTACTTGGAAA_Basal,2.560477,-0.5260503,Basal,0
M5_GTACTTTGCCAGTA_Basal,2.4683838,0.17721096,Basal,0
M5_GTAGTGTGAAACAG_Ciliated,-2.0380132,15.480325,Ciliated,9
M5_GTCCACACGTAGGG_Basal,2.0897765,0.21150677,Basal,0
M5_GTCCACTGCGAATC_Basal,0.3622833,-5.5211334,Basal,1
M5_GTCGACCTTCCTCG_Neuroendocrine,13.734932,-6.2713265,Neuroendocrine,19
M5_GTGAACACCTAGAC_Ciliated,-1.4678159,15.221184,Ciliated,9
M5_GTGATGACGAAAGT_Basal,0.621204,-0.7336644,Basal,0
M5_GTTATAGAGAGGCA_Basal,1.5069568,-1.1231942,Basal,0
M5_GTTGACGAGGCGAA_Ciliated,-2.00706,14.767972,Ciliated,9
M5_TAAACAACGCATAC_Basal,1.0798417,-0.8086644,Basal,0
M5_TAAACAACGGAAGC_Neuroendocrine,13.821246,-6.36141,Neuroendocrine,19
M5_TAACTCACGAACTC_Basal,-0.69411236,-8.503628,Basal,16
M5_TACATCACGGAACG_Basal,2.850438,-1.0851467,Basal,0
M5_TACGAGACGGTTCA_Basal,1.4558717,0.88229287,Basal,0
M5_TACGTTACACACGT_Club,-0.20010684,3.126542,Club,6
M5_TACTACTGCCAACA_Neuroendocrine,-2.7103124,-1.6138562,Neuroendocrine,27
M5_TACTTGACGTCTGA_Club,-0.42129532,3.2627676,Club,6
M5_TAGAATTGTGTAGC_Ciliated,-1.5854639,15.81991,Ciliated,21
M5_TAGAGCACTACGAC_Basal,1.2599856,0.54636186,Basal,0
M5_TAGATCCTTGTGCA_Ciliated,-2.2586434,15.284046,Ciliated,9
M5_TAGCATCTAGAGGC_Club,0.8354792,4.5622296,Club,6
M5_TAGCATCTCCATGA_Basal,-0.7432764,-3.2731173,Basal,4
M5_TAGCCCACCATACG_Club,1.3281229,3.8618329,Club,300
M5_TAGCGATGGGAGTG_Basal,2.3716652,-0.28523722,Basal,0
M5_TAGCTACTACAGCT_Ciliated,-2.831109,14.795751,Ciliated,9
M5_TAGGCAACCCTTGC_Club,4.102174,6.250469,Club,10
M5_TAGGTCGATTGACG_Basal,2.39001,0.21961454,Basal,0
M5_TATAAGTGATCTTC_Basal,2.86502,-0.9652401,Basal,0
M5_TATGAATGTTAGGC_Ciliated,-2.4289742,14.866971,Ciliated,9
M5_TATGTCTGTTCGCC_Basal,-0.635869,-8.728338,Basal,16
M5_TCAATAGAAGGTTC_Basal,0.116340734,-4.234308,Basal,2
M5_TCACAACTGTTGCA_Basal,0.30510172,-1.3101449,Basal,0
M5_TCAGTTACGAGCTT_Club,0.13381584,5.7705326,Club,10
M5_TCAGTTACGGGTGA_Club,-0.058667924,4.1494064,Club,6
M5_TCCACGTGACTGTG_Club,4.3564034,6.6385026,Club,10
M5_TCCATCCTCTAAGC_Basal,1.8939549,-0.7936044,Basal,0
M5_TCCATCCTGCTAAC_Club,0.83819747,5.243021,Club,6
M5_TCCCACGAAACCGT_Basal,1.5610516,-1.0055643,Basal,0
M5_TCCCACGAATTGGC_Ciliated,-2.317796,15.521958,Ciliated,9
M5_TCGCAGCTGTTGGT_Ciliated,-1.4199717,14.940951,Ciliated,74
M5_TCGCCATGTTAGGC_Basal,-1.1518824,-0.823808,Basal,2
M5_TCGGCACTCGTACA_Basal,1.2822459,-0.27205345,Basal,0
M5_TCTAAGCTTTCGGA_Neuroendocrine,13.808174,-6.343061,Neuroendocrine,19
M5_TCTAGACTGTTAGC_Neuroendocrine,13.749522,-6.284144,Neuroendocrine,19
M5_TCTCCACTTATCGG_Ciliated,-2.192902,15.267121,Ciliated,9
M5_TCTCTAGATGTGAC_Goblet,1.4821289,3.3659492,Goblet,6
M5_TCTTGATGCGAACT_Basal,1.0745142,0.506187,Basal,0
M5_TGACGAACTCCTAT_Ciliated,-2.4973516,14.829805,Ciliated,9
M5_TGAGACACGGAACG_Basal,2.724822,-0.3910146,Basal,0
M5_TGAGTCGAGCGAGA_Basal,2.6346743,-0.6004343,Basal,0
M5_TGATATGAACCAAC_Basal,1.4113529,0.32614776,Basal,0
M5_TGATCGGACAAGCT_Basal,-0.81023043,-8.412587,Basal,16
M5_TGCAAGTGTGTTCT_Ciliated,-1.5200161,15.096594,Ciliated,9
M5_TGCTAGGACAGCTA_Basal,1.8517979,0.5043768,Basal,0
M5_TGGAAGCTAAGCAA_Basal,-0.952365,0.03683122,Basal,2
M5_TGGAAGCTCGGAGA_Basal,-1.0464019,-1.6339271,Basal,2
M5_TGGATGACATCGAC_Neuroendocrine,13.6889305,-6.2236686,Neuroendocrine,19
M5_TGGATTCTCTACTT_Club,1.165704,1.5916256,Club,6
M5_TGGCAATGTCACGA_Basal,2.7782764,-0.9544913,Basal,0
M5_TGGTAGACCTTATC_Ciliated,-2.710898,14.670077,Ciliated,9
M5_TGGTTACTCCTCCA_Basal,1.6092384,0.596856,Basal,301
M5_TGTAAAACTTACCT_Neuroendocrine,13.802386,-6.337306,Neuroendocrine,19
M5_TGTAACCTAAGATG_Basal,1.364615,0.42051184,Basal,0
M5_TGTAACCTTTCTCA_Ciliated,-2.474351,15.74275,Ciliated,9
M5_TGTCAGGAGTATGC_Club,2.631778,-2.924081,Club,0
M5_TTAGACCTTTGACG_Basal,0.8287152,-0.41174155,Basal,0
M5_TTAGGTCTGGATCT_Basal,2.7849474,-1.1782181,Basal,0
M5_TTAGTCACCGCAAT_Club,0.3413312,5.1396036,Club,6
M5_TTCAAGCTCATCAG_Club,0.740242,3.342937,Club,302
M5_TTCATCGACCTTGC_Ciliated,-2.981707,14.803829,Ciliated,9
M5_TTGAACCTACCCTC_Basal,-1.6170119,-2.0967555,Basal,303
M5_TTGAACCTCAGAGG_Basal,2.3280225,-0.70665836,Basal,0
M5_TTGCATTGACCTAG_Basal,1.2384117,-2.1269128,Basal,0
M5_TTGGAGACAGATCC_Basal,2.1825202,-0.42968574,Basal,0
M5_TTGGAGACCCTTGC_Basal,1.1713271,-2.910136,Basal,1
M5_TTGGAGACTCTCTA_Basal,-1.010119,-0.10728516,Basal,2
M5_TTGGAGTGATCTCT_Basal,2.0560024,0.6094974,Basal,0
M5_TTGTCATGGGACTT_Club,1.7038741,3.868003,Club,304
M5_TTTCGAACTATCGG_Basal,2.1391542,-2.533884,Basal,0
M5_TTTGCATGGAGAGC_Club,1.511629,2.957223,Club,6
M6_AAACTTGACCTGAA_Club,0.64118505,1.2251706,Club,2
M6_AAAGACGAGGATTC_Basal,2.508523,-0.7037654,Basal,0
M6_AAAGGCCTCCGTAA_Basal,-2.2279005,-3.8943026,Basal,2
M6_AAATCCCTTCGCCT_Basal,-1.3871156,-1.4055443,Basal,2
M6_AAATCTGAGAACTC_Basal,-1.4949694,-4.1854267,Basal,4
M6_AAATCTGAGTGTTG_Ciliated,-2.8854568,15.148222,Ciliated,9
M6_AAATCTGATCATTC_Basal,2.1505978,0.14464822,Basal,38
M6_AAATGTTGTAAAGG_Ciliated,-2.8913822,14.557918,Ciliated,305
M6_AACCAGTGGGACAG_Ciliated,-1.3833362,15.157595,Ciliated,9
M6_AACCTTACCACTAG_Ciliated,-3.1407201,14.9559145,Ciliated,9
M6_AACCTTACTTCCCG_Basal,-1.6856196,-2.07511,Basal,2
M6_AACCTTTGGGAGTG_Basal,-0.59503937,-4.2275615,Basal,4
M6_AACGCAACGCATAC_Basal,2.5892978,-1.809974,Basal,0
M6_AACGCATGTATTCC_Basal,-2.6221128,-1.9092066,Basal,2
M6_AACTCGGAACGTGT_Basal,-2.2945392,-2.2661333,Basal,2
M6_AACTCGGAAGGGTG_Basal,2.2494423,-0.75525576,Basal,0
M6_AACTCTTGATGCCA_Basal,2.1196804,-0.6278368,Basal,0
M6_AACTGTCTTGAAGA_Ciliated,-2.7995126,15.000028,Ciliated,9
M6_AAGATGGAAACCAC_Ciliated,-2.7840667,14.989882,Ciliated,9
M6_AAGCAAGAGCCTTC_Basal,-2.225044,-2.259418,Basal,2
M6_AAGCCAACCTCCAC_Basal,-0.8385778,-6.41292,Basal,7
M6_AAGGTCTGCATACG_Neuroendocrine,13.593398,-6.13284,Neuroendocrine,19
M6_AAGTAACTATGCCA_Basal,-1.9775318,-2.4408212,Basal,2
M6_AAGTGCACTCGTTT_Basal,1.3521513,-1.2968433,Basal,0
M6_AATAGGGATACTTC_Basal,0.8190013,-2.8374972,Basal,0
M6_AATCCTACACGACT_Basal,-1.7596217,-1.7707733,Basal,2
M6_AATCGGTGTCCCGT_Basal,-0.43560702,-8.722758,Basal,16
M6_AATGGCTGCGTCTC_Basal,1.5606619,-0.2673857,Basal,0
M6_AATTACGACGTTGA_Ciliated,-2.4578755,14.734927,Ciliated,9
M6_AATTACGACTAGAC_Basal,0.12671255,-2.034332,Basal,0
M6_AATTACGATGAACC_Basal,-2.146405,-4.3124495,Basal,7
M6_AATTGATGGAAAGT_Basal,-2.0530767,-2.4533002,Basal,2
M6_ACAAAGGAACACGT_Basal,-1.6196896,0.1733089,Basal,2
M6_ACAAATTGAGTAGA_Ionocyte,1.9709183,-0.5703201,Ionocyte,306
M6_ACAAGAGAGTACGT_Club,-0.399402,4.9734454,Club,6
M6_ACAATAACTGGCAT_Basal,0.72709507,-4.3586793,Basal,1
M6_ACAATCCTTGTCTT_Basal,-2.8086786,-2.3583136,Basal,2
M6_ACACCAGATTGCAG_Basal,0.35548082,-1.2258909,Basal,0
M6_ACACCCTGCTTCCG_Club,4.123522,6.443609,Club,10
M6_ACACGATGTCTACT_Club,-1.2105218,4.287665,Club,14
M6_ACAGACACGGTAGG_Ciliated,-2.5958781,15.151479,Ciliated,9
M6_ACAGTTCTTGTGCA_Club,-0.114412226,6.79964,Club,10
M6_ACATACCTGAGATA_Basal,0.8815467,-1.0688934,Basal,0
M6_ACATACCTGCGGAA_Basal,0.17878647,-2.4860485,Basal,2
M6_ACATACCTTTCCGC_Club,2.0380576,5.0718193,Club,24
M6_ACATCACTGTTTCT_Ciliated,-1.8210632,15.706645,Ciliated,21
M6_ACCATTACCCATAG_Basal,-2.221233,-2.2370305,Basal,2
M6_ACCCAGCTGGAAAT_Basal,0.555093,-4.8307223,Basal,1
M6_ACCTGGCTAGTCGT_Basal,0.18809053,-1.1671131,Basal,0
M6_ACGAACTGACTCAG_Basal,-2.144419,-4.149626,Basal,7
M6_ACGAACTGGTTGCA_Basal,1.4350754,-0.012390071,Basal,0
M6_ACGACCCTTGATGC_Basal,-2.9333897,-2.8807778,Basal,2
M6_ACGCCACTGGTATC_Club,0.4590016,6.40159,Club,10
M6_ACGCTCACGGAACG_Ciliated,-2.4664166,14.66336,Ciliated,9
M6_ACGCTGCTAAGGCG_Basal,2.2469642,-0.059930265,Basal,0
M6_ACGGAACTTCGCAA_Basal,2.2295477,-0.59523714,Basal,0
M6_ACGGAGGAGTTGAC_Basal,0.96780723,-2.3355656,Basal,0
M6_ACGGTATGCACCAA_Basal,0.6435137,-1.5652393,Basal,0
M6_ACGTAGACACGACT_Basal,-2.8305964,-1.0872886,Basal,2
M6_ACGTCGCTTAAAGG_Basal,-1.8240424,-3.2170942,Basal,2
M6_ACGTGATGCTGGTA_Club,1.7506742,3.6158323,Club,6
M6_ACGTGCCTGCCTTC_Club,-0.0992751,4.800975,Club,6
M6_ACGTTGGAACACCA_Ciliated,-2.6340315,14.8484745,Ciliated,9
M6_ACTAGGTGAACCAC_Ciliated,-2.6988428,15.193223,Ciliated,9
M6_ACTGCCACGGACTT_Basal,-3.1174164,-4.0535293,Basal,5
M6_ACTGCCTGTGCCAA_Basal,2.392688,-0.5295457,Basal,0
M6_ACTGTTACGCCCTT_Basal,1.6102684,-1.4175855,Basal,0
M6_ACTTAAGACGGTAT_Basal,2.2660122,-0.44462112,Basal,0
M6_ACTTCAACCCACCT_Ciliated,-3.016103,14.783275,Ciliated,9
M6_AGAAAGTGTCGATG_Club,-0.57120407,3.4327662,Club,6
M6_AGAATACTAGTAGA_Basal,0.9872431,-1.0159572,Basal,0
M6_AGAATACTTGTAGC_Club,1.5143962,-3.7588978,Club,1
M6_AGAATTTGCGATAC_Ciliated,-1.9656425,15.201694,Ciliated,9
M6_AGACCTGAAGTCAC_Basal,1.6413733,-0.9494365,Basal,0
M6_AGACCTGATGTCGA_Basal,-1.1793998,-0.3036671,Basal,2
M6_AGACGTACTGCATG_Basal,1.9891497,0.44834146,Basal,0
M6_AGAGCTACGATAGA_Basal,-2.3415549,-3.226791,Basal,2
M6_AGAGTCTGCTTAGG_Basal,1.4102055,-1.2399161,Basal,0
M6_AGATTAACTTTCGT_Basal,2.8958905,-1.1698622,Basal,0
M6_AGCAAGCTATGTGC_Club,1.0669292,5.5847545,Club,13
M6_AGCACAACTCTTCA_Basal,1.2531734,-2.7006755,Basal,0
M6_AGCATCGAAACCAC_Basal,1.599893,-1.385265,Basal,0
M6_AGCATTCTGGCAAG_Club,-2.2485476,4.6868606,Club,5
M6_AGCCGGACGGGAGT_Club,0.34581664,4.180027,Club,6
M6_AGCGATTGCGTTGA_Basal,-1.3085909,-1.7304224,Basal,2
M6_AGCGCCGATGAGAA_Basal,-1.0016198,-5.445286,Basal,7
M6_AGGAAATGTGAGCT_Basal,1.4872856,-0.34572634,Basal,0
M6_AGGAACCTAAGAAC_Club,0.02286252,4.1734247,Club,6
M6_AGGACTTGAAAGTG_Basal,2.5163014,-0.17688718,Basal,0
M6_AGGAGTCTTAGCCA_Basal,1.3438417,-5.7392774,Basal,1
M6_AGGGCGCTCGTGAT_Club,-0.6150812,3.4218092,Club,6
M6_AGGGCGCTGTCGTA_Basal,-2.3079245,-3.0352578,Basal,2
M6_AGTAATACCCTTAT_Basal,1.9485091,-0.17538293,Basal,0
M6_AGTACGTGACTACG_Ciliated,-2.7655318,14.741191,Ciliated,9
M6_AGTATAACGCATCA_Basal,0.38669315,-5.1656404,Basal,1
M6_AGTCACGATCCGTC_Basal,1.9829913,-0.8293583,Basal,0
M6_AGTTATGAATTTCC_Ciliated,-2.537904,14.835941,Ciliated,9
M6_AGTTTAGATCAAGC_Basal,0.6641288,-1.1349384,Basal,0
M6_ATAAACACCATTGG_Basal,0.20050395,0.2906893,Basal,2
M6_ATAAACACGGAAAT_Basal,0.93422663,-1.6483363,Basal,0
M6_ATAACAACCTAGAC_Ciliated,-2.7483897,14.60964,Ciliated,9
M6_ATAATCGATTTCGT_Basal,-2.1824777,-3.637164,Basal,4
M6_ATACAATGACCAGT_Basal,1.9856158,-0.700891,Basal,0
M6_ATACAATGTGTCTT_Basal,1.520302,-1.3042532,Basal,0
M6_ATACCACTGTTCTT_Club,-1.3735332,4.5058813,Club,14
M6_ATACCGGACCTTTA_Basal,-0.28068593,-3.1598876,Basal,2
M6_ATAGATTGGTACAC_Club,0.28617385,0.73320526,Club,2
M6_ATAGCGTGAAGCAA_Basal,0.5691173,-2.9411533,Basal,0
M6_ATATACGATCTACT_Ciliated,-2.6797996,15.211904,Ciliated,21
M6_ATCACGGAGAATCC_Basal,-1.804328,-1.5160831,Basal,2
M6_ATCCATACCCGCTT_Basal,-2.397677,-2.2674859,Basal,2
M6_ATCCATACTCAGTG_Ciliated,-2.9940848,15.327302,Ciliated,9
M6_ATCCGCACATCACG_Basal,1.2733182,-2.5790093,Basal,0
M6_ATCGACGAACCCAA_Basal,1.6275645,-1.0211611,Basal,0
M6_ATCGCCACCGACTA_Neuroendocrine,13.65711,-6.1900697,Neuroendocrine,19
M6_ATCGCCTGTGGATC_Basal,-2.1849878,-1.3610873,Basal,2
M6_ATCGGAACCGTCTC_Basal,-2.1621168,-3.837555,Basal,75
M6_ATCGTTTGCTACCC_Basal,-1.5731577,-1.7548449,Basal,2
M6_ATCTTTCTAGCACT_Neuroendocrine,-2.6906145,-1.8763545,Neuroendocrine,27
M6_ATCTTTCTCGAATC_Basal,1.7954079,-1.0975949,Basal,0
M6_ATGAAGGAGTTTCT_Basal,-0.56219965,-1.5000788,Basal,0
M6_ATGAAGGATAGAAG_Basal,1.4737312,-1.8204869,Basal,0
M6_ATGCTTTGATTCTC_Neuroendocrine,13.750777,-6.285946,Neuroendocrine,19
M6_ATGCTTTGCGACAT_Basal,-0.3350477,-5.2782836,Basal,7
M6_ATGTACCTTAGAGA_Basal,0.3881788,-3.0941052,Basal,2
M6_ATGTCGGAACCTGA_Basal,0.08588145,-2.0772457,Basal,0
M6_ATGTCGGACTGAGT_Ciliated,-1.696442,15.766662,Ciliated,21
M6_ATGTCGGAGGATTC_Ciliated,-2.9349778,15.1727295,Ciliated,9
M6_ATGTTAGAATCACG_Ciliated,-1.6696357,15.779904,Ciliated,21
M6_ATGTTCACGATACC_Ciliated,-2.8422892,14.778248,Ciliated,9
M6_ATTAACGATTCTCA_Ciliated,-2.7791994,15.548598,Ciliated,9
M6_ATTACCTGCTTCGC_Tuft,1.6173115,-1.0757853,Tuft,0
M6_ATTCGACTAGTCAC_Club,-1.199935,5.784814,Club,10
M6_ATTCGACTGCCCTT_Basal,1.3444037,0.16438697,Basal,0
M6_ATTCGACTGCTCCT_Basal,-1.9216772,-3.7586899,Basal,307
M6_ATTCGGGATGATGC_Club,-0.5573617,6.512551,Club,10
M6_ATTCTTCTATTGGC_Ciliated,-3.0424042,14.736204,Ciliated,9
M6_ATTGAATGGTCGTA_Basal,1.1905111,-1.5055035,Basal,0
M6_ATTGCTACAGGTCT_Basal,0.7648256,-1.6958611,Basal,0
M6_ATTTAGGATGGCAT_Basal,2.1716688,0.46820286,Basal,0
M6_CAAAGCACGGTGTT_Ciliated,-2.2638578,15.255768,Ciliated,9
M6_CAAAGCTGTGCAGT_Tuft,0.41227227,-3.0842721,Tuft,2
M6_CAACCAGAACCTTT_Basal,-1.0651953,-2.0356865,Basal,2
M6_CAACGTGAGGGCAA_Basal,1.8504511,-0.82125384,Basal,0
M6_CAAGAAGAAACCTG_Basal,1.9701715,-0.35044405,Basal,0
M6_CAAGACTGCATGCA_Basal,-0.8686772,-3.4413495,Basal,75
M6_CAAGACTGCTCGAA_Club,1.1382613,4.2794037,Club,24
M6_CAAGCATGGTTGTG_Basal,2.7124026,-1.0706581,Basal,32
M6_CAAGCTGAGTTGCA_Basal,1.9194926,-0.87430125,Basal,0
M6_CAAGCTGAGTTGGT_Basal,-2.4181774,-2.694457,Basal,2
M6_CAAGGACTGGCAAG_Club,4.415654,6.6360984,Club,10
M6_CAATATGAGCAGTT_Basal,-1.959176,-2.2423987,Basal,2
M6_CAATATGATAGCCA_Basal,-1.6659056,-4.2510657,Basal,2
M6_CAATGGACGGTAGG_Basal,-0.93816483,0.2806783,Basal,2
M6_CACAGAACACCTGA_Basal,2.3465877,-2.438578,Basal,0
M6_CACCCATGTTGAGC_Basal,2.0344138,0.24464035,Basal,0
M6_CACCGGGATTTACC_Club,-0.6220862,3.3802555,Club,6
M6_CACCGTTGCTTCGC_Ionocyte,-1.1455027,-3.473404,Ionocyte,2
M6_CACGCTACGGAAAT_Basal,-1.2040881,-0.9060174,Basal,2
M6_CACTCCGAACCAAC_Basal,1.4592872,-0.6612489,Basal,0
M6_CACTCCGATACTTC_Club,0.15397415,4.4050508,Club,6
M6_CACTGAGATTTCTG_Basal,0.36216724,-0.46896362,Basal,0
M6_CACTGCACACGTAC_Basal,1.4106069,-5.08303,Basal,1
M6_CAGACCCTGGTACT_Neuroendocrine,13.800283,-6.3338923,Neuroendocrine,19
M6_CAGCATGACTTCTA_Basal,-2.5934196,-2.2612057,Basal,2
M6_CAGCCTACCCACAA_Basal,-2.4155273,-3.8925197,Basal,2
M6_CAGCGGACCCGTAA_Basal,1.2499213,-1.2589524,Basal,0
M6_CAGGAACTGAATCC_Basal,1.486083,-1.1091998,Basal,0
M6_CAGGAACTGCGTTA_Club,-0.9763824,1.6592014,Club,2
M6_CAGTCAGACGAGAG_Basal,-3.1988566,-5.5108094,Basal,2
M6_CAGTGATGACCAGT_Basal,-2.424806,-2.4747467,Basal,2
M6_CAGTGATGCACTGA_Basal,1.4920377,-1.2796226,Basal,0
M6_CAGTGTGAACGTTG_Basal,0.3397172,-1.644621,Basal,76
M6_CAGTTGGAGACGAG_Basal,-1.5628067,-3.2135448,Basal,2
M6_CAGTTGGAGCTTCC_Basal,1.0198302,-2.1592212,Basal,0
M6_CAGTTTACCGACAT_Basal,0.96029216,-0.56387407,Basal,0
M6_CATACTACACCCTC_Basal,1.2014656,-1.7166623,Basal,0
M6_CATAGTCTCCGAAT_Basal,-0.5947596,-1.1986555,Basal,0
M6_CATCAACTCTGCAA_Basal,2.141186,-0.8272307,Basal,0
M6_CATCCCGAAGCAAA_Basal,-2.4324527,-2.7163436,Basal,2
M6_CATCGGCTAACAGA_Ciliated,-2.9094324,14.865813,Ciliated,9
M6_CATGAGACGCGGAA_Goblet,-0.053545676,4.711092,Goblet,6
M6_CATGCGCTGTTCTT_Basal,-2.1438587,-2.3022497,Basal,2
M6_CATGGCCTCGACAT_Neuroendocrine,13.7572975,-6.291087,Neuroendocrine,19
M6_CATGTACTAAACAG_Basal,1.0706271,-3.1035821,Basal,0
M6_CATTAGCTAAAAGC_Club,1.2061472,3.318048,Club,6
M6_CATTGGGACTGGAT_Basal,-2.8741684,-2.3513832,Basal,2
M6_CATTGTTGTACGAC_Basal,-1.5331272,-2.418793,Basal,2
M6_CATTTCGAAAACGA_Basal,-1.7710854,-2.9769166,Basal,2
M6_CATTTGACCTTCTA_Basal,-1.9893919,-4.599841,Basal,7
M6_CCAAGTGACAAGCT_Club,-1.26865,3.5643072,Club,6
M6_CCAAGTGATTCGGA_Basal,-0.030331215,-1.8672504,Basal,0
M6_CCAATGGAGTACGT_Basal,2.7383955,-1.548192,Basal,0
M6_CCAATTTGACTCAG_Ciliated,-3.270448,15.066838,Ciliated,9
M6_CCACCATGTCTAGG_Ciliated,-1.6865779,15.714982,Ciliated,21
M6_CCACGGGAAACGAA_Club,-0.012738402,4.1396637,Club,23
M6_CCACGGGAACACCA_Basal,1.7958134,-0.9527305,Basal,0
M6_CCACTGACGGTTTG_Basal,2.6678228,-1.066695,Basal,0
M6_CCACTGTGATGTGC_Basal,2.1079097,-0.38844803,Basal,0
M6_CCAGCACTGTTGCA_Basal,-0.5366484,-3.9649885,Basal,4
M6_CCAGGTCTGGTTAC_Basal,0.64915746,-1.7976815,Basal,0
M6_CCATATACAGATGA_Basal,-2.36009,-2.2552795,Basal,2
M6_CCATATACTGAGGG_Basal,1.7193598,-0.8575066,Basal,0
M6_CCATGCTGAGATGA_Ciliated,-2.1348119,15.500324,Ciliated,9
M6_CCCGGAGATTGTCT_Basal,1.8166835,-0.7240299,Basal,0
M6_CCCTCAGACATTCT_Basal,2.5664997,-0.6841062,Basal,0
M6_CCCTGATGAAAGCA_Basal,-2.14028,-2.8893619,Basal,2
M6_CCCTGATGTGCCTC_Ciliated,-1.526034,15.337165,Ciliated,9
M6_CCGAAAACGAATGA_Basal,-1.6598636,-4.353955,Basal,7
M6_CCGAAAACTCGCTC_Basal,-0.0092852935,-1.2563664,Basal,2
M6_CCGACTACTTCTCA_Basal,-1.8557678,-4.7470465,Basal,7
M6_CCGTACACCTGTGA_Basal,2.5839572,-0.40871623,Basal,0
M6_CCTAAGGAATTGGC_Basal,2.4254656,-0.30506745,Basal,0
M6_CCTAAGGATCGCCT_Basal,1.07284,-1.5130866,Basal,0
M6_CCTACCGAACCAGT_Basal,2.064932,-0.6873098,Basal,0
M6_CCTAGAGATGCGTA_Basal,-2.437919,-2.2813716,Basal,2
M6_CCTATAACGGAGCA_Ciliated,-2.539529,14.773391,Ciliated,9
M6_CCTATAACTGCACA_Basal,1.2346913,0.009239042,Basal,0
M6_CCTGAGCTGTCATG_Ciliated,-2.4509377,15.50105,Ciliated,9
M6_CCTGAGCTTTCGCC_Ciliated,-2.5387075,14.323654,Ciliated,22
M6_CCTTTAGAGCTCCT_Basal,-2.0501657,-3.790446,Basal,4
M6_CGAAGACTCCTTTA_Ciliated,-2.4755433,15.150814,Ciliated,9
M6_CGAGAACTCCGTAA_Neuroendocrine,13.648354,-6.1827617,Neuroendocrine,19
M6_CGAGATTGCTTGTT_Ciliated,-2.7046344,15.659783,Ciliated,9
M6_CGAGGCACCCATGA_Basal,2.0009758,0.60415095,Basal,0
M6_CGCACTTGTTACTC_Basal,0.014594474,-3.7371113,Basal,4
M6_CGCTCATGGGTACT_Club,-1.8339738,4.0767446,Club,14
M6_CGGAATTGAGTCTG_Ciliated,-2.9211926,14.62194,Ciliated,9
M6_CGGACCGAGAGGCA_Ciliated,-2.87858,15.534988,Ciliated,9
M6_CGGCACGAACCATG_Basal,-0.7632057,-3.3267784,Basal,4
M6_CGGCACGAGCTACA_Basal,-2.2921169,-3.8654842,Basal,2
M6_CGGCGATGACGGTT_Basal,-1.904864,-3.273541,Basal,2
M6_CGGCGATGACTGTG_Basal,-0.6391792,-3.7371027,Basal,2
M6_CGGCGATGTGGTGT_Basal,2.7971573,-0.692117,Basal,0
M6_CGGTACCTTCTAGG_Club,2.011017,5.1972523,Club,10
M6_CGTAACGAACTCAG_Basal,0.6703669,-1.64787,Basal,0
M6_CGTAGCCTTCCCGT_Ciliated,-2.2890177,15.20635,Ciliated,9
M6_CGTCGACTTGGAAA_Basal,-2.1354716,-3.7624326,Basal,2
M6_CGTTAACTCTTCTA_Basal,-2.485729,-1.963243,Basal,2
M6_CGTTATACTCTACT_Basal,-1.3573656,-1.6665307,Basal,2
M6_CTAAACCTTCCTAT_Club,1.2560496,2.0908976,Club,0
M6_CTAACTACCGAACT_Basal,-2.0148802,-1.7372139,Basal,2
M6_CTAAGGTGCTACGA_Ciliated,-1.6853878,15.84051,Ciliated,21
M6_CTACGCACAGTAGA_Basal,1.6403605,-1.2972466,Basal,0
M6_CTACGCACCCCGTT_Tuft,1.66737,3.4045238,Tuft,6
M6_CTACGCACCGCATA_Basal,-1.8630916,-4.239476,Basal,7
M6_CTACTCCTTGTGAC_Basal,0.03613414,0.71252656,Basal,2
M6_CTATAAGACTCCAC_Basal,1.5535505,-1.1315092,Basal,0
M6_CTATACTGCCGAAT_Basal,2.0800703,0.18410414,Basal,308
M6_CTATCCCTGTAAGA_Basal,-1.3972633,-3.7951772,Basal,0
M6_CTCAATTGCTATTC_Basal,0.9466611,-2.1211247,Basal,0
M6_CTCATTGAACGTAC_Basal,-0.17567272,-4.500462,Basal,1
M6_CTCCATCTGCTGAT_Neuroendocrine,-2.8800035,-1.7902542,Neuroendocrine,27
M6_CTCCTACTAAGGGC_Basal,0.9113648,-1.6286786,Basal,0
M6_CTCGACTGATTGGC_Club,-0.48017633,4.8353486,Club,10
M6_CTGAAGTGTCACCC_Basal,1.026991,0.18469492,Basal,0
M6_CTGATACTCATTGG_Club,-0.6085829,4.3042526,Club,6
M6_CTGCAGCTCGCTAA_Basal,0.38522425,-1.1641941,Basal,0
M6_CTGCCAACATGACC_Basal,0.2660392,-1.8668929,Basal,0
M6_CTGTATACTCATTC_Basal,2.4196944,-0.5673074,Basal,0
M6_CTGTATACTGTAGC_Basal,2.570823,-0.23936911,Basal,0
M6_CTTAAAGAAAGCAA_Basal,0.38766274,-4.7184167,Basal,1
M6_CTTAAAGAGCTTCC_Basal,2.0290778,-0.006560459,Basal,0
M6_CTTAAAGATCGATG_Basal,0.9097774,-0.90732247,Basal,0
M6_CTTAAGCTGGCATT_Basal,1.1413602,0.31522816,Basal,0
M6_CTTAGACTACGTAC_Basal,-1.0719296,-6.1946974,Basal,7
M6_CTTATCGAGTTGCA_Basal,0.39968374,-1.9230978,Basal,0
M6_CTTGAACTTGGCAT_Ciliated,-3.219988,15.036684,Ciliated,9
M6_CTTGAGGACGCTAA_Basal,-2.2308753,-3.8233478,Basal,2
M6_CTTGATTGGATACC_Basal,0.75802547,-1.1428672,Basal,0
M6_CTTTAGTGTCGATG_Basal,0.23063765,-1.2458063,Basal,0
M6_GAAAGCCTCTCAGA_Basal,-1.68553,-0.4959416,Basal,2
M6_GAAATACTGTTACG_Basal,1.4308355,-1.230179,Basal,0
M6_GAACACACACTCAG_Club,0.04963792,2.9936447,Club,6
M6_GAACCAACACGACT_Ciliated,-2.765348,14.5858555,Ciliated,9
M6_GAAGAATGCGGTAT_Basal,2.8976312,-1.3891158,Basal,0
M6_GAAGAATGTCTCCG_Basal,1.550399,0.13007864,Basal,0
M6_GAAGATGAGCGAAG_Basal,1.6923304,0.97052276,Basal,0
M6_GAAGCGGACGTTAG_Basal,0.60801905,-1.7170208,Basal,0
M6_GAAGCTACTGAGCT_Basal,-2.4297986,-3.1409438,Basal,2
M6_GAAGGTCTGCCTTC_Basal,-1.5877057,-5.2833557,Basal,7
M6_GAATGCACTTGTGG_Ciliated,-2.3401926,15.806656,Ciliated,9
M6_GAATGGCTCTCAAG_Ciliated,-2.5472527,15.3371105,Ciliated,9
M6_GACAACACTGACAC_Club,-0.6870282,4.913856,Club,39
M6_GACAACTGCACTTT_Ciliated,-1.9207351,15.771305,Ciliated,21
M6_GACAGTTGTACGCA_Basal,1.7456377,0.5633559,Basal,0
M6_GACCAAACTTTCAC_Basal,-2.2774317,-3.3519194,Basal,2
M6_GACCTCACGCAGAG_Club,1.1915768,3.029206,Club,6
M6_GACGATTGTCGCCT_Basal,2.365897,-0.5101309,Basal,0
M6_GACTTTACCAGATC_Basal,-1.2629828,-3.0375319,Basal,2
M6_GAGATAGAATCTTC_Basal,0.29698354,-3.2772057,Basal,2
M6_GAGATCACTTTGTC_Basal,1.8140397,-0.20291178,Basal,0
M6_GAGCGCTGAAGGCG_Basal,1.2941797,-4.4231205,Basal,1
M6_GAGCGCTGTACAGC_Basal,1.1098007,0.6139459,Basal,2
M6_GAGCGGCTTCCCAC_Ciliated,-2.4946353,15.412749,Ciliated,9
M6_GAGTAAGAGATACC_Basal,-2.2069674,-3.4910169,Basal,2
M6_GAGTCAACAGTTCG_Basal,2.435518,-0.19486177,Basal,0
M6_GAGTGACTCAGAAA_Basal,-1.2430072,-3.9550726,Basal,1
M6_GAGTGGGAGCCAAT_Basal,-1.780048,-4.461421,Basal,7
M6_GAGTTGTGTTGCTT_Basal,1.5502094,-0.022979371,Basal,0
M6_GATAAGGAAAGTAG_Neuroendocrine,13.681373,-6.2145123,Neuroendocrine,19
M6_GATAATACCTAGCA_Club,-0.4568071,4.345298,Club,10
M6_GATAGCACGGGATG_Basal,-2.2825477,-3.2860463,Basal,2
M6_GATATCCTACGTAC_Basal,2.5708337,-0.265563,Basal,0
M6_GATATTGAATTCGG_Basal,2.005524,0.7131357,Basal,0
M6_GATCCGCTAACGGG_Club,-1.1901284,5.634489,Club,10
M6_GATGCAACTTCCGC_Ciliated,-1.7553177,15.474698,Ciliated,21
M6_GATGCATGCATCAG_Basal,0.8671294,-1.4002746,Basal,0
M6_GATGCATGTTCTTG_Basal,-2.001148,-2.2783492,Basal,2
M6_GATTACCTCTACCC_Basal,0.56813496,-2.3886998,Basal,0
M6_GATTCTACTGGTTG_Basal,1.6263261,0.43610466,Basal,0
M6_GATTTAGAGCCTTC_Basal,-1.3059334,-2.2582617,Basal,2
M6_GCAACCCTACAGCT_Basal,0.85495824,-6.120114,Basal,1
M6_GCAACCCTGCAAGG_Basal,1.4615661,-1.6188749,Basal,0
M6_GCAACCCTTTCTGT_Basal,-0.8242677,-5.025715,Basal,7
M6_GCACACCTTTCATC_Basal,0.7986005,-1.6756946,Basal,0
M6_GCACGTCTGTTACG_Basal,2.6993256,-1.2629651,Basal,0
M6_GCACTGCTCTGGAT_Ciliated,-1.9499679,15.017237,Ciliated,9
M6_GCAGATACCAACCA_Basal,0.93606615,-1.2928858,Basal,0
M6_GCAGGCACCACTAG_Basal,-0.9843042,-3.0246384,Basal,2
M6_GCAGTCCTCTCCCA_Basal,-2.0223813,-3.5636196,Basal,2
M6_GCCAAAACCTTGTT_Basal,-0.8714141,-4.91541,Basal,7
M6_GCCATGCTGGTCTA_Club,-1.0611417,5.7406073,Club,10
M6_GCCCAACTGCCTTC_Basal,-0.9001755,-5.1018386,Basal,7
M6_GCCCATACGGACGA_Basal,-1.9930226,-4.6946363,Basal,4
M6_GCCGGAACTCTCTA_Club,4.832462,4.815712,Club,10
M6_GCCGTACTGATGAA_Basal,-3.6209457,-1.6981908,Basal,5
M6_GCCTCAACGAGGAC_Basal,1.3468575,-4.244071,Basal,1
M6_GCCTGACTACCAAC_Basal,1.6375068,-0.56773037,Basal,0
M6_GCGAAGGAACTGGT_Tuft,0.51465505,2.919149,Tuft,309
M6_GCGACTCTCGGAGA_Basal,-2.2064428,-3.2402265,Basal,2
M6_GCGCATCTTTTGTC_Ciliated,-2.0951064,15.595319,Ciliated,21
M6_GCGCGATGCTTGTT_Basal,-1.4627305,-5.3761415,Basal,310
M6_GCGGCAACACGCTA_Ciliated,-3.124412,14.883381,Ciliated,9
M6_GCGGGACTGTGAGG_Basal,-1.2015004,-2.864154,Basal,4
M6_GCGTAAACTAACCG_Basal,0.4317035,-1.3154991,Basal,0
M6_GCGTACCTTTTGGG_Basal,2.434009,-0.6082412,Basal,0
M6_GCTACAGACCGATA_Basal,-2.1521568,-2.3141174,Basal,2
M6_GCTAGAACCCCAAA_Basal,1.7038271,0.15935631,Basal,311
M6_GCTATACTTCTCAT_Basal,-0.8038345,-3.7409427,Basal,2
M6_GGAATCTGTCAGTG_Basal,-2.8685396,-3.1856894,Basal,2
M6_GGACAACTGGTATC_Basal,-0.62469476,-3.0401785,Basal,2
M6_GGACAGGAAGCTCA_Club,2.7633421,4.8705153,Club,23
M6_GGACATTGCGAATC_Basal,-2.5016093,-2.2580032,Basal,2
M6_GGAGAGACGGATCT_Basal,1.1964818,-0.85795575,Basal,0
M6_GGAGCAGAAAGTGA_Ciliated,-1.7548741,15.25707,Ciliated,21
M6_GGAGCCACATAAGG_Basal,1.0000066,-1.6963989,Basal,0
M6_GGATACTGTTGACG_Basal,-2.2495065,-3.1330495,Basal,2
M6_GGATGTACTGAGCT_Basal,-0.15574805,-1.9136424,Basal,2
M6_GGATGTTGCAAGCT_Basal,2.576135,-0.30559403,Basal,0
M6_GGATGTTGTGCACA_Basal,-1.5103168,-4.124347,Basal,1
M6_GGATTTCTCCGATA_Ciliated,-1.8843368,15.157777,Ciliated,9
M6_GGCAAGGAAGAGTA_Basal,-1.1898068,-2.9838102,Basal,2
M6_GGCAATACAAGGTA_Basal,1.6739458,0.554155,Basal,0
M6_GGCACGTGCCACCT_Club,-0.2773758,6.195383,Club,10
M6_GGCCACGATGTGAC_Basal,1.2689657,-1.023073,Basal,0
M6_GGCCGAACTCACGA_Basal,2.0915487,-0.41453066,Basal,0
M6_GGCGACTGCTCAGA_Basal,-1.8852837,-2.0397177,Basal,2
M6_GGCGGACTGACGGA_Ionocyte,1.4791306,-1.080394,Ionocyte,0
M6_GGCTAATGCTTCGC_Basal,0.4411654,-1.4799675,Basal,0
M6_GGCTACCTCTGGAT_Basal,0.25203854,-2.5675776,Basal,0
M6_GGCTCACTCCTCAC_Basal,1.8497351,-1.4772455,Basal,0
M6_GGCTCACTCTACGA_Basal,1.302312,-0.07456896,Basal,312
M6_GGGAAGACGGTATC_Basal,1.9723849,-0.7517995,Basal,313
M6_GGGAAGTGGATACC_Basal,-2.8221421,-2.8149874,Basal,2
M6_GGGACCACCCGTAA_Ciliated,-3.056604,15.171421,Ciliated,9
M6_GGGACCTGAGTCTG_Club,-1.1213814,5.949321,Club,10
M6_GGGACCTGGTCAAC_Basal,-1.3666762,-5.879761,Basal,7
M6_GGGCCAACCAGGAG_Basal,-2.733708,-2.2508035,Basal,2
M6_GGGTTATGAGAAGT_Basal,-1.6704284,-4.672972,Basal,4
M6_GGTAAAGAGGCAAG_Basal,2.7022843,-0.8269698,Basal,0
M6_GGTTTACTAGTACC_Basal,-2.6039867,-4.107179,Basal,2
M6_GTACAGTGAACCGT_Basal,-0.27186665,-1.3485414,Basal,2
M6_GTACAGTGGGAAGC_Ciliated,-2.7311082,14.545645,Ciliated,9
M6_GTACAGTGTTTCGT_Ciliated,-2.5731597,14.590024,Ciliated,9
M6_GTAGACTGTTACTC_Club,-1.477764,4.945421,Club,314
M6_GTAGCAACCTCAGA_Ciliated,-2.8747272,14.98765,Ciliated,9
M6_GTATCACTAGTTCG_Club,-1.2007663,3.4970076,Club,6
M6_GTATCACTGGATCT_Ciliated,-2.7298388,14.53008,Ciliated,52
M6_GTATCTACTGCTCC_Basal,2.2878523,0.020290218,Basal,0
M6_GTATTAGATGGCAT_Basal,-1.3073798,-4.678846,Basal,4
M6_GTCAACGAACCATG_Basal,-2.2304752,-3.7493355,Basal,2
M6_GTCAACGACCAAGT_Basal,0.65090483,-0.34856835,Basal,0
M6_GTCAATCTATTCCT_Basal,0.60596484,-2.4052377,Basal,0
M6_GTCAATCTTAACCG_Basal,-2.6270876,-2.0163412,Basal,2
M6_GTCAATCTTAAGGA_Basal,1.5733645,-1.1576228,Basal,0
M6_GTCTAGGACTCTAT_Basal,2.6857536,-0.74370354,Basal,0
M6_GTGACAACTGTGGT_Basal,1.7281357,-1.179124,Basal,0
M6_GTGACCCTGCGTAT_Basal,1.1086,-1.416683,Basal,0
M6_GTGATGACTGAGGG_Basal,0.66498035,-1.8035476,Basal,0
M6_GTGCCACTACGCTA_Basal,1.1220151,-5.0619764,Basal,1
M6_GTGGAGGAAAGAGT_Ciliated,-2.4434543,15.344194,Ciliated,9
M6_GTGGAGGAACGTAC_Club,-0.82773584,5.7015333,Club,10
M6_GTGTCAGAAAGGGC_Basal,2.350475,-1.0605805,Basal,0
M6_GTGTCAGAACACGT_Basal,-1.9626635,-3.6391687,Basal,2
M6_GTGTGATGCGACAT_Ciliated,-2.9731352,14.80014,Ciliated,9
M6_GTTAACCTCCTCCA_Basal,1.0618913,0.2099398,Basal,0
M6_GTTACTACGTCATG_Basal,-1.3933834,-4.315814,Basal,4
M6_GTTATCTGGTACGT_Ciliated,-2.950424,15.472927,Ciliated,9
M6_GTTATGCTTCAGGT_Basal,-0.6192744,-8.28601,Basal,16
M6_GTTGAGTGCGCTAA_Basal,-0.13849936,-2.9820018,Basal,2
M6_TAAACAACTCACGA_Ciliated,-3.044755,15.429137,Ciliated,9
M6_TAACAATGTCTGGA_Basal,0.4210144,-1.2250878,Basal,0
M6_TAACACCTAGTTCG_Basal,-2.3817031,-3.281442,Basal,2
M6_TAACTAGAATTGGC_Basal,-1.7629826,-1.0427244,Basal,2
M6_TAAGCGTGAAGAAC_Basal,1.6222836,-1.1723311,Basal,0
M6_TAAGGCTGAGACTC_Ciliated,-2.406503,15.322035,Ciliated,9
M6_TAATGAACAAAGCA_Ciliated,-2.5915992,15.5736885,Ciliated,9
M6_TAATGCCTGGTAGG_Club,-1.3451452,4.914036,Club,39
M6_TACACACTGCTACA_Basal,-1.352816,-4.7858663,Basal,7
M6_TACACACTTTCTCA_Basal,-0.8454817,-1.5449499,Basal,2
M6_TACCGGCTCAGCTA_Basal,-2.4731607,-2.8124254,Basal,2
M6_TACGATCTCGCATA_Basal,1.4432104,-1.2435216,Basal,0
M6_TACGATCTGGTACT_Basal,-1.7285751,0.29583928,Basal,2
M6_TACGTACTGCATAC_Basal,0.771125,-1.7172425,Basal,315
M6_TACTCCCTGGTTTG_Basal,-1.792589,-2.441571,Basal,2
M6_TAGAATACGTAAAG_Basal,-0.042068586,-3.7451653,Basal,2
M6_TAGCCCACTGCCCT_Club,-0.98108804,1.6475065,Club,2
M6_TAGGAGCTTCTGGA_Basal,1.8047177,-1.2102174,Basal,0
M6_TAGTACCTGCGAAG_Basal,-2.1462107,-3.79737,Basal,2
M6_TAGTATGAAATCGC_Basal,1.3120418,-5.3178844,Basal,7
M6_TATCAAGAACCATG_Basal,-1.6131074,-3.1108396,Basal,2
M6_TATCAGCTTGCTAG_Ciliated,-3.0603254,14.648291,Ciliated,77
M6_TATCTCGAGAAACA_Club,1.5280864,1.0410231,Club,0
M6_TATCTGACCTTAGG_Basal,-0.5251046,-1.8563085,Basal,2
M6_TCAACACTTGGGAG_Basal,-0.837902,-1.8075281,Basal,2
M6_TCAATAGATTACTC_Basal,-1.8312616,-1.8586968,Basal,2
M6_TCACAACTCCAATG_Club,0.9960055,4.580673,Club,6
M6_TCACCTCTACGGAG_Club,-0.81864536,5.4652753,Club,14
M6_TCACTATGGCTTCC_Ciliated,-2.9662623,14.66445,Ciliated,9
M6_TCAGAGACTGGTGT_Basal,-0.26795608,-5.3273377,Basal,7
M6_TCAGCGCTTTGCTT_Club,-0.61476433,5.0817103,Club,6
M6_TCAGTACTTCAGAC_Basal,-0.9735656,-8.637806,Basal,16
M6_TCATCATGCCTCAC_Basal,0.025342,0.43316698,Basal,2
M6_TCATCCCTTCCTTA_Basal,0.8796121,-4.1751633,Basal,1
M6_TCATGTACCCTCGT_Neuroendocrine,13.690256,-6.225827,Neuroendocrine,19
M6_TCATGTACCGAATC_Basal,-3.4946456,-3.738532,Basal,5
M6_TCATTGACTTCACT_Neuroendocrine,13.692484,-6.2223983,Neuroendocrine,19
M6_TCCATAACCGTGAT_Basal,-2.747997,-3.1741436,Basal,2
M6_TCCCAGACAACGAA_Basal,-2.4728067,-3.2485366,Basal,2
M6_TCCCGATGAAAAGC_Basal,-0.8986185,-1.2461224,Basal,0
M6_TCCGAAGAGGCATT_Basal,2.8183694,-1.2373525,Basal,0
M6_TCCTAAACACCTCC_Basal,2.142163,-0.63477653,Basal,0
M6_TCCTAAACGGTTAC_Basal,-1.3948898,-3.778126,Basal,1
M6_TCCTACCTGGCATT_Basal,2.5248885,-0.47303402,Basal,0
M6_TCGAGAACTTCTAC_Basal,1.9111644,-2.7657783,Basal,0
M6_TCGAGCCTGTCTAG_Basal,1.5607239,-1.2535022,Basal,0
M6_TCTATGTGTGACAC_Basal,-1.8386692,-2.4622567,Basal,7
M6_TGAAATTGTGACTG_Ciliated,-2.594515,15.016462,Ciliated,9
M6_TGAATAACCTGATG_Basal,1.091224,-1.3048474,Basal,0
M6_TGACCAGACCTTAT_Basal,1.2526572,-4.921173,Basal,1
M6_TGACTGGACATTGG_Ciliated,-3.1310313,15.22483,Ciliated,9
M6_TGAGCAACCTATTC_Club,-1.3082467,4.521397,Club,6
M6_TGAGCAACTACTTC_Club,1.9724908,3.689176,Club,6
M6_TGAGTCGAAGATCC_Ciliated,-3.0356429,15.018861,Ciliated,9
M6_TGAGTGACTCAGTG_Club,-0.5391809,4.3788815,Club,10
M6_TGATCGGAGTACAC_Basal,-0.48842105,-2.72398,Basal,0
M6_TGATTCACGCTCCT_Basal,2.8254085,-1.3863531,Basal,0
M6_TGATTCTGATCGTG_Basal,0.90581477,-0.57253945,Basal,316
M6_TGCAACGAGCATAC_Basal,-1.760347,-3.6437972,Basal,2
M6_TGCAAGTGGTAAGA_Basal,1.2549865,-1.3239412,Basal,0
M6_TGCAATCTTCCAAG_Basal,1.1053343,-0.56860405,Basal,0
M6_TGCACAGATCCGTC_Basal,1.847412,-0.69450265,Basal,0
M6_TGCAGATGCTTCTA_Basal,-1.4342457,-1.3214152,Basal,2
M6_TGCATGGATCGCAA_Basal,1.8284355,0.5785864,Basal,0
M6_TGCGATGACTTAGG_Basal,-2.3384464,-2.3565805,Basal,2
M6_TGCGCACTACTCAG_Basal,-0.03262976,-2.2072997,Basal,0
M6_TGCGTAGATGTAGC_Basal,0.28620163,0.40617213,Basal,2
M6_TGCTGAGAATTTCC_Basal,1.4823271,-4.10238,Basal,2
M6_TGCTTAACGGTTAC_Basal,-2.209623,-3.3098934,Basal,2
M6_TGGAAGCTATCTTC_Basal,-0.46102333,-2.4410484,Basal,4
M6_TGGACTGAAGCTCA_Basal,2.1086018,0.1380453,Basal,0
M6_TGGAGGGAACGTTG_Club,0.35848948,2.5262337,Club,6
M6_TGGATGTGAGCTAC_Neuroendocrine,1.6771109,-1.4375985,Neuroendocrine,317
M6_TGGATGTGGACTAC_Basal,2.5940275,-0.7479159,Basal,0
M6_TGGTAGACTGGCAT_Ciliated,-3.0914123,15.375155,Ciliated,9
M6_TGGTATCTAGCGTT_Basal,-0.44551238,-1.7972434,Basal,76
M6_TGGTATCTGGTTTG_Basal,2.07348,-0.41864228,Basal,0
M6_TGGTTACTCGCAAT_Club,0.8508979,4.515095,Club,6
M6_TGGTTACTGCATAC_Ciliated,-3.1053574,14.8480015,Ciliated,9
M6_TGTACTTGCAGGAG_Basal,0.6803261,-1.706479,Basal,0
M6_TGTACTTGGGTTTG_Club,1.548417,3.8547332,Club,318
M6_TGTCAGGAAGCATC_Basal,-1.0920529,-3.1937737,Basal,4
M6_TGTGACGAATGGTC_Ciliated,-2.274154,15.029008,Ciliated,9
M6_TGTGAGACAGCGTT_Basal,1.2168224,-1.2145092,Basal,0
M6_TGTGAGACCATGAC_Basal,-0.49218968,-2.7842984,Basal,4
M6_TGTTACACTCTTAC_Ciliated,-1.5713482,15.289221,Ciliated,9
M6_TTAACCACTAGTCG_Basal,2.1848743,0.20886585,Basal,0
M6_TTACACACACTTTC_Ciliated,-1.9156189,15.687979,Ciliated,9
M6_TTACCATGTAGCGT_Club,-0.7984255,4.8441577,Club,39
M6_TTAGACCTACGTAC_Basal,1.2014377,-4.6094055,Basal,1
M6_TTAGCTACAAGCAA_Basal,-0.13623214,0.43750927,Basal,2
M6_TTAGGGTGTGACTG_Basal,1.0128416,-2.2473853,Basal,0
M6_TTATGCACAGGCGA_Basal,-2.6513543,-2.3966005,Basal,2
M6_TTATGGCTATTTCC_Basal,1.1654228,-2.0871918,Basal,0
M6_TTCACAACCTGACA_Basal,2.0794299,-0.47341576,Basal,0
M6_TTCACAACGTATCG_Basal,-1.1619806,-7.7992554,Basal,16
M6_TTCAGACTCGCCTT_Ciliated,-1.6261103,15.826123,Ciliated,21
M6_TTCATCGAAGAGAT_Basal,-0.6500776,-1.3257531,Basal,319
M6_TTCATGACACCCTC_Ciliated,-2.1992977,15.0719385,Ciliated,9
M6_TTCATGACATGGTC_Basal,0.5303513,0.4875818,Basal,2
M6_TTCATGTGCGAATC_Basal,-2.3873942,-3.136851,Basal,2
M6_TTCCAAACATGCCA_Basal,-1.1653229,-5.51976,Basal,7
M6_TTCGATTGTTTACC_Basal,-1.6212299,-5.4255915,Basal,7
